"experiment","site","plot","date","n2o.e.kghyr","co2.e.kghyr"
"atat","r100","1101","2023-05-16",-3.48504334287571,1930.17785143866
"atat","r100","1101","2023-05-31",5.47638499736712,1495.80914556425
"atat","v08","1101","2023-06-14",0.0864568293402242,1789.4505177502
"atat","r100","1101","2023-06-27",1.25695844250334,2619.76601700698
"atat","r100","1101","2023-07-10",5.32427873514517,854.51387107272
"atat","r100","1101","2023-07-24",1.56752068867838,3905.73904929035
"atat","r100","1101","2023-08-07",8.92240084140236,6332.2411941593
"atat","r100","1101","2023-08-21",-10.3872726213342,2243.91722653168
"atat","r100","1102","2023-05-16",-4.28928411430849,2841.6507257292
"atat","r100","1102","2023-05-31",-1.00680914371623,3859.93501957585
"atat","v08","1102","2023-06-14",-7.3107153178941,1994.29736252168
"atat","r100","1102","2023-06-27",-8.04392704086253,3652.46104363085
"atat","r100","1102","2023-07-10",2.42577199405833,3298.72310121492
"atat","r100","1102","2023-07-24",-8.15909159996367,4144.10205677553
"atat","r100","1102","2023-08-07",1.69197388867973,4353.31643619777
"atat","r100","1102","2023-08-21",0.580481429731283,2031.85734701675
"atat","r100","1103","2022-09-02",10.3549129048066,59964.3592760163
"atat","r100","1103","2022-09-08",-9.41906289450239,5905.28482180148
"atat","r100","1103","2022-09-15",1.27095194019899,23546.7314311629
"atat","r100","1103","2022-09-27",7.23530690761077,5031.50763392083
"atat","r100","1103","2022-10-11",-6.70096474196861,11193.2207641912
"atat","r100","1103","2022-10-27",-25.8454206511629,-1517.20561645658
"atat","r100","1103","2023-05-16",0.806876330244619,2763.55143108799
"atat","r100","1103","2023-05-31",-10.5031964461397,4355.11884700605
"atat","v08","1103","2023-06-14",4.02252853463589,8111.00016000358
"atat","r100","1103","2023-06-27",-20.566376986727,11793.2441625941
"atat","r100","1103","2023-07-10",0.72537399804902,4563.26187863619
"atat","r100","1103","2023-07-24",15.4839975614135,6994.95357988643
"atat","r100","1103","2023-08-07",-4.41905747058599,4464.71103449898
"atat","r100","1103","2023-08-21",0.467613051500096,3239.89042825074
"atat","r100","1104","2023-05-16",14.523773944404,11296.2686234253
"atat","r100","1104","2023-05-31",-2.44236603467021,3454.89404319453
"atat","v08","1104","2023-06-14",8.40177485252246,14369.0196690387
"atat","r100","1104","2023-06-28",-20.3731520293158,6361.55045153789
"atat","r100","1104","2023-07-10",-4.30012098751155,3168.85838925844
"atat","r100","1104","2023-07-24",6.37598811492704,7453.99022920329
"atat","r100","1104","2023-08-07",11.5026853814869,3258.42431807809
"atat","r100","1104","2023-08-21",-1.47444141429355,6212.7599593186
"atat","r100","1105","2022-09-27",11.2013742108383,2020.51370162955
"atat","r100","1105","2022-10-11",0.837390315807045,10472.1393059747
"atat","r100","1105","2022-10-27",-0.207149850390513,3590.59740676877
"atat","r100","1105","2023-05-16",13.2906192872785,5817.154698382
"atat","r100","1105","2023-05-31",-5.30571325552652,1546.85928010396
"atat","v08","1105","2023-06-14",0.0700990594886364,2599.85041221387
"atat","r100","1105","2023-06-27",8.35023306250202,7501.84938335187
"atat","r100","1105","2023-07-10",3.82854624186015,4773.16585999626
"atat","r100","1105","2023-07-24",1.45074799609815,8401.14975922327
"atat","r100","1105","2023-08-07",-4.76344690960349,4386.98424160915
"atat","r100","1105","2023-08-21",-6.11881217102214,9137.87444002077
"atat","r100","1106","2022-09-02",5.00856426985753,15817.5874306177
"atat","r100","1106","2022-09-08",-1.6342460334189,18669.1278797588
"atat","r100","1106","2022-09-15",0.160463355751649,16512.6894383169
"atat","r100","1106","2022-09-27",-2.25164868833038,9164.54622847288
"atat","r100","1106","2022-10-11",-0.200782732035365,7954.93497590657
"atat","r100","1106","2022-10-27",8.49314386601082,-379.77472571602
"atat","r100","1106","2023-05-16",-6.94548832514866,2794.26107364533
"atat","r100","1106","2023-05-31",4.06589575819138,5604.2946824904
"atat","v08","1106","2023-06-14",4.48641976105913,6455.35612369265
"atat","r100","1106","2023-06-27",2.35484482104801,15606.8466153104
"atat","r100","1106","2023-07-10",-1.67212228648778,5050.23985210123
"atat","r100","1106","2023-07-24",-7.80637348502101,5940.78253351593
"atat","r100","1106","2023-08-07",9.74975565712304,9117.70253176477
"atat","r100","1106","2023-08-21",2.01968399914761,3650.21967963109
"atat","r100","1107","2022-09-27",-0.853610099755209,8446.93122860013
"atat","r100","1107","2022-10-11",-5.32940069641051,11765.1579930883
"atat","r100","1107","2022-10-27",25.4794315980328,5724.24086579099
"atat","r100","1107","2023-05-16",4.1462975361936,4992.52143316196
"atat","r100","1107","2023-05-31",6.65850809059868,8662.7190258689
"atat","v08","1107","2023-06-14",-5.34414916000135,4562.5673453511
"atat","r100","1107","2023-06-27",9.74975565712298,7914.11200581649
"atat","r100","1107","2023-07-10",5.01013983750114,6092.3300424014
"atat","r100","1107","2023-07-24",0.914527520356905,5907.63993434206
"atat","r100","1107","2023-08-07",-4.51987147670261,6132.18383928737
"atat","r100","1107","2023-08-21",-1.5567159217125,6511.13355081477
"atat","r100","1108","2023-05-16",13.445646701551,2030.42846654725
"atat","r100","1108","2023-05-31",1.40283915450035,4990.0992781512
"atat","v08","1108","2023-06-14",-29.4888282858706,-388.716372859347
"atat","r100","1108","2023-06-27",25.8374742623441,7015.91990413523
"atat","r100","1108","2023-07-10",-4.69140450002489,6212.75995931844
"atat","r100","1108","2023-07-24",-1.60324474800054,2050.81724015051
"atat","r100","1108","2023-08-07",8.5280959189467,3695.50823154366
"atat","r100","1109","2023-05-16",0.842225828451962,-383.751016572899
"atat","r100","1109","2023-05-31",8.53337843454156,8003.46008169916
"atat","v08","1109","2023-06-14",18.1829928107006,6260.20012570664
"atat","r100","1109","2023-06-27",22.2001227096389,8880.04908385553
"atat","r100","1109","2023-07-10",5.41765348588747,11028.7578821757
"atat","r100","1109","2023-07-24",-2.29943615708834,9162.58942148276
"atat","r100","1109","2023-08-07",-3.4743496729151,2607.23890603471
"atat","r100","1109","2023-08-21",-4.2403676374515,6790.92796398439
"atat","r100","1110","2022-09-27",16.8604970883417,2284.76940135893
"atat","r100","1110","2022-10-11",-7.073526564272,6424.48145316735
"atat","r100","1110","2022-10-27",-3.31439760624821,593.829571119378
"atat","r100","1110","2023-05-16",-5.37230528193486,-5931.45367676772
"atat","r100","1110","2023-05-31",11.4683306125287,2927.79734461011
"atat","v08","1110","2023-06-14",-0.758820067209229,5421.11230138068
"atat","r100","1110","2023-06-27",15.7544951250497,16338.4979615817
"atat","r100","1110","2023-07-10",-3.92563145475334,7458.6997640311
"atat","r100","1110","2023-07-25",-7.97069722682342,26818.6673302359
"atat","r100","1110","2023-08-07",10.2557245418081,14393.5839591266
"atat","r100","1110","2023-08-21",10.5495746820228,17911.1789982497
"atat","r100","1201","2022-09-02",-12.1481209354229,3341.55098212923
"atat","r100","1201","2022-09-08",1.14828951853549,9256.74745271367
"atat","r100","1201","2022-09-15",-1.55159767110684,15967.9638587385
"atat","r100","1201","2022-09-27",-20.8400519620699,590.205788366793
"atat","r100","1201","2022-10-11",0.999426500835585,6619.12188764596
"atat","r100","1201","2022-10-27",-5.61007792594949,3453.64821200121
"atat","r100","1201","2023-05-16",-11.7629624041747,6810.1306499425
"atat","r100","1201","2023-05-31",7.55230953836862,19649.0260231006
"atat","r100","1201","2023-06-14",19.9329514148763,22211.5464334851
"atat","r100","1201","2023-06-28",-12.3721037304183,6414.66682544505
"atat","r100","1201","2023-07-10",-1.96565792890119,3662.67594085238
"atat","r100","1201","2023-07-24",3.46613092583032,8211.87583345546
"atat","r100","1201","2023-08-07",-5.61810883528382,1545.96720373073
"atat","r100","1201","2023-08-21",-1.12828489594079,2707.88375025748
"atat","r100","1202","2023-05-16",-5.41817343741974,10297.0650126113
"atat","r100","1202","2023-05-31",4.54301277141422,18931.3832203075
"atat","r100","1202","2023-06-14",-1.55154961758154,7497.58586352765
"atat","r100","1202","2023-06-27",4.55007326048986,9489.21075629689
"atat","r100","1202","2023-07-10",6.6523324940218,9389.18662126604
"atat","r100","1202","2023-07-24",3.90989877518573,10344.1047165657
"atat","r100","1202","2023-08-07",2.73858290359882,3933.37575475882
"atat","r100","1202","2023-08-21",-10.7518913613171,-12231.9356659922
"atat","r100","1203","2023-05-16",-1.46964101900041,4515.80604020102
"atat","r100","1203","2023-05-31",14.0543734213522,14721.1897985218
"atat","r100","1203","2023-06-14",-0.112856650785646,2914.08344750611
"atat","r100","1203","2023-06-27",-10.0892928819559,7253.73998049102
"atat","r100","1203","2023-07-10",-5.39048609552077,6516.761754219
"atat","r100","1203","2023-07-24",2.59600729795097,7989.21245944408
"atat","r100","1203","2023-08-07",-1.47302856429401,3228.64657467753
"atat","r100","1203","2023-08-21",2.18313834750582,8983.94507852408
"atat","r100","1204","2023-05-16",-4.13468097137481,5449.87777056311
"atat","r100","1204","2023-05-31",-13.0269018317786,9978.00090073141
"atat","r100","1204","2023-06-14",6.79258965093977,4976.87818655397
"atat","r100","1204","2023-06-27",-0.42154654460391,8476.14023164257
"atat","r100","1204","2023-07-10",-10.515451286551,777.229008136302
"atat","r100","1204","2023-07-24",-10.8042119625998,4053.04114928386
"atat","r100","1204","2023-08-07",2.90756426374634,4026.62642675398
"atat","r100","1204","2023-08-21",-0.593487816585677,5605.16271219765
"atat","r100","1205","2022-09-27",-9.94164768555626,10796.0920001525
"atat","r100","1205","2022-10-11",3.2064894960008,10461.1719807026
"atat","r100","1205","2022-10-27",10.8408421704367,4619.44166370832
"atat","r100","1205","2023-05-16",-1.25011216010529,3034.30689158199
"atat","r100","1205","2023-05-31",-14.5298278976491,18472.1826040366
"atat","r100","1205","2023-06-14",-9.10754840390887,5267.96324945509
"atat","r100","1205","2023-06-27",-44.8116586897493,-4164.81763205396
"atat","r100","1205","2023-07-10",-7.42984827984896,659.270154154307
"atat","r100","1205","2023-07-24",0.154688535114939,6547.50578639596
"atat","r100","1205","2023-08-07",-5.53921962146594,6422.85703727115
"atat","r100","1205","2023-08-21",9.41394760952062,4202.8339327763
"atat","r100","1206","2022-09-27",-34.0078881770859,7126.60103594857
"atat","r100","1206","2022-10-11",2.086379504833,15571.5590555906
"atat","r100","1206","2022-10-27",12.7079268224131,4279.00938659209
"atat","r100","1206","2023-05-16",-7.3839365579925,684.653065486974
"atat","r100","1206","2023-05-31",1.2858024553457,16258.9720478472
"atat","r100","1206","2023-06-14",4.1934035816558,6008.36106934119
"atat","r100","1206","2023-06-27",-3.41288437291286,5600.39802682755
"atat","r100","1206","2023-07-10",4.57763902451806,8152.15107245148
"atat","r100","1206","2023-08-07",-10.6145528160664,9120.65279010139
"atat","r100","1207","2023-05-16",6.21863650501662,5007.9870577634
"atat","r100","1207","2023-05-31",0.918975927420331,9170.99662168478
"atat","r100","1207","2023-06-14",-17.8874871530007,2974.69566573693
"atat","r100","1207","2023-06-27",0.260424466840251,7239.80017816026
"atat","r100","1207","2023-07-10",-12.0509493123972,5790.278688861
"atat","r100","1207","2023-07-25",2.95699856110081,7303.99027354772
"atat","r100","1207","2023-08-07",-4.97966675321636,5831.4518557402
"atat","r100","1207","2023-08-21",-4.94573180488036,4510.50740605082
"atat","r100","1208","2022-09-27",-3.12318547373496,4720.9762613226
"atat","r100","1208","2022-10-11",-8.12708686998844,6713.66108867356
"atat","r100","1208","2022-10-27",-5.66209591067404,2886.28791544101
"atat","r100","1208","2023-05-16",1.08877135163285,3813.46840473761
"atat","r100","1208","2023-05-31",-19.0298763391174,1420.81171315693
"atat","r100","1208","2023-06-14",-0.922938394735127,7043.1518554393
"atat","r100","1208","2023-06-27",8.63172426568697,13771.8187156298
"atat","r100","1208","2023-07-10",-6.64107830922735,6933.54361407043
"atat","r100","1208","2023-07-24",-3.46160818749823,10633.0153382018
"atat","r100","1208","2023-08-07",-2.16222372179135,5569.36413188654
"atat","r100","1208","2023-08-21",10.6827806985414,2110.17890341557
"atat","r100","1209","2022-09-02",-12.8146743979341,9331.976589109
"atat","r100","1209","2022-09-08",7.59632938119824,61113.1853013664
"atat","r100","1209","2022-09-15",5.44641522915155,10684.3874063231
"atat","r100","1209","2022-09-27",-3.83180477458754,4974.03034916805
"atat","r100","1209","2022-10-11",8.45630527506041,19203.1373332867
"atat","r100","1209","2022-10-27",2.30649205134893,13891.8371932787
"atat","r100","1209","2023-05-16",3.62686999024549,-336.309762731906
"atat","r100","1209","2023-05-31",-4.74260895957318,10074.8395735796
"atat","r100","1209","2023-06-14",-12.6054788714556,6694.6196078974
"atat","r100","1209","2023-06-28",-2.14464205715422,1353.80529857856
"atat","r100","1209","2023-07-10",-3.49169425638709,4849.17664181222
"atat","r100","1209","2023-07-25",-1.61970669761334,7594.75549341244
"atat","r100","1209","2023-08-07",-5.70040799381337,2660.19039711281
"atat","r100","1209","2023-08-21",26.3112932019632,41392.4780523116
"atat","r100","1210","2023-05-16",1.29399716052893,4197.73033783133
"atat","r100","1210","2023-05-31",-7.38746846102359,10935.3667932989
"atat","r100","1210","2023-06-14",2.58484728005107,7587.35862517977
"atat","r100","1210","2023-06-27",9.02112536037961,13603.0782412631
"atat","r100","1210","2023-07-10",-0.959135145718667,12976.2486549877
"atat","r100","1210","2023-07-24",-14.2582395595064,4212.36575114173
"atat","r100","1210","2023-08-07",-0.195026750374808,2425.23002524932
"atat","r100","1210","2023-08-21",-3.61525099299991,3819.0196853326
"atat","r100","1301","2022-09-02",-6.9644722580978,14533.6582404911
"atat","r100","1301","2022-09-08",12.4632441482983,15081.1848503484
"atat","r100","1301","2022-09-15",-8.85581576049637,6991.43349512867
"atat","r100","1301","2022-09-27",-3.13410879407037,2991.02991434095
"atat","r100","1301","2022-10-11",2.05746069259767,5508.68508018077
"atat","r100","1301","2022-10-27",-1.19324299766325,706.390966400582
"atat","r100","1301","2023-05-17",-3.88356959265239,2609.48623506286
"atat","r100","1301","2023-05-31",-15.3010492186147,9643.51841509331
"atat","r100","1301","2023-06-14",1.64937251342112,20205.2903173261
"atat","r100","1301","2023-06-28",10.3432094088536,10222.8486046375
"atat","r100","1301","2023-07-10",8.03626534591098,8576.30237715624
"atat","r100","1301","2023-07-25",12.3050560582041,15612.446787076
"atat","r100","1301","2023-08-07",4.89850215211995,4140.86715259197
"atat","r100","1301","2023-08-21",3.6450654228168,6469.99086478875
"atat","r100","1302","2023-05-17",16.4881375688048,7501.4212658073
"atat","r100","1302","2023-05-31",0.0642901227672634,1504.38887275452
"atat","r100","1302","2023-06-14",11.1877288333804,2103.69364518742
"atat","r100","1302","2023-06-27",6.25574317169401,13524.0138464354
"atat","r100","1302","2023-07-10",0.96738296469493,3443.88335431403
"atat","r100","1302","2023-07-25",3.28966395739721,2222.47824429854
"atat","r100","1302","2023-08-07",-0.979700430424049,2775.81788620134
"atat","r100","1302","2023-08-21",0.745370345999864,3493.86461017652
"atat","r100","1303","2023-05-17",8.97855023712443,1535.61373708611
"atat","r100","1303","2023-05-31",-6.88960369116754,11214.577803628
"atat","r100","1303","2023-06-14",21.269881185751,9803.74275057391
"atat","r100","1303","2023-06-27",-10.3904728849922,8006.59907109083
"atat","r100","1303","2023-07-10",8.51297008931563,3682.50448560547
"atat","r100","1303","2023-07-25",0.0702213547643499,3565.20942044544
"atat","r100","1303","2023-08-07",5.3968856933086,3989.29103554615
"atat","r100","1303","2023-08-21",1.90013599793776,6676.68476516761
"atat","r100","1304","2022-09-27",1.55742963334082,9969.7603412919
"atat","r100","1304","2022-10-11",-3.77396303486781,10837.0619348723
"atat","r100","1304","2022-10-27",-6.69784516262658,1816.01368842335
"atat","r100","1304","2023-05-17",2.65717919497259,7549.11422571722
"atat","r100","1304","2023-05-31",-3.27879626113172,14889.592432904
"atat","r100","1304","2023-06-14",-1.06810893637294,2908.14391714642
"atat","r100","1304","2023-06-27",-22.0611814733799,4334.60163846454
"atat","r100","1304","2023-07-10",15.026682051595,5675.31339287701
"atat","r100","1304","2023-07-24",-0.192870368301942,4461.73452004981
"atat","r100","1304","2023-08-08",-9.77865214658268,10213.258908653
"atat","r100","1304","2023-08-21",4.06235971972904,7246.72556454896
"atat","r100","1305","2022-09-27",-4.83016507072144,49.3321443899235
"atat","r100","1305","2022-10-11",-5.11381558042565,8930.36286584086
"atat","r100","1305","2022-10-27",-4.80015653208741,1514.42978196698
"atat","r100","1305","2023-05-17",-5.42460679449577,1866.54730084488
"atat","r100","1305","2023-05-31",10.8650307476717,3034.49379461597
"atat","r100","1305","2023-06-14",-3.09999021563111,5242.16164787108
"atat","r100","1305","2023-06-27",-1.22921539001242,11903.9806190671
"atat","r100","1305","2023-07-10",31.0857069686831,8186.36586120678
"atat","r100","1305","2023-07-24",-5.72182092628877,6326.14808030114
"atat","r100","1305","2023-08-07",-6.83614225455787,5534.0199203563
"atat","r100","1305","2023-08-21",-3.75214071677946,5063.00019611902
"atat","r100","1306","2023-05-17",8.98138530581266,943.870246476683
"atat","r100","1306","2023-05-31",12.0865430802502,4751.0400725026
"atat","r100","1306","2023-06-14",1.56828207021898,4625.78907741511
"atat","r100","1306","2023-06-27",-14.6858891333056,8675.67283161352
"atat","r100","1306","2023-07-10",-5.43442593479155,10273.6528386296
"atat","r100","1306","2023-07-24",-9.51493816955877,6692.6017800747
"atat","r100","1306","2023-08-07",9.31017468954067,5820.48683388058
"atat","r100","1306","2023-08-21",-8.14965618588929,2686.58388613841
"atat","r100","1307","2022-09-02",30.2862967417875,34926.5913843943
"atat","r100","1307","2022-09-08",11.803813240981,10946.5530614685
"atat","r100","1307","2022-09-15",-11.2461697130036,13232.6976591904
"atat","r100","1307","2022-09-27",-29.7365111321451,1599.61921952238
"atat","r100","1307","2022-10-11",-8.29621247015209,5117.10385158973
"atat","r100","1307","2023-05-17",2.03062769372714,5556.55594422771
"atat","r100","1307","2023-05-31",20.1870985489285,14175.9720701871
"atat","r100","1307","2023-06-14",-3.64594253576428,13008.2021186728
"atat","r100","1307","2023-06-28",43.1442275269199,9234.12697827218
"atat","r100","1307","2023-07-10",0.905737655798536,8067.53469129166
"atat","r100","1307","2023-07-24",-7.14560909780353,5507.65291399365
"atat","r100","1307","2023-08-07",1.82297126788204,4440.23715962711
"atat","r100","1307","2023-08-21",5.12708322643608,4647.24082191065
"atat","r100","1308","2023-05-16",-13.5778170406365,5625.28604518987
"atat","r100","1308","2023-05-31",19.9019292591675,4816.52861575173
"atat","r100","1308","2023-06-14",-1.95318350130236,4778.78896651945
"atat","r100","1308","2023-06-27",3.02057502153785,9814.37175401567
"atat","r100","1308","2023-07-10",17.3283487138227,4504.07266194488
"atat","r100","1308","2023-07-24",-1.3253690575422,5976.32409112381
"atat","r100","1308","2023-08-07",-6.50644604011192,6847.08687981161
"atat","r100","1308","2023-08-21",-16.1700317141449,-11877.7428079105
"atat","r100","1309","2022-09-27",-15.5086278913601,1743.50070852442
"atat","r100","1309","2022-10-11",34.8452446637632,11689.3894854081
"atat","r100","1309","2022-10-27",5.37292657048344,2661.79848584859
"atat","r100","1309","2023-05-16",-2.56354161321817,1393.5149282108
"atat","r100","1309","2023-05-31",-9.27673813065549,5076.9834729961
"atat","r100","1309","2023-06-14",5.27359545351599,4075.64290605073
"atat","r100","1309","2023-06-27",-1.34751527090755,8501.74416019036
"atat","r100","1309","2023-07-10",1.6225045612193,973.502736731626
"atat","r100","1309","2023-07-24",3.49087192157644,12901.2333923521
"atat","r100","1309","2023-08-07",7.94018209240449,4690.0494530518
"atat","r100","1309","2023-08-21",4.66696037278157,3234.00634282893
"atat","r100","1310","2023-05-16",-4.99561955396348,1071.42893065266
"atat","r100","1310","2023-05-31",-13.5869337760743,1345.87551555452
"atat","r100","1310","2023-06-14",-1.33321727901312,8126.28348206793
"atat","r100","1310","2023-06-28",-12.6572707962883,4462.37745392634
"atat","r100","1310","2023-07-10",5.4038076869361,11582.3781627224
"atat","r100","1310","2023-07-24",2.5311071155022,7768.55183911826
"atat","r100","1310","2023-08-07",-1.37158060259355,4108.21047157799
"atat","r100","1310","2023-08-21",-16.4986908953267,3851.88560345069
"atat","r100","1401","2023-05-17",3.81543679278126,1614.74735694486
"atat","r100","1401","2023-06-01",-0.374992242030897,6628.59270409284
"atat","r100","1401","2023-06-15",5.71537400589965,8317.5501709388
"atat","r100","1401","2023-06-28",19.8567308013978,5584.55524223802
"atat","r100","1401","2023-07-11",-5.81633548174877,4270.17873356827
"atat","r100","1401","2023-07-25",5.04727461249644,8956.56873566849
"atat","r100","1401","2023-08-08",2.36634610450889,1761.61321113446
"atat","r100","1401","2023-08-21",5.86327947523718,5462.98041800207
"atat","r100","1402","2023-05-17",9.54932546291917,12331.6478007296
"atat","r100","1402","2023-06-01",1.29391093685505,12589.7534156003
"atat","r100","1402","2023-06-15",4.95141251777244,5655.74337665995
"atat","r100","1402","2023-06-28",4.97772748209122,3179.10861856224
"atat","r100","1402","2023-07-11",-1.79449180887869,5539.69634953208
"atat","r100","1402","2023-07-25",-2.49879515331196,13091.0932563191
"atat","r100","1402","2023-08-08",-5.43846056015728,820.73571467216
"atat","r100","1402","2023-08-21",1.43948021941718,4626.36766266245
"atat","r100","1403","2023-05-17",10.4804437220993,1644.33310129354
"atat","r100","1403","2023-06-01",-12.5839091596951,3337.17484674373
"atat","r100","1403","2023-06-15",-2.79456481428396,2934.30797750127
"atat","r100","1403","2023-06-28",31.4918929058511,9432.85269392487
"atat","r100","1403","2023-07-11",1.72763076415085,1673.09995418434
"atat","r100","1403","2023-07-25",-2.97599515476681,17894.7882567062
"atat","r100","1403","2023-08-08",3.95658544390421,4807.25131434364
"atat","r100","1403","2023-08-21",1.63804827408426,2876.41276929201
"atat","r100","1404","2022-09-02",-22.3477764514078,11012.9904861867
"atat","r100","1404","2022-09-08",-0.305044399043925,26349.4830136944
"atat","r100","1404","2022-09-15",3.91581228591171,20713.9832954757
"atat","r100","1404","2022-09-27",20.7992572111946,10367.5736308869
"atat","r100","1404","2022-10-11",14.1451559449979,13047.5158107993
"atat","r100","1404","2022-10-27",-9.17238779106923,2860.93810205307
"atat","r100","1404","2023-05-17",12.6154593024267,9698.18035346652
"atat","r100","1404","2023-06-01",-13.0919161222051,28563.5943375598
"atat","r100","1404","2023-06-15",1.82144074434277,39957.0130694162
"atat","r100","1404","2023-06-28",-31.7001547992442,3919.78909092014
"atat","r100","1404","2023-07-11",-0.871260835718938,7472.73716789663
"atat","r100","1404","2023-07-25",3.99851625407245,22127.2730124559
"atat","r100","1404","2023-08-08",2.51816760954345,1467.71773217562
"atat","r100","1404","2023-08-21",2.16222372179127,5353.14175970751
"atat","r100","1405","2022-09-27",-15.269347642824,9887.1686152378
"atat","r100","1405","2022-10-11",-1.48862388770601,10871.569436286
"atat","r100","1405","2022-10-27",1.44172729446817,1551.50917081468
"atat","r100","1405","2023-06-01",-9.70804997908591,6304.43852596408
"atat","r100","1405","2023-06-15",3.21081212451355,7429.41558192446
"atat","r100","1405","2023-06-28",5.41091446776862,3213.9602185257
"atat","r100","1405","2023-07-11",3.0728857670008,3266.61117405084
"atat","r100","1405","2023-07-25",-2.17518965470171,9381.18702611287
"atat","r100","1405","2023-08-08",4.30012098751153,906.333192752374
"atat","r100","1405","2023-08-21",3.86579392683895,4494.80446408729
"atat","r100","1406","2022-09-27",8.58473278375792,2159.80975591367
"atat","r100","1406","2022-10-11",-28.4469542250764,4042.11372826074
"atat","r100","1406","2022-10-27",-11.7948868997253,-82.9012050667737
"atat","r100","1406","2023-05-17",0.33953653286742,7578.45541360135
"atat","r100","1406","2023-06-01",-11.2290412222826,8284.49157177041
"atat","r100","1406","2023-06-15",0.396366906614769,2244.66606473337
"atat","r100","1406","2023-06-28",32.7099310631414,8144.18325905419
"atat","r100","1406","2023-07-11",4.62401573899653,7094.57154174193
"atat","r100","1406","2023-07-25",0.0831416605188594,25536.5102603381
"atat","r100","1406","2023-08-08",-2.85389708973232,5150.28870147039
"atat","r100","1406","2023-08-21",7.73158785367796,6414.59704131406
"atat","r100","1407","2023-05-16",-2.23488243203631,1498.68586618885
"atat","r100","1407","2023-06-01",-4.45549130550935,8629.23830787606
"atat","r100","1407","2023-06-15",0.415443388751298,3987.40868836304
"atat","r100","1407","2023-06-28",31.9823990048926,10537.7058989316
"atat","r100","1407","2023-07-11",-2.33047783170958,7604.01623946367
"atat","r100","1407","2023-07-25",-4.56459871647752,16991.8794473943
"atat","r100","1407","2023-08-08",0.327838234381883,5394.76027910671
"atat","r100","1407","2023-08-21",5.76592992477668,5851.10843502909
"atat","r100","1408","2022-09-02",-15.2987970497631,7741.71885190591
"atat","r100","1408","2022-09-08",4.00964201041801,11411.0467706321
"atat","r100","1408","2022-09-15",-2.31544976250629,8553.93297977293
"atat","r100","1408","2022-09-27",46.7567753217318,12672.6780922665
"atat","r100","1408","2022-10-11",13.609397361929,1949.78825489106
"atat","r100","1408","2022-10-27",-11.687047933785,-808.118251015546
"atat","r100","1408","2023-05-17",-0.543258452587953,2342.80207678534
"atat","r100","1408","2023-06-01",-3.089396303109,3385.18956617252
"atat","r100","1408","2023-06-15",8.73114582177867,4121.91302749081
"atat","r100","1408","2023-06-28",-15.1669108682996,7906.57657873531
"atat","r100","1408","2023-07-11",1.7919818935528,7592.69365268308
"atat","r100","1408","2023-07-25",31.437870033204,21325.0337219095
"atat","r100","1408","2023-08-08",-0.0587686169866386,1785.82325992363
"atat","r100","1408","2023-08-21",7.14189047500759,3996.83778876565
"atat","r100","1409","2023-05-17",5.16095529958517,3816.3906294301
"atat","r100","1409","2023-06-01",-9.89146360976064,2420.11142985465
"atat","r100","1409","2023-06-15",-4.61125291495753,4040.14225336256
"atat","r100","1409","2023-06-28",-15.2328539590313,-1777.16629522033
"atat","r100","1409","2023-07-11",31.1273891880105,11647.8823080934
"atat","r100","1409","2023-07-25",2.50731478792416,10929.3208704389
"atat","r100","1409","2023-08-08",-4.90740947593684,1916.8273718493
"atat","r100","1409","2023-08-21",8.51785102523834,6958.42906831001
"atat","r100","1410","2022-09-27",33.3850719368362,11201.0322988079
"atat","r100","1410","2022-10-11",-2.29476279153276,4596.47940970643
"atat","r100","1410","2022-10-27",1.79319757749379,2003.84829663429
"atat","r100","1410","2023-05-17",-5.63630644559972,2220.56892495301
"atat","r100","1410","2023-06-01",4.72436603129844,6363.65661153816
"atat","r100","1410","2023-06-15",-0.407443839441043,5649.88790691431
"atat","r100","1410","2023-06-28",-5.52210869592033,5223.70005472334
"atat","r100","1410","2023-07-11",4.37734062580683,8484.33422845642
"atat","r100","1410","2023-07-25",-9.64351841509325,17731.215859218
"atat","r100","1410","2023-08-08",6.74607683089924,4020.66179121599
"atat","r100","1410","2023-08-21",17.7564432910739,12357.436179692
"eddyflux","v08","1","2022-05-05",18.6035291173083,7002.30132001034
"eddyflux","v08","13","2022-05-05",18.9409183641642,1880.46527644215
"eddyflux","v08","14","2022-05-05",16.9768266433724,278.419956951346
"eddyflux","v08","19","2022-05-05",22.8847623152661,7028.40623035616
"eddyflux","v08","20","2022-05-05",2.92971039445698,3835.87663274245
"eddyflux","v08","25","2022-05-05",-12.3591297963753,740.189641650947
"eddyflux","v08","28","2022-05-05",4.42863199162106,2193.87615584927
"eddyflux","v08","29","2022-05-05",12.4395294316359,3560.44897185055
"eddyflux","v08","32","2022-05-05",-0.3282871547923,1196.42429746477
"eddyflux","i10","33","2022-05-04",17.5756302520687,24094.100757617
"eddyflux","i10","36","2022-05-04",-10.3906889473242,17848.7426588577
"eddyflux","i10","37","2022-05-04",4.84125798146795,15754.2603480271
"eddyflux","v08","4","2022-05-05",0.611165759161416,4020.11254915061
"eddyflux","i10","40","2022-05-04",-1.63518719690632,19813.0182025142
"eddyflux","i10","45","2022-05-04",-7.97645567495997,15724.7736851728
"eddyflux","i10","46","2022-05-04",-4.28096996407354,15428.3185519934
"eddyflux","v08","5","2022-05-05",4.13621595699193,3698.84492205731
"eddyflux","i10","51","2022-05-04",-8.0476199266035,16895.7194447601
"eddyflux","i10","52","2022-05-04",47.4806352373186,25920.6912644051
"eddyflux","i10","57","2022-05-04",2.9159655572605,24091.2012462146
"eddyflux","i10","60","2022-05-04",19.0255962129697,27622.5697027659
"eddyflux","i10","61","2022-05-04",-3.42368649678538,24123.9176895064
"eddyflux","i10","64","2022-05-04",-3.16026562679175,18638.8432286518
"eddyflux","v08","8","2022-05-05",-21.3908015706495,5473.32890982343
"eddyflux","v08","1","2022-05-16",-3.56232800451311,9418.30698854642
"eddyflux","v08","1","2022-06-01",-7.68135756858723,23559.952911017
"eddyflux","v08","1","2022-06-16",81.1701428079678,72854.0194278873
"eddyflux","v08","1","2022-06-28",60.4852014135358,55882.5192428605
"eddyflux","v08","1","2022-07-14",7.19817449678992,25981.3354950174
"eddyflux","v08","1","2022-09-19",3.63136883807927,4974.67134071729
"eddyflux","v08","1","2022-10-03",8.54497446326,8661.18611596038
"eddyflux","v08","1","2022-10-21",-1.73868689481157,5048.19646585124
"eddyflux","v08","1","2023-05-24",-16.2837391691916,6002.49966864337
"eddyflux","v08","1","2023-06-09",-22.9929354494911,2460.82158217466
"eddyflux","v08","1","2023-06-19",-4.96022114565314,11270.8555406275
"eddyflux","v08","1","2023-07-05",6.4511941244815,6668.49750551664
"eddyflux","v08","1","2023-07-17",7.26202940517259,12479.9204861375
"eddyflux","v08","1","2023-08-04",11.9799442670917,18558.7611188506
"eddyflux","v08","1","2023-08-15",1.0693686343669,-11463.2790499177
"eddyflux","v08","1","2023-08-30",17.5101295668713,16072.527489591
"eddyflux","v08","1","2023-09-12",19.086690866214,8453.64428790827
"eddyflux","v08","1","2023-10-09",14.0176928575946,18956.1061727206
"eddyflux","v08","1","2024-05-29",-10.2637827434881,35402.1876158018
"eddyflux","v08","1","2024-06-10",23.0812368735593,42093.5222266794
"eddyflux","v08","1","2024-06-27",1.07068596152939,35789.112028244
"eddyflux","v08","1","2024-07-16",18.2164111543102,45809.2097639978
"eddyflux","v08","1","2024-08-19",8.19476988244061,114004.889960754
"eddyflux","v08","1","2024-09-06",-6.57026567762876,43403.6479958683
"eddyflux","v08","1","2024-10-07",-33.8363663908602,7314.5944547682
"eddyflux","v08","1","2024-10-28",16.844179748566,23278.906692745
"eddyflux","v08","13","2022-05-16",64.9811276266663,24281.0090064241
"eddyflux","v08","13","2022-06-01",1.61326766004154,10301.2842946768
"eddyflux","v08","13","2022-06-28",-6.23034458501142,-450.201142025873
"eddyflux","v08","13","2022-07-14",1.34479388374103,39510.0443043141
"eddyflux","v08","13","2022-08-03",-1.61496914193658,13443.8088150901
"eddyflux","v08","13","2022-09-19",-1.91016450592888,-11626.2208550713
"eddyflux","v08","13","2022-10-03",-15.1644567500791,10382.6730914771
"eddyflux","v08","13","2022-10-21",1.2816682445694,530.504948654226
"eddyflux","v08","13","2023-05-08",-1.01524951416046,642.99135896825
"eddyflux","v08","13","2023-05-24",-7.24211320101039,4297.88960994522
"eddyflux","v08","13","2023-06-09",-13.4260903145717,2129.53148766737
"eddyflux","v08","13","2023-06-19",12.6378134758385,8519.43273531699
"eddyflux","v08","13","2023-07-05",3.28551344290907,6724.01644308347
"eddyflux","v08","13","2023-07-17",-0.0665850809060489,2823.20743041375
"eddyflux","v08","13","2023-08-04",1.27338122143531,6179.24992717554
"eddyflux","v08","13","2023-08-15",1.49396074461678,8094.55094356
"eddyflux","v08","13","2023-09-12",-1.62664680227036,3061.1311108774
"eddyflux","i10","13","2023-10-23",9.2221312429504,7103.36005658595
"eddyflux","v08","13","2024-05-29",-0.626844880591943,24631.6526196572
"eddyflux","v08","13","2024-06-10",97.6416851374893,33041.3865073545
"eddyflux","v08","13","2024-06-27",5.5480759641187,41355.2698154212
"eddyflux","v08","13","2024-07-16",26.3525233840737,23777.2408604661
"eddyflux","v08","13","2024-08-19",-38.6730691026697,48656.9667018367
"eddyflux","v08","13","2024-09-06",6.12856574992837,30522.8415747238
"eddyflux","v08","13","2024-10-07",0.0106724745050163,15061.3006078928
"eddyflux","v08","13","2024-10-28",56.0646083014572,5184.41191586566
"eddyflux","v08","14","2022-05-16",43.5548156540108,14850.0544783536
"eddyflux","v08","14","2022-06-01",9.77034596034055,13014.5881779239
"eddyflux","v08","14","2022-06-28",-1.33170161811985,17571.8028510901
"eddyflux","v08","14","2022-07-14",10.5910333450379,52504.5671411972
"eddyflux","v08","14","2022-08-03",15.251542875462,20417.5973983845
"eddyflux","v08","14","2022-09-19",2.92718122194959,12762.6748073752
"eddyflux","v08","14","2022-10-03",-4.15907971133142,3962.13886518727
"eddyflux","v08","14","2022-10-21",10.959042157823,-734.198212658013
"eddyflux","v08","14","2023-05-08",-0.938280900004969,4574.11938752417
"eddyflux","v08","14","2023-05-24",-21.0408855662922,-1564.74940129075
"eddyflux","v08","14","2023-06-19",6.3305367102468,8790.21399454054
"eddyflux","v08","14","2023-07-05",28.0080132992334,13094.7417628879
"eddyflux","v08","14","2023-07-17",-13.8339470822341,2766.09965833059
"eddyflux","v08","14","2023-08-04",-0.0653133620283215,4304.15055766271
"eddyflux","v08","14","2023-08-15",10.4707162299249,4510.57809639802
"eddyflux","v08","14","2023-08-30",-15.5329874374739,-1465.84933192878
"eddyflux","v08","14","2023-09-12",-9.66842205323747,2792.62011984133
"eddyflux","v08","14","2023-10-09",-4.12234497562115,1018.46169985932
"eddyflux","i10","14","2023-10-23",-9.10966591975561,1435.74793742643
"eddyflux","v08","14","2024-05-29",8.07474231753604,30478.5535964927
"eddyflux","v08","14","2024-06-10",-36.0336216067684,35411.8805714277
"eddyflux","v08","14","2024-06-27",31.4710912901046,33955.758197139
"eddyflux","v08","14","2024-07-16",-38.0723510823355,23664.3230574998
"eddyflux","v08","14","2024-08-19",-10.4384429881338,53424.2904906134
"eddyflux","v08","14","2024-10-07",7.58339896017818,11476.0042674191
"eddyflux","v08","14","2024-10-28",-89.3593503904164,9816.30512212723
"eddyflux","v08","19","2022-05-16",-8.94528646603266,3819.682838567
"eddyflux","v08","19","2022-06-01",6.06080174309057,18283.0218951244
"eddyflux","v08","19","2022-06-16",-2.44776117750657,26356.4338680707
"eddyflux","v08","19","2022-06-28",-1.89174456911602,17541.2015171285
"eddyflux","v08","19","2022-07-14",14.6494127217018,78728.5055058017
"eddyflux","v08","19","2022-08-03",-2.13805068767148,21339.6011247213
"eddyflux","v08","19","2022-09-19",-4.24159944634133,8586.61219325922
"eddyflux","v08","19","2022-10-03",-13.6584535146499,-674.362588587055
"eddyflux","v08","19","2022-10-21",9.26258566831719,2114.14951401063
"eddyflux","v08","19","2023-05-08",16.2720059932674,2850.96303353113
"eddyflux","v08","19","2023-05-24",-3.80770627650096,2879.16035995067
"eddyflux","v08","19","2023-06-19",17.2556477853287,10610.9303864638
"eddyflux","v08","19","2023-07-05",-3.31848498806085,2760.97951006649
"eddyflux","v08","19","2023-07-17",-0.386490695234534,4664.30053259733
"eddyflux","v08","19","2023-08-04",4.88888712421155,7274.19617899166
"eddyflux","v08","19","2023-08-15",4.7547613830865,2768.70937961414
"eddyflux","v08","19","2023-08-30",-0.226791074816504,825.725686036166
"eddyflux","v08","19","2023-09-12",-6.62669102858535,943.571734956782
"eddyflux","i10","19","2023-10-23",0.435016881765813,1131.04389259141
"eddyflux","v08","19","2024-05-29",-32.7853384699205,28660.0842578701
"eddyflux","v08","19","2024-06-10",-3.09413392923139,39418.2993415502
"eddyflux","v08","19","2024-06-27",-25.1125124938418,31121.5175583303
"eddyflux","v08","19","2024-07-16",23.4719066037752,27078.0230066092
"eddyflux","v08","19","2024-08-19",28.6207388453864,74464.2006743556
"eddyflux","v08","19","2024-09-06",-29.2956073427067,24923.8013238718
"eddyflux","v08","19","2024-10-07",-2.38434306143344,10198.9577869512
"eddyflux","v08","19","2024-10-28",29.0577180140306,745.582286361309
"eddyflux","v08","20","2022-05-16",20.374099542965,10120.0297071963
"eddyflux","v08","20","2022-06-01",8.47366393417913,5392.42143506026
"eddyflux","v08","20","2022-06-16",3.11886216915509,4467.53055424709
"eddyflux","v08","20","2022-07-14",-8.48920375390838,19184.6546115482
"eddyflux","v08","20","2022-08-03",3.11971790172208,18162.7426884299
"eddyflux","v08","20","2022-09-19",8.44265026439125,7167.03650501235
"eddyflux","v08","20","2022-10-03",-6.73200281334276,2751.63288162256
"eddyflux","v08","20","2022-10-21",3.08272762786397,3816.67685818219
"eddyflux","v08","20","2023-05-08",-10.1191152463489,2415.09550546186
"eddyflux","v08","20","2023-05-24",12.6151636737815,5207.97131345413
"eddyflux","v08","20","2023-06-09",-4.64808932259267,3692.26232287827
"eddyflux","v08","20","2023-06-19",-7.15224772562958,3427.55411814283
"eddyflux","v08","20","2023-07-05",2.83854728639828,3699.54188044695
"eddyflux","v08","20","2023-07-17",-11.0588488946531,3102.84844793207
"eddyflux","v08","20","2023-08-04",-4.22900351313683,8857.91639352248
"eddyflux","v08","20","2023-08-15",10.7595307900666,4571.93409933068
"eddyflux","v08","20","2023-08-30",15.1610594114608,2487.36130969283
"eddyflux","v08","20","2023-09-12",5.26258665468299,2516.99949433532
"eddyflux","v08","20","2023-10-09",6.2778763940377,3069.18401486289
"eddyflux","i10","20","2023-10-23",9.19663477545895,-525.521987169265
"eddyflux","v08","20","2024-05-29",0.641403312896741,38038.1086559692
"eddyflux","v08","20","2024-06-10",40.5631486283625,44281.4372526291
"eddyflux","v08","20","2024-06-27",56.5334365479188,35974.3760395628
"eddyflux","v08","20","2024-07-16",-2.26457631978958,47444.5675876876
"eddyflux","v08","20","2024-08-19",4.5926428866504,61275.8880431353
"eddyflux","v08","20","2024-09-06",-17.3779468007564,39158.6016281471
"eddyflux","v08","20","2024-10-07",-18.4328024152649,17583.4765353989
"eddyflux","v08","20","2024-10-28",16.1050055088525,8212.08289276971
"eddyflux","i02","2101","2023-10-27",-2.38283642252383,-377.215510700989
"eddyflux","i02","2104","2023-10-27",-0.835167975014038,334.522322417049
"eddyflux","i02","2105","2023-10-27",-3.63330848220034,-76.6025290024218
"eddyflux","i02","2106","2023-10-27",1.37011590537777,-968.80794643191
"eddyflux","i02","2107","2023-10-27",-3.50060875612762,-282.529279511303
"eddyflux","i02","2112","2023-10-27",27.3077401665534,25116.7285726804
"eddyflux","i02","2112","2023-11-07",0.639674126690934,2718.38980106834
"eddyflux","i02","2201","2023-10-27",3.5760957807058,3610.56368702455
"eddyflux","i02","2201","2023-11-07",-0.873920989986413,1387.23695291897
"eddyflux","i02","2202","2023-10-27",1.72074311396125,1570.57535351811
"eddyflux","i02","2202","2023-11-07",-0.838005311851408,1652.8462492287
"eddyflux","i02","2203","2023-10-27",1.31366171288537,773.905668800749
"eddyflux","i02","2203","2023-11-07",4.81649024690163,726.914272723802
"eddyflux","i02","2204","2023-10-27",1.05709390423382,-126.851268508082
"eddyflux","i02","2204","2023-11-07",2.9352896085852,2428.057938119
"eddyflux","i02","2205","2023-11-07",3.1669333533246,1126.99223849921
"eddyflux","i02","2206","2023-11-07",-1.59242819567105,2634.15102522939
"eddyflux","i02","2207","2023-11-07",-1.39781102830511,1461.85371067408
"eddyflux","i02","2208","2023-11-07",-8.32906337731696,174.980323052787
"eddyflux","i02","2210","2023-11-07",3.97994430233454,1224.39033545485
"eddyflux","i02","2301","2023-11-07",-1.1458622501394,588.977716738221
"eddyflux","i02","2302","2023-11-07",-2.24741456716683,2451.08651231613
"eddyflux","i02","2305","2023-11-07",0.946974916781742,657.684250079965
"eddyflux","i02","2306","2023-11-07",-0.415855333383971,19.662725002434
"eddyflux","i02","2307","2023-11-07",-1.65025228361898,-1556.63114842916
"eddyflux","i02","2308","2023-11-07",-9.56666509263644,726.145281479081
"eddyflux","i02","2310","2023-11-07",1.80354650021919,1917.68070856644
"eddyflux","i02","2311","2023-11-07",3.09019502985417,1741.74628955416
"eddyflux","i02","2312","2023-11-07",-1.39223384506604,868.187123179231
"eddyflux","i02","2402","2023-11-07",-0.0702317052239987,1678.53775485248
"eddyflux","i02","2403","2023-11-07",1.62830993727108,2002.82953888322
"eddyflux","i02","2404","2023-11-07",-12.6417069403129,2247.41456716671
"eddyflux","i02","2405","2023-11-07",26.9942305315601,19117.9151873673
"eddyflux","i02","2406","2023-11-07",0.99577483758839,1956.63091492237
"eddyflux","i02","2409","2023-11-07",-2.843839026164,1143.18960413187
"eddyflux","i02","2410","2023-11-07",-6.95293881717219,84.2780462686566
"eddyflux","i02","2412","2023-11-07",-1.03737825012614,1540.02078352062
"eddyflux","v08","25","2022-05-16",2.54951578078838,3603.22869683809
"eddyflux","v08","25","2022-06-01",5.98694637846968,15019.8036831844
"eddyflux","v08","25","2022-06-16",5.18603975703882,9711.47683074071
"eddyflux","v08","25","2022-06-28",-1.94325894266641,14148.437544713
"eddyflux","v08","25","2022-07-14",-2.36254146685296,19421.9209952862
"eddyflux","v08","25","2022-08-03",-2.54443366957272,9860.37888631655
"eddyflux","v08","25","2022-09-19",9.77208992511977,4094.7661447973
"eddyflux","v08","25","2022-10-03",7.92362462781248,2596.81815533348
"eddyflux","v08","25","2022-10-21",3.29645730267766,2080.42353474773
"eddyflux","v08","25","2023-05-08",1.21031449536687,2871.1349417873
"eddyflux","v08","25","2023-05-24",17.6356922280044,5818.44239795138
"eddyflux","v08","25","2023-06-09",-26.953932317971,5937.67784395875
"eddyflux","v08","25","2023-06-19",-1.58773698000431,10221.0568087773
"eddyflux","v08","25","2023-07-05",9.12215608412025,7410.9195048364
"eddyflux","v08","25","2023-07-17",-9.9736008256295,5618.66192341812
"eddyflux","v08","25","2023-08-04",3.93567139221681,8237.4060357356
"eddyflux","v08","25","2023-08-15",-0.199755242717957,10926.6117766725
"eddyflux","v08","25","2023-08-30",13.3283648023449,6406.1958333444
"eddyflux","v08","25","2023-09-12",-3.29474501516575,776.61846786045
"eddyflux","v08","25","2023-10-09",0.137472153953318,-157.830512356372
"eddyflux","i10","25","2023-10-23",3.05529740743566,3731.8275476536
"eddyflux","v08","25","2024-05-29",-33.5176978997861,37516.9240936219
"eddyflux","v08","25","2024-06-10",-30.3887749485604,42491.5719226795
"eddyflux","v08","25","2024-06-27",5.30209606485274,46037.5925653999
"eddyflux","v08","25","2024-07-16",12.7698801237435,36236.4127746706
"eddyflux","v08","25","2024-08-19",14.1485301004232,52799.121470969
"eddyflux","v08","25","2024-09-06",10.5163718666124,34651.4453004883
"eddyflux","v08","25","2024-10-07",-22.3336252137304,1257.32609036788
"eddyflux","v08","25","2024-10-28",10.5163718666117,7526.71757881837
"eddyflux","v08","28","2022-05-16",9.59745513413577,7905.28360644076
"eddyflux","v08","28","2022-06-01",8.20318714517282,23506.482740965
"eddyflux","v08","28","2022-06-16",-6.88019358001861,22188.6242955596
"eddyflux","v08","28","2022-06-28",4.7067785930939,18840.562311213
"eddyflux","v08","28","2022-07-14",-7.33927404393409,25545.424980944
"eddyflux","v08","28","2022-08-03",9.59257758752577,18563.2915245498
"eddyflux","v08","28","2022-09-19",-9.81569007038979,20362.3268821677
"eddyflux","v08","28","2022-10-03",1.11575030394058,5847.84424006495
"eddyflux","v08","28","2022-10-21",2.54624764181417,2332.57491205394
"eddyflux","v08","28","2023-05-08",-9.17466449002309,1092.86444660552
"eddyflux","v08","28","2023-05-24",-12.8004867686569,-149.363659769635
"eddyflux","v08","28","2023-06-09",23.6885665938026,6373.19791646958
"eddyflux","v08","28","2023-06-19",2.02738149212952,7429.82163397585
"eddyflux","v08","28","2023-07-05",-13.2029526643556,402.120385716332
"eddyflux","v08","28","2023-07-17",12.1184847248898,5932.73070872346
"eddyflux","v08","28","2023-08-04",-1.18449579345235,12750.9813930667
"eddyflux","v08","28","2023-08-15",-14.8599724153394,1822.19571246916
"eddyflux","v08","28","2023-09-12",-7.36688530221545,2440.00402403614
"eddyflux","v08","28","2023-10-09",-6.95376995848935,2035.89450531743
"eddyflux","i10","28","2023-10-23",-6.35005734496006,-1335.70171738815
"eddyflux","v08","28","2024-05-29",-46.3091052983491,29694.91033979
"eddyflux","v08","28","2024-06-10",54.8353675901935,40510.5667690295
"eddyflux","v08","28","2024-07-16",-13.0511945675293,32041.4158764619
"eddyflux","v08","28","2024-08-19",-23.6699567383124,54912.7922006018
"eddyflux","v08","28","2024-09-06",-0.602552037453394,73070.1866765464
"eddyflux","v08","28","2024-10-07",-27.3114285443299,7366.11483689649
"eddyflux","v08","28","2024-10-28",12.6348557704844,19933.8654110952
"eddyflux","v08","29","2022-05-16",46.3111018552059,17305.0030651791
"eddyflux","v08","29","2022-06-01",5.20863895730241,11960.6991593118
"eddyflux","v08","29","2022-06-16",-3.04316254500816,22757.563380061
"eddyflux","v08","29","2022-06-28",-2.81391073576159,13266.6975399797
"eddyflux","v08","29","2022-07-14",-1.90500543082235,42095.9408504406
"eddyflux","v08","29","2022-08-03",-3.21057461720534,22303.6652999319
"eddyflux","v08","29","2022-09-19",4.89369272118121,3136.29411693479
"eddyflux","v08","29","2022-10-03",0.649212340764816,-10423.2976048558
"eddyflux","v08","29","2022-10-21",-0.895986277691014,1666.75037681299
"eddyflux","v08","29","2023-05-08",-16.6138569630849,6619.29384560697
"eddyflux","v08","29","2023-05-24",33.4359603913353,1640.04843077671
"eddyflux","v08","29","2023-06-19",-0.862806096895828,12404.4968853713
"eddyflux","v08","29","2023-07-05",-17.8691031236954,-2422.01362037047
"eddyflux","v08","29","2023-07-17",19.0433331391124,366.217944982818
"eddyflux","v08","29","2023-08-04",-4.86415588149076,5646.36473270337
"eddyflux","v08","29","2023-08-15",-22.9130395235057,3012.76408895074
"eddyflux","v08","29","2023-08-30",-2.82885622380207,1968.62898135573
"eddyflux","v08","29","2023-09-12",-2.35338929654696,3630.94348610094
"eddyflux","v08","29","2023-10-09",5.37801512307762,7414.23366094169
"eddyflux","i10","29","2023-10-23",10.9903826172685,3838.66987066893
"eddyflux","v08","29","2024-05-29",-74.2929180957138,25551.115700182
"eddyflux","v08","29","2024-06-10",9.33606333568338,33618.2271020153
"eddyflux","v08","29","2024-06-27",11.2675412856559,46061.7087757627
"eddyflux","v08","29","2024-07-16",-18.202209755555,60929.0568384625
"eddyflux","v08","29","2024-08-19",52.1947927821831,54913.1141639238
"eddyflux","v08","29","2024-09-06",-53.0844075085673,21649.5664892376
"eddyflux","v08","29","2024-10-07",13.4973972120212,11117.6753839415
"eddyflux","v08","29","2024-10-28",22.5937767495134,9767.60410059482
"eddyflux","v08","32","2022-05-16",-8.12491448669649,-879.217799526546
"eddyflux","v08","32","2022-06-01",-11.1984875392929,13067.1508214517
"eddyflux","v08","32","2022-06-16",-13.4957643300362,6536.18390101743
"eddyflux","v08","32","2022-07-14",-8.12181513674192,24329.6796187979
"eddyflux","v08","32","2022-08-03",10.294706190535,14512.7549857317
"eddyflux","v08","32","2022-09-19",-2.72998831714554,2370.42888025312
"eddyflux","v08","32","2022-10-03",-1.30913601492593,3329.34640237421
"eddyflux","v08","32","2022-10-21",-0.703725778758973,2056.8930460333
"eddyflux","v08","32","2023-05-08",-2.39218674823643,4380.50802394696
"eddyflux","v08","32","2023-05-24",-16.3445744403813,-138.556170855182
"eddyflux","v08","32","2023-06-09",4.60791295386296,9663.63716662253
"eddyflux","v08","32","2023-06-19",-2.58149819636925,5135.68005479616
"eddyflux","v08","32","2023-07-05",1.00202796750022,4048.19298870097
"eddyflux","v08","32","2023-07-17",3.72876453073539,4008.42187054059
"eddyflux","v08","32","2023-08-04",1.52158127250404,5808.47111851563
"eddyflux","v08","32","2023-08-15",-17.1662026583442,-7888.19937953133
"eddyflux","v08","32","2023-08-30",5.78261370008675,1358.24182257845
"eddyflux","v08","32","2023-10-09",1.11228555954217,1654.52476981902
"eddyflux","i10","32","2023-10-23",8.98112713141712,2205.99781802586
"eddyflux","v08","32","2024-05-29",-41.9157185797941,61776.9010493119
"eddyflux","v08","32","2024-06-10",2.18641197799952,39042.2538248834
"eddyflux","v08","32","2024-06-27",-28.1206933221482,42665.5967863427
"eddyflux","v08","32","2024-07-16",23.5808835007062,47865.4156904724
"eddyflux","v08","32","2024-08-19",47.7819055081289,65735.0950311107
"eddyflux","v08","32","2024-09-06",9.19764009572874,33577.7268215217
"eddyflux","v08","32","2024-10-07",-10.4749738158268,33064.5592886472
"eddyflux","v08","32","2024-10-28",-9.02851046559991,47508.8367826384
"eddyflux","i10","33","2022-05-16",39.8139112420099,66067.0439905164
"eddyflux","i10","33","2022-06-08",6.10601237803191,19326.8565704662
"eddyflux","i10","33","2022-06-16",-3.2098148699616,19041.830310338
"eddyflux","i10","33","2022-06-28",-11.0789311556979,56494.2554852948
"eddyflux","i10","33","2022-07-21",2.16915059579983,27186.6874673589
"eddyflux","i10","33","2022-08-01",-17.5010155052425,24269.3716778936
"eddyflux","i10","33","2022-08-31",-0.69414870137121,4613.19966294456
"eddyflux","i10","33","2022-09-21",-3.07732260417722,6077.753713702
"eddyflux","i10","33","2022-10-07",4.44290267655246,7682.91070598405
"eddyflux","i10","33","2022-10-21",12.6307590226691,2628.01276439406
"eddyflux","i10","33","2023-05-08",-7.21097211751941,6284.79221251686
"eddyflux","i10","33","2023-05-25",17.648658641953,4148.67010468379
"eddyflux","i10","33","2023-06-09",11.6629037114802,3105.73952766382
"eddyflux","i10","33","2023-06-20",37.122904360699,19638.7952089991
"eddyflux","i10","33","2023-07-06",22.7575163663467,4129.41761314429
"eddyflux","i10","33","2023-07-17",2.19020009212008,37505.5173350634
"eddyflux","i10","33","2023-08-15",-4.66696037278174,12009.2064803831
"eddyflux","i10","33","2023-08-30",10.6816158546624,7771.88036129993
"eddyflux","i10","33","2023-09-12",-10.6291903158158,5975.67724089327
"eddyflux","i10","33","2023-10-02",16.0452952137457,8329.48880762865
"eddyflux","i10","33","2023-10-23",-1.50253529415484,1845.97193281879
"eddyflux","i10","33","2024-05-29",-71.997979120038,40468.6995931408
"eddyflux","i10","33","2024-06-10",-35.4272266198415,56184.7069086897
"eddyflux","i10","33","2024-06-27",4.50784524027272,56250.640324171
"eddyflux","i10","33","2024-07-16",12.9770501461117,78405.4922055322
"eddyflux","i10","33","2024-07-29",90.1403302852503,48653.2432714638
"eddyflux","i10","33","2024-09-20",-8.24296617084264,46419.2608148617
"eddyflux","i10","33","2024-10-07",-11.0997850481259,44018.1275636982
"eddyflux","i10","33","2024-10-28",5.02963426039978,27270.325586892
"eddyflux","i10","36","2022-05-16",18.5106524918645,36202.3084885853
"eddyflux","i10","36","2022-06-08",1.60120544679528,12886.8464693018
"eddyflux","i10","36","2022-06-16",41.784801777973,50843.6751261456
"eddyflux","i10","36","2022-06-28",11.5618244747566,43656.8179124853
"eddyflux","i10","36","2022-07-21",-10.4347840309064,13192.6503438625
"eddyflux","i10","36","2022-08-01",-10.5155682622846,11467.0577258562
"eddyflux","i10","36","2022-08-31",22.9958266287605,19737.463832602
"eddyflux","i10","36","2022-09-21",10.4410471770475,2860.86017015224
"eddyflux","i10","36","2022-10-07",3.47589237356935,4254.49226524886
"eddyflux","i10","36","2022-10-21",0.754471400611595,2921.86196964147
"eddyflux","i10","36","2023-05-08",13.7831117475394,8136.69688671158
"eddyflux","i10","36","2023-05-25",-11.6911284515527,3549.73014794881
"eddyflux","i10","36","2023-06-09",13.762825573961,3011.46975430234
"eddyflux","i10","36","2023-06-20",16.2580451624672,2900.81303728661
"eddyflux","i10","36","2023-07-06",12.579950778361,-6383.82106512749
"eddyflux","i10","36","2023-07-17",3.86300271941495,-2617.69263223523
"eddyflux","i10","36","2023-08-15",-6.41710362751724,11054.6187232795
"eddyflux","i10","36","2023-08-30",6.01642046513323,13649.6503417645
"eddyflux","i10","36","2023-09-12",15.7192749638713,17169.7534967922
"eddyflux","i10","36","2023-10-02",3.56463187252104,12476.367144199
"eddyflux","i10","36","2024-05-29",-20.2233754880883,20424.8965389879
"eddyflux","i10","36","2024-06-10",-3.33419885530244,49947.6787089803
"eddyflux","i10","36","2024-06-27",143.256747947402,13836.8553071565
"eddyflux","i10","36","2024-07-16",0.689380870994065,63706.2555147474
"eddyflux","i10","36","2024-07-29",31.0571135250451,43582.4358367346
"eddyflux","i10","36","2024-10-07",-14.1900477974574,22622.3192582252
"eddyflux","i10","36","2024-10-28",-36.796821526936,18701.9455242214
"eddyflux","i10","37","2022-05-16",0.211086266392316,38069.1651724206
"eddyflux","i10","37","2022-06-08",-0.199109099283676,37087.3882265677
"eddyflux","i10","37","2022-06-16",5.85948711972688,30475.9915306704
"eddyflux","i10","37","2022-06-28",-10.0560786567936,50035.7629081595
"eddyflux","i10","37","2022-07-21",-4.57464773424253,9995.57321904127
"eddyflux","i10","37","2022-08-01",-0.611217438989017,16113.0735746546
"eddyflux","i10","37","2022-08-31",16.277649767884,17221.8578810791
"eddyflux","i10","37","2022-09-21",-11.8782931992661,4208.14063270723
"eddyflux","i10","37","2022-10-07",5.15678736749464,3236.84693014964
"eddyflux","i10","37","2022-10-21",11.8837786503608,4848.58168934721
"eddyflux","i10","37","2023-05-08",-2.71238400750735,5067.52719451361
"eddyflux","i10","37","2023-05-25",20.6409766257384,10147.9270934898
"eddyflux","i10","37","2023-06-09",-32.2275433881832,-5184.90749068394
"eddyflux","i10","37","2023-06-20",-1.40624169644993e-13,7213.75773147622
"eddyflux","i10","37","2023-07-06",5.77711866880498,1905.9527380488
"eddyflux","i10","37","2023-07-17",-6.49034821383781,1217.76498491196
"eddyflux","i10","37","2023-08-15",9.68907675594409,9646.82787474088
"eddyflux","i10","37","2023-08-30",3.14505268624188,6984.63784069536
"eddyflux","i10","37","2023-09-12",-4.56489759136334,6922.29246690312
"eddyflux","i10","37","2023-10-02",32.7681130270527,13883.4095177156
"eddyflux","i10","37","2023-10-23",-10.0884512607538,7491.21168085767
"eddyflux","i10","37","2024-05-29",20.8722226978151,21018.5874949261
"eddyflux","i10","37","2024-06-10",14.7913585711767,20185.2096701146
"eddyflux","i10","37","2024-06-27",0.677644346146914,38818.1858069773
"eddyflux","i10","37","2024-07-16",49.8966006424874,49604.9292082471
"eddyflux","i10","37","2024-07-29",-6.2882356001889,41301.7651201984
"eddyflux","i10","37","2024-09-20",19.9910059333907,50793.8343865253
"eddyflux","i10","37","2024-10-07",35.9467865023625,-7795.19273822509
"eddyflux","i10","37","2024-10-28",-25.9307385944865,24003.2648899836
"eddyflux","v08","4","2022-05-16",41.4839578545101,17849.4581944044
"eddyflux","v08","4","2022-06-01",-0.355544362671617,19093.3846504405
"eddyflux","v08","4","2022-06-16",16.7373939975449,22234.9332908097
"eddyflux","v08","4","2022-07-14",2.21360796814248,14622.8338130827
"eddyflux","v08","4","2022-08-03",9.87650981641723,14111.9159122427
"eddyflux","v08","4","2022-09-19",0.982828964450482,4134.43384378876
"eddyflux","v08","4","2022-10-21",9.68251596293609,1701.16426293233
"eddyflux","v08","4","2023-05-08",-6.36690610717662,3196.85706644537
"eddyflux","v08","4","2023-06-09",29.6593833790899,8196.89304328014
"eddyflux","v08","4","2023-06-19",15.0908337117528,13599.8651048202
"eddyflux","v08","4","2023-07-05",36.3856391250978,18867.6077790507
"eddyflux","v08","4","2023-07-17",2.79657339805147,5093.75868930789
"eddyflux","v08","4","2023-08-04",6.4900182448774,8274.77326221871
"eddyflux","v08","4","2023-08-15",-0.250684186047307,5011.81912782502
"eddyflux","v08","4","2023-08-30",-9.83257569210003,16080.9725492523
"eddyflux","v08","4","2023-09-12",17.492236778664,2600.37849429947
"eddyflux","i10","4","2023-10-23",2.3846479954882,5224.54697193328
"eddyflux","v08","4","2024-05-29",60.1022867717546,29598.5559998244
"eddyflux","v08","4","2024-06-10",14.9209280364341,40656.0601846162
"eddyflux","v08","4","2024-06-27",-34.9009472704715,49384.8403877165
"eddyflux","v08","4","2024-07-16",30.0467767617496,67740.4582093655
"eddyflux","v08","4","2024-08-19",35.0240099126769,50620.7840416403
"eddyflux","v08","4","2024-10-07",3.95733696410452,4513.16521291526
"eddyflux","v08","4","2024-10-28",63.5695825283579,37765.6111567258
"eddyflux","i10","40","2022-05-16",10.4707152428645,60869.3906653774
"eddyflux","i10","40","2022-06-08",9.81444428445286,19430.4858861167
"eddyflux","i10","40","2022-06-16",6.24879427803201,8879.68301767098
"eddyflux","i10","40","2022-06-28",-17.0974665009938,37096.3729605667
"eddyflux","i10","40","2022-07-21",-8.67489327626678,10415.9658396912
"eddyflux","i10","40","2022-08-01",1.2143018288321,13418.6384835273
"eddyflux","i10","40","2022-08-31",0.74451631038417,10078.0435105648
"eddyflux","i10","40","2022-09-21",1.38787766217272,4675.81027227435
"eddyflux","i10","40","2022-10-07",4.7041126194751,3026.37636132794
"eddyflux","i10","40","2022-10-21",11.3943946575506,4646.66529789701
"eddyflux","i10","40","2023-05-08",8.78923067959021,7257.77381875275
"eddyflux","i10","40","2023-05-25",-7.44516310384241,5299.60246391688
"eddyflux","i10","40","2023-06-09",1.58842682220406,4003.87392922927
"eddyflux","i10","40","2023-06-20",-10.5734995637636,4919.4429317707
"eddyflux","i10","40","2023-07-06",2.37675573007207,-1385.30905409926
"eddyflux","i10","40","2023-07-17",3.41603111445726,17354.334209518
"eddyflux","i10","40","2023-08-15",14.2437075980551,11948.8880405908
"eddyflux","i10","40","2023-08-30",4.71534882184691,4995.24496676403
"eddyflux","i10","40","2023-09-12",1.30754875378975,4603.94798044909
"eddyflux","i10","40","2023-10-02",1.02515221641906,10476.6751209972
"eddyflux","i10","40","2023-10-23",0.623623130046606,3891.94478149575
"eddyflux","i10","40","2024-05-29",56.9041178687759,20788.3116166051
"eddyflux","i10","40","2024-06-10",23.1530730352431,25677.0021468878
"eddyflux","i10","40","2024-06-27",-15.064380939525,61180.5652821585
"eddyflux","i10","40","2024-07-16",12.1241395130387,69395.4303037455
"eddyflux","i10","40","2024-07-29",25.8621151496008,55935.9739332336
"eddyflux","i10","40","2024-09-20",-77.3781094411671,29242.0004039366
"eddyflux","i10","40","2024-10-07",-39.8975750259921,21104.1083932682
"eddyflux","i10","40","2024-10-28",-21.7091502083535,7084.41916726845
"eddyflux","i10","45","2022-05-16",7.79045446600047,20481.5708866816
"eddyflux","i10","45","2022-06-08",16.1638211739077,1375.06309704788
"eddyflux","i10","45","2022-06-16",3.86193469254723,15354.5196569207
"eddyflux","i10","45","2022-06-28",-5.39817550426523,29564.1338006529
"eddyflux","i10","45","2022-07-21",-3.61525099299985,9964.94637343226
"eddyflux","i10","45","2022-08-01",-9.00127945503181,9202.14517513018
"eddyflux","i10","45","2022-08-31",10.1227027803996,9609.99445775591
"eddyflux","i10","45","2022-09-21",-1.56705439703526,4946.44127064137
"eddyflux","i10","45","2022-10-07",-4.84616331525564,-711.736512235064
"eddyflux","i10","45","2022-10-21",-6.11165759161419,1636.5660884211
"eddyflux","i10","45","2023-05-08",8.41620863052956,20410.1945318983
"eddyflux","i10","45","2023-05-25",-11.1197085113,4334.68876697969
"eddyflux","i10","45","2023-06-09",15.2016165259236,5023.68740519458
"eddyflux","i10","45","2023-06-20",7.09656672139813,8541.92251236182
"eddyflux","i10","45","2023-07-06",-1.87268507701896,5550.76018388032
"eddyflux","i10","45","2023-07-17",6.24610704364822,3371.92105007852
"eddyflux","i10","45","2023-08-15",5.42436625925019,6856.9788575902
"eddyflux","i10","45","2023-08-30",-2.6765530873977,4958.54357708276
"eddyflux","i10","45","2023-09-12",-1.09012479793755,4435.44527160809
"eddyflux","i10","45","2023-10-02",14.8914465424449,8719.33383077363
"eddyflux","i10","45","2023-10-23",7.47962526412565,4904.55727919677
"eddyflux","i10","45","2024-05-29",-0.488968248585839,22801.823818612
"eddyflux","i10","45","2024-06-10",64.5112654074643,49352.7697139363
"eddyflux","i10","45","2024-06-27",-12.4161063138729,69533.9839254294
"eddyflux","i10","45","2024-07-16",12.3597892354033,62794.7850231044
"eddyflux","i10","45","2024-07-29",-14.6642635590224,57678.2146435211
"eddyflux","i10","45","2024-09-20",9.76520244756833,8172.72327919594
"eddyflux","i10","45","2024-10-07",-8.05411455166881,-5971.96215156287
"eddyflux","i10","45","2024-10-28",41.2153124650233,12154.7366302404
"eddyflux","i10","46","2022-05-16",5.76395327115907,40579.9452158063
"eddyflux","i10","46","2022-06-08",6.26914234703366,22188.4223065259
"eddyflux","i10","46","2022-06-16",1.88565306121584,11120.1945181935
"eddyflux","i10","46","2022-06-28",2.52415900255444,23609.0460894389
"eddyflux","i10","46","2022-07-21",-1.40742135000753,11400.1129350604
"eddyflux","i10","46","2022-08-01",4.93573355760274,9941.33268167857
"eddyflux","i10","46","2022-08-31",4.84125798146793,12452.7913634426
"eddyflux","i10","46","2022-09-21",7.35078550481466,861.35895388428
"eddyflux","i10","46","2022-10-07",11.3314091378361,3072.68885823525
"eddyflux","i10","46","2023-05-08",8.38972019415436,15367.8366731018
"eddyflux","i10","46","2023-05-25",9.71435063649489,9963.95547923814
"eddyflux","i10","46","2023-06-09",-11.2290289292383,927.907779781329
"eddyflux","i10","46","2023-06-20",7.08099763700169,3433.61583530087
"eddyflux","i10","46","2023-07-06",2.16408536912837,7606.64613577729
"eddyflux","i10","46","2023-07-17",4.63409405907444,4241.59027509089
"eddyflux","i10","46","2023-08-15",-6.66025216390563,5783.20905717328
"eddyflux","i10","46","2023-08-30",-3.29715453658694,3204.83420956245
"eddyflux","i10","46","2023-10-02",2.92617309682501,15081.957847014
"eddyflux","i10","46","2023-10-23",30.3149637700072,5014.82392281084
"eddyflux","i10","46","2024-05-29",7.4038899140268,16296.8347096912
"eddyflux","i10","46","2024-06-10",69.59847089423,37116.4901074761
"eddyflux","i10","46","2024-06-27",-44.5128621989507,47202.347410508
"eddyflux","i10","46","2024-07-16",-0.261696031813052,44584.3880650894
"eddyflux","i10","46","2024-07-29",-39.4834718580384,50448.9385853194
"eddyflux","i10","46","2024-09-20",-16.77600739755,18348.9393879794
"eddyflux","i10","46","2024-10-07",-11.4349698499441,17681.1582842233
"eddyflux","i10","46","2024-10-28",-10.5947539078797,21310.6062327344
"eddyflux","v08","5","2022-05-16",3.27096849335133,8686.09952350757
"eddyflux","v08","5","2022-06-01",5.87963177114593,20570.4961839599
"eddyflux","v08","5","2022-06-16",11.1141588600298,15030.5767440402
"eddyflux","v08","5","2022-06-28",-1.39340014360796,30161.516054211
"eddyflux","v08","5","2022-07-14",8.28165780339972,40883.5027358961
"eddyflux","v08","5","2022-08-03",0.134921536617913,27112.482783384
"eddyflux","v08","5","2022-09-19",-4.9164980156527,8995.48799227393
"eddyflux","v08","5","2022-10-03",-9.84239910675183,8798.46674805933
"eddyflux","v08","5","2022-10-21",3.77619933518748,2390.78767447028
"eddyflux","v08","5","2023-05-08",4.59131236997742,1034.53854273972
"eddyflux","v08","5","2023-05-24",-4.07443839440948,2831.7346841145
"eddyflux","v08","5","2023-06-09",-0.325530583550387,8164.30703544333
"eddyflux","v08","5","2023-06-19",-6.85863796392259,7388.3149551956
"eddyflux","v08","5","2023-07-05",11.1677446557635,6666.8051429861
"eddyflux","v08","5","2023-07-17",-13.3392904744446,4124.85859267126
"eddyflux","v08","5","2023-08-04",3.48188425938512,5423.54732197843
"eddyflux","v08","5","2023-08-15",2.47335156954946,1124.76720841562
"eddyflux","v08","5","2023-09-12",-11.0537615935645,-3142.95641245224
"eddyflux","v08","5","2023-10-09",8.85878113380882,3745.79958177573
"eddyflux","i10","5","2023-10-23",-18.4100684859981,573.573193140636
"eddyflux","v08","5","2024-05-29",11.0751697389161,24850.680680841
"eddyflux","v08","5","2024-06-10",12.0980174361925,42858.509890774
"eddyflux","v08","5","2024-06-27",-88.1048020218176,53531.8080744878
"eddyflux","v08","5","2024-07-16",27.9680246171161,43044.9225237856
"eddyflux","v08","5","2024-08-19",-29.9344694784069,72240.0197479374
"eddyflux","v08","5","2024-09-06",15.7746965766378,40472.1410056145
"eddyflux","v08","5","2024-10-07",29.1857795873554,6038.19090571235
"eddyflux","v08","5","2024-10-28",12.9545316458499,6672.60134981739
"eddyflux","i02","504","2023-04-13",10.4498477810772,10111.4565893065
"eddyflux","i02","506","2023-04-13",180.148624936777,23464.2444623109
"eddyflux","i02","509","2023-04-13",25.7704981827531,9472.30640707302
"eddyflux","i10","51","2022-05-16",22.0396617798819,33166.0287992724
"eddyflux","i10","51","2022-06-08",32.0848886791292,16225.3267915564
"eddyflux","i10","51","2022-06-28",-9.04704280855545,7123.20747487336
"eddyflux","i10","51","2022-07-21",3.06741569713487,7758.87382710192
"eddyflux","i10","51","2022-08-01",14.2547775038523,6642.36335792567
"eddyflux","i10","51","2022-08-31",8.11183088848912,6444.98047688672
"eddyflux","i10","51","2022-09-21",-1.22434151677525,5784.64205264158
"eddyflux","i10","51","2022-10-07",5.13268197823809,2791.22712105951
"eddyflux","i10","51","2022-10-21",-6.64306929843016,724.194365922346
"eddyflux","i10","51","2023-05-08",0.931588065478463,26167.4155736827
"eddyflux","i10","51","2023-05-25",-2.8464137863573,-152.941336100761
"eddyflux","i10","51","2023-06-09",-8.51154816433097,1514.6534528651
"eddyflux","i10","51","2023-06-20",-15.2173240215131,2152.60423639459
"eddyflux","i10","51","2023-07-06",4.23321811862873,6326.88751126905
"eddyflux","i10","51","2023-07-17",11.6032521491467,3690.1040265018
"eddyflux","i10","51","2023-08-15",0.395658544390321,7431.78632546674
"eddyflux","i10","51","2023-08-30",-1.97829272195222,1780.4634497568
"eddyflux","i10","51","2023-09-12",9.60236328051202,5881.44750931377
"eddyflux","i10","51","2023-10-02",3.99802249132526,9946.59642121159
"eddyflux","i10","51","2023-10-23",-45.1421438533346,-481.356442517586
"eddyflux","i10","51","2024-05-29",12.9656907903912,21453.9185622272
"eddyflux","i10","51","2024-06-10",23.0074598141267,42309.3950780353
"eddyflux","i10","51","2024-06-27",14.3523640062117,43227.8218816204
"eddyflux","i10","51","2024-07-16",28.1408395965391,47376.4701608569
"eddyflux","i10","51","2024-07-29",-7.34311187956815,57942.1061865581
"eddyflux","i10","51","2024-09-20",17.5948823703218,5325.04377303821
"eddyflux","i10","51","2024-10-07",-18.1873349094833,3934.30917878233
"eddyflux","i10","51","2024-10-28",3.81878913265307,2731.43010765189
"eddyflux","i10","52","2022-05-16",11.1782689913506,46590.8479974539
"eddyflux","i10","52","2022-06-08",7.74014829562018,22143.573261405
"eddyflux","i10","52","2022-06-16",0.530057565760169,11214.5339910001
"eddyflux","i10","52","2022-06-28",-12.4502451488916,17089.3732599923
"eddyflux","i10","52","2022-07-21",7.69561044574505,12886.5442871363
"eddyflux","i10","52","2022-08-01",6.41085149217425,6294.97554817094
"eddyflux","i10","52","2022-08-31",2.41237126994087,13018.0031631015
"eddyflux","i10","52","2022-09-21",-5.90012446904731,2200.65214774529
"eddyflux","i10","52","2022-10-07",-1.94649972919897,-267.643712764927
"eddyflux","i10","52","2022-10-21",-4.91965492181919,1556.99175862952
"eddyflux","i10","52","2023-05-08",1.14736996135,11347.859037094
"eddyflux","i10","52","2023-05-25",11.4808081529546,8176.59826484772
"eddyflux","i10","52","2023-06-09",-6.67095974740106,7615.85923411957
"eddyflux","i10","52","2023-06-20",-6.40070947877022,5434.07172075175
"eddyflux","i10","52","2023-07-06",10.2206852685025,1342.71747645023
"eddyflux","i10","52","2023-07-17",-3.79534961164131,23491.2165436324
"eddyflux","i10","52","2023-08-15",0.854513871072677,14388.6989521394
"eddyflux","i10","52","2023-08-30",-0.939437774349839,1638.17504123011
"eddyflux","i10","52","2023-09-12",-4.58828275940206,3091.31544042873
"eddyflux","i10","52","2023-10-02",1.06494773732173,14753.7326028733
"eddyflux","i10","52","2023-10-23",7.96817042931855,-107.677978774728
"eddyflux","i10","52","2024-05-29",-13.0559697019526,32594.9559233813
"eddyflux","i10","52","2024-06-10",25.5404244265765,37026.8367875859
"eddyflux","i10","52","2024-06-27",-10.3033736516689,58510.3488132706
"eddyflux","i10","52","2024-07-16",-29.582955489424,35693.56413521
"eddyflux","i10","52","2024-07-29",-43.0396135457282,51987.7471694429
"eddyflux","i10","52","2024-09-20",-33.4641375157312,29358.7483510188
"eddyflux","i10","52","2024-10-07",27.2571968048935,24605.6386529055
"eddyflux","i10","52","2024-10-28",19.3846778295762,87917.3236236422
"eddyflux","i10","57","2022-05-16",51.4036824594224,50444.8572943762
"eddyflux","i10","57","2022-06-08",1.81005559908593,16857.8087915354
"eddyflux","i10","57","2022-06-16",-0.438161652468378,13188.4614834886
"eddyflux","i10","57","2022-06-28",0.818989226767421,35111.9236739891
"eddyflux","i10","57","2022-07-21",15.39029138523,16381.4987201771
"eddyflux","i10","57","2022-08-01",14.3529511509878,11898.5211323325
"eddyflux","i10","57","2022-08-31",10.1156296173633,7637.72226141272
"eddyflux","i10","57","2022-09-21",-4.89650263815347,2322.81605785006
"eddyflux","i10","57","2022-10-07",-8.13358815415235,13.90356949423
"eddyflux","i10","57","2022-10-21",7.85468343053667,568.224588669432
"eddyflux","i10","57","2023-05-08",-4.57560438149063,2522.51324832431
"eddyflux","i10","57","2023-05-25",9.61527626874899,1835.64365130656
"eddyflux","i10","57","2023-06-09",1.39828669902572,2237.2587184413
"eddyflux","i10","57","2023-06-20",7.14481641001923,7118.35412701916
"eddyflux","i10","57","2023-07-06",-9.3463174920008,1243.93434246043
"eddyflux","i10","57","2023-07-17",1.74823204886346,-174.823204886492
"eddyflux","i10","57","2023-08-15",11.0784392429318,11032.2790794196
"eddyflux","i10","57","2023-08-30",-10.455660556262,2574.57476110831
"eddyflux","i10","57","2023-09-12",2.17753133626027,5161.19670488282
"eddyflux","i10","57","2023-10-02",-7.52411414237666,9335.22834301936
"eddyflux","i10","57","2023-10-23",23.7675573007216,-1382.83969749675
"eddyflux","i10","57","2024-05-29",35.9128584218045,28848.1919868187
"eddyflux","i10","57","2024-06-10",-11.2863056606679,27089.2600151783
"eddyflux","i10","57","2024-06-27",39.5809612115001,63782.621531711
"eddyflux","i10","57","2024-07-16",36.5539385218026,56206.7893405372
"eddyflux","i10","57","2024-07-29",-14.6274405696408,65874.5299736263
"eddyflux","i10","57","2024-09-20",-6.69039020252648,15664.2873561436
"eddyflux","i10","57","2024-10-07",-45.3172373491447,7978.42171366254
"eddyflux","i10","57","2024-10-28",-11.9180155598203,12083.6618056839
"eddyflux","i10","60","2022-05-16",6.32558268606881,56544.0507053647
"eddyflux","i10","60","2022-06-08",5.87583379778437,12837.4335762838
"eddyflux","i10","60","2022-06-16",-2.17052555721725,9932.5000930985
"eddyflux","i10","60","2022-06-28",-4.1231225503931,22415.6346766524
"eddyflux","i10","60","2022-07-21",7.53734781493292,11969.6430372753
"eddyflux","i10","60","2022-08-01",-6.22133222521037,17290.4834932397
"eddyflux","i10","60","2022-08-31",4.07232923592548,7578.79875172903
"eddyflux","i10","60","2022-10-21",-6.85303445547718,-780.530392592453
"eddyflux","i10","60","2023-05-08",-11.2828489594069,497.772748209109
"eddyflux","i10","60","2023-05-25",-5.96572502810523,5742.28019910294
"eddyflux","i10","60","2023-06-20",-6.85547281385776,2127.02278325196
"eddyflux","i10","60","2023-07-06",-6.41297899200163,-1583.20418865045
"eddyflux","i10","60","2023-07-17",8.32313511324837,772.386938509445
"eddyflux","i10","60","2023-08-15",3.66627126613358,9998.78241294332
"eddyflux","i10","60","2023-08-30",6.44171995116337,2530.67569509985
"eddyflux","i10","60","2023-09-12",9.56268758983692,4864.49577421136
"eddyflux","i10","60","2023-10-02",-5.98159709750893,-1971.95508709094
"eddyflux","i10","60","2023-10-23",-7.96817042931889,1055.24419199077
"eddyflux","i10","60","2024-05-29",28.4758288966127,21810.9013489124
"eddyflux","i10","60","2024-06-10",-19.6730526695349,37095.6012530435
"eddyflux","i10","60","2024-06-27",2.53119407400476,56294.3575960904
"eddyflux","i10","60","2024-07-16",13.433046561116,99915.0228784854
"eddyflux","i10","60","2024-07-29",-9.01403302852542,78782.6486693086
"eddyflux","i10","60","2024-09-20",30.0467767617494,41291.782964835
"eddyflux","i10","60","2024-10-07",5.53271133009989,32879.5858757901
"eddyflux","i10","60","2024-10-28",3.6904094420728,28801.7298236312
"eddyflux","i02","603","2023-04-13",-8.62078939206512,19956.3411685747
"eddyflux","i02","606","2023-04-13",22.413873917901,3369.80440296329
"eddyflux","i02","607","2023-04-13",273.684069386482,17172.5882759457
"eddyflux","i10","61","2022-05-16",27.3770153220907,48036.4990566958
"eddyflux","i10","61","2022-06-08",-10.9635402416524,25644.6456662884
"eddyflux","i10","61","2022-06-16",-4.95948475716916,16205.4515443715
"eddyflux","i10","61","2022-06-28",11.4041615183395,29763.4062206816
"eddyflux","i10","61","2022-07-21",-0.291524278831686,11721.8673359547
"eddyflux","i10","61","2022-08-01",-10.6829012729151,14257.1386079283
"eddyflux","i10","61","2022-08-31",11.0222214226179,9237.96718882815
"eddyflux","i10","61","2022-09-21",2.31301757209292,4980.65288828767
"eddyflux","i10","61","2022-10-07",-2.02668194130828,2527.99530965078
"eddyflux","i10","61","2022-10-21",11.9232399774416,1144.63103783444
"eddyflux","i10","61","2023-05-08",5.64900711944036,11310.0680742779
"eddyflux","i10","61","2023-05-25",5.58920779409648,5225.4790255208
"eddyflux","i10","61","2023-06-09",4.11492138519538,192.47212930748
"eddyflux","i10","61","2023-06-20",-12.4632441482984,3145.48542790388
"eddyflux","i10","61","2023-07-06",-15.8837552357985,2607.08050072796
"eddyflux","i10","61","2023-07-17",11.4597607544222,16554.5588113984
"eddyflux","i10","61","2023-08-15",8.83637415805278,13867.8319808843
"eddyflux","i10","61","2023-08-30",6.26459361951504,3956.58544390417
"eddyflux","i10","61","2023-09-12",6.69925997919582,6268.59326624763
"eddyflux","i10","61","2023-10-02",-7.56614577277876,11787.258677592
"eddyflux","i10","61","2023-10-23",-10.8034351366917,2268.72137870521
"eddyflux","i10","61","2024-05-29",-6.32382961374146,10544.3811180533
"eddyflux","i10","61","2024-06-10",13.3897502293917,29644.5805615385
"eddyflux","i10","61","2024-06-27",-26.290929666532,55458.8382080002
"eddyflux","i10","61","2024-07-16",-47.0665928061659,68838.4742248973
"eddyflux","i10","61","2024-07-29",5.95263662983355,44312.5519718088
"eddyflux","i10","61","2024-09-20",24.7885908284435,39203.5319798933
"eddyflux","i10","61","2024-10-07",-13.8451652806448,21544.8890949921
"eddyflux","i10","61","2024-10-28",-10.4971053748581,54902.0099434071
"eddyflux","i10","64","2022-05-16",30.5846859250205,16900.2723588791
"eddyflux","i10","64","2022-06-08",-4.83759268476271,21001.7732396502
"eddyflux","i10","64","2022-06-16",-2.00405593500057,13787.9048328034
"eddyflux","i10","64","2022-06-28",-19.3267033327299,34875.7804718181
"eddyflux","i10","64","2022-07-21",7.21665971228189,9334.21914302706
"eddyflux","i10","64","2022-08-01",-11.6059839687858,6805.32696351521
"eddyflux","i10","64","2022-08-31",3.8370310350103,7118.35412701904
"eddyflux","i10","64","2022-09-21",11.3781775784728,10499.2644601357
"eddyflux","i10","64","2022-10-07",-3.99548045333479,5283.38532286709
"eddyflux","i10","64","2022-10-21",3.10902136644702,3057.49668230639
"eddyflux","i10","64","2023-05-08",16.1942067417368,5143.65173149417
"eddyflux","i10","64","2023-05-25",14.5628064610036,6279.37526300149
"eddyflux","i10","64","2023-06-09",2.07720735804978,3508.17242692843
"eddyflux","i10","64","2023-06-20",-5.99752568646031,6365.21730448015
"eddyflux","i10","64","2023-07-06",5.43555078889181,10088.1687545675
"eddyflux","i10","64","2023-07-17",-13.7611840870034,1917.21351115039
"eddyflux","i10","64","2023-08-15",10.1552359726874,6000.82125658806
"eddyflux","i10","64","2023-08-30",4.54090341866656,5463.92203676892
"eddyflux","i10","64","2023-09-12",8.55263082971984,3876.55557533289
"eddyflux","i10","64","2023-10-02",2.75306822614829,-1289.60681038123
"eddyflux","i10","64","2023-10-23",12.4332982814545,7469.80211649904
"eddyflux","i10","64","2024-05-29",-17.2201255048744,20770.9354932506
"eddyflux","i10","64","2024-06-10",-2.41494620656837,27957.9070543851
"eddyflux","i10","64","2024-06-27",3.87090410161025,64263.6459485655
"eddyflux","i10","64","2024-07-16",-24.7113668471643,68756.2292059973
"eddyflux","i10","64","2024-07-29",-111.267956845706,49011.5648974456
"eddyflux","i10","64","2024-09-20",-38.3874847685917,23591.9732185282
"eddyflux","i10","64","2024-10-07",-31.7840049901232,18687.7610527105
"eddyflux","i10","64","2024-10-28",27.0069004747927,22759.9583042091
"eddyflux","i02","706","2023-04-13",13.1747370371012,9137.94568878742
"eddyflux","i02","707","2023-04-13",12.7204357599598,4023.81131182399
"eddyflux","i02","708","2023-04-13",-3.37480948733633,1778.26499909642
"eddyflux","v08","8","2022-05-16",-28.8584054640072,2892.52073285072
"eddyflux","v08","8","2022-06-01",-10.4248548083121,14381.9417493434
"eddyflux","v08","8","2022-06-16",4.56474381751219,26144.7356040701
"eddyflux","v08","8","2022-06-28",14.499963239229,36874.4167519466
"eddyflux","v08","8","2022-07-14",5.29038232428959,34629.1445473871
"eddyflux","v08","8","2022-08-03",-1.35617131998624,17684.1445492951
"eddyflux","v08","8","2022-09-19",-1.24491668830409,8059.19750849472
"eddyflux","v08","8","2022-10-03",-2.00765435923928,7048.14828243558
"eddyflux","v08","8","2022-10-21",3.69576241865274,2261.01458006622
"eddyflux","v08","8","2023-05-08",3.08292295715911,2526.65642358485
"eddyflux","v08","8","2023-06-09",4.87122680885596,8676.22981184807
"eddyflux","v08","8","2023-06-19",13.2903087059563,10957.8855306584
"eddyflux","v08","8","2023-07-05",19.8996753346603,8901.03163706184
"eddyflux","v08","8","2023-07-17",0.97644706044846,1196.44598892584
"eddyflux","v08","8","2023-08-04",0.238723862810147,8639.81850362432
"eddyflux","v08","8","2023-08-15",6.32093190098424,1754.24306551634
"eddyflux","v08","8","2023-08-30",11.0124961522001,3857.67080780656
"eddyflux","v08","8","2023-09-12",-9.18174880719144,2580.27247501357
"eddyflux","v08","8","2023-10-09",-7.27472642756684,339.487233286381
"eddyflux","i10","8","2023-10-23",-2.54242557779246,1236.89462994358
"eddyflux","v08","8","2024-05-29",-52.4284944674437,23450.8436437056
"eddyflux","v08","8","2024-06-10",-73.4753573602274,36085.8811912034
"eddyflux","v08","8","2024-06-27",-110.201940646046,36154.0085915895
"eddyflux","v08","8","2024-07-16",9.13736425975991,37078.3605575691
"eddyflux","v08","8","2024-08-19",-1.69210449254873,52873.6725370803
"eddyflux","v08","8","2024-10-07",19.493970506746,11665.355717654
"eddyflux","v08","8","2024-10-28",-32.8510000767574,9281.43487084013
"eddyflux","i02","805","2023-04-13",204.889875990781,29951.4342001094
"eddyflux","i02","809","2023-04-13",15.3813432403596,6483.52822663254
"eddyflux","i10","36","2024-09-20",-5.29386976954414,20668.814647263
"fert","i02","101","2022-06-07",-7.94241701883536,3763.25452385106
"fert","i02","103","2022-06-07",-1.52650309450801,4745.43353292691
"fert","i02","104","2022-06-07",-13.8845690241553,1804.50943990544
"fert","i02","105","2022-06-07",4.71224868304631,-3099.46497884886
"fert","i02","106","2022-06-07",7.30754192271305,6422.60377852634
"fert","i02","107","2022-06-07",-0.149001298069537,1747.85000952824
"fert","i02","109","2022-06-07",-8.61512901702647,3647.82614962862
"fert","i02","112","2022-06-07",0.926179905002484,6489.87490576742
"fert","i02","201","2022-06-07",0.132311415000276,6880.19358001847
"fert","i02","202","2022-06-07",-12.8096885131786,4398.76656239473
"fert","i02","203","2022-06-07",-2.54480168041872,3707.34903712894
"fert","i02","204","2022-06-07",17.60969169354,6641.06432406218
"fert","i02","206","2022-06-07",-7.79567916087595,4560.57909923786
"fert","i02","207","2022-06-07",-18.3649298294717,4950.26554404806
"fert","i02","208","2022-06-07",-11.1661652404225,4695.53747459964
"fert","i02","210","2022-06-07",2.18313834750579,-3612.10162950979
"fert","i02","301","2022-06-07",9.0332188534415,1039.01588063897
"fert","i02","302","2022-06-07",13.7391131786441,5200.75698859896
"fert","i02","305","2022-06-07",-8.43259051776544,1656.44716466759
"fert","i02","306","2022-06-07",11.2515807667652,7645.01273994013
"fert","i02","307","2022-06-07",-2.00405593500054,3934.62981905084
"fert","i02","308","2022-06-07",-2.05479320809282,7435.07848318584
"fert","i02","310","2022-06-07",0.38948386781734,557.611070758365
"fert","i02","311","2022-06-07",-0.676329955657067,2200.3631508964
"fert","i02","312","2022-06-07",14.0650170667334,-1254.23460637091
"fert","i02","403","2022-06-07",6.42155429753351,3535.81878604929
"fert","i02","404","2022-06-07",-9.26800493959123,1868.87553389182
"fert","i02","405","2022-06-07",13.1659658538446,4180.86589154737
"fert","i02","406","2022-06-07",-8.30164474849065,-557.013583124634
"fert","i02","409","2022-06-07",-19.9978305899485,-1627.01209911057
"fert","i02","410","2022-06-07",4.38876843211734,3647.53637616512
"fert","i02","411","2022-06-07",2.24783950491043,2781.86764764491
"fert","i02","412","2022-06-07",4.18044693275774,7190.67466400398
"ncas","i02","2101","2022-07-01",-7.93013882013838,-1051.56564308523
"ncas","i02","2101","2023-04-14",7.0965667213981,7793.20217019593
"ncas","i02","2101","2023-04-26",-5.06206952107779,-1469.87261029767
"ncas","i02","2101","2023-05-09",8.77319011920418,1770.93955953525
"ncas","i02","2101","2023-05-22",1.29391093685509,5175.64374742042
"ncas","i02","2101","2023-06-05",2.10836169540382,2044.47194705822
"ncas","i02","2101","2023-07-05",10.2567846724633,8050.65999553045
"ncas","i02","2101","2023-07-20",-5.80580066266569,9906.47695948094
"ncas","i02","2101","2023-08-02",6.04327154012507,6576.87955909357
"ncas","i02","2101","2023-08-17",3.1396876315007,3333.41303855077
"ncas","i02","2101","2023-09-27",-1.05247716477559,4841.39495796737
"ncas","i02","2102","2022-07-01",-1.70233957216682,1889.95657431046
"ncas","i02","2102","2023-04-14",-6.90124837126803,-481.785263654594
"ncas","i02","2102","2023-04-26",4.33555639414508,777.647416727532
"ncas","i02","2102","2023-05-22",3.7461323187952,4507.98619486463
"ncas","i02","2102","2023-06-05",23.9503522980381,10959.8042629053
"ncas","i02","2102","2023-07-05",0.361786016125368,8219.63426957789
"ncas","i02","2102","2023-07-20",1.60324474800033,6326.13656815154
"ncas","i02","2102","2023-08-02",18.0864488134885,9203.95645507871
"ncas","i02","2102","2023-08-17",-2.73887644450073,6446.37992425147
"ncas","i02","2102","2023-09-27",9.05130361706955,11156.2579466208
"ncas","i02","2103","2022-07-01",17.2336332050707,2952.12540167163
"ncas","i02","2103","2023-04-14",-0.201851153916073,3082.20595328096
"ncas","i02","2103","2023-04-26",-11.0951519806383,2644.01236520624
"ncas","i02","2103","2023-05-09",17.5495601828215,1492.72121095262
"ncas","i02","2103","2023-05-22",-6.46955468427571,5809.66010647949
"ncas","i02","2103","2023-06-05",-3.57782590735196,1948.63732453984
"ncas","i02","2103","2023-07-05",0.463089952501238,18067.1237182985
"ncas","i02","2103","2023-07-20",10.1538834040024,7521.88994270174
"ncas","i02","2103","2023-08-02",10.4477360187055,12537.2832224466
"ncas","i02","2103","2023-08-17",10.1230299542546,5030.81535822857
"ncas","i02","2103","2023-09-27",-5.11856024442659,4456.43490278904
"ncas","i02","2103","2024-03-13",46.5504495849705,2308.9087892367
"ncas","i02","2103","2024-03-19",26.5259679733156,715.441504027943
"ncas","i02","2103","2024-04-04",31.9797495699277,1352.40481482296
"ncas","i02","2103","2024-04-09",11.8425999595156,7720.44713033598
"ncas","i02","2103","2024-04-15",-34.2463021463627,5365.09329305489
"ncas","i02","2103","2024-04-22",28.2759983258783,3982.00758550998
"ncas","i02","2103","2024-04-25",-48.2767128755611,1368.31385970509
"ncas","i02","2103","2024-05-01",-18.2263826768769,4215.99920779049
"ncas","i02","2103","2024-05-03",59.7897212487969,12335.9657357079
"ncas","i02","2103","2024-05-06",-21.7071008960402,17692.4442093594
"ncas","i02","2103","2024-05-09",-24.2995503118439,10532.6813477255
"ncas","i02","2103","2024-05-22",32.2708499650259,5480.00126372397
"ncas","i02","2103","2024-05-23",35.0971289312834,11232.5436383829
"ncas","i02","2103","2024-05-30",29.2902807192424,9679.79921670953
"ncas","i02","2103","2024-05-31",41.3979954760892,7853.27385995036
"ncas","i02","2103","2024-06-04",-3.11974479389195,14846.207402964
"ncas","i02","2103","2024-06-06",-24.3895429398701,2461.53440805293
"ncas","i02","2103","2024-06-11",6.76928476082571,6200.69318475894
"ncas","i02","2103","2024-06-13",62.0266062538382,13276.4334817209
"ncas","i02","2103","2024-06-25",23.9008451513917,22729.7037389737
"ncas","i02","2103","2024-06-26",8.57942051474268,21364.7845376327
"ncas","i02","2103","2024-07-01",41.3143180474059,4424.38787816765
"ncas","i02","2103","2024-07-03",-9.56033806055732,22658.0012035196
"ncas","i02","2103","2024-07-09",-34.5305864606213,11903.9095585521
"ncas","i02","2103","2024-07-11",-41.7631461276081,19494.7490108939
"ncas","i10","2103","2024-07-17",-34.3177489250064,16232.8280497081
"ncas","i02","2103","2024-07-19",-47.9349029817593,18966.7992569728
"ncas","i02","2103","2024-07-25",-0.894398088918515,12700.4528626402
"ncas","i10","2103","2024-07-30",79.5906843302993,16315.0714406264
"ncas","i02","2103","2024-08-08",-90.5759361939734,10813.5146242359
"ncas","i02","2103","2024-08-14",-15.7745577999191,32427.9838201186
"ncas","i02","2103","2024-08-20",-47.3236733997566,26711.5845411957
"ncas","i02","2103","2024-08-30",27.7932685046187,10583.9771143265
"ncas","i02","2103","2024-09-12",47.2189286600494,36284.5205372647
"ncas","i02","2103","2024-09-24",12.0187107046998,1960.55218370419
"ncas","i02","2103","2024-10-08",-9.89320473519271,7275.50732527701
"ncas","i02","2103","2024-11-04",6.23231201258358,2674.76167316542
"ncas","i02","2104","2022-07-01",11.7098939785388,5460.30415352863
"ncas","i02","2104","2023-04-14",20.5735328803836,5221.51056014794
"ncas","i02","2104","2023-04-26",6.19769730992679,3632.94303934763
"ncas","i02","2104","2023-05-09",0.605157247683424,376.542287447499
"ncas","i02","2104","2023-05-22",-5.30503484110603,3551.78552166721
"ncas","i02","2104","2023-06-05",-17.4419012983409,-2839.89931396066
"ncas","i02","2104","2023-07-05",10.7833803225289,7025.73613651885
"ncas","i02","2104","2023-07-20",-2.00405593500053,5324.10860065125
"ncas","i02","2104","2023-08-02",-0.970433202641365,3894.67191993386
"ncas","i02","2104","2023-08-17",-2.54676244287065,4007.79984430695
"ncas","i02","2104","2023-09-27",17.6816163682293,13492.7572524226
"ncas","i02","2105","2023-04-14",-6.99852108944508,3893.79798973876
"ncas","i02","2105","2023-04-26",2.52037528855134,3930.41394651894
"ncas","i02","2105","2023-05-09",-1.30909855571943,380.828670754688
"ncas","i02","2105","2023-05-22",-10.8688518695831,5583.22569252982
"ncas","i02","2105","2023-06-05",1.0222359735291,2338.36478944786
"ncas","i02","2105","2023-07-04",-1.84640654048874,11355.4002240052
"ncas","i02","2105","2023-07-20",-4.96661989017313,6530.93234134702
"ncas","i02","2105","2023-08-02",1.37865298741225,6141.49901433934
"ncas","i02","2105","2023-08-17",16.6700955699515,6853.95549217395
"ncas","i02","2105","2023-09-27",4.01235003101896,6377.52478614588
"ncas","i02","2105","2024-03-13",17.331984587958,871.192084449121
"ncas","i02","2105","2024-03-19",13.3067861767048,2068.63472706371
"ncas","i02","2105","2024-04-04",47.1185250522464,-1880.43303860935
"ncas","i02","2105","2024-04-09",-32.3397604610234,13197.6778787358
"ncas","i02","2105","2024-04-15",11.2127647266481,18234.1978713363
"ncas","i02","2105","2024-04-22",-11.4679468953866,18567.499980915
"ncas","i02","2105","2024-04-25",-8.10973243153264,12852.1154390384
"ncas","i02","2105","2024-05-01",12.0187107046998,13513.537848597
"ncas","i02","2105","2024-05-03",6.03592551652305,7832.21274171719
"ncas","i02","2105","2024-05-06",21.8476703706397,23274.5730709601
"ncas","i02","2105","2024-05-09",38.9447022571697,22675.4321999713
"ncas","i02","2105","2024-05-22",2.25350825713086,7399.018777581
"ncas","i02","2105","2024-05-23",-16.5257272189631,33239.2467926859
"ncas","i02","2105","2024-05-30",35.0415603320172,37102.3679652409
"ncas","i02","2105","2024-05-31",-28.5404744334389,23098.8308324922
"ncas","i02","2105","2024-06-04",64.5519069267393,36127.2540384232
"ncas","i02","2105","2024-06-06",-32.0877391392724,14761.7533430768
"ncas","i02","2105","2024-06-11",32.2766085759869,25938.5407222972
"ncas","i02","2105","2024-06-13",-35.687560871213,29971.3781601001
"ncas","i02","2105","2024-06-25",-2.3900845151403,79111.7974511079
"ncas","i02","2105","2024-06-26",36.0561321140997,56563.0572539945
"ncas","i02","2105","2024-07-01",-1.70453538963628e-13,21220.5360879859
"ncas","i02","2105","2024-07-03",66.9223664238968,101961.005415839
"ncas","i02","2105","2024-07-09",48.055767588369,58881.368673266
"ncas","i02","2105","2024-07-11",-2.39311921089021,150122.060203597
"ncas","i10","2105","2024-07-17",-41.8883615931033,59442.0015392945
"ncas","i02","2105","2024-07-19",-18.835328352568,45951.3027225903
"ncas","i02","2105","2024-07-25",2.25350825713078,39458.9295823682
"ncas","i10","2105","2024-07-30",-91.5833014986484,48952.2782700828
"ncas","i02","2105","2024-08-08",-32.7013077366181,23596.2664928213
"ncas","i02","2105","2024-08-14",-11.2675412856567,31812.0248965028
"ncas","i02","2105","2024-08-20",-6.81888255494547,40498.2966709496
"ncas","i02","2105","2024-08-30",24.2693561901805,30713.5668111925
"ncas","i02","2105","2024-09-12",-23.8002405565278,46104.3441273267
"ncas","i02","2105","2024-09-24",-0.953177131336915,20900.9748506733
"ncas","i02","2105","2024-10-08",-19.3726465616619,15410.2630474116
"ncas","i02","2105","2024-11-04",-18.3303294487769,10800.9633243972
"ncas","i02","2106","2022-07-01",10.4900202039412,8763.34793383411
"ncas","i02","2106","2023-04-14",9.86231766626827,1378.11193879641
"ncas","i02","2106","2023-04-26",4.70092014167254,3564.59974736289
"ncas","i02","2106","2023-05-22",-12.1106355942064,2880.14468470906
"ncas","i02","2106","2023-06-05",-7.73065954981412,3060.31894575283
"ncas","i02","2106","2023-07-04",1.38480490536639,9825.52051902881
"ncas","i02","2106","2023-07-20",-5.62968540002984,2714.31260358576
"ncas","i02","2106","2023-08-02",6.13116192442445,7381.05737858717
"ncas","i02","2106","2023-08-17",32.7593298105642,2996.43250269168
"ncas","i02","2106","2023-09-27",2.32293949164257,8383.69980165541
"ncas","i02","2106","2024-05-01",-12.7206919890816,40122.8821546304
"ncas","i02","2106","2024-05-22",30.9171583675926,16492.116511804
"ncas","i02","2106","2024-06-06",36.3319531781675,27765.0378721675
"ncas","i02","2106","2024-07-03",64.5322819087588,32361.744334985
"ncas","i10","2106","2024-07-17",1.69355697353408,46329.3513672306
"ncas","i02","2106","2024-08-08",-21.0826503649728,24861.6849766361
"ncas","i02","2106","2024-08-14",-27.35869946206,28668.8704104634
"ncas","i02","2106","2024-08-20",-39.811979209319,29137.8617647071
"ncas","i02","2106","2024-08-30",18.5234847137331,38666.7994196698
"ncas","i02","2106","2024-09-24",-11.2675412856566,22617.7112074074
"ncas","i02","2106","2024-10-08",-15.7052391152383,28376.8098375702
"ncas","i02","2106","2024-11-04",-1.47454820064939,24883.8469382006
"ncas","i02","2107","2022-07-01",10.4926384790013,5505.24859177216
"ncas","i02","2107","2023-04-14",-6.53133620282673,4493.55930754473
"ncas","i02","2107","2023-04-26",-1.52409614018117,105.497406235016
"ncas","i02","2107","2023-05-09",-0.605157247683584,3039.23417725492
"ncas","i02","2107","2023-05-22",-15.4622356954187,3894.67191993379
"ncas","i02","2107","2023-06-05",3.45004641066076,1763.35705433765
"ncas","i02","2107","2023-07-04",0.0227162287416441,4949.65973163108
"ncas","i02","2107","2023-07-20",-5.16054495002741,1588.37552357963
"ncas","i02","2107","2023-08-02",-1.4817754539841,4373.23430795001
"ncas","i02","2107","2023-08-17",-3.76542287447513,6871.8967459171
"ncas","i02","2107","2023-09-27",7.60234742719374,5828.46636084848
"ncas","i02","2109","2022-07-01",3.41354774448826,2232.89304314998
"ncas","i02","2109","2023-04-14",-9.62466379316253,5568.06891879961
"ncas","i02","2109","2023-04-26",-5.64310514793489,2553.16098766311
"ncas","i02","2109","2023-05-09",5.83120024677581,2682.99942529261
"ncas","i02","2109","2023-05-22",-36.9429075196096,2506.06962801331
"ncas","i02","2109","2023-06-05",-13.3408824769292,1178.38248077001
"ncas","i02","2109","2023-07-04",18.7598746781885,7322.40269697028
"ncas","i02","2109","2023-07-20",-2.07989226961853,8237.31085124865
"ncas","i02","2109","2023-08-02",14.8226429067406,4040.69306635806
"ncas","i02","2109","2023-08-16",6.77103613784777,12565.4805250444
"ncas","i02","2109","2023-09-27",-30.5080734332889,11186.2935922056
"ncas","i02","2112","2022-07-01",-3.61156306819457,3863.08263901508
"ncas","i02","2112","2023-04-14",2.09374075178595,7389.19909654024
"ncas","i02","2112","2023-04-26",12.5937590496593,7053.8814349185
"ncas","i02","2112","2023-05-09",-0.201719082561318,6024.67659916017
"ncas","i02","2112","2023-05-22",13.5117368340775,4338.87722523895
"ncas","i02","2112","2023-06-05",-7.45765424100554,5239.64500553386
"ncas","i02","2112","2023-07-04",-2.16687914418582,6547.82448555418
"ncas","i02","2112","2023-07-20",6.74239391578949,8857.61445625513
"ncas","i02","2112","2023-08-02",-15.0616914979006,3220.78135155994
"ncas","i02","2112","2023-08-16",3.45062418563395,12012.0785330087
"ncas","i02","2112","2023-09-27",-9.11004970577394,6143.98701087062
"ncas","i02","2112","2024-03-13",-26.9349236446365,14638.1206565346
"ncas","i02","2201","2022-07-01",6.42862457837996,5424.84625118714
"ncas","i02","2201","2023-04-14",10.0513749774946,12254.7399645801
"ncas","i02","2201","2023-04-25",22.1549948958015,2340.71400353394
"ncas","i02","2201","2023-05-09",-5.33588657973806,5185.53839434183
"ncas","i02","2201","2023-05-22",10.7734302864965,8586.29413797288
"ncas","i02","2201","2023-06-05",-29.7020367184873,3947.41353791148
"ncas","i02","2201","2023-07-04",-11.6283418537343,10237.9327200783
"ncas","i02","2201","2023-07-20",-6.34131222104537,7724.25797137945
"ncas","i02","2201","2023-08-02",-1.59883320186198,11182.8261386194
"ncas","i02","2201","2023-08-16",0.843702371834063,13693.9384966914
"ncas","i02","2201","2023-09-14",2.06375032468259,3992.0670343078
"ncas","i02","2201","2023-09-27",16.260576441498,7095.52426538082
"ncas","i02","2202","2023-04-14",-0.68769349282964,1673.46745064382
"ncas","i02","2202","2023-04-25",-8.46647574004255,3249.7143735745
"ncas","i02","2202","2023-05-09",3.69818318028803,7672.04910674295
"ncas","i02","2202","2023-05-22",-29.5368987371077,9602.84913667663
"ncas","i02","2202","2023-06-05",-8.78023550623675,3050.65116859009
"ncas","i02","2202","2023-07-04",2.10402540859971,10355.4225494838
"ncas","i02","2202","2023-07-20",3.83330368361578,7111.49798464264
"ncas","i02","2202","2023-08-02",-1.0056758798854e-13,4379.50783651168
"ncas","i02","2202","2023-08-17",2.48786868492105,2797.17127818153
"ncas","i02","2202","2023-09-14",1.92870368301859,797.197522314299
"ncas","i02","2202","2023-09-27",-0.633528952266238,10960.0508742044
"ncas","i02","2203","2022-07-01",-0.744542747792279,1719.84514694182
"ncas","i02","2203","2023-04-14",-8.81730387381607,-744.572327122303
"ncas","i02","2203","2023-04-25",17.6767872333234,4819.68651908586
"ncas","i02","2203","2023-05-22",-3.91450132105879,614.837979037252
"ncas","i02","2203","2023-06-05",-25.8279920365941,-403.762654666393
"ncas","i02","2203","2023-07-04",3.63856391250965,-72.7712782502281
"ncas","i02","2203","2023-07-20",0.336198470935204,3106.47387144197
"ncas","i02","2203","2023-08-02",-1.38480490536649,8935.2887941504
"ncas","i02","2203","2023-08-17",-2.7770103110646,1969.28568730474
"ncas","i02","2203","2023-09-14",-5.16592003077208,2253.2350364405
"ncas","i02","2203","2023-09-27",4.85705530070707,5089.34924987145
"ncas","i02","2203","2024-03-13",-8.15277057466305,1901.09448377783
"ncas","i02","2203","2024-04-04",-6.9055649822677,-2050.20262044715
"ncas","i02","2203","2024-04-09",-26.3830897594524,6366.91243113788
"ncas","i02","2203","2024-04-15",-30.5517054688163,1306.46740400834
"ncas","i02","2203","2024-04-22",-26.8426547966069,2098.84646107421
"ncas","i02","2203","2024-04-25",-18.6883959926838,898.861323663261
"ncas","i02","2203","2024-05-01",-9.19224282710937,-306.79232700308
"ncas","i02","2203","2024-05-06",39.1709408585653,2141.03363107312
"ncas","i02","2203","2024-05-23",34.5672774906274,5132.87811353822
"ncas","i02","2203","2024-05-30",-21.3768534926499,3508.94233992596
"ncas","i02","2203","2024-05-31",34.1734910022972,3699.82857262691
"ncas","i02","2203","2024-06-04",-1.69210449254824,7772.07766348714
"ncas","i02","2203","2024-06-11",22.6287402274691,18110.3248011269
"ncas","i02","2203","2024-06-13",-71.7383871025243,3976.57804558517
"ncas","i02","2203","2024-06-25",-86.0430425450127,19981.1065465637
"ncas","i02","2203","2024-06-26",38.8871313957384,7579.88306387821
"ncas","i02","2203","2024-07-03",52.5818593330624,34536.7212437616
"ncas","i02","2203","2024-07-09",-36.0561321141003,17644.9696533376
"ncas","i02","2203","2024-07-11",57.8400452663688,16383.0050293442
"ncas","i10","2203","2024-07-17",-0.731174554091222,37432.8164079266
"ncas","i02","2203","2024-07-19",0.657044662700538,14583.1020746304
"ncas","i02","2203","2024-07-25",-32.3346028222629,28708.663736874
"ncas","i10","2203","2024-07-30",-7.50688591030289,28380.6596121214
"ncas","i02","2203","2024-08-08",-12.0246961183978,31534.0323573197
"ncas","i02","2203","2024-08-14",8.94489327623686,28488.3882995354
"ncas","i02","2203","2024-08-20",-10.1284540339677,36669.1129995857
"ncas","i02","2203","2024-08-30",37.7339301838251,15870.7314940361
"ncas","i02","2203","2024-09-12",-32.2466770437054,18714.6756875831
"ncas","i02","2203","2024-09-24",-27.4362657006033,14438.0024472742
"ncas","i02","2203","2024-10-08",-52.3726758290924,14422.1063532263
"ncas","i02","2203","2024-11-04",-5.82567403863061,9029.5530306636
"ncas","i02","2204","2022-07-01",1.55269312422612,6113.72917664045
"ncas","i02","2204","2023-04-14",-3.78817499763955,6374.5841339588
"ncas","i02","2204","2023-04-25",-11.1443345105748,2266.18985861259
"ncas","i02","2204","2023-05-09",6.11881217102196,3261.12516807209
"ncas","i02","2204","2023-05-22",-5.24338263561709,5341.99671270882
"ncas","i02","2204","2023-06-05",-0.421434860397198,2428.44903527231
"ncas","i02","2204","2023-07-04",-6.41710362751729,7912.22261702124
"ncas","i02","2204","2023-07-20",5.84985339427378,5258.14408542759
"ncas","i02","2204","2023-08-02",2.74886697873961,3403.4219381843
"ncas","i02","2204","2023-08-16",-0.454301277141466,11273.1616913522
"ncas","i02","2204","2023-09-14",8.2934258369801,3278.79626113162
"ncas","i02","2204","2023-09-27",3.80117371359675,7771.28848113151
"ncas","i02","2205","2022-07-01",1.87027373174353,4224.23894583466
"ncas","i02","2205","2023-04-14",0.327609654816816,3361.27505842096
"ncas","i02","2205","2023-04-25",5.42239210276827,2349.70324453282
"ncas","i02","2205","2023-05-09",12.2376243420441,2252.52975526638
"ncas","i02","2205","2023-05-22",-7.45921494143682,2790.64836117106
"ncas","i02","2205","2023-06-05",-10.2758645605988,-208.928366584871
"ncas","i02","2205","2023-06-21",-11.0874506757588,7934.25661074521
"ncas","i02","2205","2023-07-03",8.46946811754847,3649.56542159
"ncas","i02","2205","2023-07-19",-0.255388405608284,7446.01445089441
"ncas","i02","2205","2023-08-01",-5.81235280909203,4173.99008563887
"ncas","i02","2205","2023-08-17",-0.927969445707195,3211.52668980536
"ncas","i02","2205","2023-09-13",-2.98663648925479,3444.58741760717
"ncas","i02","2205","2023-09-27",-15.9960857259611,5015.78865611811
"ncas","i02","2205","2024-03-13",10.4855697812901,13402.7430114392
"ncas","i02","2205","2024-03-19",-39.2557228349166,7186.88168258444
"ncas","i02","2205","2024-04-04",-53.7204999453336,1206.31068866425
"ncas","i02","2205","2024-04-09",-1.85371318088091,16316.9677795105
"ncas","i02","2205","2024-04-15",-14.1966845648149,11917.9511387023
"ncas","i02","2205","2024-04-22",-12.6455611889306,17331.5743384128
"ncas","i02","2205","2024-04-25",29.1685308927556,16718.4189174875
"ncas","i02","2205","2024-05-01",22.7887607991319,14413.3428128115
"ncas","i02","2205","2024-05-03",46.195124867165,19085.6713990331
"ncas","i02","2205","2024-05-06",21.4755134666091,18458.7831756897
"ncas","i02","2205","2024-05-09",-1.42969351277887,30512.8877941796
"ncas","i02","2205","2024-05-22",-51.2590894789458,21605.3190407576
"ncas","i02","2205","2024-05-23",-15.6780999821045,38063.4620716791
"ncas","i02","2205","2024-05-30",11.0224143931651,32644.7569756225
"ncas","i02","2205","2024-05-31",-4.23450616349612,25269.1601094606
"ncas","i02","2205","2024-06-04",-0.531804269087281,48739.1360741452
"ncas","i02","2205","2024-06-06",15.023388380875,11387.7283927032
"ncas","i02","2205","2024-06-11",-11.2005723901527,30164.5911452131
"ncas","i02","2205","2024-06-13",-81.1028204194729,22042.1380466615
"ncas","i02","2205","2024-06-25",38.2413522422262,47347.5742449076
"ncas","i02","2205","2024-06-26",4.13390366062146,42083.4229643833
"ncas","i02","2205","2024-07-01",20.6380707534764,37273.4394557361
"ncas","i02","2205","2024-07-03",-17.199970968664,30541.470276631
"ncas","i02","2205","2024-07-09",65.3517394568064,33449.5742300182
"ncas","i02","2205","2024-07-11",-22.4667758260234,44756.8097807977
"ncas","i10","2205","2024-07-17",-13.7153577903799,48018.7618289984
"ncas","i02","2205","2024-07-19",17.206451067059,28901.7647069767
"ncas","i02","2205","2024-07-25",2.87657763733176,37325.6495426944
"ncas","i10","2205","2024-07-30",-4.00150167182011,53220.0257898229
"ncas","i02","2205","2024-08-08",9.16153718108196,17786.677238027
"ncas","i02","2205","2024-08-14",-2.42971318691793,21449.6732368344
"ncas","i02","2205","2024-08-20",-3.55397019128663,45617.2103947569
"ncas","i02","2205","2024-08-30",17.6582429935519,35017.5510660333
"ncas","i02","2205","2024-09-12",6.13992201581767,35621.9420479117
"ncas","i02","2205","2024-09-24",-38.119381700367,23199.5678186715
"ncas","i02","2205","2024-10-08",-32.6126737308934,23228.0622449748
"ncas","i02","2205","2024-11-04",28.040588733656,15622.2338628447
"ncas","i02","2206","2022-07-01",-0.773906371756022,2044.40266538863
"ncas","i02","2206","2023-04-14",-4.70256030708052,7914.91387147429
"ncas","i02","2206","2023-04-25",0.764696322185261,2440.07644624572
"ncas","i02","2206","2023-05-09",6.9929281954537,6912.24056242921
"ncas","i02","2206","2023-05-22",15.7933236185188,5145.36941436785
"ncas","i02","2206","2023-06-05",-22.4432847809231,715.863393874218
"ncas","i02","2206","2023-06-21",-16.2150187539742,-32.3136281643927
"ncas","i02","2206","2023-07-03",-4.7302170070002,2783.90795731801
"ncas","i02","2206","2023-07-19",6.139456030657,5296.91366049242
"ncas","i02","2206","2023-08-01",-2.78190851423858,7362.3532307056
"ncas","i02","2206","2023-08-17",-8.14995733887403,464.937434365684
"ncas","i02","2206","2023-09-13",3.90815548621513,21283.8548818969
"ncas","i02","2206","2023-09-27",-3.40082219272819,6674.11355322861
"ncas","i02","2206","2024-03-13",3.5945848383445,13437.1817350787
"ncas","i02","2207","2022-07-01",18.1229871980731,7778.06118001101
"ncas","i02","2207","2023-04-14",-5.24175447706978,746.950012982395
"ncas","i02","2207","2023-04-25",3.99146461683186,7088.29061264977
"ncas","i02","2207","2023-05-09",-1.00859541280585,6784.48514347393
"ncas","i02","2207","2023-05-22",-34.8453863750319,10363.6153498715
"ncas","i02","2207","2023-06-05",-27.5745620806987,7108.00912967059
"ncas","i02","2207","2023-06-21",0.581962467984825,10210.0786948003
"ncas","i02","2207","2023-07-03",1.2139052185658,10778.2005458977
"ncas","i02","2207","2023-07-19",-10.2290224733233,11979.4832581301
"ncas","i02","2207","2023-08-01",6.10468209586598,17520.5952335411
"ncas","i02","2207","2023-08-17",-0.742068451398954,5538.52907816819
"ncas","i02","2207","2023-09-13",-1.32739399522433,4380.40018424022
"ncas","i02","2208","2022-07-01",-2.03632833016378,15156.2899974462
"ncas","i02","2208","2023-04-14",2.75192110046163,12213.2879315725
"ncas","i02","2208","2023-04-25",4.20815616752552,3874.25455558461
"ncas","i02","2208","2023-05-09",9.61527626874889,6333.9791924206
"ncas","i02","2208","2023-05-22",-13.1514355754352,7610.90504340766
"ncas","i02","2208","2023-06-05",-1.35433615057307,5056.18829547234
"ncas","i02","2208","2023-06-21",-21.6617079207961,2253.5330133297
"ncas","i02","2208","2023-07-03",13.7717380674835,7727.04440864662
"ncas","i02","2208","2023-07-19",-5.90591660283847,10695.5500675581
"ncas","i02","2208","2023-08-01",1.01605269931229,10523.9051132373
"ncas","i02","2208","2023-08-16",10.0914480900615,13294.6690321972
"ncas","i02","2208","2023-09-13",0.331848498806061,2356.12434152316
"ncas","i02","2208","2023-09-27",4.02537080022554,7266.85360251234
"ncas","i02","2208","2024-05-01",-8.68060586700754,46328.6254865446
"ncas","i02","2208","2024-05-22",-9.56802995031099,26901.7132794425
"ncas","i02","2208","2024-06-06",-2.26992411140218,16168.402829735
"ncas","i02","2208","2024-07-03",-3.80437225148854,33778.0701278966
"ncas","i10","2208","2024-07-17",-38.7483134944599,43348.8284004749
"ncas","i02","2208","2024-08-08",-39.8369743388497,51233.0563669481
"ncas","i02","2208","2024-08-14",8.74709830385399,11814.0116236575
"ncas","i02","2208","2024-08-20",11.5893644491838,28838.5065336312
"ncas","i02","2208","2024-08-30",33.0514544379252,20026.1767117065
"ncas","i02","2208","2024-09-24",-40.4814766401063,29762.5603382182
"ncas","i02","2208","2024-10-08",39.8409909144399,14729.6991775346
"ncas","i02","2208","2024-11-04",24.7885908284438,11688.1961603207
"ncas","i02","2210","2022-07-01",-2.81398102060108,3344.43442102318
"ncas","i02","2210","2023-04-14",-13.4319958474914,10516.2699196213
"ncas","i02","2210","2023-04-25",-6.44332912155924,9207.72516403442
"ncas","i02","2210","2023-05-09",17.2133617118862,4821.0860732119
"ncas","i02","2210","2023-05-22",14.6488762597668,10488.595401993
"ncas","i02","2210","2023-06-05",-3.49605691020299,1453.55988346209
"ncas","i02","2210","2023-06-21",-3.46018079124205,53.1569776329897
"ncas","i02","2210","2023-07-03",17.4322923919443,5447.5913724826
"ncas","i02","2210","2023-07-19",-4.03657923602473,6530.14350602047
"ncas","i02","2210","2023-08-01",6.7716807528646,11273.2361485785
"ncas","i02","2210","2023-08-16",-5.45565208350159,17612.7056113323
"ncas","i02","2210","2023-09-13",-11.6146974582129,3318.4849880608
"ncas","i02","2210","2023-09-27",35.8465437236847,5633.21553654086
"ncas","i02","2301","2023-04-14",-28.6286435495674,8772.80102884768
"ncas","i02","2301","2023-04-25",-3.54044549885941,8118.88295221132
"ncas","i02","2301","2023-05-09",4.32552259990006,11356.6648489344
"ncas","i02","2301","2023-05-22",10.385630125345,9590.27490688507
"ncas","i02","2301","2023-06-05",-13.0919161222051,4288.73114348106
"ncas","i02","2301","2023-06-21",18.1941047431425,11559.3640735584
"ncas","i02","2301","2023-07-03",16.7202206792363,10469.7319331311
"ncas","i02","2301","2023-07-19",7.53571378873062,5623.04528692762
"ncas","i02","2301","2023-08-01",18.0762549649993,14743.6508678158
"ncas","i02","2301","2023-08-16",2.43207794074534,5935.5848121433
"ncas","i02","2301","2023-09-13",-6.29988604289058,3196.85706644547
"ncas","i02","2301","2023-09-27",8.52982636368144,7015.78218412793
"ncas","i02","2302","2022-07-01",7.93850222122821,3590.47640342289
"ncas","i02","2302","2023-04-14",-2.00991751990997,4477.28869292533
"ncas","i02","2302","2023-04-25",2.35562570035494,4066.91848855397
"ncas","i02","2302","2023-05-09",10.7262621611297,10281.0210902904
"ncas","i02","2302","2023-05-22",-7.97472705646606,8789.86238893075
"ncas","i02","2302","2023-06-05",-25.7451377857535,5611.75276042312
"ncas","i02","2302","2023-06-21",-6.9433332588672,10672.1603793698
"ncas","i02","2302","2023-07-03",12.0111631082744,5470.37016117823
"ncas","i02","2302","2023-07-19",2.16222372179126,12973.3423307477
"ncas","i02","2302","2023-08-01",1.44148248119416,11761.1866079253
"ncas","i02","2302","2023-08-16",6.22271528459071,14980.1311978909
"ncas","i02","2302","2023-09-13",1.60798737558832,6773.14894613446
"ncas","i02","2302","2023-09-27",12.7947395455222,6418.69433867018
"ncas","i02","2302","2024-03-13",-0.514590090758024,10728.5565069617
"ncas","i02","2305","2022-07-01",-3.85872080030422,5359.36660891458
"ncas","i02","2305","2023-04-14",3.10930204371893,4911.2946004433
"ncas","i02","2305","2023-04-25",0.571196337029674,4635.97631954154
"ncas","i02","2305","2023-05-09",14.4366044181244,13202.0723580698
"ncas","i02","2305","2023-05-22",-17.5598774981839,917.30703348716
"ncas","i02","2305","2023-06-05",-3.72882712050286,2230.86726002488
"ncas","i02","2305","2023-06-21",-14.4061538485531,27717.6980427876
"ncas","i02","2305","2023-07-03",10.5787297391502,4283.41204161914
"ncas","i02","2305","2023-07-19",-11.0076844018466,-137.596055023222
"ncas","i02","2305","2023-08-01",-8.09885689150518,4082.08512676666
"ncas","i02","2305","2023-08-16",8.1902413704216,6571.84967562621
"ncas","i02","2305","2023-09-13",6.03180578574622,1266.67921500668
"ncas","i02","2305","2023-09-27",-5.66696086620813,1737.17974394796
"ncas","i02","2306","2022-07-01",16.381018202168,10086.579711886
"ncas","i02","2306","2023-04-14",5.85013342503612,4443.47212957788
"ncas","i02","2306","2023-04-25",3.90129302349869,1690.05232932023
"ncas","i02","2306","2023-05-09",14.1137185591007,3484.01609476502
"ncas","i02","2306","2023-05-22",19.6565792890117,5228.6500908771
"ncas","i02","2306","2023-06-05",-31.3735799104368,-263.589503346001
"ncas","i02","2306","2023-07-03",17.5971887412296,8889.1681361945
"ncas","i02","2306","2023-07-19",-8.71441681812855,4973.11456011989
"ncas","i02","2306","2023-08-01",6.11997497074698,12272.502999849
"ncas","i02","2306","2023-08-16",3.13325811296159,6196.92094365725
"ncas","i02","2306","2023-09-13",-1.51863870392041,-381.216647548156
"ncas","i02","2306","2023-09-27",3.18827080568249,106.275693522693
"ncas","i02","2306","2024-03-13",20.0499514753169,498.118194150027
"ncas","i02","2306","2024-03-19",-11.2252043287482,520.396312441408
"ncas","i02","2306","2024-04-04",-25.0281208121462,-613.914750441208
"ncas","i02","2306","2024-04-09",-8.03135028689552,9759.11019247353
"ncas","i02","2306","2024-04-15",-3.60699094653454,4611.06630697946
"ncas","i02","2306","2024-04-22",10.4815300650778,956.45182812483
"ncas","i02","2306","2024-04-25",-3.99343808981252,541.47660831597
"ncas","i02","2306","2024-05-01",17.2608920765079,8026.33489002622
"ncas","i02","2306","2024-05-03",-11.9388999184252,6215.65446941156
"ncas","i02","2306","2024-05-06",-43.4497335586636,1804.73375217569
"ncas","i02","2306","2024-05-09",-28.7161212481939,213.671178041303
"ncas","i02","2306","2024-05-22",23.4617739546783,75978.1648147142
"ncas","i02","2306","2024-05-23",-6.13559164476589,11327.0156781716
"ncas","i02","2306","2024-05-30",-50.1459902794668,4949.32620650804
"ncas","i02","2306","2024-05-31",18.7536931197277,7392.36202588637
"ncas","i02","2306","2024-06-04",47.1371965781281,22222.1665714223
"ncas","i02","2306","2024-06-11",-28.5769007620949,14169.9580117641
"ncas","i02","2306","2024-06-13",105.019418147673,2652.18120749867
"ncas","i02","2306","2024-06-25",144.090599025096,14539.8351986545
"ncas","i02","2306","2024-06-26",39.5086430538965,18528.4811800045
"ncas","i02","2306","2024-07-01",-23.2862519903562,7098.55100996345
"ncas","i02","2306","2024-07-03",37.1846672164356,24714.6697539154
"ncas","i02","2306","2024-07-09",-32.5482351332688,15168.6293352706
"ncas","i02","2306","2024-07-11",-24.7930384778278,17905.1680173578
"ncas","i10","2306","2024-07-17",-31.3984354858297,10040.4545935149
"ncas","i02","2306","2024-07-19",39.8397536295259,15884.8199984767
"ncas","i02","2306","2024-07-25",19.5808787296185,7305.10033233231
"ncas","i10","2306","2024-07-30",57.0726721437879,16196.2581801515
"ncas","i02","2306","2024-08-08",-29.2354209396356,14433.8161380215
"ncas","i02","2306","2024-08-14",25.859759580619,18172.5134244203
"ncas","i02","2306","2024-08-20",12.7698801237431,30414.8497770815
"ncas","i02","2306","2024-08-30",-48.0441811588857,12595.9132901835
"ncas","i02","2306","2024-09-12",-14.6847362368738,13648.1522830909
"ncas","i02","2306","2024-09-24",27.7327959188545,13361.0621923132
"ncas","i02","2306","2024-10-08",-25.2845554576429,15709.39220746
"ncas","i02","2306","2024-11-04",17.4770221158903,2457.41918160647
"ncas","i02","2307","2022-07-01",33.1781561525569,5289.48884664446
"ncas","i02","2307","2023-04-14",0.189390476561074,3855.01260355094
"ncas","i02","2307","2023-04-25",-4.24058869575469,4636.84042634149
"ncas","i02","2307","2023-05-09",-0.806876330244797,10637.3196203922
"ncas","i02","2307","2023-05-22",12.276435329648,8087.6795962947
"ncas","i02","2307","2023-06-05",-20.1870985489285,6049.70055240181
"ncas","i02","2307","2023-06-21",1.47867282364758,4706.03698656537
"ncas","i02","2307","2023-07-03",5.08643445494859,819.762632295748
"ncas","i02","2307","2023-07-19",-5.35376866027151,4969.27882216993
"ncas","i02","2307","2023-08-01",15.7738711647832,13596.89598185
"ncas","i02","2307","2023-08-16",9.33981077004213,10169.2904678011
"ncas","i02","2307","2023-09-13",-0.801622374000262,3660.74217460086
"ncas","i02","2307","2023-09-27",10.6275693522753,3783.41468941002
"ncas","i02","2308","2022-07-01",-6.19125097404783,3901.77795760301
"ncas","i02","2308","2023-04-14",-16.0192160365441,3403.84326086206
"ncas","i02","2308","2023-04-25",3.50200112508549,3178.29216499914
"ncas","i02","2308","2023-05-09",5.6481343117125,5069.87294170394
"ncas","i02","2308","2023-05-22",18.8755616261691,8275.20296898128
"ncas","i02","2308","2023-06-05",-5.86878998581615,3450.33257407857
"ncas","i02","2308","2023-06-21",-8.94681951792375,2123.82716760177
"ncas","i02","2308","2023-07-03",11.5441033786932,5939.73140322701
"ncas","i02","2308","2023-07-19",0.56248245845596,7460.56278988515
"ncas","i02","2308","2023-08-01",4.22168685383164,9838.90935246866
"ncas","i02","2308","2023-08-16",-5.5997684975529,10182.5759289239
"ncas","i02","2308","2023-09-13",-3.66217944982937,2263.8927508035
"ncas","i02","2308","2023-09-27",-34.4333247013724,10181.2114394797
"ncas","i02","2310","2022-07-01",7.3814639933169,6273.42049831091
"ncas","i02","2310","2023-04-14",-5.53921962146598,461.601635122052
"ncas","i02","2310","2023-04-25",-5.95834735972145,3568.0801049493
"ncas","i02","2310","2023-05-09",23.4702328144527,5277.84846379009
"ncas","i02","2310","2023-05-22",3.1652683551233,323.121144585483
"ncas","i02","2310","2023-06-05",11.7745895253816,-2374.32656912918
"ncas","i02","2310","2023-06-21",7.65052460930724,25420.3145421857
"ncas","i02","2310","2023-07-03",1.27785651779728,1871.6920923886
"ncas","i02","2310","2023-07-19",-3.75875617170907,4180.79195239203
"ncas","i02","2310","2023-08-01",1.74326912681539,6672.67926672389
"ncas","i02","2310","2023-08-16",-11.0124961522002,5071.02367727049
"ncas","i02","2310","2023-09-13",-10.1870497714827,1816.24374215248
"ncas","i02","2310","2023-09-27",11.2661553700381,6886.99813926036
"ncas","i02","2310","2024-05-01",-30.0467767617504,480.748428188004
"ncas","i02","2310","2024-05-22",-67.0556837475535,5379.68364023716
"ncas","i02","2310","2024-06-06",49.9402897084725,1819.2011829382
"ncas","i02","2310","2024-07-03",30.7372689501027,20224.9072395674
"ncas","i10","2310","2024-07-17",-34.6583155384211,72187.4873865733
"ncas","i02","2310","2024-08-08",-14.0626898854082,10365.9833340356
"ncas","i02","2310","2024-08-20",9.82652352252043,27078.3832880908
"ncas","i02","2310","2024-08-30",14.7831451936868,15544.2023563654
"ncas","i02","2310","2024-09-24",-28.6191406465707,18212.742844068
"ncas","i02","2310","2024-10-08",-21.5864187406511,25171.2629727205
"ncas","i02","2310","2024-11-04",-23.6094643300247,8187.7915581796
"ncas","i02","2311","2022-07-01",-2.01828961801238,5156.40444343787
"ncas","i02","2311","2023-04-14",-7.23958740866152,1339.35025417394
"ncas","i02","2311","2023-04-25",-15.8228943720886,1998.97122635793
"ncas","i02","2311","2023-05-09",-2.1658656302088,5759.84891033609
"ncas","i02","2311","2023-05-22",-1.38480490536649,5756.83182088066
"ncas","i02","2311","2023-06-05",-3.11520875754119,6678.22877397889
"ncas","i02","2311","2023-06-21",12.6651541851558,4358.8703236221
"ncas","i02","2311","2023-07-03",14.6211935864628,-853.981218324444
"ncas","i02","2311","2023-07-19",4.30012098751148,6959.5804290186
"ncas","i02","2311","2023-08-01",-1.49116998607517,9259.13697189131
"ncas","i02","2311","2023-08-16",-2.60362402380459,6864.2673024128
"ncas","i02","2311","2023-09-13",-3.95418379287816,2479.74237858445
"ncas","i02","2311","2023-09-27",-8.5049482858062,7083.70073437261
"ncas","i02","2311","2024-03-13",-29.7983328006412,7069.93831722198
"ncas","i02","2311","2024-03-19",36.4133549054567,8680.34694238577
"ncas","i02","2311","2024-04-04",34.5321069364334,4758.57810031656
"ncas","i02","2311","2024-04-09",-27.0435006054997,20087.2401741938
"ncas","i02","2311","2024-04-15",36.2817359242832,13019.4166367965
"ncas","i02","2311","2024-04-22",-14.9677032938764,35205.3051762193
"ncas","i02","2311","2024-04-25",11.1632423370491,645.571348918719
"ncas","i02","2311","2024-05-01",-18.2389665115415,44313.8884513499
"ncas","i02","2311","2024-05-03",-35.3041012521156,40677.8194957464
"ncas","i02","2311","2024-05-06",-22.6018991145842,35634.9283167664
"ncas","i02","2311","2024-05-09",-104.958824380633,25324.2775646897
"ncas","i02","2311","2024-05-22",1.5983133458479,31827.9096828165
"ncas","i02","2311","2024-05-23",-15.2464200722094,34848.3091342134
"ncas","i02","2311","2024-05-30",3.42275453605367,13276.8596797874
"ncas","i02","2311","2024-05-31",-17.665618765794,14641.0147249956
"ncas","i02","2311","2024-06-04",25.5397602474871,37070.210829809
"ncas","i02","2311","2024-06-06",-60.5773408332262,12420.5304337302
"ncas","i02","2311","2024-06-11",15.209395993372,30956.4374473193
"ncas","i02","2311","2024-06-13",59.0525528811723,19131.276894619
"ncas","i02","2311","2024-06-25",9.58218164196103,43258.4757044186
"ncas","i02","2311","2024-06-26",1.08686591524293,64515.9060363606
"ncas","i02","2311","2024-07-01",-24.5595597662885,41670.5228493003
"ncas","i02","2311","2024-07-03",-3.58709518052789,56557.4234869037
"ncas","i02","2311","2024-07-09",14.8375252788266,57000.3655046897
"ncas","i02","2311","2024-07-11",33.2010575714566,57116.3897357282
"ncas","i10","2311","2024-07-17",11.9766752953802,17903.25375717
"ncas","i02","2311","2024-07-19",-49.2741503304116,45958.4477792408
"ncas","i02","2311","2024-07-25",18.0280660570499,46031.6619990012
"ncas","i10","2311","2024-07-30",-4.79576571716382,73896.3365399625
"ncas","i02","2311","2024-08-08",-3.03484390067708,44063.785220556
"ncas","i02","2311","2024-08-14",21.1606890723286,27063.8145657019
"ncas","i02","2311","2024-08-20",36.5673203641915,36146.9268647487
"ncas","i02","2311","2024-08-30",-1.41682990879469,26471.555517954
"ncas","i02","2311","2024-09-12",-12.8599941433666,52342.5934556333
"ncas","i02","2311","2024-09-24",-1.50233883808796,39534.0465242727
"ncas","i02","2311","2024-10-08",8.92052027003408,28479.2484222097
"ncas","i02","2311","2024-11-04",-6.21511658158188,13477.6631047059
"ncas","i02","2312","2022-07-01",-4.55064390710594,7754.95090136342
"ncas","i02","2312","2023-04-14",-5.72844441669902,2977.54803460377
"ncas","i02","2312","2023-04-25",1.66842833931329,4261.44404999599
"ncas","i02","2312","2023-05-09",-3.34523286879947,7757.30934836645
"ncas","i02","2312","2023-05-22",-1.72004839500466,1964.82451275517
"ncas","i02","2312","2023-06-05",7.46434502070318,3831.1680206989
"ncas","i02","2312","2023-06-21",-6.92479878514572,15337.132098852
"ncas","i02","2312","2023-07-03",6.55491842732622,4439.17247949611
"ncas","i02","2312","2023-07-19",24.7359432325918,8433.34406083229
"ncas","i02","2312","2023-08-01",2.08339573472234,3854.28210923634
"ncas","i02","2312","2023-08-16",1.72004839500462,3823.79989351016
"ncas","i02","2312","2023-09-13",12.4866247758885,3720.81783949969
"ncas","i02","2312","2023-09-27",-8.12150442821557,2067.92383526283
"ncas","i02","2402","2022-07-01",5.43159975870463,3880.54053465828
"ncas","i02","2402","2023-04-14",1.52158127250402,1488.50341875394
"ncas","i02","2402","2023-04-25",0.976108674243684,2423.64328562776
"ncas","i02","2402","2023-05-09",6.24747220476102,4685.60415357075
"ncas","i02","2402","2023-05-22",-0.412689331862325,5653.71466573342
"ncas","i02","2402","2023-06-05",-12.1698705123736,-454.546338912412
"ncas","i02","2402","2023-06-21",-3.81706482893226,157.018324969319
"ncas","i02","2402","2023-07-03",3.38551806892386,3919.38822594646
"ncas","i02","2402","2023-07-19",-6.02548927616999,4099.57745716373
"ncas","i02","2402","2023-08-01",-9.27116141773442,2396.96905545701
"ncas","i02","2402","2023-08-17",2.03049902832063,6924.00168657325
"ncas","i02","2402","2023-09-13",-0.510702535581296,2514.0350585913
"ncas","i02","2402","2023-09-27",16.9265619989538,3592.71590351649
"ncas","i02","2403","2022-07-01",-13.19329912971,3337.51279964436
"ncas","i02","2403","2023-04-14",-0.396934245001044,4379.50783651169
"ncas","i02","2403","2023-04-25",-4.08443020325301,1318.03914336717
"ncas","i02","2403","2023-05-09",6.72282335077545,4638.06903896933
"ncas","i02","2403","2023-05-22",1.92472129307522,5747.61599932127
"ncas","i02","2403","2023-06-05",3.85348835966779,1717.74142134327
"ncas","i02","2403","2023-06-21",30.8593768045629,8078.68528546367
"ncas","i02","2403","2023-07-03",6.50979787915533,3988.76021210082
"ncas","i02","2403","2023-07-19",-1.83138587398881,1744.94803606343
"ncas","i02","2403","2023-08-01",-3.93131585780241,2837.09961071402
"ncas","i02","2403","2023-08-17",-0.903089895485366,355.728779793536
"ncas","i02","2403","2023-09-13",2.30778170519136,844.097474784347
"ncas","i02","2403","2023-09-27",9.19961270468349,4343.07297453637
"ncas","i02","2404","2022-07-01",-13.1518961094891,9973.4612741391
"ncas","i02","2404","2023-04-14",-7.65316790653294,3608.24600032961
"ncas","i02","2404","2023-04-25",-2.30188801114723,4324.75929367038
"ncas","i02","2404","2023-05-09",16.9110276991316,10338.5396024023
"ncas","i02","2404","2023-05-22",5.67067323916327,6798.52306519155
"ncas","i02","2404","2023-06-05",2.05837295260879,4457.16912430287
"ncas","i02","2404","2023-06-21",14.5747089105249,5363.84246071204
"ncas","i02","2404","2023-07-03",13.5138967382513,4751.44273088507
"ncas","i02","2404","2023-07-19",4.3946153397951,6698.45913914234
"ncas","i02","2404","2023-08-01",-5.29445154912408,4928.03927239618
"ncas","i02","2404","2023-08-16",-7.89513747489995,11517.2025840835
"ncas","i02","2404","2023-09-13",-3.98018533023062,1524.61336378319
"ncas","i02","2404","2023-09-27",6.05909904580462,8215.06714169717
"ncas","i02","2404","2024-03-13",12.7302933244452,15386.4015575353
"ncas","i02","2405","2022-07-01",41.5695716193498,29289.5919937423
"ncas","i02","2405","2023-04-14",7.32435889965854,9361.86237538176
"ncas","i02","2405","2023-04-25",5.97489053588792,6174.26805350079
"ncas","i02","2405","2023-05-09",-17.859621628828,3279.92290749956
"ncas","i02","2405","2023-05-22",21.4518934572443,8165.57359810597
"ncas","i02","2405","2023-06-05",3.99331475569721,22044.4511174677
"ncas","i02","2405","2023-06-21",-5.27509599937231,7554.19948332403
"ncas","i02","2405","2023-07-03",-5.04634982939708,49.5493645246169
"ncas","i02","2405","2023-07-19",3.53370546675461,5957.52728536913
"ncas","i02","2405","2023-08-01",-1.15431220893461,4936.53973981431
"ncas","i02","2405","2023-08-16",7.54172128431979,10147.7608865147
"ncas","i02","2405","2023-09-13",6.35786574575556,11025.2044124334
"ncas","i02","2405","2023-09-27",54.1224112174321,41333.8092120227
"ncas","i02","2405","2024-05-01",137.855599936328,34908.9114322501
"ncas","i02","2405","2024-05-22",186.208113875368,29579.0170590912
"ncas","i02","2405","2024-06-06",169.187788792751,25388.6831462887
"ncas","i10","2405","2024-07-17",-44.6153666254088,54476.0913956291
"ncas","i10","2405","2024-07-30",188.573444195625,48799.8843130049
"ncas","i02","2405","2024-08-08",163.713482660718,32338.1046291856
"ncas","i02","2405","2024-08-14",157.486179576035,28649.0064104085
"ncas","i02","2405","2024-08-20",215.344393042244,31930.4646749987
"ncas","i02","2405","2024-08-30",166.711487346232,44744.8815049266
"ncas","i02","2405","2024-09-24",321.731793366804,75627.9186098945
"ncas","i02","2405","2024-10-08",-19.1449963718917,20841.235738539
"ncas","i02","2405","2024-11-04",241.125383513044,45085.1885310059
"ncas","i02","2406","2022-07-01",2.18220945164907,5621.53295407794
"ncas","i02","2406","2023-04-14",-6.59192300969281,3755.39856309761
"ncas","i02","2406","2023-04-25",2.78807687328344,1992.01041039799
"ncas","i02","2406","2023-05-09",7.70688615600386,2066.22808752021
"ncas","i02","2406","2023-05-22",-0.750698347977205,-954.216285375047
"ncas","i02","2406","2023-06-05",9.69065305567697,1289.29870557041
"ncas","i02","2406","2023-07-19",1.48903262076848,11357.2578984068
"ncas","i02","2406","2023-08-01",-0.505267872250333,8769.44260813116
"ncas","i02","2406","2023-08-16",6.20639068442733,8108.78435074088
"ncas","i02","2406","2023-09-13",4.58010631230732,2802.75162394923
"ncas","i02","2406","2023-09-27",-6.63337546989056,8778.77140300207
"ncas","i02","2406","2024-03-13",156.763442541727,29880.4383084472
"ncas","i02","2406","2024-03-19",161.35800145971,45096.3230265647
"ncas","i02","2406","2024-04-04",188.673738493216,32414.9199010828
"ncas","i02","2406","2024-04-09",165.631785830584,33614.9012319637
"ncas","i02","2406","2024-04-15",211.5313551789,35003.6222326733
"ncas","i02","2406","2024-04-22",185.625419208004,32298.3141525282
"ncas","i02","2406","2024-04-25",139.040476010779,32366.4298061504
"ncas","i02","2406","2024-05-01",0.0891386669096233,27042.9097835344
"ncas","i02","2406","2024-05-03",202.653667933408,29128.3898618825
"ncas","i02","2406","2024-05-06",192.995300624959,42279.8397900685
"ncas","i02","2406","2024-05-09",190.864677487753,11489.7751853183
"ncas","i02","2406","2024-05-22",47.0644453227181,19794.6556140753
"ncas","i02","2406","2024-05-23",169.893672089022,19886.7618419921
"ncas","i02","2406","2024-05-30",241.585757133661,28672.2298570739
"ncas","i02","2406","2024-05-31",159.417684187322,25550.8414084791
"ncas","i02","2406","2024-06-04",116.351027873674,43242.9327839878
"ncas","i02","2406","2024-06-06",-14.5861283048037,13575.2154521428
"ncas","i02","2406","2024-06-11",149.785068553606,30537.6797110344
"ncas","i02","2406","2024-06-26",116.755442494054,24898.3491205779
"ncas","i02","2406","2024-07-01",232.648541363876,29962.7565169706
"ncas","i02","2406","2024-07-03",21.3487302489055,49493.0086111409
"ncas","i02","2406","2024-07-09",125.589717436626,38720.4984732346
"ncas","i02","2406","2024-07-11",191.966027912338,19748.4810926758
"ncas","i10","2406","2024-07-17",32.0856083708307,33935.7260202217
"ncas","i02","2406","2024-07-19",-8.06412181274763,40012.6222279499
"ncas","i02","2406","2024-07-25",225.207765311332,39137.9901048083
"ncas","i10","2406","2024-07-30",-6.00825128880327,47055.8067462066
"ncas","i02","2406","2024-08-08",3.07631180585683,30367.7854229047
"ncas","i02","2406","2024-08-14",-26.7219178623453,31746.4532484848
"ncas","i02","2406","2024-08-20",-63.7597842251662,38478.5179467571
"ncas","i02","2406","2024-08-30",0.751169419043171,36829.836615715
"ncas","i02","2406","2024-09-12",269.309200261429,52952.6557116264
"ncas","i02","2406","2024-09-24",-12.7698801237443,31864.6067558358
"ncas","i02","2406","2024-10-08",-43.1055213812218,25127.184730154
"ncas","i02","2406","2024-11-04",52.5519309542828,17651.7923370496
"ncas","i02","2409","2022-07-01",-4.59207214939776,9246.30865056288
"ncas","i02","2409","2023-04-14",2.68999027167234,5547.93687557046
"ncas","i02","2409","2023-04-25",-1.176923095777,2622.56818131685
"ncas","i02","2409","2023-05-09",3.42599859315405,-46.0716631000174
"ncas","i02","2409","2023-05-22",-26.9168465552881,1619.05843941581
"ncas","i02","2409","2023-06-05",-8.19229375866288,4289.44819273796
"ncas","i02","2409","2023-06-21",0.903748835931998,1697.6949310546
"ncas","i02","2409","2023-07-03",5.29245660001411,-1217.2650180033
"ncas","i02","2409","2023-07-19",3.35864649011148,2729.02296935315
"ncas","i02","2409","2023-08-01",7.00643877010751,9453.23952699176
"ncas","i02","2409","2023-08-16",-10.6359808228212,11359.2149861953
"ncas","i02","2409","2023-09-13",-21.7343631588792,599.568638865604
"ncas","i02","2409","2023-09-27",3.49034689946989,2422.46999431046
"ncas","i02","2410","2022-07-01",-1.86663609421915,4723.87665361171
"ncas","i02","2410","2023-04-14",3.06903241434672,7256.8887656916
"ncas","i02","2410","2023-04-25",-9.15978880483356,2362.51376611098
"ncas","i02","2410","2023-05-09",-1.97585119626181,3590.5985532066
"ncas","i02","2410","2023-05-22",9.74975565712307,5056.42500286659
"ncas","i02","2410","2023-06-05",-5.32680647247905,173.121210355508
"ncas","i02","2410","2023-06-21",-0.394391017418232,197.195508708972
"ncas","i02","2410","2023-07-03",-6.81944298889638,1780.60921535869
"ncas","i02","2410","2023-07-19",-4.5554755543042,2029.10464959066
"ncas","i02","2410","2023-08-01",0.0775660401288889,6750.41734034311
"ncas","i02","2410","2023-08-16",2.05189623809248,7791.37758846603
"ncas","i02","2410","2023-09-13",-4.58404197232997,1942.05087841733
"ncas","i02","2410","2023-09-27",1.51248091913672,2506.39695171222
"ncas","i02","2411","2023-04-14",-2.54148615094743,2386.65289272213
"ncas","i02","2411","2023-04-25",-5.53202949546677,-16.4682429164462
"ncas","i02","2411","2023-05-22",-12.1652122126913,4043.65142504016
"ncas","i02","2411","2023-06-05",-1.73660061042771,2607.87967656738
"ncas","i02","2411","2023-06-21",-11.0732063328099,2470.1767973191
"ncas","i02","2411","2023-07-03",-10.2541664528723,3582.38507488167
"ncas","i02","2411","2023-07-19",-4.64442352414423,8434.05449789765
"ncas","i02","2411","2023-08-01",-10.3488890912829,10026.021070226
"ncas","i02","2411","2023-08-16",9.335026734277,8862.36479287198
"ncas","i02","2411","2023-09-13",-3.14605826335712,1471.85810915703
"ncas","i02","2411","2023-09-27",9.04495021706457,904.495021706337
"ncas","i02","2411","2024-03-13",4.41375230866084,8210.79632245461
"ncas","i02","2411","2024-03-19",-28.4338894075805,1451.56777067804
"ncas","i02","2411","2024-04-04",8.81991641521558,2293.03946856555
"ncas","i02","2411","2024-04-09",-20.6829672982997,15637.3605733974
"ncas","i02","2411","2024-04-15",-3.16726232782179,1212.8835102254
"ncas","i02","2411","2024-04-22",2.95587211613534,5712.45195064895
"ncas","i02","2411","2024-05-01",13.1160151017279,1591.28825365596
"ncas","i02","2411","2024-05-03",33.1612231367215,14559.7114194211
"ncas","i02","2411","2024-05-09",-21.760757681643,6840.22642380207
"ncas","i02","2411","2024-05-22",-24.0284017773294,7437.44926373491
"ncas","i02","2411","2024-05-23",4.05123493549308,17195.3566835274
"ncas","i02","2411","2024-05-31",-4.97190734640495,17836.0273146118
"ncas","i02","2411","2024-06-04",-0.73868521813462,20261.8083043667
"ncas","i02","2411","2024-06-06",-28.1195421636919,5926.54128562765
"ncas","i02","2411","2024-06-11",-23.3178504420541,15536.9267253842
"ncas","i02","2411","2024-06-13",38.2890986526286,8638.05076365506
"ncas","i02","2411","2024-06-25",-40.6314367573677,29015.6260137898
"ncas","i02","2411","2024-06-26",-31.1251187425234,21458.6700955577
"ncas","i02","2411","2024-07-01",-33.8360820180874,8275.8301493952
"ncas","i02","2411","2024-07-03",-69.2306247250437,27172.3961771797
"ncas","i02","2411","2024-07-09",9.88672482074553,14599.2358324927
"ncas","i02","2411","2024-07-11",-33.1117008780629,13761.7748673619
"ncas","i10","2411","2024-07-17",37.1430006585793,23474.4401247134
"ncas","i02","2411","2024-07-19",31.1105497415641,6301.88058867602
"ncas","i02","2411","2024-07-25",16.6067969482944,22630.6889417662
"ncas","i10","2411","2024-07-30",0.873852568512941,27092.4821156291
"ncas","i02","2411","2024-08-08",28.6443201875041,14871.1517600295
"ncas","i02","2411","2024-08-14",54.7901329457975,38477.6834992886
"ncas","i02","2411","2024-08-20",18.1538639129099,28679.2373149862
"ncas","i02","2411","2024-08-30",64.6005700377626,10974.585212229
"ncas","i02","2411","2024-09-12",16.5706178216938,20787.3268080908
"ncas","i02","2411","2024-09-24",15.1041914657918,17171.852627614
"ncas","i02","2411","2024-10-08",-32.004947830484,9501.40845487132
"ncas","i02","2411","2024-11-04",-21.7839131522692,8518.26121195609
"ncas","i02","2412","2023-04-14",-3.11937588877722,3915.8122859117
"ncas","i02","2412","2023-04-25",11.021160780644,3717.89790891339
"ncas","i02","2412","2023-05-09",3.47477279342571,5743.59502913318
"ncas","i02","2412","2023-05-22",6.59192300969269,4507.80997733537
"ncas","i02","2412","2023-06-05",9.13672523685417,3352.32364805433
"ncas","i02","2412","2023-06-21",-4.70256206603523,809.885689150447
"ncas","i02","2412","2023-07-03",4.45549130550926,832.128523234781
"ncas","i02","2412","2023-07-19",-7.38268760835588,2436.14047036833
"ncas","i02","2412","2023-08-01",4.43105039351698,5332.7209005375
"ncas","i02","2412","2023-08-16",14.539521499473,4698.66505139952
"ncas","i02","2412","2023-09-13",1.96281572737657,3384.16504720093
"ncas","i02","2412","2023-09-27",3.64901428580447,2919.21142864338
"ncas","i02","501","2023-09-26",3.68610353573371,4356.30417859442
"ncas","i02","501","2023-10-18",-14.6113480020972,1155.01294756543
"ncas","i02","501","2024-05-01",24.7207783783835,19826.3414716261
"ncas","i02","501","2024-05-22",-4.83458426442355,5885.8646127223
"ncas","i02","501","2024-06-06",68.7771389429766,13697.9652608742
"ncas","i02","501","2024-07-03",16.5767993884733,22867.9115099307
"ncas","i10","501","2024-07-17",14.1510143344551,36088.7526187518
"ncas","i10","501","2024-07-30",30.814824051518,49692.7335450087
"ncas","i02","501","2024-08-08",-19.5304048951375,40195.0756130312
"ncas","i02","501","2024-08-14",27.3708859651604,27441.2020880544
"ncas","i02","501","2024-08-20",5.20581356345278,39243.7689234753
"ncas","i02","501","2024-08-30",38.192500718973,30670.8691399185
"ncas","i02","501","2024-09-24",-2.37636810472271,18623.5359041934
"ncas","i02","501","2024-10-08",-11.2784630870554,22658.5298092608
"ncas","i02","501","2024-10-16",125.496794079735,12055.718835607
"ncas","i02","501","2024-11-04",-64.6005700377632,2178.39131522682
"ncas","i02","502","2023-09-26",-0.737220707146801,3277.28114358872
"ncas","i02","502","2023-10-18",-4.46530207839904,3293.51580050039
"ncas","i02","503","2024-10-16",310.299064852319,54176.3256348977
"ncas","i02","504","2023-04-13",10.4498477810772,10111.4565893065
"ncas","i02","504","2023-04-26",-6.83594506288698,1850.53866348854
"ncas","i02","504","2023-05-10",-6.35207086990535,7275.2066838475
"ncas","i02","504","2023-05-23",7.03652240613671,-100.256519770879
"ncas","i02","504","2023-06-06",1.32288543825714,9395.52748617321
"ncas","i02","504","2023-07-05",7.84718495256374,13328.505380498
"ncas","i02","504","2023-07-20",-4.47304022610273,7659.82000815385
"ncas","i02","504","2023-08-02",3.76914308231099,13502.3784774873
"ncas","i02","504","2023-08-17",4.3946153397952,12311.5814595171
"ncas","i02","504","2023-09-14",10.7604165827916,3439.59835650388
"ncas","i02","504","2023-09-26",14.6773940786491,10488.6400607697
"ncas","i02","504","2023-10-18",22.5922857690512,1581.74347040513
"ncas","i02","505","2024-10-16",13.4744245245397,2424.50351944505
"ncas","i02","506","2023-04-13",180.148624936777,23464.2444623109
"ncas","i02","506","2023-04-26",6.99322713932297,3831.78679371688
"ncas","i02","506","2023-05-10",-7.12460365694074,-705.801857603542
"ncas","i02","506","2023-05-23",14.3557885275385,2414.68332375647
"ncas","i02","506","2023-06-06",6.83604655717897,1762.62769072351
"ncas","i02","506","2023-07-05",2.05082693250543,5239.532034014
"ncas","i02","506","2023-07-20",-0.796436397134593,3510.95711736824
"ncas","i02","506","2023-08-02",-5.20863440852874,3365.68780065263
"ncas","i02","506","2023-08-17",5.46049354903844,12773.0764846067
"ncas","i02","506","2023-09-14",-9.22238426342535,3044.03172890675
"ncas","i02","506","2023-09-26",0.603180578574577,3243.77111144566
"ncas","i02","506","2023-10-18",10.5240671056176,3589.48382756681
"ncas","i02","506","2024-05-01",-31.956601987839,30994.7614484319
"ncas","i02","506","2024-05-22",-60.7954219622826,16301.5621867563
"ncas","i02","506","2024-06-06",12.4113522080223,7565.69263848974
"ncas","i02","506","2024-07-03",-105.204142558569,34026.7782154634
"ncas","i10","506","2024-07-17",-22.0391144202249,50634.8624394569
"ncas","i10","506","2024-07-30",12.0187107046994,29949.1247372744
"ncas","i02","506","2024-08-08",-6.76052477139431,27222.3797461455
"ncas","i02","506","2024-08-14",45.9309301881967,7574.03354238969
"ncas","i02","506","2024-08-20",0.290080036385211,28189.0562167817
"ncas","i02","506","2024-08-30",-101.513570832499,28523.6072934977
"ncas","i02","506","2024-09-24",-4.51281885528723,16103.7391808247
"ncas","i02","506","2024-10-08",-68.504475867976,9232.64507255232
"ncas","i02","506","2024-11-04",27.0420990855748,13062.8361971709
"ncas","i02","507","2024-10-16",22.2947171073556,327.09410352413
"ncas","i02","508","2023-09-26",-3.15552162093035,3989.69904601703
"ncas","i02","508","2023-10-18",-15.455053733144,677.099016124975
"ncas","i02","508","2024-03-13",-35.3954230803353,369.015898370363
"ncas","i02","508","2024-03-19",-4.19910266166987,274.224944776596
"ncas","i02","508","2024-04-04",-43.1699649270917,1533.22779561257
"ncas","i02","508","2024-04-09",-20.4609661932141,12613.9213401878
"ncas","i02","508","2024-04-15",18.1561966358715,10841.8051550746
"ncas","i02","508","2024-04-22",-17.1876736522001,8795.40629104319
"ncas","i02","508","2024-04-25",-31.5491155998377,7474.13571948531
"ncas","i02","508","2024-05-01",27.0583511402923,28270.8957683222
"ncas","i02","508","2024-05-03",26.7338325840311,23462.2813440344
"ncas","i02","508","2024-05-06",-8.48513063431793,21754.8951097427
"ncas","i02","508","2024-05-09",18.5354452627303,29581.8712610594
"ncas","i02","508","2024-05-22",34.5537932760128,8067.5595605298
"ncas","i02","508","2024-05-23",-3.00467767617569,25524.7368591068
"ncas","i02","508","2024-05-30",-43.4329235215918,40698.9487236674
"ncas","i02","508","2024-05-31",-9.77964061581742,35635.0742620743
"ncas","i02","508","2024-06-04",-19.1637271221705,48068.6150208757
"ncas","i02","508","2024-06-06",17.3650264193175,42411.7638612921
"ncas","i02","508","2024-06-11",-19.1181987544694,38876.8191164671
"ncas","i02","508","2024-06-13",17.4515867292745,51835.0097042229
"ncas","i02","508","2024-06-25",-51.0837584042519,40821.8412052992
"ncas","i02","508","2024-06-26",11.8624553824737,53289.8661563021
"ncas","i02","508","2024-07-01",72.639628572962,35408.2534234241
"ncas","i02","508","2024-07-03",4.86031390035382,110917.08790367
"ncas","i02","508","2024-07-09",25.360112953472,50182.8011201852
"ncas","i02","508","2024-07-11",-36.8073015331437,47909.6154736789
"ncas","i10","508","2024-07-17",-62.2422960836323,50136.6448188186
"ncas","i02","508","2024-07-19",23.5927712103862,48431.4147857148
"ncas","i02","508","2024-07-25",-22.535082571313,64976.1547472844
"ncas","i10","508","2024-07-30",-3.72262988360649,68414.9271134958
"ncas","i02","508","2024-08-08",66.1029088758502,31489.0220463141
"ncas","i02","508","2024-08-14",-6.760524771393,34704.0271598213
"ncas","i02","508","2024-08-20",23.678375525516,57940.7289943713
"ncas","i02","508","2024-08-30",-24.7092840969515,48253.4924541381
"ncas","i02","508","2024-09-12",-47.0886479828061,42980.6996524424
"ncas","i02","508","2024-09-24",4.50701651426205,26118.1607001513
"ncas","i02","508","2024-10-08",-20.9504168812463,18560.4325920295
"ncas","i02","508","2024-10-16",-6.76052477139463,12589.5994631733
"ncas","i02","508","2024-11-04",-24.0374214094001,13573.6314021205
"ncas","i02","509","2023-04-13",25.7704981827531,9472.30640707302
"ncas","i02","509","2023-04-26",-4.0602829722946,3069.29865363275
"ncas","i02","509","2023-05-10",-2.52204859092631,2661.42496042481
"ncas","i02","509","2023-05-23",2.48052670586851,4492.03758792473
"ncas","i02","509","2023-06-06",-0.169394700374255,3016.91874653024
"ncas","i02","509","2023-07-05",13.6584193186344,10937.7901240088
"ncas","i02","509","2023-07-20",3.25211528829953,3776.43591641319
"ncas","i02","509","2023-08-02",-3.80609761077741,4273.30066938926
"ncas","i02","509","2023-08-17",-0.665850809059958,5173.66078639517
"ncas","i02","509","2023-09-14",1.93476592938984,4617.6413514772
"ncas","i02","509","2023-09-26",-4.10597734369856,1495.78005676912
"ncas","i02","509","2023-10-18",-8.75663445556169,3285.14122763927
"ncas","i02","509","2024-03-13",59.3577275062305,2362.31480967671
"ncas","i02","509","2024-03-19",-0.894264710616267,3278.35183788175
"ncas","i02","509","2024-04-04",-14.5797667671619,4655.96368037955
"ncas","i02","509","2024-04-09",-37.9060239944145,22464.3588286531
"ncas","i02","509","2024-04-15",4.39551551164186,12508.0974199564
"ncas","i02","509","2024-04-22",20.5063015753323,22114.691714938
"ncas","i02","509","2024-04-25",-17.4338316609229,8706.14597678461
"ncas","i02","509","2024-05-01",26.5142439621905,12901.0879250063
"ncas","i02","509","2024-05-03",-2.95682371168833,20337.5634545145
"ncas","i02","509","2024-05-06",-29.2054751642375,29536.1330390877
"ncas","i02","509","2024-05-09",42.0064624623792,28507.5454705051
"ncas","i02","509","2024-05-22",-19.1443553871451,19499.6016867861
"ncas","i02","509","2024-05-23",-0.751169419043884,24585.7750853021
"ncas","i02","509","2024-05-30",-24.7885908284436,34516.2348050604
"ncas","i02","509","2024-05-31",10.3990825308082,17288.8806323124
"ncas","i02","509","2024-06-04",-46.9869135315782,18102.2071817384
"ncas","i02","509","2024-06-06",8.2346768817569,11478.8892200284
"ncas","i02","509","2024-06-11",12.783641753096,15131.0059804377
"ncas","i02","509","2024-06-13",16.7305916059739,24235.4569835114
"ncas","i02","509","2024-06-25",38.1802832845027,27184.6372958351
"ncas","i02","509","2024-06-26",11.3387077851386,23900.1874526228
"ncas","i02","509","2024-07-01",-30.525707803079,37555.4115865078
"ncas","i02","509","2024-07-03",22.1155295530599,34750.9725998182
"ncas","i02","509","2024-07-09",-28.1630086667354,29009.4831721401
"ncas","i02","509","2024-07-11",-57.0888758473256,37573.4943405683
"ncas","i10","509","2024-07-17",9.06756396010011,43320.9073393599
"ncas","i02","509","2024-07-19",45.8991449397367,46587.6321138333
"ncas","i02","509","2024-07-25",1.38926135352995,48904.3150798446
"ncas","i10","509","2024-07-30",-51.0048639896675,42951.4135219907
"ncas","i02","509","2024-08-08",-1.50233883808818,32653.3346458319
"ncas","i02","509","2024-08-14",0.652668875696712,33391.9900559463
"ncas","i02","509","2024-08-20",32.0858301501519,38325.4737391549
"ncas","i02","509","2024-09-12",-3.75584709521902,42606.3294481616
"ncas","i02","509","2024-10-08",-50.1414013947951,17416.447126484
"ncas","i02","509","2024-11-04",39.4468689737672,14168.6114507265
"ncas","i02","601","2023-09-26",33.0894628456352,24672.1446940238
"ncas","i02","601","2023-10-18",22.1161152275082,7211.59366460421
"ncas","i02","602","2023-09-26",5.62968540002978,1688.90562000896
"ncas","i02","602","2023-10-18",-3.63015633083928,8439.0457761625
"ncas","i02","602","2024-05-01",-39.4650733390261,20327.7043049401
"ncas","i02","602","2024-05-22",55.1279540320704,7971.57465430771
"ncas","i02","602","2024-06-06",37.4247510236013,10643.9355385979
"ncas","i02","602","2024-07-03",108.241500277298,39431.05473411
"ncas","i10","602","2024-07-17",-16.4513509449708,37350.7709718039
"ncas","i10","602","2024-07-30",10.0012346917215,66381.5176276297
"ncas","i02","602","2024-08-14",27.7932685046182,33149.1064624007
"ncas","i02","602","2024-08-20",53.3330287521058,60484.1616214028
"ncas","i02","602","2024-08-30",-19.1937423842959,59509.3756735499
"ncas","i02","602","2024-09-24",-10.684431224376,28528.6400151494
"ncas","i02","602","2024-10-08",-49.6288529141419,17799.10740737
"ncas","i02","602","2024-11-04",-8.12210156423168,18195.1996083709
"ncas","i02","603","2023-04-13",-8.62078939206512,19956.3411685747
"ncas","i02","603","2023-04-26",-2.94929729330022,528.129980428088
"ncas","i02","603","2023-05-10",15.3481241400412,6132.63408526633
"ncas","i02","603","2023-05-23",10.1866910457704,10001.3924629972
"ncas","i02","603","2023-06-06",2.95793263063625,4535.49670030886
"ncas","i02","603","2023-07-05",10.5849132000284,7892.37590477121
"ncas","i02","603","2023-07-20",8.56169126919694,5362.6717407062
"ncas","i02","603","2023-08-02",-3.86953185877981,1264.04707386794
"ncas","i02","603","2023-08-17",-2.12916806617296,5239.99832030847
"ncas","i02","603","2023-09-14",-6.29531769753122,3212.55903121435
"ncas","i02","603","2023-09-26",0.194804097770625,-1978.3419039337
"ncas","i02","603","2024-05-01",-31.1329158136276,45551.7508573474
"ncas","i02","603","2024-05-22",12.1542540379086,28477.3567780738
"ncas","i02","603","2024-06-06",-15.0872908703312,26391.4173553187
"ncas","i02","603","2024-07-03",62.1421973936185,38504.2615388926
"ncas","i10","603","2024-07-17",-36.6217155890521,64168.049210246
"ncas","i10","603","2024-07-30",21.6016698854964,53534.6195637402
"ncas","i02","603","2024-08-08",-4.65524418463562,41171.3695370162
"ncas","i02","603","2024-08-14",52.7431854217344,34309.149640764
"ncas","i02","603","2024-08-20",-50.6650305964205,48999.1702561142
"ncas","i02","603","2024-08-30",-42.2007574028547,51507.8099690587
"ncas","i02","603","2024-09-24",-10.5163718666131,21663.7260452217
"ncas","i02","603","2024-10-08",31.8511989681044,15418.0445554256
"ncas","i02","603","2024-10-16",-54.5491840410348,15046.3238154272
"ncas","i02","603","2024-11-04",-19.7908810362519,9495.96694647043
"ncas","i02","604","2023-09-26",4.70677859309376,1754.34474833489
"ncas","i02","604","2023-10-18",-4.22806443238935,5406.79754687341
"ncas","i02","604","2024-03-13",-13.6952824010206,10154.1035628064
"ncas","i02","604","2024-03-19",-10.5539141413039,-655.304125405527
"ncas","i02","604","2024-04-04",118.004191738652,-4974.22388809084
"ncas","i02","604","2024-04-09",-12.0199119588491,20944.4183938731
"ncas","i02","604","2024-04-15",-42.2817259443432,13110.7244587748
"ncas","i02","604","2024-04-22",-2.95954843699251,13878.016473321
"ncas","i02","604","2024-04-25",-3.13681071609174,12960.1309039556
"ncas","i02","604","2024-05-01",21.1313963773772,26732.9225278161
"ncas","i02","604","2024-05-03",16.6868164109896,48807.6192695441
"ncas","i02","604","2024-05-06",26.6300801778621,108277.154718311
"ncas","i02","604","2024-05-09",27.2937011487877,33949.0961898898
"ncas","i02","604","2024-05-22",2.9735067566779,17228.5468942059
"ncas","i02","604","2024-05-23",-19.0724349231505,27357.4619770929
"ncas","i02","604","2024-05-30",-2.05469831238006,55817.4508956876
"ncas","i02","604","2024-05-31",42.1420409547082,23300.0866176569
"ncas","i02","604","2024-06-04",10.5163718666118,46534.9455097604
"ncas","i02","604","2024-06-06",-4.45609285308553,31701.1479122236
"ncas","i02","604","2024-06-11",16.6417862366289,31064.9750919641
"ncas","i02","604","2024-06-13",34.5749828223889,36841.0458857482
"ncas","i02","604","2024-06-25",-83.6529580298723,44240.4643752266
"ncas","i02","604","2024-06-26",4.64796596558983,56963.0461304316
"ncas","i02","604","2024-07-01",11.2675412856562,48442.9158341316
"ncas","i02","604","2024-07-03",-40.6314367573678,108892.250509742
"ncas","i02","604","2024-07-09",32.3002850188812,72653.1062099116
"ncas","i02","604","2024-07-11",45.821334561668,71015.5568763963
"ncas","i10","604","2024-07-17",3.35691495998524,50555.9373881986
"ncas","i02","604","2024-07-19",-33.2935264723153,49405.1803573016
"ncas","i02","604","2024-07-25",18.6969360377523,57118.7729887443
"ncas","i10","604","2024-07-30",-34.9202848055869,70888.5999466438
"ncas","i02","604","2024-08-08",1.26274585728455,50483.2111586564
"ncas","i02","604","2024-08-14",-0.0731190186071758,41438.2539549311
"ncas","i02","604","2024-08-20",-12.7698801237443,55796.8644465699
"ncas","i02","604","2024-08-30",-8.26286360948147,61678.5209976824
"ncas","i02","604","2024-09-12",37.4978700422079,39263.8162065946
"ncas","i02","604","2024-09-24",-1.50233883808816,38369.7339247549
"ncas","i02","604","2024-10-08",12.7078197996242,19764.9230622707
"ncas","i02","604","2024-11-04",46.2427984892101,4126.80112811186
"ncas","i02","605","2024-10-16",-75.3463895796401,6024.86886585843
"ncas","i02","606","2023-04-13",22.413873917901,3369.80440296329
"ncas","i02","606","2023-04-26",-5.76141796830736,3168.77988256895
"ncas","i02","606","2023-05-10",0.661557075001741,9268.41462077468
"ncas","i02","606","2023-05-23",-10.3407506468651,6293.86674424733
"ncas","i02","606","2023-06-06",1.24138426421508,2920.75162983012
"ncas","i02","606","2023-07-05",2.84469542250764,8593.62640427304
"ncas","i02","606","2023-07-20",2.65478799044862,11448.7732088099
"ncas","i02","606","2023-08-02",-1.09982429632686,8391.01242550541
"ncas","i02","606","2023-08-17",2.87692133410829,7478.65472105538
"ncas","i02","606","2023-09-14",-2.4502752504112,3333.22979825249
"ncas","i02","606","2023-09-26",1.92550033353828,2310.60040024575
"ncas","i02","607","2023-04-13",273.684069386482,17172.5882759457
"ncas","i02","607","2023-04-26",8.88150315760648,8046.37035979224
"ncas","i02","607","2023-05-10",-7.08076852629027,3206.02884500097
"ncas","i02","607","2023-05-23",19.50054987774,10931.840900263
"ncas","i02","607","2023-06-06",-5.04409718185252,2515.41162095002
"ncas","i02","607","2023-07-05",6.88019358001838,6734.65102351804
"ncas","i02","607","2023-07-20",-8.03073367110727,10094.8313336809
"ncas","i02","607","2023-08-02",-0.0649001824488203,6743.12895642754
"ncas","i02","607","2023-08-17",-6.73539915928214,8041.62764940965
"ncas","i02","607","2023-09-14",-0.457922055430462,7088.29240146122
"ncas","i02","607","2023-09-26",-2.1701503506966e-13,6311.36220437586
"ncas","i02","607","2023-10-18",0.223790870328161,2734.44469682358
"ncas","i02","607","2024-03-13",24.6143902905674,11361.3576977029
"ncas","i02","607","2024-03-19",-3.14481134723254,7231.47537430632
"ncas","i02","607","2024-04-09",36.4825241685643,21094.8432541843
"ncas","i02","607","2024-04-15",49.3866985462305,12972.825502203
"ncas","i02","607","2024-04-22",20.2158657177704,15305.9801761121
"ncas","i02","607","2024-04-25",34.5219503142212,42289.9701727298
"ncas","i02","607","2024-05-01",-31.5214894040411,45184.9914521543
"ncas","i02","607","2024-05-03",-21.981172017984,30280.150608915
"ncas","i02","607","2024-05-06",18.0287545689312,42735.4012936887
"ncas","i02","607","2024-05-09",-21.6857304719139,25618.3752740932
"ncas","i02","607","2024-05-22",21.0582773587704,16460.187873679
"ncas","i02","607","2024-05-23",16.9879853229893,32934.7558210175
"ncas","i02","607","2024-05-30",-3.00467767617503,42223.2330444492
"ncas","i02","607","2024-05-31",-19.7722300367423,27231.595847617
"ncas","i02","607","2024-06-04",29.5701524598536,31728.1305570972
"ncas","i02","607","2024-06-06",40.5631486283624,32495.5890678326
"ncas","i02","607","2024-06-11",-17.1386012173814,51131.7718266084
"ncas","i02","607","2024-06-13",-0.172411099636144,24382.1723822312
"ncas","i02","607","2024-06-25",-68.8384793130447,73900.1322037096
"ncas","i02","607","2024-06-26",8.41358360611524,133581.886655169
"ncas","i02","607","2024-07-01",14.2722189618308,46106.7789409056
"ncas","i02","607","2024-07-03",-47.3459224234535,95806.9659145081
"ncas","i02","607","2024-07-09",19.8459684054577,65536.6573716713
"ncas","i02","607","2024-07-11",26.5460106167917,55950.3352196787
"ncas","i10","607","2024-07-17",-10.3944789843841,90121.6289561528
"ncas","i02","607","2024-07-19",-5.258185933307,52461.6722260155
"ncas","i02","607","2024-07-25",6.9134554981248,58591.7770758269
"ncas","i10","607","2024-07-30",41.5925350841909,58671.4317203155
"ncas","i02","607","2024-08-08",-37.8269056259394,65284.4376281491
"ncas","i02","607","2024-08-14",44.318995723581,30197.0106455588
"ncas","i02","607","2024-08-20",38.3096403712315,49562.1582685068
"ncas","i02","607","2024-08-30",-22.5350825713127,54812.8325076226
"ncas","i02","607","2024-09-12",-48.0799405096921,31879.9738272478
"ncas","i02","607","2024-09-24",21.7772810417372,22763.7784677748
"ncas","i02","607","2024-10-08",22.879895453412,17024.6174031085
"ncas","i02","607","2024-10-16",27.0682233698076,14999.7750528461
"ncas","i02","607","2024-11-04",20.4261185171885,11344.3519764695
"ncas","i02","608","2024-10-16",66.7923822975067,3533.95204631275
"ncas","i02","609","2024-10-16",-91.2053971093791,15013.9123384875
"ncas","i02","702","2023-09-26",29.5120638094097,3380.50921344762
"ncas","i02","702","2023-10-18",-1.22087691928512,2965.18727637827
"ncas","i02","702","2024-03-13",28.5673248510687,2628.16235590728
"ncas","i02","702","2024-04-04",-44.0924340828714,901.844061171253
"ncas","i02","702","2024-04-09",-0.945091402676943,2688.15275910905
"ncas","i02","702","2024-04-15",28.0031270291168,6696.81407807059
"ncas","i02","702","2024-04-25",-22.7400147867279,4447.82990185408
"ncas","i02","702","2024-05-01",-10.4803926669805,21081.7973097555
"ncas","i02","702","2024-05-03",-4.50932731279025,23146.5188326113
"ncas","i02","702","2024-05-06",-21.5550688085968,24830.3787528606
"ncas","i02","702","2024-05-09",-18.6190536315336,20275.0341590918
"ncas","i02","702","2024-05-22",-22.6169972097948,3789.1574309219
"ncas","i02","702","2024-05-23",9.76520244756805,23000.8076111196
"ncas","i02","702","2024-05-30",-44.1394333126546,41980.8537167666
"ncas","i02","702","2024-06-04",16.6309698696165,22864.6828201642
"ncas","i02","702","2024-06-06",-2.3931192108901,13727.3185604037
"ncas","i02","702","2024-06-11",-8.26286360948171,49141.5033938421
"ncas","i02","702","2024-06-13",-25.1088620220226,38977.2053752977
"ncas","i02","702","2024-06-25",-7.17025354541737,21869.2733135236
"ncas","i02","702","2024-06-26",11.1186244330074,49566.4363655408
"ncas","i02","702","2024-07-01",28.3548367108432,36822.1275915548
"ncas","i02","702","2024-07-03",-31.0310247947767,76730.0637071695
"ncas","i02","702","2024-07-09",29.2956073427059,67920.738869936
"ncas","i02","702","2024-07-11",-42.0654874664503,40777.2319127902
"ncas","i10","702","2024-07-17",13.1422787955793,32985.7828181934
"ncas","i02","702","2024-07-19",2.29642752560028,34956.4615239136
"ncas","i02","702","2024-07-25",-14.0686402094728,41265.1105305599
"ncas","i10","702","2024-07-30",6.46641844220993,53675.471525711
"ncas","i02","702","2024-08-08",-14.6642635590219,21165.6648079135
"ncas","i02","702","2024-08-14",-2.9732693226212,30527.0154208488
"ncas","i02","702","2024-08-20",-25.9085055930244,47636.7968922951
"ncas","i02","702","2024-08-30",-19.0464846030575,47582.4077120551
"ncas","i02","702","2024-09-12",-67.1523754328426,31184.035422384
"ncas","i02","702","2024-09-24",-42.0654874664506,29798.8908534656
"ncas","i02","702","2024-10-08",-24.6236723795508,13497.7316602644
"ncas","i02","702","2024-10-16",-12.8129615400928,12604.5235023707
"ncas","i02","702","2024-11-04",-3.00467767617532,10891.9565761343
"ncas","i02","703","2024-10-16",25.4911774052849,3061.1884407716
"ncas","i02","704","2023-09-26",-6.28718222228904,5105.12753144081
"ncas","i02","704","2023-10-18",16.4573774932246,5159.05647747963
"ncas","i02","704","2024-05-01",42.6168602908925,5145.20630341268
"ncas","i02","704","2024-05-22",1.20548934402365,13633.4013149214
"ncas","i02","704","2024-06-06",19.1535931578763,23217.9350416557
"ncas","i02","704","2024-07-03",-33.4611832119494,57696.6401954606
"ncas","i10","704","2024-07-17",14.7104303899874,27236.6314046687
"ncas","i10","704","2024-07-30",-7.14118817679654,50428.2921874548
"ncas","i02","704","2024-08-08",56.3377064282809,41141.5490810262
"ncas","i02","704","2024-08-14",-23.286251990357,30136.9170920353
"ncas","i02","704","2024-08-20",0.332395755174549,42817.5982825
"ncas","i02","704","2024-08-30",25.9448490894212,63160.0670383912
"ncas","i02","704","2024-09-24",1.97865778354484,23940.8116535907
"ncas","i02","704","2024-10-08",-43.3983023219298,8166.7451440903
"ncas","i02","704","2024-10-16",-5.55177206416711,11781.2226366087
"ncas","i02","704","2024-11-04",23.5565104945037,3569.42675832391
"ncas","i02","705","2023-09-26",15.8839445382083,-450.760588246591
"ncas","i02","705","2023-10-18",-5.46285068790654,1222.1016487377
"ncas","i02","706","2023-04-13",13.1747370371012,9137.94568878742
"ncas","i02","706","2023-04-26",-3.83980274500273,8538.19332691516
"ncas","i02","706","2023-05-10",-9.71306751020086,4410.9177117134
"ncas","i02","706","2023-05-23",8.88913365795019,2026.47809920407
"ncas","i02","706","2023-06-06",-6.4866711653739,-1172.84256424442
"ncas","i02","706","2023-07-05",10.3202903700277,5530.61714701483
"ncas","i02","706","2023-07-20",-1.06191519617952,6417.94996690953
"ncas","i02","706","2023-08-02",0.0644270851080219,7430.65759401211
"ncas","i02","706","2023-08-17",-3.27850488348961,3063.47583500592
"ncas","i02","706","2023-09-14",0.22224015936204,9357.33015941508
"ncas","i02","706","2023-10-18",17.9936164410934,558.95662966462
"ncas","i02","706","2024-05-01",-56.8788838709421,18076.7522938925
"ncas","i02","706","2024-05-22",1.03135341435822,2799.69080501755
"ncas","i02","706","2024-06-06",-36.6813743344328,33385.5345707286
"ncas","i02","706","2024-07-03",-78.8727889995946,76315.3985683951
"ncas","i10","706","2024-07-17",0.107626826402562,62697.3156610019
"ncas","i10","706","2024-07-30",-60.180440999119,54008.3388496181
"ncas","i02","706","2024-08-08",25.7378945496078,26538.4259383218
"ncas","i02","706","2024-08-14",-50.0784600540588,31785.5244773569
"ncas","i02","706","2024-08-20",15.023388380875,33171.641544972
"ncas","i02","706","2024-08-30",11.1195438081739,44630.464637025
"ncas","i02","706","2024-09-24",-27.202208901985,15338.0864695584
"ncas","i02","706","2024-10-08",-27.2721906971776,13451.8710040862
"ncas","i02","706","2024-11-04",12.3913027073727,9348.46801887602
"ncas","i02","707","2023-04-13",12.7204357599598,4023.81131182399
"ncas","i02","707","2023-04-26",2.08090051695962,1161.16591109104
"ncas","i02","707","2023-05-10",-0.576166165355942,11282.3247712869
"ncas","i02","707","2023-05-23",-29.2506671251808,1971.95508709077
"ncas","i02","707","2023-06-06",-10.1235711143814,888.261723584454
"ncas","i02","707","2023-07-05",-0.330778537500945,8732.55339002345
"ncas","i02","707","2023-07-20",4.91135778232997,8203.29489048633
"ncas","i02","707","2023-08-02",4.24314810264097,6319.7190680244
"ncas","i02","707","2023-08-17",7.76525487206229,9636.88040532857
"ncas","i02","707","2023-09-14",-7.31901565914477,858.048599722396
"ncas","i02","707","2023-09-26",-2.14647899164989,364.901428580364
"ncas","i02","707","2023-10-18",0.576294954130079,1371.15472764445
"ncas","i02","708","2023-04-13",-3.37480948733633,1778.26499909642
"ncas","i02","708","2023-04-26",-2.23311331963349,4159.75583862748
"ncas","i02","708","2023-05-10",22.185495033759,11610.4710210183
"ncas","i02","708","2023-05-23",-17.2531550166901,6028.93377849481
"ncas","i02","708","2023-06-06",-1.38299042371857,1368.48794055176
"ncas","i02","708","2023-07-05",-0.593487816585702,6422.85703727116
"ncas","i02","708","2023-08-02",-5.76493537063707,3872.97334719079
"ncas","i02","708","2023-08-17",-5.17683658137499,1553.05097441238
"ncas","i02","708","2023-09-14",13.6800841395102,5751.62353818673
"ncas","i02","708","2023-09-26",2.36891553304068,4307.11915098311
"ncas","i02","708","2023-10-18",3.41855602625423,2562.50439323326
"ncas","i02","708","2024-03-13",24.7132400937996,2618.06151759815
"ncas","i02","708","2024-03-19",-32.5397782483619,1885.95672281505
"ncas","i02","708","2024-04-04",9.73006511262239,2576.15899660542
"ncas","i02","708","2024-04-09",34.7495122895442,8870.17119329972
"ncas","i02","708","2024-04-15",-21.6073327958129,8770.46056841895
"ncas","i02","708","2024-04-22",25.4429200678455,9548.8938227805
"ncas","i02","708","2024-04-25",-23.0367940199783,8747.69676804773
"ncas","i02","708","2024-05-01",-11.5162454305779,22701.7491669901
"ncas","i02","708","2024-05-03",14.3956226259855,25470.5186704468
"ncas","i02","708","2024-05-06",8.28805465565355,14913.4931282523
"ncas","i02","708","2024-05-09",13.9670019360569,19526.964821116
"ncas","i02","708","2024-05-23",-0.625795804319337,21574.2542671168
"ncas","i02","708","2024-05-30",29.8934921070965,26036.4638755859
"ncas","i02","708","2024-06-04",80.5771585047389,9834.8735977132
"ncas","i02","708","2024-06-06",-17.0367313353944,54819.156225014
"ncas","i02","708","2024-06-11",57.4985829447915,42651.2418113832
"ncas","i02","708","2024-06-13",54.3255674667291,38478.2097096147
"ncas","i02","708","2024-06-25",51.8624742335832,47250.9190922726
"ncas","i02","708","2024-06-26",43.2725320862374,29989.0522188877
"ncas","i02","708","2024-07-01",36.0901715339207,35934.2561913933
"ncas","i02","708","2024-07-03",7.37097123725732,75416.92442043
"ncas","i02","708","2024-07-09",-38.7869771136123,49494.8223644091
"ncas","i02","708","2024-07-11",78.1216195805502,48758.4069901299
"ncas","i10","708","2024-07-17",-7.87228462824037,51714.4241422703
"ncas","i02","708","2024-07-19",-8.0653449574624,22513.3106289876
"ncas","i02","708","2024-07-25",-30.8682747917407,35436.9261035532
"ncas","i10","708","2024-07-30",43.3682345655394,43588.7961513409
"ncas","i02","708","2024-08-08",34.5537932760117,62940.485621676
"ncas","i02","708","2024-08-14",-21.7839131522689,8270.3753036716
"ncas","i02","708","2024-08-20",-24.9457718480343,37431.2098702451
"ncas","i02","708","2024-08-30",2.25450307371052,47903.0719850549
"ncas","i02","708","2024-09-12",6.00935535234975,20274.0626199908
"ncas","i02","708","2024-09-24",-64.5960809774896,25042.8960929187
"ncas","i02","708","2024-10-08",27.641957526262,10030.5204362806
"ncas","i02","708","2024-11-04",-92.6681269469994,11551.2431096844
"ncas","i02","709","2024-10-16",-17.2897674571197,3092.34473443173
"ncas","i02","801","2023-10-20",-5.08515159713288,5268.79294671186
"ncas","i02","801","2024-03-13",15.1262205048583,2757.82421341336
"ncas","i02","801","2024-03-19",13.4424120131163,3211.97183572702
"ncas","i02","801","2024-04-04",12.6139819890107,4623.20879901521
"ncas","i02","801","2024-04-09",44.7174899384689,15195.4508592777
"ncas","i02","801","2024-04-15",22.6359398803466,7668.10948233263
"ncas","i02","801","2024-04-22",1.20676988256471,5921.06180331376
"ncas","i02","801","2024-05-01",19.7234344868839,19618.5850024368
"ncas","i02","801","2024-05-03",4.80568912660298,61210.6744803088
"ncas","i02","801","2024-05-06",1.56553965629299,43536.4977558669
"ncas","i02","801","2024-05-09",-56.1196703768069,19053.2144504319
"ncas","i02","801","2024-05-22",-18.3224175820992,5428.9664759319
"ncas","i02","801","2024-05-23",-0.770143899170628,29283.9427123003
"ncas","i02","801","2024-05-30",30.8688205283432,47106.2552388361
"ncas","i02","801","2024-06-04",49.8929096088498,45920.5734479864
"ncas","i02","801","2024-06-06",-49.9960836222243,1931.56522375729
"ncas","i02","801","2024-06-11",-25.4732145069571,34567.2041676065
"ncas","i02","801","2024-06-13",19.8470269066496,71734.4839497905
"ncas","i02","801","2024-06-25",105.809103244502,34503.2785883364
"ncas","i02","801","2024-06-26",34.56319305319,30233.8725520226
"ncas","i02","801","2024-07-01",18.7792354760936,28829.8823028991
"ncas","i02","801","2024-07-03",-2.39008451514033,26888.450795316
"ncas","i02","801","2024-07-09",-12.9055067841082,37624.4878094293
"ncas","i02","801","2024-07-11",50.3668173170124,47083.1640564103
"ncas","i10","801","2024-07-17",24.8128974929052,29677.1015412848
"ncas","i02","801","2024-07-19",-5.26969684822147,32367.7833795282
"ncas","i02","801","2024-07-25",-43.6995054058846,59322.0785884874
"ncas","i10","801","2024-07-30",103.09750943883,66763.4331287687
"ncas","i02","801","2024-08-08",25.8091038638769,29309.4635754162
"ncas","i02","801","2024-08-14",3.93624050166782,24360.3322390552
"ncas","i02","801","2024-08-20",-18.9515703165404,43394.7448990384
"ncas","i02","801","2024-08-30",8.43195154643739,43718.5689485107
"ncas","i02","801","2024-09-12",0.219963953384724,40284.9316361657
"ncas","i02","801","2024-09-24",35.3049626950557,24420.5178131124
"ncas","i02","801","2024-10-08",243.390899089709,43450.1917195775
"ncas","i02","801","2024-11-04",2.12721707634594,3385.65936037565
"ncas","i02","802","2023-09-26",-3.9151519358938,-3567.13843048115
"ncas","i02","802","2023-10-20",4.64587898328503,1794.99869808745
"ncas","i02","803","2024-10-16",40.8348302488065,-794.150212457186
"ncas","i02","804","2023-09-26",-5.57000219137849,1984.55318761027
"ncas","i02","804","2023-10-20",14.0244205757481,4499.96429186433
"ncas","i02","804","2024-05-01",11.2990542685687,9983.15074710385
"ncas","i02","804","2024-05-22",-11.2809450500058,1498.58825482751
"ncas","i02","804","2024-06-06",-22.8893697932538,8725.73125853488
"ncas","i02","804","2024-07-03",-38.2413522422286,30712.5860195386
"ncas","i10","804","2024-07-17",-65.7986918388035,32714.6648005004
"ncas","i10","804","2024-07-30",-39.520190291563,57515.4413180158
"ncas","i02","804","2024-08-08",-70.6099253901134,15721.9759405856
"ncas","i02","804","2024-08-14",-7.4825129041003,27407.9329345883
"ncas","i02","804","2024-08-30",8.59148468630374,57166.3985873246
"ncas","i02","804","2024-09-24",-47.3236733997569,37055.1874414283
"ncas","i02","804","2024-10-08",31.7575879224872,15701.6360686991
"ncas","i02","804","2024-11-04",21.6749920198685,18179.7695927007
"ncas","i02","805","2023-04-13",204.889875990781,29951.4342001094
"ncas","i02","805","2023-04-26",9.18733870439803,8564.0482985187
"ncas","i02","805","2023-05-10",25.3595717224761,11713.1070726964
"ncas","i02","805","2023-05-23",0.0643018026929764,5065.72959575348
"ncas","i02","805","2023-06-06",-17.1336481664765,1667.93468893352
"ncas","i02","805","2023-07-05",12.4409941696308,3999.90097535211
"ncas","i02","805","2023-07-20",3.65033348686688,8422.31489969824
"ncas","i02","805","2023-08-02",-5.5293988285331,2709.70537845015
"ncas","i02","805","2023-08-17",2.73059303479535,9574.68566791094
"ncas","i02","805","2023-09-14",2.40487803198993,5085.60096051071
"ncas","i02","805","2023-09-26",-6.48206108201502,-1166.77099476287
"ncas","i02","805","2023-10-20",8.27026292125952,2760.24939971007
"ncas","i02","805","2024-03-13",41.4794123000796,8735.59530974436
"ncas","i02","805","2024-03-19",-31.0298109901954,566.977158946317
"ncas","i02","805","2024-04-04",20.1384792956742,11769.849449421
"ncas","i02","805","2024-04-09",-3.49758486975094,9405.52361173627
"ncas","i02","805","2024-04-15",-27.7808068988494,15919.441051967
"ncas","i02","805","2024-04-22",7.55634677650336,11615.3443100216
"ncas","i02","805","2024-04-25",26.0290678172627,9575.03089086297
"ncas","i02","805","2024-05-01",-9.01403302852502,50080.4651676468
"ncas","i02","805","2024-05-03",18.4078584303087,33767.027566186
"ncas","i02","805","2024-05-06",-31.6441569414532,39654.1436643021
"ncas","i02","805","2024-05-09",-12.886082031195,30907.1353985869
"ncas","i02","805","2024-05-22",-6.54024521819913,10420.6781765808
"ncas","i02","805","2024-05-23",-21.8281479538723,21773.7588808969
"ncas","i02","805","2024-05-30",-3.00467767617551,32893.7088599259
"ncas","i02","805","2024-06-04",-49.577181656888,21926.635341887
"ncas","i02","805","2024-06-06",-3.81035627548369,12130.768703091
"ncas","i02","805","2024-06-11",-15.0233883808752,30084.3352327021
"ncas","i02","805","2024-06-13",-56.0280791649579,27407.5029662354
"ncas","i02","805","2024-06-25",-10.4620236915921,38923.4835980338
"ncas","i02","805","2024-06-26",62.5336697015839,59962.8452601649
"ncas","i02","805","2024-07-01",-10.6266307041947,45090.9145294358
"ncas","i02","805","2024-07-03",21.5107606362516,55904.076809106
"ncas","i02","805","2024-07-09",-28.5444379236634,56998.7355170399
"ncas","i02","805","2024-07-11",14.0444672881494,62099.993147306
"ncas","i10","805","2024-07-17",34.9802741632222,46819.5390459596
"ncas","i02","805","2024-07-19",54.8353675901934,33900.2758814445
"ncas","i02","805","2024-07-25",6.15899069478898,45604.3932422007
"ncas","i10","805","2024-07-30",-19.530404895138,53378.098917249
"ncas","i02","805","2024-08-08",-42.1597577321875,43860.8123050331
"ncas","i02","805","2024-08-14",-16.7905817750796,27663.399990916
"ncas","i02","805","2024-08-20",7.25187639663553,46036.6034703325
"ncas","i02","805","2024-08-30",-20.9698968894013,62279.8605483419
"ncas","i02","805","2024-09-12",-98.6009965913259,41349.1706172617
"ncas","i02","805","2024-09-24",-54.509937581375,29723.2657868884
"ncas","i02","805","2024-10-08",-20.7277281089466,13625.1511096009
"ncas","i02","805","2024-10-16",-11.3552055799131,14436.3227019686
"ncas","i02","805","2024-11-04",-18.779235476094,9660.03872890264
"ncas","i02","806","2024-10-16",27.057407546236,7394.72678157152
"ncas","i02","807","2023-04-26",8.88677344179039,2966.8151336438
"ncas","i02","807","2023-05-10",10.6827806985414,7768.0960881987
"ncas","i02","807","2023-06-06",-2.24766949496161,6744.52107203394
"ncas","i02","807","2023-07-05",-6.92402452683244,9818.92620995562
"ncas","i02","807","2023-07-20",0.132739399522424,2495.50071102175
"ncas","i02","807","2023-08-02",3.48842216767113,4566.30698010361
"ncas","i02","807","2023-08-17",-5.68939084501535,5689.39084501521
"ncas","i02","807","2023-09-14",-8.1622105162895,589.517650284231
"ncas","i02","807","2023-09-26",7.20945318023359,6526.77515117552
"ncas","i02","807","2023-10-20",0.425102774090852,1742.92137377297
"ncas","i02","808","2024-10-16",-29.3602931532615,5096.79022494696
"ncas","i02","809","2023-04-13",15.3813432403596,6483.52822663254
"ncas","i02","809","2023-04-26",-0.607502981396108,1509.74031313042
"ncas","i02","809","2023-05-10",6.59430907317371,5631.53994849043
"ncas","i02","809","2023-05-23",-11.7939475734071,3439.90137557703
"ncas","i02","809","2023-06-06",3.92118630079342,1756.66725790173
"ncas","i02","809","2023-07-05",-8.68409802849597,2476.06578480521
"ncas","i02","809","2023-07-20",1.26102429546304,3471.13529751162
"ncas","i02","809","2023-08-02",-0.769071723174049,4620.83927007051
"ncas","i02","809","2023-08-17",13.5756906749582,7811.707932163
"ncas","i02","809","2023-09-14",-5.10081155817192,2108.69319981358
"ncas","i02","809","2023-09-26",5.16854298117985,4414.79712975769
"ncas","i02","809","2024-05-01",30.2886704166129,47529.7648203998
"ncas","i02","809","2024-05-22",31.669832891694,12049.7437070859
"ncas","i02","809","2024-06-06",-9.01403302852521,25652.435660344
"ncas","i02","809","2024-07-03",62.3399130233496,44184.5265992757
"ncas","i10","809","2024-07-17",24.4849147525164,50307.5223202178
"ncas","i10","809","2024-07-30",37.574640509165,53068.1425346058
"ncas","i02","809","2024-08-08",55.4607756132894,37984.9645711608
"ncas","i02","809","2024-08-14",24.4159988257703,42771.2575225979
"ncas","i02","809","2024-08-20",-38.7975387219983,50378.0601397847
"ncas","i02","809","2024-08-30",-53.6054280255695,81772.5580884263
"ncas","i02","809","2024-09-24",-8.26286360948157,40315.2627200782
"ncas","i02","809","2024-10-08",-24.2333182426439,27591.9061548474
"ncas","i02","809","2024-10-16",9.407796904756,5890.68028382234
"ncas","i02","809","2024-11-04",5.68063651069716,20810.4679662106
"oreimanure","rosemount","101","2020-11-02",-4.00489710755,593.829571119376
"oreimanure","rosemount","101","2020-11-05",3.03573457390464,1288.50067470172
"oreimanure","rosemount","101","2020-11-19",1.7403597535699,35284.1814237261
"oreimanure","rosemount","101","2021-04-05",39.8018646415692,24693.8241787962
"oreimanure","rosemount","101","2021-04-22",-0.137176618293101,23196.5661533514
"oreimanure","rosemount","101","2021-04-29",21.2928582868271,43827.6547687393
"oreimanure","rosemount","101","2021-05-18",3.76627400984447,18386.4517466014
"oreimanure","rosemount","101","2021-06-01",22.132439408695,70174.0464187613
"oreimanure","rosemount","101","2021-06-15",10.6999501885778,13422.2947262882
"oreimanure","rosemount","101","2021-07-08",-0.0316738795331105,8385.58124243171
"oreimanure","rosemount","101","2021-07-16",1.52158127250403,6126.01851451645
"oreimanure","rosemount","101","2021-09-10",3.36198470935276,13690.0017364845
"oreimanure","rosemount","101","2021-10-14",0.456513341890957,5452.61410577477
"oreimanure","rosemount","101","2021-10-25",7.52644456418843,3031.29281071442
"oreimanure","rosemount","102","2020-11-02",-3.59059740676886,55.2399601040027
"oreimanure","rosemount","102","2020-11-05",39.2621671558336,2172.23673954955
"oreimanure","rosemount","102","2020-11-19",0.13581461314696,10783.6802838703
"oreimanure","rosemount","102","2021-04-05",4.09147839979535,14814.6746321372
"oreimanure","rosemount","102","2021-04-22",6.40914239447887,12080.0416309161
"oreimanure","rosemount","102","2021-04-29",11.4384778595396,35310.378102496
"oreimanure","rosemount","102","2021-05-18",6.27385145273628,25048.183273129
"oreimanure","rosemount","102","2021-06-01",-2.75438459262187,26027.9064056098
"oreimanure","rosemount","102","2021-06-15",-11.6523891585479,2450.33097734031
"oreimanure","rosemount","102","2021-07-08",3.01590289287304,8169.74583647173
"oreimanure","rosemount","102","2021-07-16",-1.4537796509761,6681.09834196803
"oreimanure","rosemount","102","2021-09-10",0.201060192858205,8002.19567575668
"oreimanure","rosemount","102","2021-10-14",1.58430754747813,4917.01163842328
"oreimanure","rosemount","102","2021-10-25",12.9190219523534,2909.33530137875
"oreimanure","rosemount","103","2020-11-02",7.25024476366784,700.856993821147
"oreimanure","rosemount","103","2020-11-05",12.1429382956186,1342.46928934883
"oreimanure","rosemount","103","2020-11-19",11.9055754950332,5367.83172608419
"oreimanure","rosemount","103","2021-04-05",-6.62604474739296,8823.09010914162
"oreimanure","rosemount","103","2021-04-22",13.2375436652773,12332.1779845433
"oreimanure","rosemount","103","2021-04-29",-20.9818232926466,22518.2342240758
"oreimanure","rosemount","103","2021-05-18",-4.57229920471987,16823.3714856013
"oreimanure","rosemount","103","2021-06-01",6.85573862369669,27872.6830815289
"oreimanure","rosemount","103","2021-06-15",12.5454066753037,8139.15493839269
"oreimanure","rosemount","103","2021-07-08",4.61782848319425,4978.97800903113
"oreimanure","rosemount","103","2021-08-10",-13.3009519855646,6342.52291725436
"oreimanure","rosemount","103","2021-09-10",-2.54948878825738,7613.40047063677
"oreimanure","rosemount","103","2021-10-14",0.396292484872756,3107.77335773183
"oreimanure","rosemount","103","2021-10-25",-5.86924576106456,2030.06853382696
"oreimanure","rosemount","104","2020-11-02",3.38344755637833,690.499501301601
"oreimanure","rosemount","104","2020-11-05",6.94845913582619,-1949.61620412999
"oreimanure","rosemount","104","2020-11-19",-8.53347607736486,7246.57283021369
"oreimanure","rosemount","104","2021-04-05",-12.4756309026971,13160.1756514232
"oreimanure","rosemount","104","2021-04-22",-0.504839164595829,19654.7061591533
"oreimanure","rosemount","104","2021-04-29",4.69064151363042,44470.5848178883
"oreimanure","rosemount","104","2021-05-18",-13.9934849534973,16538.230954395
"oreimanure","rosemount","104","2021-06-15",-1.70902774214542,2570.1147968417
"oreimanure","rosemount","104","2021-07-08",-4.47612768992644,4031.79653947462
"oreimanure","rosemount","104","2021-07-16",47.3085114118267,9722.47798797836
"oreimanure","rosemount","104","2021-08-10",-2.29326758371809,6355.62730344715
"oreimanure","rosemount","104","2021-09-10",-5.29245660001428,6853.73129701833
"oreimanure","rosemount","104","2021-10-14",3.1496458149517,1882.78827604886
"oreimanure","rosemount","104","2021-10-25",7.11214486340748,10157.247664148
"oreimanure","rosemount","107","2020-11-02",-4.59541671281656,3861.52180494877
"oreimanure","rosemount","107","2020-11-05",14.4024819862035,2349.54757086478
"oreimanure","rosemount","107","2020-11-19",-2.37164219330319,2434.42095724338
"oreimanure","rosemount","107","2021-04-29",5.64400883716238,16559.8374518318
"oreimanure","rosemount","107","2021-06-01",-21.6699714840232,63271.4449160639
"oreimanure","rosemount","107","2021-06-15",1.77475957838169,7808.94214487968
"oreimanure","rosemount","107","2021-07-08",10.8723823097166,24370.9599192281
"oreimanure","rosemount","107","2021-07-16",31.7490904274398,16250.6445811391
"oreimanure","rosemount","107","2021-08-10",8.50842822467931,22231.1340489825
"oreimanure","rosemount","107","2021-09-10",-6.52836598244205,14415.1596339578
"oreimanure","rosemount","107","2021-10-14",11.8986619675955,5949.33098379761
"oreimanure","rosemount","108","2020-11-02",7.55759777216901,2280.90301756039
"oreimanure","rosemount","108","2020-11-05",5.74719605605731,1650.04174396966
"oreimanure","rosemount","108","2020-11-19",10.7856650841869,6341.10773889897
"oreimanure","rosemount","108","2021-04-05",-14.4591871833392,33576.1145370092
"oreimanure","rosemount","108","2021-04-22",7.65113415835229,73482.1751152247
"oreimanure","rosemount","108","2021-04-29",23.1056109486552,45753.2112660797
"oreimanure","rosemount","108","2021-05-18",17.8185189595698,41641.5426100436
"oreimanure","rosemount","108","2021-06-01",2.94413677588212,66312.2006686084
"oreimanure","rosemount","108","2021-06-15",13.8207417188254,11406.7435338884
"oreimanure","rosemount","108","2021-07-08",-5.9558900530576,12609.5297577598
"oreimanure","rosemount","108","2021-07-16",-32.7763814192114,12912.4224554785
"oreimanure","rosemount","108","2021-08-10",5.70863124518064,14650.5466888874
"oreimanure","rosemount","108","2021-09-10",4.22035780683115,11962.0766587369
"oreimanure","rosemount","108","2021-10-14",-5.73935459613435,5991.3262613304
"oreimanure","rosemount","108","2021-10-25",1.01272116792627,10969.998172494
"oreimanure","rosemount","201","2020-11-02",-9.15284127652842,-96.3456976476948
"oreimanure","rosemount","201","2020-11-19",-4.22423359200787,12243.4641368356
"oreimanure","rosemount","201","2021-04-05",1.26670475682669,15083.6314618602
"oreimanure","rosemount","201","2021-04-22",-2.54627915211698,8843.15867694666
"oreimanure","rosemount","201","2021-04-29",-5.18381779077835,38540.3784296155
"oreimanure","rosemount","201","2021-05-18",-6.34131222104531,23557.3002935
"oreimanure","rosemount","201","2021-06-01",-0.0428077187245955,48959.089038692
"oreimanure","rosemount","201","2021-06-15",-3.53347844677147,12165.9558061029
"oreimanure","rosemount","201","2021-07-08",1.35897417770687,10454.1743001988
"oreimanure","rosemount","201","2021-07-16",5.89019044619411,10590.4215345371
"oreimanure","rosemount","201","2021-09-10",1.87656180000986,17116.9244186621
"oreimanure","rosemount","201","2021-10-14",-0.148151286181561,5622.5657822351
"oreimanure","rosemount","201","2021-10-25",-2.34478642989097,2120.37406788564
"oreimanure","rosemount","202","2020-11-02",-9.09955907819292,1223.89229936915
"oreimanure","rosemount","202","2020-11-05",11.9131212624567,3702.47268709499
"oreimanure","rosemount","202","2020-11-19",2.5890463951015,14089.8630133423
"oreimanure","rosemount","202","2021-04-05",16.7977313089391,19239.8111217247
"oreimanure","rosemount","202","2021-04-22",-3.16321681879971,24782.6768307286
"oreimanure","rosemount","202","2021-04-29",24.7581019694002,35518.0945146844
"oreimanure","rosemount","202","2021-05-18",12.3860440727559,32352.6178512422
"oreimanure","rosemount","202","2021-06-01",-19.906955621005,56120.2463664637
"oreimanure","rosemount","202","2021-07-08",0.467613051500079,14355.7206810535
"oreimanure","rosemount","202","2021-07-16",3.06255871696007,13963.1110178475
"oreimanure","rosemount","202","2021-09-10",-1.33603729000037,7234.64192535176
"oreimanure","rosemount","202","2021-10-14",3.24361528079274,6965.80411028103
"oreimanure","rosemount","202","2021-10-25",-4.48235281613028,4405.72761482658
"oreimanure","rosemount","203","2020-11-02",-9.12819782942362,1305.4567246314
"oreimanure","rosemount","203","2020-11-05",8.43259603862397,2266.68181518209
"oreimanure","rosemount","203","2020-11-19",14.1077628698369,6276.23401819089
"oreimanure","rosemount","203","2021-04-05",-2.75999973646134,16359.3988293111
"oreimanure","rosemount","203","2021-04-22",6.6309001834898,7526.41350723939
"oreimanure","rosemount","203","2021-04-29",-14.959459458929,8432.13858714768
"oreimanure","rosemount","203","2021-05-18",-2.92112900862993,27743.8014243336
"oreimanure","rosemount","203","2021-06-01",8.29510700835257,38821.4960394481
"oreimanure","rosemount","203","2021-06-15",12.1231772243662,14769.9795155744
"oreimanure","rosemount","203","2021-07-08",0.0327256430156448,11164.3531147932
"oreimanure","rosemount","203","2021-07-16",103.723434250551,20409.47681072
"oreimanure","rosemount","203","2021-08-10",7.91894532808314,7527.00779945643
"oreimanure","rosemount","203","2021-09-10",-3.57240820500963,6728.03545276803
"oreimanure","rosemount","203","2021-10-14",-3.79524966012106,1285.65489970142
"oreimanure","rosemount","203","2021-10-25",-4.6444002869216,1763.55337233741
"oreimanure","rosemount","204","2020-11-02",9.18152712540845,2350.71092593638
"oreimanure","rosemount","204","2020-11-05",-60.3773876365485,-1814.69466751205
"oreimanure","rosemount","204","2020-11-19",19.1474445121202,7736.89190182525
"oreimanure","rosemount","204","2021-04-05",-19.312215665137,9292.924301912
"oreimanure","rosemount","204","2021-04-22",7.51957752766881,37980.7024942984
"oreimanure","rosemount","204","2021-04-29",11.2354279567075,37232.583849306
"oreimanure","rosemount","204","2021-05-18",11.0273098466771,39873.138652924
"oreimanure","rosemount","204","2021-06-01",17.1368881303784,24331.0704609346
"oreimanure","rosemount","204","2021-06-15",10.2810591501337,7521.8990430145
"oreimanure","rosemount","204","2021-07-08",-0.272708311944674,5709.27465017028
"oreimanure","rosemount","204","2021-07-16",13.5010034073403,4108.18118042998
"oreimanure","rosemount","204","2021-08-10",-10.252706570552,9718.54692792131
"oreimanure","rosemount","204","2021-09-10",-2.96983803820579,4768.77219038052
"oreimanure","rosemount","204","2021-10-14",-7.97910273121111,2372.73318059694
"oreimanure","rosemount","204","2021-10-25",9.56575140930403,1397.01261589112
"oreimanure","rosemount","207","2020-11-02",-2.62389810494656,566.20959106739
"oreimanure","rosemount","207","2020-11-05",-18.5581555956275,1741.50807944462
"oreimanure","rosemount","207","2020-11-19",-3.82348161092637,3670.54234648911
"oreimanure","rosemount","207","2021-04-05",-1.58263417756169,10946.5530614683
"oreimanure","rosemount","207","2021-04-22",-13.921071809168,13883.2688995584
"oreimanure","rosemount","207","2021-06-01",18.781416529033,27344.1268605491
"oreimanure","rosemount","207","2021-06-15",-17.4566240976855,2771.79180990643
"oreimanure","rosemount","207","2021-07-08",6.6088815874961,5838.98094895271
"oreimanure","rosemount","207","2021-07-16",-82.2672293499016,-6952.67649829804
"oreimanure","rosemount","207","2021-08-10",-4.50488390562183,9402.80261469635
"oreimanure","rosemount","207","2021-09-10",-6.58471973926255,9620.25622903402
"oreimanure","rosemount","207","2021-10-14",-3.49960646105752,3520.60409982377
"oreimanure","rosemount","207","2021-10-25",7.48915782666306,6593.2585726322
"oreimanure","rosemount","208","2020-11-02",0.118642806428277,1393.44501421216
"oreimanure","rosemount","208","2020-11-05",-35.7277838286588,815.757173065665
"oreimanure","rosemount","208","2020-11-19",5.21383856035407,7521.83109640415
"oreimanure","rosemount","208","2021-04-29",14.9892159716407,29140.3985048671
"oreimanure","rosemount","208","2021-05-18",0.806876330244701,19694.5064273885
"oreimanure","rosemount","208","2021-06-01",1.70410439079419,35783.3889058044
"oreimanure","rosemount","208","2021-06-15",-6.63891545987252,8407.10185463044
"oreimanure","rosemount","208","2021-07-08",-11.2846953265271,3582.50082696304
"oreimanure","rosemount","208","2021-07-16",-14.1092574713407,3110.83242373325
"oreimanure","rosemount","208","2021-08-10",4.94333797300113,2044.13705370051
"oreimanure","rosemount","208","2021-09-10",2.28461174024784,8595.55882113834
"oreimanure","rosemount","208","2021-10-14",-9.09643729311971,563.333023609023
"oreimanure","rosemount","208","2021-10-25",6.87589475605519,1175.78252987837
"oreimanure","rosemount","301","2020-11-02",-8.62306761517179,791.56981977816
"oreimanure","rosemount","301","2020-11-05",-0.229471536334005,-2070.48290317727
"oreimanure","rosemount","301","2020-11-19",-10.9637399327468,12368.5513266839
"oreimanure","rosemount","301","2021-04-05",15.6872044470911,21401.4308292569
"oreimanure","rosemount","301","2021-04-22",9.59393315916386,26043.9081749942
"oreimanure","rosemount","301","2021-04-29",7.32900403026281,61840.4253275064
"oreimanure","rosemount","301","2021-05-18",30.4730665036824,32664.9233088291
"oreimanure","rosemount","301","2021-06-01",-2.33047783170957,66278.78953382
"oreimanure","rosemount","301","2021-06-15",4.05041710370789,13077.3675136499
"oreimanure","rosemount","301","2021-07-08",6.21257339850154,14068.4726637035
"oreimanure","rosemount","301","2021-07-16",-6.33290035070573,9821.11285683129
"oreimanure","rosemount","301","2021-08-10",-39.1761743968712,164.329590590779
"oreimanure","rosemount","301","2021-09-10",-2.86315847895752,9987.76213589803
"oreimanure","rosemount","301","2021-10-14",2.09262546467917,6354.60599440929
"oreimanure","rosemount","301","2021-10-25",-1.62559374317882,5676.81517504289
"oreimanure","rosemount","302","2020-11-19",9.29693221602686,5311.55612636254
"oreimanure","rosemount","302","2021-04-05",2.68038245529612,7867.73400029892
"oreimanure","rosemount","302","2021-04-22",16.3657761392539,52451.7189491758
"oreimanure","rosemount","302","2021-04-29",-11.2422964224371,25536.7675570094
"oreimanure","rosemount","302","2021-06-01",-6.13263683674091,22949.7104686407
"oreimanure","rosemount","302","2021-06-15",4.89552235501305,7912.22261702112
"oreimanure","rosemount","302","2021-07-16",3.37692939713598,18958.9386946595
"oreimanure","rosemount","302","2021-09-10",1.31135293752763,9793.57800043106
"oreimanure","rosemount","302","2021-10-14",0.488279275091773,6249.97472117524
"oreimanure","rosemount","302","2021-10-25",0.090495126800732,9561.36194605801
"oreimanure","rosemount","303","2020-11-02",-9.39079321770324,690.499501301597
"oreimanure","rosemount","303","2020-11-05",17.9445643701919,-4273.63967237466
"oreimanure","rosemount","303","2020-11-19",-2.20930868306613,5296.98493952078
"oreimanure","rosemount","303","2021-04-05",-3.44077784333457,-545.270380759389
"oreimanure","rosemount","303","2021-04-22",-3.62094415250327,6843.27646999206
"oreimanure","rosemount","303","2021-04-29",4.0723149544739,11912.3876918266
"oreimanure","rosemount","303","2021-06-01",-0.575866053040973,16646.2505162174
"oreimanure","rosemount","303","2021-06-15",8.3010416745511,7235.53483274292
"oreimanure","rosemount","303","2021-07-08",2.29366612250571,8021.08535193917
"oreimanure","rosemount","303","2021-07-16",-16.3625268058812,3795.12315979099
"oreimanure","rosemount","303","2021-08-10",8.74869091332248,7105.19150076008
"oreimanure","rosemount","303","2021-09-10",3.57240820500952,7336.66796176965
"oreimanure","rosemount","303","2021-10-14",0.129806120129169,5018.0313281549
"oreimanure","rosemount","304","2020-11-02",2.90866868517895,505.739490257287
"oreimanure","rosemount","304","2020-11-05",32.1729383082032,2561.89504031781
"oreimanure","rosemount","304","2020-11-19",-1.09741294634435,9149.6804401452
"oreimanure","rosemount","304","2021-04-05",1.44713926083473,1604.12802886274
"oreimanure","rosemount","304","2021-04-22",4.012361548054,4688.00625397338
"oreimanure","rosemount","304","2021-04-29",1.37872128637082,8525.85561353884
"oreimanure","rosemount","304","2021-05-18",-1.8716863647888,15166.0690529531
"oreimanure","rosemount","304","2021-06-01",4.88928040120956,33579.4307494801
"oreimanure","rosemount","304","2021-06-15",3.23085483936066,5954.29429782444
"oreimanure","rosemount","304","2021-07-08",-3.5864765063818,5685.06686772082
"oreimanure","rosemount","304","2021-07-16",25.9015378030306,11520.5085625855
"oreimanure","rosemount","304","2021-08-10",-7.07636854404433,10201.764650997
"oreimanure","rosemount","304","2021-09-10",-4.16375559646441,4242.57300263483
"oreimanure","rosemount","304","2021-10-14",4.18265793403248,3329.68401932144
"oreimanure","rosemount","304","2021-10-25",5.76952502923829,2093.49747155418
"oreimanure","rosemount","307","2020-11-02",-10.3924663250955,-96.9963523676868
"oreimanure","rosemount","307","2020-11-05",-6.5436945259724,2752.39934700694
"oreimanure","rosemount","307","2020-11-19",2.51003677604863,7427.82648797042
"oreimanure","rosemount","307","2021-04-05",11.3999493347696,18471.5953253379
"oreimanure","rosemount","307","2021-04-29",-1.69979167724276,27937.9470553808
"oreimanure","rosemount","307","2021-05-18",9.88630525989041e-14,27232.0761457576
"oreimanure","rosemount","307","2021-06-15",14.4262052859702,6579.75247071882
"oreimanure","rosemount","307","2021-07-08",-7.18153075102163,6174.17776115768
"oreimanure","rosemount","307","2021-07-16",26.0237241740288,11538.1518085099
"oreimanure","rosemount","307","2021-08-10",-20.1752795145143,1744.52911973671
"oreimanure","rosemount","307","2021-09-10",-6.91421175552226,10788.8547494874
"oreimanure","rosemount","307","2021-10-14",6.9848862771469,1632.74998919534
"oreimanure","rosemount","307","2021-10-25",2.91048156203155,1288.1285806438
"oreimanure","rosemount","308","2020-11-02",-2.14777637385316,1046.17494339296
"oreimanure","rosemount","308","2020-11-05",-23.0715827616755,1848.42505166635
"oreimanure","rosemount","308","2020-11-19",-12.4709595901146,4260.91119328897
"oreimanure","rosemount","308","2021-04-05",8.04524842436348,28978.6673026754
"oreimanure","rosemount","308","2021-04-29",-3.2595507155276,34924.727770746
"oreimanure","rosemount","308","2021-05-18",7.79980452569844,32799.5228244458
"oreimanure","rosemount","308","2021-06-01",-3.25048582175719,31425.6308411733
"oreimanure","rosemount","308","2021-06-15",-8.87169930920874,4638.96399396257
"oreimanure","rosemount","308","2021-07-08",-0.676833009440221,5340.21244448325
"oreimanure","rosemount","308","2021-07-16",-4.81556916785291,1602.55118601427
"oreimanure","rosemount","308","2021-08-10",22.6320676185748,5283.02810099277
"oreimanure","rosemount","308","2021-09-10",4.32725258149159,7361.85580613482
"oreimanure","rosemount","308","2021-10-14",0.831304772152791,1748.43405367255
"oreimanure","rosemount","308","2021-10-25",4.7112514007099,3540.36686141575
"oreimanure","rosemount","403","2020-11-02",4.12063133887927,-79.6630529370096
"oreimanure","rosemount","403","2020-11-05",6.81353759920814,215.874458588694
"oreimanure","rosemount","403","2020-11-19",-4.32106347623056,5445.91174623319
"oreimanure","rosemount","403","2021-04-05",-37.8970985636547,11355.855629144
"oreimanure","rosemount","403","2021-04-22",0.343172303332067,36072.2940305693
"oreimanure","rosemount","403","2021-04-29",-13.4689768878603,37983.8684897846
"oreimanure","rosemount","403","2021-05-18",7.8670442198855,34137.5927387683
"oreimanure","rosemount","403","2021-06-01",1.53053684862859,72342.6528212957
"oreimanure","rosemount","403","2021-06-15",-4.23396528001142,6218.6365050166
"oreimanure","rosemount","403","2021-07-08",6.00400837950032,15549.7070952229
"oreimanure","rosemount","403","2021-08-10",5.43832026995991,10634.2093953553
"oreimanure","rosemount","403","2021-09-10",2.9866364892547,9749.70889492259
"oreimanure","rosemount","403","2021-10-14",1.9370413695572,6718.38022920405
"oreimanure","rosemount","403","2021-10-25",-4.66400502196314,2894.42664598292
"oreimanure","rosemount","404","2020-11-02",5.80019581093439,1667.5562956436
"oreimanure","rosemount","404","2020-11-05",-24.0341835364453,2044.34925808595
"oreimanure","rosemount","404","2020-11-19",-11.8926163859264,10605.2459293845
"oreimanure","rosemount","404","2021-04-05",8.77290163084232,11119.32356325
"oreimanure","rosemount","404","2021-04-22",-9.8165237459153,4026.12645539765
"oreimanure","rosemount","404","2021-04-29",22.267806010583,51419.003727173
"oreimanure","rosemount","404","2021-05-18",9.92382470575394,15899.9324131823
"oreimanure","rosemount","404","2021-06-01",-2.42016565626285,39571.5512456251
"oreimanure","rosemount","404","2021-06-15",11.9561854353596,5557.10902673104
"oreimanure","rosemount","404","2021-07-08",7.5274232676233,9530.90258066379
"oreimanure","rosemount","404","2021-07-16",-4.2541119734942,7503.36750271413
"oreimanure","rosemount","404","2021-08-10",13.5716357395472,2670.52791724462
"oreimanure","rosemount","404","2021-09-10",9.13656856978349,10523.9526102495
"oreimanure","rosemount","404","2021-10-14",0.909958968954795,5522.14456481813
"oreimanure","rosemount","404","2021-10-25",7.67149592419097,4019.25206113979
"oreimanure","rosemount","405","2020-11-02",9.11459341718243,3231.5376660919
"oreimanure","rosemount","405","2020-11-05",32.3811687883164,4776.22239627663
"oreimanure","rosemount","405","2020-11-19",5.16137665969639,8705.52196602124
"oreimanure","rosemount","405","2021-04-05",2.44776117750649,14190.399258788
"oreimanure","rosemount","405","2021-04-22",0.175136816103066,11860.7163380586
"oreimanure","rosemount","405","2021-04-29",12.859827179364,21577.436340954
"oreimanure","rosemount","405","2021-05-18",5.44641522915147,25161.0935647963
"oreimanure","rosemount","405","2021-06-01",-2.9752720150815,49602.3931846242
"oreimanure","rosemount","405","2021-06-15",0.56861863073002,12019.943328592
"oreimanure","rosemount","405","2021-06-21",14.1379250030331,17577.1201561894
"oreimanure","rosemount","405","2021-07-08",-8.56664969796556,5017.25861990811
"oreimanure","rosemount","405","2021-07-16",-26.3963394911544,1643.23039610932
"oreimanure","rosemount","405","2021-08-10",4.22035780683118,6046.98142010041
"oreimanure","rosemount","405","2021-09-10",-6.04732893374522,10109.5564131522
"oreimanure","rosemount","405","2021-10-14",-2.51329831946384,3177.68716220253
"oreimanure","rosemount","405","2021-10-25",-5.34988811342837,2386.87315829871
"oreimanure","rosemount","406","2020-11-02",-6.20931938849105,-487.965027453005
"oreimanure","rosemount","406","2020-11-05",3.34320681475259,-656.918429963767
"oreimanure","rosemount","406","2020-11-19",3.78784367865455,3953.64608878787
"oreimanure","rosemount","406","2021-04-05",22.2508112243567,5452.8989890601
"oreimanure","rosemount","406","2021-04-22",8.75109626004688,13977.0527705029
"oreimanure","rosemount","406","2021-04-29",6.15918038590587,22971.7123404008
"oreimanure","rosemount","406","2021-05-18",-1.30294420471064,24261.760150597
"oreimanure","rosemount","406","2021-06-01",-1.55259647606848,50429.1819560778
"oreimanure","rosemount","406","2021-06-15",2.26773052799254,9157.29632539752
"oreimanure","rosemount","406","2021-07-08",-5.04645045097134,8334.63049670523
"oreimanure","rosemount","406","2021-07-16",-23.6095014165007,-6737.28012898156
"oreimanure","rosemount","406","2021-08-10",5.81996943335281,8211.38823030662
"oreimanure","rosemount","406","2021-09-10",-2.95793263063634,1630.1495386617
"oreimanure","rosemount","406","2021-10-14",5.02273125606862,4205.26535911763
"oreimanure","rosemount","406","2021-10-25",0.463198211650081,5265.31929323887
"oreimanure","rosemount","407","2020-11-02",5.23424875648849,1135.52205753414
"oreimanure","rosemount","407","2020-11-05",9.27414254066421,-928.716802176234
"oreimanure","rosemount","407","2020-11-19",9.11388228313587,6691.95207638799
"oreimanure","rosemount","407","2021-04-05",-24.1697533252028,30660.4574363668
"oreimanure","rosemount","407","2021-04-22",-7.15024692314884,18637.4070625815
"oreimanure","rosemount","407","2021-04-29",25.1959515975928,28933.0856752325
"oreimanure","rosemount","407","2021-05-18",1.18973003849714,23316.8136093513
"oreimanure","rosemount","407","2021-06-01",-2.61496398624389,39187.3939660523
"oreimanure","rosemount","407","2021-06-15",1.22400430188032,6143.39659155548
"oreimanure","rosemount","407","2021-07-08",10.8882780640492,7141.1069124801
"oreimanure","rosemount","407","2021-07-16",-39.3923627455095,3134.44129740986
"oreimanure","rosemount","407","2021-08-10",14.7252152396514,6695.98876889728
"oreimanure","rosemount","407","2021-09-10",-11.3110938186899,7549.30508869965
"oreimanure","rosemount","407","2021-10-14",-2.80926820895851,2043.74262201722
"oreimanure","rosemount","407","2021-10-25",3.00421700715208,2463.59126910466
"oreimanure","rosemount","408","2020-11-02",10.5135121935758,604.441016135253
"oreimanure","rosemount","408","2020-11-05",1.58259595321724,-435.485251324344
"oreimanure","rosemount","408","2020-11-19",11.7384915221288,4260.38192303151
"oreimanure","rosemount","408","2021-04-05",-28.3736670961358,17170.2712173311
"oreimanure","rosemount","408","2021-04-22",-7.92014693427984,12013.7981373444
"oreimanure","rosemount","408","2021-04-29",29.9837023182015,15675.4524986354
"oreimanure","rosemount","408","2021-05-18",-17.4823204886346,20198.8041337916
"oreimanure","rosemount","408","2021-06-01",-10.7033657014918,35650.0337598608
"oreimanure","rosemount","408","2021-06-15",-2.29447890190086,6578.18452363147
"oreimanure","rosemount","408","2021-07-08",-2.54799427126557,8030.6858522517
"oreimanure","rosemount","408","2021-07-16",-99.0546975894995,-9864.08278921871
"oreimanure","rosemount","408","2021-08-10",10.3202903700277,8719.3222485233
"oreimanure","rosemount","408","2021-09-10",3.18349010283521,7869.88367282278
"oreimanure","rosemount","408","2021-10-14",-3.92659507957531,1107.64683526459
"oreimanure","rosemount","408","2021-10-25",-14.4037661640862,1658.51483399191
