plot,date,year,co2.e.gmd,co2.e.gmhr,n2o.e.gmhr,ch4.e.gmhr,experiment,site
2101,2022-05-18,2022,1.23161653,0.051317355,-6.55e-5,0,ncas,x
2101,2022-06-07,2022,1.232354981,0.051348124,1.43316e-4,0,ncas,x
2101,2022-07-01,2022,0,0,0,0,ncas,x
2101,2022-08-09,2022,4.669143857,0.194547661,0,0,ncas,x
2101,2022-08-24,2022,2.113482993,0.088061791,1.09987e-4,0,ncas,x
2101,2022-09-07,2022,1.57842096,0.06576754,0,0,ncas,x
2101,2022-09-22,2022,0.170605135,0.007108547,5.92e-5,0,ncas,x
2101,2022-10-06,2022,0.158139532,0.006589147,7.08e-5,-6.26e-5,ncas,x
2101,2022-10-19,2022,0,0,0,0,ncas,x
2101,2023-04-14,2023,1.150093745,0.047920573,-3.35925e-4,0,ncas,x
2101,2023-04-26,2023,0.6374922,0.026562175,-7.75e-5,0,ncas,x
2101,2023-05-09,2023,0.263796353,0.010991515,1.1471e-4,0,ncas,x
2101,2023-05-22,2023,1.183410896,0.049308787,0,7.18e-5,ncas,x
2101,2023-06-05,2023,0.601186035,0.025049418,-1.00697e-4,0,ncas,x
2101,2023-07-05,2023,2.647440763,0.110310032,0,0,ncas,x
2101,2023-07-20,2023,1.948378239,0.081182427,0,0,ncas,x
2101,2023-08-02,2023,1.70127911,0.07088663,0,0,ncas,x
2101,2023-08-17,2023,1.01492461,0.042288525,7.42e-5,0,ncas,x
2101,2023-09-27,2023,1.828379282,0.07618247,0,0,ncas,x
2102,2022-05-18,2022,-0.437521569,-0.018230065,-3.23794e-4,0,ncas,x
2102,2022-06-07,2022,-0.452132656,-0.018838861,1.04809e-4,7.89e-5,ncas,x
2102,2022-07-01,2022,0.537835955,0.022409831,0,0,ncas,x
2102,2022-07-25,2022,0.638606811,0.026608617,0,0,ncas,x
2102,2022-08-09,2022,2.963326956,0.123471957,0,0,ncas,x
2102,2022-08-24,2022,1.574800004,0.065616667,0,0,ncas,x
2102,2022-09-07,2022,0,0,0,0,ncas,x
2102,2022-09-22,2022,0.4948649,0.020619371,0,5.59e-5,ncas,x
2102,2022-10-06,2022,0.671349117,0.02797288,0,8.65e-5,ncas,x
2102,2022-10-19,2022,0.327353292,0.013639721,0,0,ncas,x
2102,2023-04-14,2023,0.308173509,0.012840563,-6.32e-5,0,ncas,x
2102,2023-04-26,2023,0,0,8e-5,0,ncas,x
2102,2023-05-09,2023,-0.097068886,-0.004044537,-1.72451e-4,0,ncas,x
2102,2023-05-22,2023,0.628312978,0.026179707,0,0,ncas,x
2102,2023-06-05,2023,1.412184607,0.058841025,1.09393e-4,0,ncas,x
2102,2023-07-05,2023,1.719111803,0.071629658,0,0,ncas,x
2102,2023-07-20,2023,1.823136874,0.075964036,9.6e-5,0,ncas,x
2102,2023-08-02,2023,1.95929611,0.081637338,1.26166e-4,0,ncas,x
2102,2023-08-17,2023,1.578390288,0.065766262,0,0,ncas,x
2102,2023-09-27,2023,3.003302668,0.125137611,0,0,ncas,x
2103,2022-05-18,2022,0.993212863,0.041383869,1.17293e-4,0,ncas,x
2103,2022-06-07,2022,1.235429762,0.05147624,8.97e-5,0,ncas,x
2103,2022-07-01,2022,0.651494875,0.02714562,2.37946e-4,0,ncas,x
2103,2022-07-25,2022,0.539974159,0.022498923,-9.45e-5,0,ncas,x
2103,2022-08-09,2022,2.829608735,0.117900364,4.41778e-4,0,ncas,x
2103,2022-08-24,2022,1.627314784,0.067804783,1.30342e-4,0,ncas,x
2103,2022-09-07,2022,0.619095105,0.025795629,0,6.99e-5,ncas,x
2103,2022-09-22,2022,0.284280201,0.011845008,0,0,ncas,x
2103,2022-10-06,2022,0,0,0,0,ncas,x
2103,2022-10-19,2022,0.341044877,0.014210203,8.79e-5,0,ncas,x
2103,2023-04-14,2023,0.278469552,0.011602898,-1.92018e-4,0,ncas,x
2103,2023-04-26,2023,0.502533962,0.020938915,-1.17997e-4,0,ncas,x
2103,2023-05-09,2023,0,0,-3.59322e-4,0,ncas,x
2103,2023-05-22,2023,1.483839099,0.061826629,0,0,ncas,x
2103,2023-06-05,2023,0.400263484,0.016677645,-8.96e-5,0,ncas,x
2103,2023-07-05,2023,4.72333627,0.196805678,0,0,ncas,x
2103,2023-07-20,2023,1.84505172,0.076877155,0,0,ncas,x
2103,2023-08-02,2023,2.776961972,0.115706749,1.84445e-4,0,ncas,x
2103,2023-08-17,2023,1.030952502,0.042956354,0,0,ncas,x
2103,2023-09-27,2023,1.414853495,0.058952229,7.91e-5,0,ncas,x
2104,2022-05-18,2022,1.407663772,0.058652657,7.69e-5,0,ncas,x
2104,2022-06-07,2022,0.636039367,0.02650164,-2.5792e-4,0,ncas,x
2104,2022-07-01,2022,0.876108803,0.036504533,0,0,ncas,x
2104,2022-07-25,2022,1.621646824,0.067568618,-7.14e-5,0,ncas,x
2104,2022-08-09,2022,2.403207934,0.100133664,2.6313e-4,0,ncas,x
2104,2022-08-24,2022,1.953804054,0.081408502,-8.9e-5,0,ncas,x
2104,2022-09-07,2022,1.246115058,0.051921461,1.22474e-4,0,ncas,x
2104,2022-09-22,2022,0.358818987,0.014950791,0,0,ncas,x
2104,2022-10-06,2022,0.899934583,0.037497274,0,0,ncas,x
2104,2022-10-19,2022,0.193910189,0.008079591,5.01e-5,0,ncas,x
2104,2023-04-14,2023,1.122569763,0.04677374,2.69245e-4,0,ncas,x
2104,2023-04-26,2023,0.813537995,0.033897416,1.062e-4,0,ncas,x
2104,2023-05-09,2023,0,0,-1.97287e-4,0,ncas,x
2104,2023-05-22,2023,1.06130692,0.044221122,-7.99e-5,0,ncas,x
2104,2023-06-05,2023,0,0,0,0,ncas,x
2104,2023-07-05,2023,1.470030295,0.061251262,0,0,ncas,x
2104,2023-07-20,2023,1.379183646,0.057465985,0,0,ncas,x
2104,2023-08-02,2023,1.092310799,0.04551295,0,0,ncas,x
2104,2023-08-17,2023,1.050004562,0.04375019,0,0,ncas,x
2104,2023-09-27,2023,3.097171172,0.129048799,2.2439e-4,0,ncas,x
2105,2022-05-18,2022,1.644729944,0.068530414,0,0,ncas,x
2105,2022-06-07,2022,0,0,2.52784e-4,0,ncas,x
2105,2022-07-25,2022,0.30922973,0.012884572,-1.00007e-4,0,ncas,x
2105,2022-08-09,2022,1.451314555,0.06047144,0,0,ncas,x
2105,2022-08-24,2022,1.753587782,0.073066158,0,-6.4e-5,ncas,x
2105,2022-09-07,2022,0.844020725,0.03516753,0,0,ncas,x
2105,2022-09-22,2022,0.839593342,0.034983056,1.7445e-4,0,ncas,x
2105,2022-10-06,2022,1.753378847,0.073057452,3.05031e-4,0,ncas,x
2105,2022-10-19,2022,0.838120958,0.034921707,1.94487e-4,0,ncas,x
2105,2023-04-14,2023,1.225932594,0.051080525,0,0,ncas,x
2105,2023-04-26,2023,0.926856861,0.038619036,5.93e-5,5.19e-5,ncas,x
2105,2023-05-09,2023,0,0,0,0,ncas,x
2105,2023-05-22,2023,1.450025561,0.060417732,0,0,ncas,x
2105,2023-06-05,2023,0.528083362,0.022003473,0,0,ncas,x
2105,2023-07-04,2023,3.43918579,0.143299408,8.24e-5,0,ncas,x
2105,2023-07-20,2023,1.552534379,0.064688932,-4.3e-5,0,ncas,x
2105,2023-08-02,2023,1.411162407,0.058798434,0,6.73e-5,ncas,x
2105,2023-08-17,2023,1.596344586,0.066514358,0,0,ncas,x
2105,2023-09-27,2023,2.128757007,0.088698209,0,0,ncas,x
2106,2022-05-18,2022,-0.554609882,-0.023108745,7.12e-5,0,ncas,x
2106,2022-06-07,2022,1.468853011,0.061202209,0,0,ncas,x
2106,2022-07-01,2022,2.228970203,0.092873758,1.81278e-4,0,ncas,x
2106,2022-07-25,2022,0.242858292,0.010119096,-1.28097e-4,-5.42e-5,ncas,x
2106,2022-08-09,2022,0,0,0,-1.56768e-4,ncas,x
2106,2022-08-24,2022,2.041030046,0.085042919,0,0,ncas,x
2106,2022-09-07,2022,1.208513039,0.05035471,-1.22872e-4,0,ncas,x
2106,2022-09-22,2022,0.52866388499999994,0.022027662,-1.31886e-4,0,ncas,x
2106,2022-10-06,2022,1.036361164,0.043181715,2.09625e-4,0,ncas,x
2106,2022-10-19,2022,0.195454147,0.008143923,6.24e-5,-4.15e-5,ncas,x
2106,2023-04-14,2023,0.461392955,0.019224706,8.8e-5,0,ncas,x
2106,2023-04-26,2023,0.612711745,0.025529656,1.3261e-4,0,ncas,x
2106,2023-05-09,2023,0,0,1.77414e-4,0,ncas,x
2106,2023-05-22,2023,1.090484515,0.045436855,-3.16651e-4,0,ncas,x
2106,2023-06-05,2023,0.80225716,0.033427382,-2.53812e-4,0,ncas,x
2106,2023-07-04,2023,2.337401158,0.097391715,0,0,ncas,x
2106,2023-07-20,2023,0.737474343,0.030728098,0,0,ncas,x
2106,2023-08-02,2023,1.121620183,0.046734174,-1.20217e-4,0,ncas,x
2106,2023-08-17,2023,0.644224545,0.026842689,0,0,ncas,x
2106,2023-09-27,2023,1.973772754,0.082240531,0,0,ncas,x
2107,2022-05-18,2022,0.992977968,0.041374082,7.67e-5,0,ncas,x
2107,2022-06-07,2022,0.75250742,0.031354476,0,0,ncas,x
2107,2022-07-01,2022,1.385786957,0.057741123,1.23225e-4,0,ncas,x
2107,2022-07-25,2022,0.561544965,0.023397707,-1.4546e-4,0,ncas,x
2107,2022-08-09,2022,1.654131881,0.068922162,0,0,ncas,x
2107,2022-08-24,2022,1.807746956,0.07532279,0,0,ncas,x
2107,2022-09-07,2022,0.625524784,0.026063533,0,0,ncas,x
2107,2022-09-22,2022,0.441112601,0.018379692,-2.43771e-4,0,ncas,x
2107,2022-10-06,2022,0.215036502,0.008959854,0,-4.03e-5,ncas,x
2107,2022-10-19,2022,1.503545601,0.062647733,5.0758e-4,0,ncas,x
2107,2023-04-14,2023,0.882315405,0.036763142,-1.94944e-4,0,ncas,x
2107,2023-04-26,2023,0.502923885,0.020955162,8.34e-5,4.79e-5,ncas,x
2107,2023-05-09,2023,0.774709025,0.032279543,1.13207e-4,0,ncas,x
2107,2023-05-22,2023,1.049234809,0.043718117,-2.65424e-4,0,ncas,x
2107,2023-06-05,2023,0.339982343,0.014165931,0,0,ncas,x
2107,2023-07-04,2023,1.355818365,0.056492432,0,0,ncas,x
2107,2023-07-20,2023,0.365641857,0.015235077,-8.41e-5,0,ncas,x
2107,2023-08-02,2023,0.907605668,0.037816903,-7.5e-5,0,ncas,x
2107,2023-08-17,2023,2.176324755,0.090680198,6.53e-5,0,ncas,x
2107,2023-09-27,2023,1.030891758,0.042953823,-2.13254e-4,0,ncas,x
2109,2022-05-18,2022,1.83517465,0.07646561,0,0,ncas,x
2109,2022-06-07,2022,1.180514387,0.049188099,-1.32585e-4,5.07e-5,ncas,x
2109,2022-07-01,2022,0.70080106,0.029200044,0,-7.03e-5,ncas,x
2109,2022-07-25,2022,1.105415332,0.046058972,-9.01e-5,0,ncas,x
2109,2022-08-09,2022,3.137641195,0.13073505,0,0,ncas,x
2109,2022-08-24,2022,2.103515443,0.087646477,1.29274e-4,0,ncas,x
2109,2022-09-07,2022,1.124829028,0.046867876,-9.56e-5,0,ncas,x
2109,2022-09-22,2022,0,0,0,3.69e-5,ncas,x
2109,2022-10-06,2022,0.254368891,0.010598704,-1.77222e-4,0,ncas,x
2109,2022-10-19,2022,0,0,-2.26087e-4,0,ncas,x
2109,2023-04-14,2023,0.697362475,0.02905677,-1.08849e-4,0,ncas,x
2109,2023-04-26,2023,0.604209195,0.025175383,9.29e-5,0,ncas,x
2109,2023-05-09,2023,0.786052536,0.032752189,2.02281e-4,-7.63e-5,ncas,x
2109,2023-05-22,2023,0.715279204,0.0298033,-3.2357e-4,0,ncas,x
2109,2023-06-05,2023,0.671589277,0.027982887,-1.63425e-4,0,ncas,x
2109,2023-07-04,2023,2.12572634,0.088571931,1.87806e-4,0,ncas,x
2109,2023-07-20,2023,1.291657815,0.053819076,0,0,ncas,x
2109,2023-08-02,2023,1.778843627,0.074118484,8.91e-5,7.93e-5,ncas,x
2109,2023-08-16,2023,2.740631357,0.114192973,1.19755e-4,0,ncas,x
2109,2023-09-27,2023,1.749861463,0.072910894,1.28746e-4,0,ncas,x
2112,2022-05-18,2022,1.252830389,0.052201266,0,9e-5,ncas,x
2112,2022-06-07,2022,0.818221227,0.034092551,0,0,ncas,x
2112,2022-07-01,2022,0.790860945,0.032952539,0,0,ncas,x
2112,2022-07-25,2022,0.875399401,0.036474975,0,0,ncas,x
2112,2022-08-09,2022,1.184813482,0.049367228,0,0,ncas,x
2112,2022-08-24,2022,2.427607528,0.101150314,3.72028e-4,-6.61e-5,ncas,x
2112,2022-09-07,2022,1.525492039,0.063562168,0,0,ncas,x
2112,2022-09-22,2022,0,0,-3.05695e-4,0,ncas,x
2112,2022-10-06,2022,0.204563265,0.008523469,-1.98833e-4,0,ncas,x
2112,2022-10-19,2022,0,0,-1.43506e-4,0,ncas,x
2112,2023-04-14,2023,1.410145857,0.058756077,-8.9e-5,0,ncas,x
2112,2023-04-26,2023,1.061644581,0.044235191,0,0,ncas,x
2112,2023-05-09,2023,1.236955265,0.051539803,0,0,ncas,x
2112,2023-05-22,2023,1.29395189,0.053914662,0,0,ncas,x
2112,2023-06-05,2023,0.647084079,0.026961837,-1.63045e-4,0,ncas,x
2112,2023-07-04,2023,1.819206663,0.075800278,0,0,ncas,x
2112,2023-07-20,2023,1.915484808,0.079811867,0,0,ncas,x
2112,2023-08-02,2023,1.139102222,0.047462593,-1.38235e-4,8.63e-5,ncas,x
2112,2023-08-16,2023,2.467371019,0.102807126,0,0,ncas,x
2112,2023-09-27,2023,1.523074084,0.06346142,0,0,ncas,x
2201,2022-05-18,2022,1.49124719,0.0621353,5.39e-5,0,ncas,x
2201,2022-06-07,2022,1.370012869,0.05708387,0,0,ncas,x
2201,2022-07-01,2022,1.557890017,0.064912084,0,0,ncas,x
2201,2022-07-25,2022,0.828202348,0.034508431,-1.33954e-4,0,ncas,x
2201,2022-08-09,2022,2.059592405,0.08581635,0,0,ncas,x
2201,2022-09-07,2022,0.727476879,0.030311537,0,0,ncas,x
2201,2022-09-22,2022,0.370034429,0.015418101,0,0,ncas,x
2201,2022-10-06,2022,0.152652903,0.006360538,0,0,ncas,x
2201,2022-10-19,2022,0.323893118,0.013495547,-1.60623e-4,0,ncas,x
2201,2023-04-14,2023,2.446174567,0.10192394,0,0,ncas,x
2201,2023-04-25,2023,1.032919734,0.043038322,2.54181e-4,0,ncas,x
2201,2023-05-09,2023,1.48668016,0.061945007,0,0,ncas,x
2201,2023-05-22,2023,1.52436782,0.063515326,1.16375e-4,-5.38e-5,ncas,x
2201,2023-06-05,2023,1.161051475,0.048377145,-3.10958e-4,0,ncas,x
2201,2023-07-04,2023,2.402628815,0.100109534,-7.3e-5,0,ncas,x
2201,2023-07-20,2023,2.105477482,0.087728228,0,0,ncas,x
2201,2023-08-02,2023,2.912749452,0.12136456,8.14e-5,0,ncas,x
2201,2023-08-16,2023,3.298579619,0.137440817,1.39998e-4,0,ncas,x
2201,2023-09-14,2023,0.847708758,0.035321198,0,0,ncas,x
2201,2023-09-27,2023,2.58762134,0.107817556,1.55126e-4,0,ncas,x
2202,2022-05-18,2022,1.540259102,0.064177463,0,0,ncas,x
2202,2022-06-07,2022,1.09134809,0.045472837,-2.55959e-4,0,ncas,x
2202,2022-07-01,2022,1.446128636,0.06025536,1.92137e-4,0,ncas,x
2202,2022-07-25,2022,0.933467689,0.038894487,0,0,ncas,x
2202,2022-08-09,2022,1.639319021,0.068304959,0,0,ncas,x
2202,2022-08-24,2022,2.133765325,0.088906889,0,0,ncas,x
2202,2022-09-07,2022,1.210935405,0.050455642,1.03465e-4,0,ncas,x
2202,2022-09-22,2022,0.665590617,0.027732942,-2.11763e-4,0,ncas,x
2202,2022-10-06,2022,0.464934263,0.019372261000000002,0,-8.06e-5,ncas,x
2202,2022-10-19,2022,0.601168127,0.025048672,0,0,ncas,x
2202,2023-04-14,2023,0.604226379,0.025176099,0,0,ncas,x
2202,2023-04-25,2023,0.989860189,0.041244175,0,0,ncas,x
2202,2023-05-09,2023,1.516258654,0.063177444,0,-7.04e-5,ncas,x
2202,2023-05-22,2023,1.81695048,0.07570627,-2.91255e-4,0,ncas,x
2202,2023-06-05,2023,1.043078299,0.043461596,0,0,ncas,x
2202,2023-07-04,2023,2.495650775,0.103985449,-1.09606e-4,0,ncas,x
2202,2023-07-20,2023,2.11333166,0.088055486,0,0,ncas,x
2202,2023-08-02,2023,1.341180189,0.055882508,-6.19e-5,8.14e-5,ncas,x
2202,2023-08-17,2023,0.751545801,0.031314408,0,0,ncas,x
2202,2023-09-14,2023,0,0,0,0,ncas,x
2202,2023-09-27,2023,3.190414536,0.132933939,0,0,ncas,x
2203,2022-05-18,2022,1.582818191,0.065950758,1.0006e-4,0,ncas,x
2203,2022-06-07,2022,1.090065162,0.045419382,0,0,ncas,x
2203,2022-07-01,2022,0.417496832,0.017395701,0,0,ncas,x
2203,2022-07-25,2022,0.784623707,0.032692654,0,0,ncas,x
2203,2022-08-09,2022,0,0,0,0,ncas,x
2203,2022-08-24,2022,1.712849496,0.071368729,-6.28e-5,0,ncas,x
2203,2022-09-07,2022,1.536378882,0.064015787,1.24832e-4,0,ncas,x
2203,2022-09-22,2022,0.590865743,0.024619406,2.87632e-4,0,ncas,x
2203,2022-10-06,2022,0.288735888,0.012030662,7.52e-5,0,ncas,x
2203,2022-10-19,2022,0.752431138,0.031351297,0.00030911000000000003,0,ncas,x
2203,2023-04-14,2023,0,0,0,0,ncas,x
2203,2023-04-25,2023,1.058959943,0.044123331,2.63693e-4,0,ncas,x
2203,2023-05-09,2023,0,0,-1.78983e-4,0,ncas,x
2203,2023-05-22,2023,0.25735054,0.010722939,0,0,ncas,x
2203,2023-06-05,2023,0.237424399,0.009892683,-1.9304e-4,0,ncas,x
2203,2023-07-04,2023,0.368631573,0.015359649,0,0,ncas,x
2203,2023-07-20,2023,0.765070546,0.031877939,1.14957e-4,6.12e-5,ncas,x
2203,2023-08-02,2023,1.985148897,0.082714537,-8.04e-5,0,ncas,x
2203,2023-08-17,2023,0.423337304,0.017639054,0,0,ncas,x
2203,2023-09-14,2023,0.50391322,0.020996384,-2.31461e-4,0,ncas,x
2203,2023-09-27,2023,1.36124321,0.056718467,3.62326e-4,0,ncas,x
2204,2022-05-18,2022,1.640619543,0.068359148,0,0,ncas,x
2204,2022-06-07,2022,1.431035626,0.059626484,3.39879e-4,0,ncas,x
2204,2022-07-01,2022,1.334355734,0.055598156,0,0,ncas,x
2204,2022-07-25,2022,1.105222989,0.046050958,0,0,ncas,x
2204,2022-08-09,2022,1.234926135,0.051455256,0,0,ncas,x
2204,2022-08-24,2022,4.392786321,0.183032763,0,0,ncas,x
2204,2022-09-07,2022,1.426666885,0.059444454,0,0,ncas,x
2204,2022-09-22,2022,0.665990805,0.027749617,0,0,ncas,x
2204,2022-10-06,2022,0,0,-1.88613e-4,0,ncas,x
2204,2022-10-19,2022,0,0,0,0,ncas,x
2204,2023-04-14,2023,0.499932834,0.020830535,-1.05181e-4,0,ncas,x
2204,2023-04-25,2023,0.940247847,0.039176994,0,0,ncas,x
2204,2023-05-09,2023,0.923421212,0.038475884,0,0,ncas,x
2204,2023-05-22,2023,1.194261299,0.049760887,-1.01092e-4,0,ncas,x
2204,2023-06-05,2023,0.647985023,0.026999376,0,0,ncas,x
2204,2023-07-04,2023,2.176236952,0.09067654,0,0,ncas,x
2204,2023-07-20,2023,0.50406281,0.021002617,0,0,ncas,x
2204,2023-08-02,2023,0.844037575,0.035168232,1.32427e-4,0,ncas,x
2204,2023-08-16,2023,2.231909775,0.092996241,6.58e-5,0,ncas,x
2204,2023-09-14,2023,1.20004906,0.050002044,5.28673e-4,0,ncas,x
2204,2023-09-27,2023,1.462651111,0.060943796,-1.46261e-4,0,ncas,x
2205,2022-05-18,2022,1.332312795,0.055513033,8.35e-5,0,ncas,x
2205,2022-07-01,2022,1.187206978,0.049466957,1.61185e-4,0,ncas,x
2205,2022-07-25,2022,0.663067371,0.027627807,1.01238e-4,0,ncas,x
2205,2022-08-09,2022,2.301692196,0.095903842,4.42666e-4,-9.99e-5,ncas,x
2205,2022-08-24,2022,1.987810253,0.082825427,0,0,ncas,x
2205,2022-09-07,2022,1.816185466,0.075674394,0,0,ncas,x
2205,2022-09-22,2022,0.697905572,0.029079399,0,6.3e-5,ncas,x
2205,2022-10-06,2022,0,0,0,0,ncas,x
2205,2022-10-19,2022,0.576250942,0.024010456,0,0,ncas,x
2205,2023-04-14,2023,0.817746839,0.034072785,-2.0899e-4,0,ncas,x
2205,2023-04-25,2023,0.850576131,0.035440672,0,0,ncas,x
2205,2023-05-09,2023,0.790231928,0.03292633,1.90258e-4,0,ncas,x
2205,2023-05-22,2023,1.398789546,0.058282898,0,8.33e-5,ncas,x
2205,2023-06-05,2023,0.647636664,0.026984861,-1.21302e-4,0,ncas,x
2205,2023-06-21,2023,0,0,-1.45121e-4,0,ncas,x
2205,2023-07-03,2023,1.152229596,0.048009566,1.70019e-4,0,ncas,x
2205,2023-07-19,2023,1.966109128,0.081921214,6.84e-5,0,ncas,x
2205,2023-08-01,2023,1.519452219,0.063310509,0,0,ncas,x
2205,2023-08-17,2023,0.734512736,0.030604697,0,9.05e-5,ncas,x
2205,2023-09-13,2023,1.004567297,0.041856971,0,0,ncas,x
2205,2023-09-27,2023,1.341885565,0.055911899,-1.55145e-4,0,ncas,x
2206,2022-05-18,2022,2.322572379,0.096773849,0,0,ncas,x
2206,2022-06-07,2022,0.630567348,0.026273639,0,4.9e-5,ncas,x
2206,2022-07-01,2022,0.814063361,0.033919307,0,0,ncas,x
2206,2022-07-25,2022,0,0,-3.81183e-4,0,ncas,x
2206,2022-08-09,2022,1.63003445,0.067918102,2.49238e-4,0,ncas,x
2206,2022-08-24,2022,1.747822055,0.072825919,0,0,ncas,x
2206,2022-09-07,2022,1.982328288,0.082597012,4.24712e-4,0,ncas,x
2206,2022-09-22,2022,0,0,-2.07068e-4,0,ncas,x
2206,2022-10-06,2022,0.248296173,0.010345674,0,0,ncas,x
2206,2022-10-19,2022,0.286339731,0.011930822,-9.07e-5,0,ncas,x
2206,2023-04-14,2023,1.712878954,0.071369956,-2.27921e-4,0,ncas,x
2206,2023-04-25,2023,0.908890587,0.037870441,0,0,ncas,x
2206,2023-05-09,2023,1.717258991,0.071552458,3.61991e-4,0,ncas,x
2206,2023-05-22,2023,1.730825854,0.072117744,3.1711e-4,0,ncas,x
2206,2023-06-05,2023,0.267045802,0.011126908,-3.62373e-4,0,ncas,x
2206,2023-06-21,2023,0.307307885,0.012804495,-1.73181e-4,0,ncas,x
2206,2023-07-03,2023,0.691233091,0.028801379,0,0,ncas,x
2206,2023-07-19,2023,1.412530515,0.058855438,0,0,ncas,x
2206,2023-08-01,2023,1.954473307,0.081436388,0,0,ncas,x
2206,2023-08-17,2023,0.222948459,0.009289519,-1.07399e-4,0,ncas,x
2206,2023-09-13,2023,0.441998447,0.018416602,7.75e-5,0,ncas,x
2206,2023-09-27,2023,1.232811462,0.051367144000000003,0,0,ncas,x
2207,2022-05-18,2022,1.397531503,0.058230479,0,0,ncas,x
2207,2022-06-07,2022,1.14155711,0.04756488,-2.43304e-4,7.27e-5,ncas,x
2207,2022-07-01,2022,1.983204863,0.082633536,3.62497e-4,0,ncas,x
2207,2022-07-25,2022,1.271096962,0.052962373,0,0,ncas,x
2207,2022-08-09,2022,1.686550851,0.070272952,0,0,ncas,x
2207,2022-08-24,2022,3.140844627,0.130868526,0,-5.84e-5,ncas,x
2207,2022-09-07,2022,1.778067192,0.074086133,0,0,ncas,x
2207,2022-09-22,2022,0.924822853,0.038534286,0,0,ncas,x
2207,2022-10-06,2022,1.647867868,0.068661161,1.02191e-4,0,ncas,x
2207,2022-10-19,2022,1.216293149,0.050678881,2.88237e-4,0,ncas,x
2207,2023-04-14,2023,0.146323378,0.006096807,0,0,ncas,x
2207,2023-04-25,2023,2.116182515,0.088174271,6.3e-5,0,ncas,x
2207,2023-05-09,2023,1.952430973,0.081351291,0,-5.23e-5,ncas,x
2207,2023-05-22,2023,2.199265035,0.091636043,-2.52303e-4,0,ncas,x
2207,2023-06-05,2023,1.813916881,0.07557987,-3.37736e-4,0,ncas,x
2207,2023-06-21,2023,0,0,0,0,ncas,x
2207,2023-07-03,2023,2.687812724,0.111992197,0,0,ncas,x
2207,2023-07-19,2023,3.123542566,0.130147607,0,0,ncas,x
2207,2023-08-01,2023,3.672506327,0.153021097,0,0,ncas,x
2207,2023-08-17,2023,1.234471551,0.051436315,0,0,ncas,x
2207,2023-09-13,2023,1.673122061,0.069713419,0,0,ncas,x
2207,2023-09-27,2023,3.170398365,0.132099932,2.33519e-4,0,ncas,x
2208,2022-05-18,2022,1.283754774,0.053489782,-1.14775e-4,0,ncas,x
2208,2022-06-07,2022,1.146807703,0.047783654,-2.22678e-4,0,ncas,x
2208,2022-07-01,2022,3.49678667,0.145699445,0,0,ncas,x
2208,2022-07-25,2022,1.24201375,0.051750573,0,4.31e-5,ncas,x
2208,2022-08-09,2022,2.159187721,0.089966155,0,0,ncas,x
2208,2022-08-24,2022,2.270091595,0.09458715,-6.6e-5,0,ncas,x
2208,2022-09-07,2022,1.506503549,0.062770981,1.57122e-4,-2.66e-5,ncas,x
2208,2022-09-22,2022,0.698981325,0.029124222,0,0,ncas,x
2208,2022-10-06,2022,0.45549626,0.018979011,-1.93181e-4,0,ncas,x
2208,2022-10-19,2022,0.699373739,0.029140572,7.92e-5,0,ncas,x
2208,2023-04-14,2023,1.885706029,0.078571085,-2.28949e-4,0,ncas,x
2208,2023-04-25,2023,0.638461894,0.026602579,-1.55089e-4,0,ncas,x
2208,2023-05-09,2023,1.673411045,0.06972546,1.58194e-4,0,ncas,x
2208,2023-05-22,2023,1.875919795,0.078163325,-1.35024e-4,0,ncas,x
2208,2023-06-05,2023,0.788565721,0.032856905,-1.70537e-4,0,ncas,x
2208,2023-06-21,2023,0.643372684,0.026807195,-4.01083e-4,0,ncas,x
2208,2023-07-03,2023,1.761398794,0.073391616,2.52223e-4,0,ncas,x
2208,2023-07-19,2023,3.848409956,0.160350415,-1.27839e-4,0,ncas,x
2208,2023-08-01,2023,2.488777233,0.103699051,0,0,ncas,x
2208,2023-08-16,2023,2.87937835,0.119974098,1.18984e-4,0,ncas,x
2208,2023-09-13,2023,0,0,0,0,ncas,x
2208,2023-09-27,2023,1.815891961,0.075662165,2.14365e-4,0,ncas,x
2210,2022-05-18,2022,0.82163289,0.034234704,1.291e-4,-6.47e-5,ncas,x
2210,2022-06-07,2022,0,0,-3.57288e-4,0,ncas,x
2210,2022-07-01,2022,1.12093237,0.046705515,0,0,ncas,x
2210,2022-07-25,2022,1.042975462,0.043457311,0,0,ncas,x
2210,2022-08-09,2022,1.97969473,0.08248728,0,-1.30521e-4,ncas,x
2210,2022-08-24,2022,1.194083162,0.049753465,0,0,ncas,x
2210,2022-09-07,2022,2.075472462,0.086478019,1.05079e-4,-7.18e-5,ncas,x
2210,2022-09-22,2022,0.454045878,0.018918578,0,0,ncas,x
2210,2022-10-06,2022,0.103162886,0.004298454,-6.41e-5,0,ncas,x
2210,2022-10-19,2022,0.671171376,0.027965474,0,0,ncas,x
2210,2023-04-14,2023,2.176101455,0.090670894,0,6.96e-5,ncas,x
2210,2023-04-25,2023,1.730654128,0.072110589,-3.25937e-4,0,ncas,x
2210,2023-05-09,2023,1.333457348,0.055560723,1.8808e-4,0,ncas,x
2210,2023-05-22,2023,2.81664568,0.117360237,1.65375e-4,0,ncas,x
2210,2023-06-05,2023,0.7483691,0.031182046,-8.7e-5,0,ncas,x
2210,2023-06-21,2023,0,0,-2.85282e-4,0,ncas,x
2210,2023-07-03,2023,0.567110544,0.023629606,1.576e-4,0,ncas,x
2210,2023-07-19,2023,1.407886315,0.05866193,-1.65481e-4,0,ncas,x
2210,2023-08-01,2023,2.731642158,0.113818423,0,0,ncas,x
2210,2023-08-16,2023,3.179528961,0.132480373,0,0,ncas,x
2210,2023-09-13,2023,1.014917938,0.042288247,-2.27682e-4,0,ncas,x
2210,2023-09-27,2023,0.524453333,0.021852222,-2.40933e-4,0,ncas,x
2301,2022-05-18,2022,2.673600452,0.111400019,1.4956e-4,0,ncas,x
2301,2022-06-07,2022,0,0,1.10255e-4,0,ncas,x
2301,2022-07-01,2022,0.358314112,0.014929755,0,0,ncas,x
2301,2022-07-15,2022,1.413310041,0.058887918,0,0,ncas,x
2301,2022-07-25,2022,0,0,1.81275e-4,0,ncas,x
2301,2022-08-09,2022,3.319534274,0.138313928,0,0,ncas,x
2301,2022-08-24,2022,2.450536849,0.102105702,1.50933e-4,0,ncas,x
2301,2022-09-07,2022,1.187465193,0.049477716,2.06629e-4,0,ncas,x
2301,2022-09-22,2022,0.918212951,0.038258873,-2.48369e-4,0,ncas,x
2301,2022-10-06,2022,1.284109262,0.053504553,9.53e-5,0,ncas,x
2301,2022-10-19,2022,1.065293749,0.04438724,0,0,ncas,x
2301,2023-04-14,2023,2.414183497,0.100590979,-3.01895e-4,0,ncas,x
2301,2023-04-25,2023,1.841701782,0.076737574,-1.67807e-4,0,ncas,x
2301,2023-05-09,2023,2.759605989,0.114983583,8.96e-5,0,ncas,x
2301,2023-05-22,2023,1.840352953,0.076681373,0,0,ncas,x
2301,2023-06-05,2023,1.00414825,0.04183951,-1.56927e-4,0,ncas,x
2301,2023-06-21,2023,-0.729551393,-0.030397975,-1.47364e-4,0,ncas,x
2301,2023-07-03,2023,1.437444524,0.059893522,6.79e-5,0,ncas,x
2301,2023-07-19,2023,1.368020056,0.057000836,-1.13207e-4,6.74e-5,ncas,x
2301,2023-08-01,2023,1.288551367,0.05368964,0,0,ncas,x
2301,2023-08-16,2023,1.571447206,0.065476967,0,0,ncas,x
2301,2023-09-13,2023,0.75920105,0.031633377,-1.21846e-4,0,ncas,x
2301,2023-09-27,2023,1.493985489,0.062249395,2.42531e-4,0,ncas,x
2302,2022-05-18,2022,2.15737145,0.089890477,1.09811e-4,0,ncas,x
2302,2022-06-07,2022,1.487710985,0.061987958,1.1836e-4,0,ncas,x
2302,2022-07-01,2022,0.776689602,0.032362067,1.88389e-4,0,ncas,x
2302,2022-07-15,2022,1.810890929,0.075453789,6.65e-5,0,ncas,x
2302,2022-07-25,2022,0,0,0,0,ncas,x
2302,2022-08-09,2022,3.303913861,0.137663078,-7.74e-5,0,ncas,x
2302,2022-08-24,2022,3.192316082,0.13301316999999999,1.98333e-4,0,ncas,x
2302,2022-09-07,2022,1.403943925,0.058497664,-1.90201e-4,-7.64e-5,ncas,x
2302,2022-09-22,2022,0.172735878,0.007197328,-1.07673e-4,0,ncas,x
2302,2022-10-06,2022,0,0,1.3771e-4,0,ncas,x
2302,2022-10-19,2022,0.953576888,0.03973237,1.15586e-4,0,ncas,x
2302,2023-04-14,2023,1.312748623,0.054697859,-1.42827e-4,0,ncas,x
2302,2023-04-25,2023,0.962229376,0.040092891,0,0,ncas,x
2302,2023-05-09,2023,2.682649532,0.111777064,1.62947e-4,0,ncas,x
2302,2023-05-22,2023,1.130025404,0.047084392,-2.06016e-4,0,ncas,x
2302,2023-06-05,2023,0.869025803,0.036209408,-1.32074e-4,0,ncas,x
2302,2023-06-21,2023,1.950483512,0.081270146,0,-9.57e-5,ncas,x
2302,2023-07-03,2023,0.62586514,0.026077714,-9.97e-5,0,ncas,x
2302,2023-07-19,2023,3.113746226,0.129739426,0,0,ncas,x
2302,2023-08-01,2023,2.830094394,0.1179206,0,0,ncas,x
2302,2023-08-16,2023,3.696591795,0.154024658,9.61e-5,0,ncas,x
2302,2023-09-13,2023,0,0,-1.33012e-4,0,ncas,x
2302,2023-09-27,2023,1.718617759,0.071609073,1.85378e-4,0,ncas,x
2305,2022-05-18,2022,1.791454469,0.074643936,5.61e-5,0,ncas,x
2305,2022-06-07,2022,0.804777138,0.033532381,-1.08735e-4,0,ncas,x
2305,2022-07-01,2022,0.713596384,0.029733183,0,0,ncas,x
2305,2022-07-25,2022,-0.441913346,-0.018413056,-3.03753e-4,0,ncas,x
2305,2022-08-09,2022,1.838582824,0.076607618,1.81339e-4,0,ncas,x
2305,2022-08-24,2022,2.067814368,0.086158932,-6.29e-5,0,ncas,x
2305,2022-09-07,2022,1.12986979,0.047077908,0,0,ncas,x
2305,2022-09-22,2022,0.562328123,0.023430338,0,0,ncas,x
2305,2022-10-06,2022,0.389187032,0.016216126,2.31743e-4,0,ncas,x
2305,2022-10-19,2022,0,0,-2.24438e-4,0,ncas,x
2305,2023-04-14,2023,1.385510347,0.057729598,2.02904e-4,0,ncas,x
2305,2023-04-25,2023,1.637253812,0.068218909,0,0,ncas,x
2305,2023-05-09,2023,2.599454077,0.108310587,1.53744e-4,0,ncas,x
2305,2023-05-22,2023,0.53896228,0.022456762,0,0,ncas,x
2305,2023-06-05,2023,0,0,-2.50635e-4,0,ncas,x
2305,2023-06-21,2023,-1.319679348,-0.05498664,-8.1e-5,-7.73e-5,ncas,x
2305,2023-07-03,2023,0.870910571,0.03628794,1.26651e-4,0,ncas,x
2305,2023-07-19,2023,0.485096139,0.020212339,-1.94773e-4,0,ncas,x
2305,2023-08-01,2023,1.507670283,0.062819595,0,-5.96e-5,ncas,x
2305,2023-08-16,2023,1.337503508,0.055729313,1.39714e-4,4.66e-5,ncas,x
2305,2023-09-13,2023,0.563985509,0.023499396,1.52914e-4,0,ncas,x
2305,2023-09-27,2023,1.144074552,0.047669773,1.39346e-4,0,ncas,x
2306,2022-05-18,2022,0.827800749,0.034491698,0,0,ncas,x
2306,2022-06-07,2022,1.553362614,0.064723442,1.33933e-4,0,ncas,x
2306,2022-07-01,2022,2.143100579,0.089295857,2.37191e-4,0,ncas,x
2306,2022-07-25,2022,0,0,7.09e-5,0,ncas,x
2306,2022-08-09,2022,1.57516657,0.06563194,2.73564e-4,0,ncas,x
2306,2022-08-24,2022,1.785741743,0.074405906,2.42754e-4,0,ncas,x
2306,2022-09-07,2022,0.991968603,0.041332025,0,0,ncas,x
2306,2022-09-22,2022,0,0,0,0,ncas,x
2306,2022-10-06,2022,0,0,0,-7.8e-5,ncas,x
2306,2022-10-19,2022,0,0,0,0,ncas,x
2306,2023-04-14,2023,0.709660059,0.029569169,0,0,ncas,x
2306,2023-04-25,2023,0.489400141,0.020391673,0,0,ncas,x
2306,2023-05-09,2023,0.645520927,0.026896705,3.34529e-4,-3.82e-5,ncas,x
2306,2023-05-22,2023,0.851024006,0.035459334,0,-9.07e-5,ncas,x
2306,2023-06-05,2023,0,0,-2.79759e-4,0,ncas,x
2306,2023-06-21,2023,-0.177166945,-0.007381956,-3.8147e-4,0,ncas,x
2306,2023-07-03,2023,1.517323333,0.063221806,7.7e-5,-7.07e-5,ncas,x
2306,2023-07-19,2023,1.871813994,0.07799225,0,0,ncas,x
2306,2023-08-01,2023,2.58959254,0.107899689,9.41e-5,-4.35e-5,ncas,x
2306,2023-08-16,2023,1.621967162,0.067581965,6.41e-5,0,ncas,x
2306,2023-09-13,2023,0,0,0,0,ncas,x
2306,2023-09-27,2023,0.397742203,0.016572592,0,0,ncas,x
2307,2022-05-18,2022,1.302647573,0.054276982,0,0,ncas,x
2307,2022-06-07,2022,0.808412208,0.033683842,0,0,ncas,x
2307,2022-07-01,2022,1.05237142,0.043848809,3.60237e-4,0,ncas,x
2307,2022-07-25,2022,0.672916141,0.028038173,0,0,ncas,x
2307,2022-08-09,2022,2.053246665,0.085551944,0,0,ncas,x
2307,2022-08-24,2022,1.754224741,0.073092698,0,0,ncas,x
2307,2022-09-07,2022,1.887507311,0.078646138,0,0,ncas,x
2307,2022-09-22,2022,0.833317453,0.034721561,1.17058e-4,0,ncas,x
2307,2022-10-06,2022,0.377536168,0.015730674,0,0,ncas,x
2307,2022-10-19,2022,0,0,0,0,ncas,x
2307,2023-04-14,2023,0.854907765,0.035621157,-1.2204e-4,0,ncas,x
2307,2023-04-25,2023,1.230761713,0.051281738,0,0,ncas,x
2307,2023-05-09,2023,3.046689533,0.126945397,0,0,ncas,x
2307,2023-05-22,2023,1.7974535,0.074893896,0,0,ncas,x
2307,2023-06-05,2023,0.497058342,0.020710764,-2.10839e-4,0,ncas,x
2307,2023-06-21,2023,0.468032008,0.019501334,-8.18e-5,0,ncas,x
2307,2023-07-03,2023,0.39300067,0.016375028,6.04e-5,0,ncas,x
2307,2023-07-19,2023,1.209227154,0.050384465,0,0,ncas,x
2307,2023-08-01,2023,0.708089009,0.029503709,0,0,ncas,x
2307,2023-08-16,2023,2.55627807,0.106511586,1.31444e-4,0,ncas,x
2307,2023-09-13,2023,0.881929899,0.036747079,0,0,ncas,x
2307,2023-09-27,2023,0.812308252,0.033846177,8.49e-5,0,ncas,x
2308,2022-05-18,2022,2.875029021,0.119792876,0,0,ncas,x
2308,2022-06-07,2022,1.86409887,0.077670786,0,0,ncas,x
2308,2022-07-01,2022,1.300810161,0.054200423,0,0,ncas,x
2308,2022-07-25,2022,1.266591618,0.052774651,0,0,ncas,x
2308,2022-08-09,2022,4.098959186,0.170789966,2.92587e-4,-9.43e-5,ncas,x
2308,2022-08-24,2022,3.409360269,0.142056678,0,0,ncas,x
2308,2022-09-07,2022,1.531339918,0.06380583,0,6.85e-5,ncas,x
2308,2022-09-22,2022,0.665141602,0.027714233,2.37217e-4,0,ncas,x
2308,2022-10-06,2022,0.237320382,0.009888349,-1.14059e-4,0,ncas,x
2308,2022-10-19,2022,0.717277673,0.02988657,5.4e-5,0,ncas,x
2308,2023-04-14,2023,0.690787956,0.028782832,-3.138e-4,0,ncas,x
2308,2023-04-25,2023,0.902332032,0.037597168,1.70977e-4,0,ncas,x
2308,2023-05-09,2023,1.860591915,0.077524663,0,0,ncas,x
2308,2023-05-22,2023,2.209594277,0.092066428,2.77589e-4,-1.06578e-4,ncas,x
2308,2023-06-05,2023,0.758023412,0.031584309,-1.49798e-4,0,ncas,x
2308,2023-06-21,2023,0.441174857,0.018382286,-3.0604e-4,0,ncas,x
2308,2023-07-03,2023,1.291042787,0.053793449,6.39e-5,0,ncas,x
2308,2023-07-19,2023,1.864124244,0.077671843,0,0,ncas,x
2308,2023-08-01,2023,2.873938362,0.119747432,7.44e-5,6.6e-5,ncas,x
2308,2023-08-16,2023,2.370026331,0.098751097,0,0,ncas,x
2308,2023-09-13,2023,0.897670719,0.037402947,6.98e-5,0,ncas,x
2308,2023-09-27,2023,2.268716576,0.094529857,-1.36487e-4,0,ncas,x
2310,2022-05-18,2022,1.159069963,0.048294582,1.0713e-4,0,ncas,x
2310,2022-06-07,2022,0.338631341,0.014109639,0,6.67e-5,ncas,x
2310,2022-07-01,2022,1.416991067,0.059041294,0,0,ncas,x
2310,2022-07-15,2022,0,0,0,0,ncas,x
2310,2022-07-25,2022,0,0,0,0,ncas,x
2310,2022-08-09,2022,1.575277979,0.065636582,0,0,ncas,x
2310,2022-08-24,2022,2.117909069,0.088246211,1.36169e-4,-7.63e-5,ncas,x
2310,2022-09-07,2022,1.12477505,0.046865627,0,0,ncas,x
2310,2022-09-22,2022,0.317815112,0.013242296,8.09e-5,0,ncas,x
2310,2022-10-06,2022,0,0,1.4234e-4,0,ncas,x
2310,2022-10-19,2022,0,0,-2.4457e-4,0,ncas,x
2310,2023-04-14,2023,0,0,-1.98055e-4,0,ncas,x
2310,2023-04-25,2023,0.801172666,0.033382194,-1.4774e-4,0,ncas,x
2310,2023-05-09,2023,1.320906073,0.055037753,1.86987e-4,0,ncas,x
2310,2023-05-22,2023,1.354300132,0.056429172,-6e-5,0,ncas,x
2310,2023-06-05,2023,0,0,0,0,ncas,x
2310,2023-06-21,2023,-0.311763029,-0.012990126,1.96951e-4,0,ncas,x
2310,2023-07-03,2023,0.795073081,0.033128045,6.39e-5,9.7e-5,ncas,x
2310,2023-07-19,2023,1.101784626,0.045907693,-5.43e-5,0,ncas,x
2310,2023-08-01,2023,2.168377149,0.090349048,9.32e-5,0,ncas,x
2310,2023-08-16,2023,1.582413895,0.065933912,0,0,ncas,x
2310,2023-09-13,2023,0.642375642,0.026765652,-1.44255e-4,0,ncas,x
2310,2023-09-27,2023,1.332723019,0.055530126,3.21174e-4,0,ncas,x
2311,2022-05-18,2022,1.03433486,0.043097286,0,0,ncas,x
2311,2022-06-07,2022,0,0,0,0,ncas,x
2311,2022-07-01,2022,1.580644947,0.065860206,6.33e-5,0,ncas,x
2311,2022-07-15,2022,1.098497806,0.045770742,1.14421e-4,0,ncas,x
2311,2022-07-25,2022,0.509403296,0.021225137,7.43e-5,0,ncas,x
2311,2022-08-09,2022,0.974051753,0.04058549,0,0,ncas,x
2311,2022-08-24,2022,0.984726317,0.041030263,-1.03824e-4,0,ncas,x
2311,2022-09-07,2022,-0.719113433,-0.02996306,0,0,ncas,x
2311,2022-09-22,2022,0,0,-1.98146e-4,0,ncas,x
2311,2022-10-06,2022,0.500995983,0.020874833,-9.63e-5,0,ncas,x
2311,2022-10-19,2022,0.489969467,0.020415394,0,0,ncas,x
2311,2023-04-14,2023,0.14364584,0.005985243,-3.36367e-4,0,ncas,x
2311,2023-04-25,2023,0.595342527,0.024805939,-3.50047e-4,0,ncas,x
2311,2023-05-09,2023,1.364078789,0.056836616,-1.05815e-4,-4.63e-5,ncas,x
2311,2023-05-22,2023,1.358038904,0.056584954,0,0,ncas,x
2311,2023-06-05,2023,1.338762913,0.055781788,0,0,ncas,x
2311,2023-06-21,2023,0.895590581,0.037316274,9.08e-5,0,ncas,x
2311,2023-07-03,2023,0.684020219,0.028500842,0,0,ncas,x
2311,2023-07-19,2023,1.264696392,0.052695683,0,6.51e-5,ncas,x
2311,2023-08-01,2023,2.069980555,0.08624919,0,0,ncas,x
2311,2023-08-16,2023,1.57521583,0.065633993,0,-9.88e-5,ncas,x
2311,2023-09-13,2023,0.725694832,0.030237285,-1.00493e-4,0,ncas,x
2311,2023-09-27,2023,1.615075518,0.067294813,0,0,ncas,x
2312,2022-05-18,2022,0.991628195,0.041317841,0,0,ncas,x
2312,2022-06-07,2022,0.34983891,0.014576621,1.51435e-4,0,ncas,x
2312,2022-07-01,2022,2.176770181,0.090698758,-1.47493e-4,0,ncas,x
2312,2022-07-15,2022,0.685707295,0.028571137,1.07291e-4,0,ncas,x
2312,2022-07-25,2022,0.404253461,0.016843894,0,0,ncas,x
2312,2022-08-09,2022,1.737030361,0.072376265,-1.19477e-4,0,ncas,x
2312,2022-08-24,2022,0.872761962,0.036365082,-6.14e-5,0,ncas,x
2312,2022-09-07,2022,0.719541747,0.029980906,-9.75e-5,0,ncas,x
2312,2022-09-22,2022,0,0,1.53737e-4,0,ncas,x
2312,2022-10-06,2022,0.233488945,0.009728706,0,0,ncas,x
2312,2022-10-19,2022,0,0,-7.54e-5,0,ncas,x
2312,2023-04-14,2023,0.380547066,0.015856128,-2.72947e-4,0,ncas,x
2312,2023-04-25,2023,1.017958174,0.042414924,7.37e-5,0,ncas,x
2312,2023-05-09,2023,1.749668254,0.072902844,-9.45e-5,0,ncas,x
2312,2023-05-22,2023,0.815478876,0.033978286,0,0,ncas,x
2312,2023-06-05,2023,0.714390174,0.029766257,0,-7.5e-5,ncas,x
2312,2023-06-21,2023,0,0,0,0,ncas,x
2312,2023-07-03,2023,0.48515444,0.020214768,0,0,ncas,x
2312,2023-07-19,2023,1.410512623,0.058771359,1.77414e-4,0,ncas,x
2312,2023-08-01,2023,1.03606382,0.043169326,-9.36e-5,0,ncas,x
2312,2023-08-16,2023,0.92266717,0.038444465,0,0,ncas,x
2312,2023-09-13,2023,0.936186185,0.039007758,1.22654e-4,0,ncas,x
2312,2023-09-27,2023,0.654218014,0.027259084,0,-7.51e-5,ncas,x
2402,2022-05-18,2022,1.837323427,0.076555143,0,0,ncas,x
2402,2022-06-07,2022,-0.382152293,-0.015923012,0,0,ncas,x
2402,2022-07-01,2022,1.131832459,0.047159686,0,0,ncas,x
2402,2022-07-15,2022,0.775798956,0.032324957,-1.19952e-4,0,ncas,x
2402,2022-07-25,2022,0,0,0,0,ncas,x
2402,2022-08-09,2022,0.925276335,0.038553181,-8.81e-5,0,ncas,x
2402,2022-08-24,2022,1.07690242,0.044870934,0,0,ncas,x
2402,2022-09-07,2022,0.500030937,0.020834622,-1.02001e-4,0,ncas,x
2402,2022-09-22,2022,1.096081853,0.045670077,6.45e-5,0,ncas,x
2402,2022-10-06,2022,0.217106027,0.009046084,0,-3.5e-5,ncas,x
2402,2022-10-19,2022,0.424980406,0.017707517,-8.48e-5,0,ncas,x
2402,2023-04-14,2023,0,0,0,0,ncas,x
2402,2023-04-25,2023,0.881838523,0.036743272,0,-8.58e-5,ncas,x
2402,2023-05-09,2023,1.344264154,0.056011006,0,0,ncas,x
2402,2023-05-22,2023,1.147833171,0.047826382,0,0,ncas,x
2402,2023-06-05,2023,0.19708902,0.008212043,0,0,ncas,x
2402,2023-06-21,2023,0.349286712,0.014553613,7.51e-5,0,ncas,x
2402,2023-07-03,2023,0.620874983,0.025869791,0,0,ncas,x
2402,2023-07-19,2023,1.119929524,0.04666373,0,0,ncas,x
2402,2023-08-01,2023,1.059806135,0.044158589,-9.3e-5,0,ncas,x
2402,2023-08-17,2023,1.975296821,0.082304034,1.12362e-4,0,ncas,x
2402,2023-09-13,2023,0.427813779,0.017825574,0,0,ncas,x
2402,2023-09-27,2023,1.144998928,0.047708289,1.51013e-4,0,ncas,x
2403,2022-05-18,2022,1.040402396,0.0433501,1.37857e-4,0,ncas,x
2403,2022-06-07,2022,1.266710487,0.052779604,1.32626e-4,0,ncas,x
2403,2022-07-01,2022,1.085118736,0.045213281,-1.59561e-4,0,ncas,x
2403,2022-07-15,2022,1.883600652,0.078483361,1.58883e-4,0,ncas,x
2403,2022-07-25,2022,0.769983966,0.032082665,2.91653e-4,0,ncas,x
2403,2022-08-09,2022,1.92562959,0.080234566,0,0,ncas,x
2403,2022-08-24,2022,1.330952673,0.055456361,0,0,ncas,x
2403,2022-09-07,2022,1.072865395,0.044702725,0,0,ncas,x
2403,2022-09-22,2022,0.968712696,0.040363029,0,0,ncas,x
2403,2022-10-06,2022,0.684558766,0.028523282,1.47845e-4,0,ncas,x
2403,2022-10-19,2022,0.46507177,0.01937799,0,0,ncas,x
2403,2023-04-14,2023,1.012638432,0.042193268,5.79e-5,0,ncas,x
2403,2023-04-25,2023,0.605191305,0.025216304,0,0,ncas,x
2403,2023-05-09,2023,0.960147772,0.040006157,0,0,ncas,x
2403,2023-05-22,2023,1.240545682,0.051689403,0,0,ncas,x
2403,2023-06-05,2023,0.186465368,0.00776939,-1.14696e-4,0,ncas,x
2403,2023-06-21,2023,1.273254487,0.05305227,3.54208e-4,0,ncas,x
2403,2023-07-03,2023,1.049370364,0.043723765,8.81e-5,0,ncas,x
2403,2023-07-19,2023,0.425121942,0.017713414,0,0,ncas,x
2403,2023-08-01,2023,0.626128704,0.026088696,0,0,ncas,x
2403,2023-08-17,2023,0.609479428,0.025394976,0,0,ncas,x
2403,2023-09-13,2023,0.584565227,0.024356884,0,0,ncas,x
2403,2023-09-27,2023,0.964170442,0.040173768,0,-7.86e-5,ncas,x
2404,2022-05-18,2022,2.014587875,0.083941161,1.95544e-4,0,ncas,x
2404,2022-06-07,2022,0.966971421,0.040290476,-1.73584e-4,0,ncas,x
2404,2022-07-01,2022,2.052695577,0.085528982,-1.3902e-4,0,ncas,x
2404,2022-07-15,2022,-0.415684719,-0.017320197,-1.27849e-4,0,ncas,x
2404,2022-07-25,2022,0.930533715,0.038772238,2.51951e-4,0,ncas,x
2404,2022-08-09,2022,4.29401137,0.17891714,0,0,ncas,x
2404,2022-08-24,2022,2.061723183,0.085905133,0,0,ncas,x
2404,2022-09-07,2022,1.966747653,0.081947819,5.62e-5,0,ncas,x
2404,2022-09-22,2022,0,0,0,0,ncas,x
2404,2022-10-06,2022,0.384678501,0.016028271,1.36757e-4,0,ncas,x
2404,2022-10-19,2022,0,0,0,4.99e-5,ncas,x
2404,2023-04-14,2023,1.276390465,0.053182936,0,0,ncas,x
2404,2023-04-25,2023,1.075934348,0.044830598,0,-7.95e-5,ncas,x
2404,2023-05-09,2023,2.092032472,0.08716802,2.9474e-4,0,ncas,x
2404,2023-05-22,2023,1.845053517,0.07687723,0,0,ncas,x
2404,2023-06-05,2023,1.178164157,0.049090173,-8.79e-5,9.39e-5,ncas,x
2404,2023-06-21,2023,0,0,0,0,ncas,x
2404,2023-07-03,2023,0.708151871,0.029506328,0,0,ncas,x
2404,2023-07-19,2023,1.057222353,0.044050931,-8.11e-5,0,ncas,x
2404,2023-08-01,2023,1.427729171,0.059488715,-1.01978e-4,4.67e-5,ncas,x
2404,2023-08-16,2023,2.955619185,0.123150799,0,0,ncas,x
2404,2023-09-13,2023,0.319098251,0.01329576,0,0,ncas,x
2404,2023-09-27,2023,2.311229967,0.096301249,0,0,ncas,x
2405,2022-05-18,2022,1.816906218,0.075704426,0,0,ncas,x
2405,2022-06-07,2022,1.850311605,0.077096317,0,0,ncas,x
2405,2022-07-01,2022,1.930194079,0.080424753,-1.56389e-4,0,ncas,x
2405,2022-07-15,2022,0.995170111,0.041465421,1.35022e-4,0,ncas,x
2405,2022-07-25,2022,0.736559043,0.03068996,0,0,ncas,x
2405,2022-08-09,2022,2.310161028,0.09625671,1.27088e-4,0,ncas,x
2405,2022-08-24,2022,1.311087256,0.054628636,0,9.13e-5,ncas,x
2405,2022-09-07,2022,1.474018656,0.061417444,0,0,ncas,x
2405,2022-09-22,2022,0.361419716,0.015059155,-2.88095e-4,4.77e-5,ncas,x
2405,2022-10-06,2022,0.243426079,0.010142753,0,0,ncas,x
2405,2022-10-19,2022,0,0,0,0,ncas,x
2405,2023-04-14,2023,1.052039934,0.043834997,0,0,ncas,x
2405,2023-04-25,2023,0.707835636,0.029493151,0,0,ncas,x
2405,2023-05-09,2023,0.852635296,0.035526471,0,0,ncas,x
2405,2023-05-22,2023,1.034864168,0.04311934,0,-4.43e-5,ncas,x
2405,2023-06-05,2023,0,0,1.01485e-4,7.32e-5,ncas,x
2405,2023-06-21,2023,0.751085048,0.03129521,2.25781e-4,0,ncas,x
2405,2023-07-03,2023,0.838118288,0.034921595,0,0,ncas,x
2405,2023-07-19,2023,0.945713639,0.039404735,8.73e-5,5.84e-5,ncas,x
2405,2023-08-01,2023,0.573878899,0.023911621,0,1.09808e-4,ncas,x
2405,2023-08-16,2023,1.335224806,0.055634367,2.62735e-4,0,ncas,x
2405,2023-09-13,2023,0.551118395,0.022963266,-1.76041e-4,0,ncas,x
2405,2023-09-27,2023,0.883589562,0.036816232,-1.19227e-4,0,ncas,x
2406,2022-05-18,2022,0.880522697,0.036688446,0,0,ncas,x
2406,2022-06-07,2022,0.397147758,0.016547823,-2.49629e-4,0,ncas,x
2406,2022-07-01,2022,1.454279014,0.060594959,0,0,ncas,x
2406,2022-07-15,2022,0.992420204,0.041350842,1.41916e-4,0,ncas,x
2406,2022-07-25,2022,0,0,9.63e-5,0,ncas,x
2406,2022-08-09,2022,1.481964717,0.06174853,-1.59011e-4,0,ncas,x
2406,2022-08-24,2022,1.53152308,0.063813462,0,0,ncas,x
2406,2022-09-07,2022,0.571884137,0.023828506,0,0,ncas,x
2406,2022-09-22,2022,0.872819481,0.036367478,0,0,ncas,x
2406,2022-10-06,2022,0.56116421,0.023381842,0,0,ncas,x
2406,2022-10-19,2022,0,0,0,0,ncas,x
2406,2023-04-14,2023,1.15670414,0.048196006,0,0,ncas,x
2406,2023-04-25,2023,0.688582089,0.02869092,0,0,ncas,x
2406,2023-05-09,2023,0.663120664,0.027630028,1.84565e-4,0,ncas,x
2406,2023-05-22,2023,0,0,0,0,ncas,x
2406,2023-06-05,2023,0,0,1.30845e-4,0,ncas,x
2406,2023-07-03,2023,-0.177032335,-0.007376347,1.07821e-4,0,ncas,x
2406,2023-07-19,2023,2.407750908,0.100322955,0,0,ncas,x
2406,2023-08-01,2023,2.300511834,0.09585466,0,0,ncas,x
2406,2023-08-16,2023,1.744587619,0.072691151,0,0,ncas,x
2406,2023-09-13,2023,0.528840209,0.022035009,9.1e-5,0,ncas,x
2406,2023-09-27,2023,1.275566475,0.053148603,1.03356e-4,0,ncas,x
2409,2022-05-18,2022,0.998478893,0.041603287,0,0,ncas,x
2409,2022-06-07,2022,0.528956118,0.022039838,0,0,ncas,x
2409,2022-07-01,2022,1.830690178,0.076278757,-1.29154e-4,0,ncas,x
2409,2022-07-15,2022,1.230756305,0.051281513,0,7.44e-5,ncas,x
2409,2022-07-25,2022,0.904612559,0.03769219,0,0,ncas,x
2409,2022-08-09,2022,2.696657832,0.112360743,-1.72876e-4,0,ncas,x
2409,2022-08-24,2022,2.080490075,0.086687086,1.27226e-4,-6.69e-5,ncas,x
2409,2022-09-07,2022,0.887037633,0.036959901,-1.65155e-4,0,ncas,x
2409,2022-09-22,2022,1.557813451,0.064908894,0,0,ncas,x
2409,2022-10-06,2022,1.293273472,0.053886395,0,0,ncas,x
2409,2022-10-19,2022,0.515449733,0.021477072,0,0,ncas,x
2409,2023-04-14,2023,1.430702813,0.059612617,1.84971e-4,0,ncas,x
2409,2023-04-25,2023,0.378845186,0.015785216,6.94e-5,0,ncas,x
2409,2023-05-09,2023,0,0,9.24e-5,0,ncas,x
2409,2023-05-22,2023,0.897072001,0.037378,-3.3358e-4,0,ncas,x
2409,2023-06-05,2023,1.465364316,0.061056847,-1.95764e-4,0,ncas,x
2409,2023-06-21,2023,0.488548134,0.020356172,0,0,ncas,x
2409,2023-07-03,2023,0,0,-1.72191e-4,0,ncas,x
2409,2023-07-19,2023,0.710655475,0.029610645,8.59e-5,0,ncas,x
2409,2023-08-01,2023,2.619316396,0.109138183,0,0,ncas,x
2409,2023-08-16,2023,2.561406455,0.106725269,0,0,ncas,x
2409,2023-09-13,2023,0.23323823900000001,0.00971826,-2.88002e-4,0,ncas,x
2409,2023-09-27,2023,0.286307239,0.011929468,0,0,ncas,x
2410,2022-05-18,2022,0.747444609,0.031143525,0,0,ncas,x
2410,2022-06-07,2022,1.208525069,0.050355211,0,-4.68e-5,ncas,x
2410,2022-07-01,2022,0.932797637,0.038866568,0,0,ncas,x
2410,2022-07-15,2022,0.997191089,0.041549629,-7.87e-5,0,ncas,x
2410,2022-07-25,2022,1.289189912,0.053716246,0,-6.38e-5,ncas,x
2410,2022-08-09,2022,1.2784328,0.053268033,0,0,ncas,x
2410,2022-08-24,2022,0.946332314,0.039430513,0,0,ncas,x
2410,2022-09-07,2022,1.227630555,0.051151273,1.32362e-4,0,ncas,x
2410,2022-09-22,2022,0.819661194,0.03415255,0,0,ncas,x
2410,2022-10-06,2022,0,0,0,0,ncas,x
2410,2022-10-19,2022,0,0,0,0,ncas,x
2410,2023-04-14,2023,1.51304225,0.063043427,0,0,ncas,x
2410,2023-04-25,2023,0.550526983,0.022938624,-8.73e-5,0,ncas,x
2410,2023-05-09,2023,0.738001196,0.03075005,8.47e-5,-5.75e-5,ncas,x
2410,2023-05-22,2023,1.258580807,0.052440867,1.70339e-4,0,ncas,x
2410,2023-06-05,2023,-0.523763472,-0.021823478,0,0,ncas,x
2410,2023-06-21,2023,0.374331585,0.015597149,-1.08212e-4,0,ncas,x
2410,2023-07-03,2023,0.336827953,0.014034498,0,9.86e-5,ncas,x
2410,2023-07-19,2023,0.27853702,0.011605709,0,0,ncas,x
2410,2023-08-01,2023,1.858887807,0.077453659,0,0,ncas,x
2410,2023-08-16,2023,2.38926194,0.099552581,0,0,ncas,x
2410,2023-09-13,2023,0.762617871,0.031775745,-1.07399e-4,6e-5,ncas,x
2410,2023-09-27,2023,0.888100606,0.037004192,-4.48e-5,0,ncas,x
2411,2022-05-18,2022,0.871222347,0.036300931,0,0,ncas,x
2411,2022-06-07,2022,0.949229577,0.039551232,0,0,ncas,x
2411,2022-07-01,2022,1.061406157,0.044225257,-1.44802e-4,0,ncas,x
2411,2022-07-15,2022,2.288018495,0.095334104,1.18312e-4,0,ncas,x
2411,2022-07-25,2022,1.292133404,0.053838892,1.35386e-4,0,ncas,x
2411,2022-08-09,2022,1.360638074,0.056693253,1.84186e-4,0,ncas,x
2411,2022-08-24,2022,0.830842671,0.034618445,0,0,ncas,x
2411,2022-09-07,2022,0.949522748,0.039563448,-1.69645e-4,0,ncas,x
2411,2022-09-22,2022,0.553774684,0.023073945,1.82714e-4,0,ncas,x
2411,2022-10-06,2022,0.337590003,0.01406625,-9.37e-5,0,ncas,x
2411,2022-10-19,2022,0,0,0,0,ncas,x
2411,2023-04-14,2023,0,0,-1.34262e-4,0,ncas,x
2411,2023-04-25,2023,0.244841772,0.010201741,0,0,ncas,x
2411,2023-05-22,2023,0.807258646,0.033635777,-1.16237e-4,0,ncas,x
2411,2023-06-05,2023,0,0,0,9.62e-5,ncas,x
2411,2023-06-21,2023,0.78054892,0.032522872,0,0,ncas,x
2411,2023-07-03,2023,0.962768886,0.04011537,-1.19833e-4,0,ncas,x
2411,2023-07-19,2023,1.860680608,0.077528359,0,0,ncas,x
2411,2023-08-01,2023,3.053776193,0.127240675,0,0,ncas,x
2411,2023-08-16,2023,2.560655018,0.106693959,0,0,ncas,x
2411,2023-09-13,2023,0.649138601,0.027047442,0,0,ncas,x
2411,2023-09-27,2023,0.25857998,0.010774166,0,0,ncas,x
2412,2022-05-18,2022,1.228704131,0.051196005,1.38695e-4,0,ncas,x
2412,2022-06-07,2022,1.327584252,0.05531601,0,0,ncas,x
2412,2022-07-01,2022,1.297100169,0.05404584,-1.38123e-4,0,ncas,x
2412,2022-07-15,2022,0,0,0,7.29e-5,ncas,x
2412,2022-07-25,2022,0.743522573,0.030980107,9.05e-5,0,ncas,x
2412,2022-08-09,2022,1.640699667,0.068362486,-2.7458e-4,0,ncas,x
2412,2022-08-24,2022,1.48976641,0.0620736,7.09e-5,0,ncas,x
2412,2022-09-07,2022,1.256924686,0.052371862,-1.11643e-4,5.51e-5,ncas,x
2412,2022-09-22,2022,0.211815991,0.008825666,-7.62e-5,0,ncas,x
2412,2022-10-06,2022,0.140854352,0.005868931,0,0,ncas,x
2412,2022-10-19,2022,0,0,0,0,ncas,x
2412,2023-04-14,2023,0.843853342,0.035160556,0,0,ncas,x
2412,2023-04-25,2023,0.992643123,0.04136013,1.62711e-4,-5.67e-5,ncas,x
2412,2023-05-09,2023,1.108885874,0.046203578,9.64e-5,0,ncas,x
2412,2023-05-22,2023,1.526651943,0.063610498,1.89363e-4,0,ncas,x
2412,2023-06-05,2023,0.848741389,0.035364225,1.82061e-4,0,ncas,x
2412,2023-06-21,2023,1.285835413,0.053576476,0,0,ncas,x
2412,2023-07-03,2023,0.15329046,0.006387103,0,0,ncas,x
2412,2023-07-19,2023,0.531496495,0.022145687,-1.40278e-4,-7.21e-5,ncas,x
2412,2023-08-01,2023,1.144333285,0.047680554,0,8.62e-5,ncas,x
2412,2023-08-16,2023,1.409573276,0.05873222,0,0,ncas,x
2412,2023-09-13,2023,0.915026275,0.038126095,0,0,ncas,x
2412,2023-09-27,2023,0.767304825,0.031971034,0,0,ncas,x
501,2023-09-26,2023,0.983270057,0.040969586,0,0,ncas,x
501,2023-10-18,2023,0,0,7.18e-5,0,ncas,x
502,2023-09-26,2023,0.760297419,0.031679059,0,7.39e-5,ncas,x
502,2023-10-18,2023,0.400645142,0.016693548,-8.84e-5,0,ncas,x
504,2023-04-13,2023,1.427457741,0.059477406,6.59e-5,0,ncas,x
504,2023-04-26,2023,0.468515664,0.019521486,-9.51e-5,0,ncas,x
504,2023-05-10,2023,1.555558883,0.064814953,1.66434e-4,0,ncas,x
504,2023-05-23,2023,-0.175322503,-0.007305104,-8.84e-5,0,ncas,x
504,2023-06-06,2023,0.848077034,0.035336543,-1.40559e-4,0,ncas,x
504,2023-07-05,2023,2.851174715,0.118798946,0,0,ncas,x
504,2023-07-20,2023,1.890514311,0.07877143,0,0,ncas,x
504,2023-08-02,2023,1.764055935,0.073502331,-1.08151e-4,0,ncas,x
504,2023-08-17,2023,1.161344837,0.048389368,0,0,ncas,x
504,2023-09-14,2023,1.008570136,0.042023756,0,0,ncas,x
504,2023-09-26,2023,0.832913207,0.034704717,1.24929e-4,-7.48e-5,ncas,x
504,2023-10-18,2023,0.553939821,0.023080826,8.66e-5,9.04e-5,ncas,x
506,2023-04-13,2023,3.561832818,0.148409701,0.002428991,0,ncas,x
506,2023-04-26,2023,0.807936185,0.033664008,1.60057e-4,0,ncas,x
506,2023-05-10,2023,-0.129114588,-0.005379775,-1.87155e-4,0,ncas,x
506,2023-05-23,2023,0,0,0,0,ncas,x
506,2023-06-06,2023,0.500368182,0.020848674,0,0,ncas,x
506,2023-07-05,2023,1.288388702,0.053682863,0,0,ncas,x
506,2023-07-20,2023,1.242317867,0.051763244,0,0,ncas,x
506,2023-08-02,2023,1.4257467,0.059406113,0,-5.76e-5,ncas,x
506,2023-08-17,2023,3.651599104,0.152149963,1.03841e-4,0,ncas,x
506,2023-09-14,2023,0.605234478,0.025218103,-1.18276e-4,0,ncas,x
506,2023-09-26,2023,0.743929798,0.030997075,0,0,ncas,x
506,2023-10-18,2023,0.658588537,0.027441189,0,0,ncas,x
508,2023-09-26,2023,1.094339375,0.045597474,0,0,ncas,x
508,2023-10-18,2023,0.926300191,0.038595841,-1.42469e-4,0,ncas,x
509,2023-04-13,2023,2.230667788,0.092944491,3.51145e-4,0,ncas,x
509,2023-04-26,2023,0.542109064,0.022587878,-7.75e-5,0,ncas,x
509,2023-05-10,2023,0.55501576,0.023125657,0,0,ncas,x
509,2023-05-23,2023,0.533672944,0.022236373,0,0,ncas,x
509,2023-06-06,2023,0.69448968,0.02893707,-1.40483e-4,0,ncas,x
509,2023-07-05,2023,2.488692858,0.103695536,2.13746e-4,0,ncas,x
509,2023-07-20,2023,1.06941916,0.044559132,0,0,ncas,x
509,2023-08-02,2023,1.263014176,0.052625591,0,0,ncas,x
509,2023-08-17,2023,1.579495078,0.065812295,-5.18e-5,0,ncas,x
509,2023-09-14,2023,1.086241625,0.045260068,-7.54e-5,0,ncas,x
509,2023-09-26,2023,0.33569913,0.013987464,0,0,ncas,x
509,2023-10-18,2023,0.786719284,0.03277997,0,0,ncas,x
601,2023-09-26,2023,1.638012973,0.068250541,0,0,ncas,x
601,2023-10-18,2023,1.48017298,0.061673874,1.3734e-4,0,ncas,x
602,2023-09-26,2023,0.366583707,0.015274321,0,0,ncas,x
602,2023-10-18,2023,2.325929967,0.096913749,2.29102e-4,0,ncas,x
603,2023-04-13,2023,4.526117246,0.188588219,0,0,ncas,x
603,2023-04-26,2023,0.317884375,0.013245182,0,0,ncas,x
603,2023-05-10,2023,1.700842067,0.070868419,2.30246e-4,0,ncas,x
603,2023-05-23,2023,2.237921831,0.093246743000000007,0,0,ncas,x
603,2023-06-06,2023,0.781439975,0.032559999,-7.61e-5,5.8e-5,ncas,x
603,2023-07-05,2023,1.589688909,0.066237038,1.46541e-4,0,ncas,x
603,2023-07-20,2023,1.32852468,0.055355195,6.48e-5,0,ncas,x
603,2023-08-02,2023,0.994764415,0.041448517,0,0,ncas,x
603,2023-08-17,2023,1.505745298,0.062739387,0,0,ncas,x
603,2023-09-14,2023,0.465778299,0.019407429,0,0,ncas,x
603,2023-09-26,2023,0.646331785,0.026930491,0,0,ncas,x
603,2023-10-18,2023,-0.399590462,-0.016649603,-2.30927e-4,0,ncas,x
604,2023-09-26,2023,0.38254033,0.01593918,0,0,ncas,x
604,2023-10-18,2023,1.578933398,0.065788892,0,0,ncas,x
606,2023-04-13,2023,0.999252804,0.041635533,4.5484e-4,0,ncas,x
606,2023-04-26,2023,0.922364599,0.038431858,0,0,ncas,x
606,2023-05-10,2023,2.658965367,0.110790224,0,-6.56e-5,ncas,x
606,2023-05-23,2023,1.548218179,0.064509091,-1.72354e-4,0,ncas,x
606,2023-06-06,2023,0.462995117,0.019291463,-7.4e-5,0,ncas,x
606,2023-07-05,2023,2.188227253,0.091176136,1.34559e-4,5.94e-5,ncas,x
606,2023-07-20,2023,3.139586772,0.130816115,0,0,ncas,x
606,2023-08-02,2023,2.013741656,0.083905902,0,0,ncas,x
606,2023-08-17,2023,1.408698926,0.058695789,0,0,ncas,x
606,2023-09-14,2023,0.795665922,0.033152747,0,-4.44e-5,ncas,x
606,2023-09-26,2023,0.902518976,0.037604957,0,0,ncas,x
606,2023-10-18,2023,-0.344323862,-0.014346828,-1.5636e-4,0,ncas,x
607,2023-04-13,2023,3.447154198,0.143631425,0.004327518,0,ncas,x
607,2023-04-26,2023,1.943286426,0.080970268,1.99792e-4,0,ncas,x
607,2023-05-10,2023,1.171565568,0.048815232,0,0,ncas,x
607,2023-05-23,2023,2.558917764,0.106621574,4.13163e-4,0,ncas,x
607,2023-06-06,2023,0.497481887,0.020728412,-2.26452e-4,7.73e-5,ncas,x
607,2023-07-05,2023,1.662467128,0.069269464,1.63141e-4,0,ncas,x
607,2023-07-20,2023,2.360576737,0.098357364,0,0,ncas,x
607,2023-08-02,2023,2.637924481,0.10991352,8.47e-5,0,ncas,x
607,2023-08-17,2023,1.805520359,0.075230015,-2.0341e-4,5.44e-5,ncas,x
607,2023-09-14,2023,2.062824735,0.085951031,0,0,ncas,x
607,2023-09-26,2023,1.477856237,0.061577343,-7.49e-5,0,ncas,x
607,2023-10-18,2023,0.611573732,0.025482239,0,0,ncas,x
702,2023-09-26,2023,-0.261570334,-0.010898764,0,0,ncas,x
702,2023-10-18,2023,0.82086036,0.034202515,7.74e-5,0,ncas,x
704,2023-09-26,2023,1.593943238,0.066414302,0,0,ncas,x
704,2023-10-18,2023,0.773070544,0.032211273,0,0,ncas,x
705,2023-09-26,2023,0.261457535,0.010894064,1.76543e-4,0,ncas,x
705,2023-10-18,2023,0,0,0,-5.37e-5,ncas,x
706,2023-04-13,2023,2.365539787,0.098564158,4.63389e-4,0,ncas,x
706,2023-04-26,2023,1.589541448,0.066230894,-7.33e-5,0,ncas,x
706,2023-05-10,2023,1.190340255,0.049597511,-1.55733e-4,0,ncas,x
706,2023-05-23,2023,0.654536409,0.02727235,2.70212e-4,0,ncas,x
706,2023-06-06,2023,0,0,0,0,ncas,x
706,2023-07-05,2023,1.430060942,0.059585873,1.47241e-4,-6.2e-5,ncas,x
706,2023-07-20,2023,1.632596702,0.068024863,-5.58e-5,0,ncas,x
706,2023-08-02,2023,1.404572257,0.058523844,0,0,ncas,x
706,2023-08-17,2023,1.001585571,0.041732732,-9.7e-5,-4.93e-5,ncas,x
706,2023-09-14,2023,1.972718288,0.082196595,9.24e-5,-7.42e-5,ncas,x
706,2023-09-26,2023,-0.520846451,-0.021701935,0,0,ncas,x
706,2023-10-18,2023,0.394334306,0.016430596,1.72296e-4,0,ncas,x
707,2023-04-13,2023,0.8865816,0.0369409,1.37813e-4,0,ncas,x
707,2023-04-26,2023,0.297348515,0.012389521,0,0,ncas,x
707,2023-05-10,2023,1.932622941,0.080525956,0,0,ncas,x
707,2023-05-23,2023,0.425119302,0.017713304,-1.97251e-4,0,ncas,x
707,2023-06-06,2023,0.368504523,0.015354355,-1.45428e-4,0,ncas,x
707,2023-07-05,2023,2.371148804,0.098797867,0,0,ncas,x
707,2023-07-20,2023,2.064542443,0.086022602,8.89e-5,0,ncas,x
707,2023-08-02,2023,1.730352635,0.072098026,6.99e-5,0,ncas,x
707,2023-08-17,2023,1.932142272,0.080505928,0,0,ncas,x
707,2023-09-14,2023,0.340370338,0.014182097,-1.32362e-4,8.1e-5,ncas,x
707,2023-09-26,2023,0,0,0,0,ncas,x
707,2023-10-18,2023,0.345489623,0.014395401,-6.75e-5,0,ncas,x
708,2023-04-13,2023,0.218891127,0.009120464,0,0,ncas,x
708,2023-04-26,2023,0.830797456,0.034616561,7.32e-5,0,ncas,x
708,2023-05-10,2023,2.263791351,0.09432464,2.96369e-4,-4.76e-5,ncas,x
708,2023-05-23,2023,0.186050492,0.007752104,-2.44367e-4,0,ncas,x
708,2023-06-06,2023,0.380768919,0.015865372,0,0,ncas,x
708,2023-07-05,2023,0.454319675,0.018929986,-1.1289e-4,0,ncas,x
708,2023-07-20,2023,1.512495995,0.063020666,0,0,ncas,x
708,2023-08-02,2023,1.388617545,0.057859064,-5.22e-5,0,ncas,x
708,2023-08-17,2023,0.741415574,0.030892316,0,0,ncas,x
708,2023-09-14,2023,1.255643435,0.052318476,8.72e-5,0,ncas,x
708,2023-09-26,2023,1.947767048,0.08115696,0,-6.79e-5,ncas,x
708,2023-10-18,2023,0.291076331,0.01212818,7.87e-5,0,ncas,x
801,2023-09-26,2023,-0.355369209,-0.01480705,8.63e-5,-5.08e-5,ncas,x
801,2023-10-20,2023,1.187080015,0.049461667,0,0,ncas,x
802,2023-09-26,2023,0,0,0,0,ncas,x
802,2023-10-20,2023,0.338137598,0.014089067,0,0,ncas,x
804,2023-09-26,2023,0.440793672,0.018366403,0,-6.26e-5,ncas,x
804,2023-10-20,2023,1.020349205,0.04251455,0,0,ncas,x
805,2023-04-13,2023,5.758677303,0.239944888,0.003303362,0,ncas,x
805,2023-04-26,2023,1.665162272,0.069381761,1.29096e-4,0,ncas,x
805,2023-05-10,2023,2.3701886,0.098757858,2.42383e-4,0,ncas,x
805,2023-05-23,2023,0.999743785,0.041655991,2.87591e-4,0,ncas,x
805,2023-06-06,2023,0.442372341,0.018432181,-2.21249e-4,0,ncas,x
805,2023-07-05,2023,0.965584048,0.040232669,0,0,ncas,x
805,2023-07-20,2023,1.42654639,0.059439433,0,0,ncas,x
805,2023-08-02,2023,0.961408151,0.040058673,0,9.31e-5,ncas,x
805,2023-08-17,2023,2.006689529,0.083612064,0,0,ncas,x
805,2023-09-14,2023,1.018663617,0.042444317,0,0,ncas,x
805,2023-09-26,2023,0.783564089,0.032648504,-1.48921e-4,-4.55e-5,ncas,x
805,2023-10-20,2023,0.856615305,0.035692304,0,0,ncas,x
807,2023-04-13,2023,-0.18696185,-0.007790077,4.06459e-4,0,ncas,x
807,2023-04-26,2023,0.372906988,0.015537791,1.14219e-4,0,ncas,x
807,2023-05-10,2023,1.846780811,0.0769492,1.89288e-4,0,ncas,x
807,2023-05-23,2023,0,0,-8.37e-5,0,ncas,x
807,2023-06-06,2023,2.332823053,0.097200961,7.8e-5,0,ncas,x
807,2023-07-05,2023,2.182287322,0.090928638,-1.46544e-4,0,ncas,x
807,2023-07-20,2023,0.82233906,0.034264128,0,0,ncas,x
807,2023-08-02,2023,0.804005154,0.033500215,8.84e-5,0,ncas,x
807,2023-08-17,2023,1.116577795,0.046524075,0,0,ncas,x
807,2023-09-14,2023,0,0,-3.28322e-4,9.14e-5,ncas,x
807,2023-09-26,2023,0.901997347,0.037583223,5.35e-5,0,ncas,x
807,2023-10-20,2023,0.512632618,0.021359692,0,0,ncas,x
809,2023-04-13,2023,6.172073902,0.257169746,0.002495507,0,ncas,x
809,2023-04-26,2023,0.392039117,0.016334963,6.54e-5,0,ncas,x
809,2023-05-10,2023,1.579591932,0.06581633,1.65875e-4,-7.41e-5,ncas,x
809,2023-05-23,2023,-0.190697143,-0.007945714,-3.84081e-4,0,ncas,x
809,2023-06-06,2023,0.745630353,0.031067931,0,0,ncas,x
809,2023-07-05,2023,0.765867314,0.031911138,-1.60175e-4,0,ncas,x
809,2023-07-20,2023,0.600601319,0.025025055,0,0,ncas,x
809,2023-08-02,2023,3.985600943,0.166066706,0,0,ncas,x
809,2023-08-17,2023,1.447112343,0.060296348,6.89e-5,0,ncas,x
809,2023-09-14,2023,0.613252809,0.0255522,0,0,ncas,x
809,2023-09-26,2023,0.825348024,0.034389501,0,0,ncas,x
809,2023-10-20,2023,3.477078208,0.144878259,1.06774e-4,0,ncas,x
2103,2024-03-13,2024,0,0,-1.4338945884497103e-4,3.546988460990569e-5,ncas,i02
2103,2024-03-19,2024,0,0,0,0,ncas,i02
2103,2024-04-04,2024,0.3749453540510754,0.015622723085461475,0,0,ncas,i02
2103,2024-04-09,2024,1.1234129931740442,0.046808874715585175,0,0,ncas,i02
2103,2024-04-15,2024,0.8499728784639748,0.035415536602665616,0,0,ncas,i02
2103,2024-04-22,2024,0.5785220500482176,0.02410508541867573,5.237157932235703e-5,0,ncas,i02
2103,2024-04-25,2024,0.32177187407294755,0.013407161419706149,6.296156031776045e-5,0,ncas,i02
2103,2024-05-01,2024,0.7764033790712409,0.03235014079463504,0,0,ncas,i02
2103,2024-05-03,2024,2.3303468576542423,0.09709778573559344,0,0,ncas,i02
2103,2024-05-06,2024,4.435056347882004,0.1847940144950835,1.488233973754182e-4,-5.1606126024536815e-5,ncas,i02
2103,2024-05-09,2024,1.9869860036544773,0.08279108348560323,1.0474340892084284e-4,0,ncas,i02
2103,2024-05-22,2024,1.3050013011752541,0.05437505421563559,2.5640503647551377e-4,0,ncas,i02
2103,2024-05-23,2024,2.5659847188786764,0.10691602995327817,4.818903329826251e-4,0,ncas,i02
2103,2024-05-30,2024,1.8274138852500426,0.07614224521875178,0,0,ncas,i02
2103,2024-05-31,2024,1.5898278947723095,0.06624282894884623,-4.531687800676053e-5,0,ncas,i02
2103,2024-06-04,2024,2.596311977548995,0.10817966573120813,2.905724732242901e-4,-5.293080862268005e-5,ncas,i02
2103,2024-06-06,2024,0.356286923846203,0.01484528849359179,0,0,ncas,i02
2103,2024-06-11,2024,2.0492710053990235,0.08538629189162598,0,0,ncas,i02
2103,2024-06-13,2024,3.764112680525576,0.15683802835523233,7.831446857874626e-5,0,ncas,i02
2103,2024-06-25,2024,5.693240415949798,0.23721835066457492,6.05899733608059e-4,0,ncas,i02
2103,2024-06-26,2024,5.791204567322992,0.24130019030512465,5.669370761337989e-4,0,ncas,i02
2103,2024-07-01,2024,0.7740419317584337,0.0322517471566014,9.960515547272166e-5,0,ncas,i02
2103,2024-07-03,2024,5.788025058567545,0.2411677107736477,2.2229409590130442e-4,0,ncas,i02
2103,2024-07-09,2024,2.2312622434054554,0.09296926014189398,0,0,ncas,i02
2103,2024-07-11,2024,3.677706865765296,0.15323778607355398,5.659089484190987e-4,0,ncas,i02
2103,2024-07-19,2024,3.353304778376403,0.13972103243235012,1.6449388725125756e-4,0,ncas,i02
2103,2024-07-25,2024,2.9289534716391157,0.12203972798496315,0,0,ncas,i02
2103,2024-08-08,2024,2.633346657833019,0.10972277740970914,0,0,ncas,i02
2103,2024-08-14,2024,6.851999011948558,0.28549995883118995,5.5393956740270805e-5,0,ncas,i02
2103,2024-08-20,2024,5.632036962572986,0.2346682067738744,0,1.0584641502310183e-4,ncas,i02
2103,2024-08-30,2024,2.390691920253906,0.09961216334391275,-2.1103090387981907e-4,7.155744708010886e-5,ncas,i02
2103,2024-09-12,2024,7.559189212868012,0.31496621720283385,7.530557510474292e-4,-5.365817865432185e-5,ncas,i02
2103,2024-09-24,2024,0,0,0,0,ncas,i02
2103,2024-10-08,2024,0.8092091125644749,0.03371704635685312,3.9076837683446483e-4,-3.3953384452163936e-5,ncas,i02
2103,2024-11-04,2024,0.421735432745745,0.017572309697739374,0,-4.8889097484808826e-5,ncas,i02
2105,2024-03-13,2024,0.6252187337112328,0.026050780571301366,-3.254049557074458e-4,0,ncas,i02
2105,2024-03-19,2024,0.6643046649717986,0.02767936104049161,-8.137147653253026e-5,3.307494506961312e-5,ncas,i02
2105,2024-04-04,2024,0.9056617790436403,0.03773590746015168,0,0,ncas,i02
2105,2024-04-09,2024,2.7214994053611927,0.11339580855671635,0,-4.536709632920429e-5,ncas,i02
2105,2024-04-15,2024,2.7436552644693326,0.11431896935288886,0,0,ncas,i02
2105,2024-04-22,2024,2.5373408761309486,0.1057225365054562,6.23113959239595e-5,0,ncas,i02
2105,2024-04-25,2024,2.965535601010699,0.12356398337544579,0,0,ncas,i02
2105,2024-05-01,2024,2.6755438462741736,0.11148099359475724,0,0,ncas,i02
2105,2024-05-03,2024,1.4249127685594205,0.059371365356642516,0,-5.5480741396739e-5,ncas,i02
2105,2024-05-06,2024,4.873582030469723,0.20306591793623843,-5.913371908489765e-5,0,ncas,i02
2105,2024-05-09,2024,6.970583752987737,0.29044098970782234,1.6878623622128313e-4,0,ncas,i02
2105,2024-05-22,2024,2.5428915493023703,0.10595381455426543,2.2858238757781526e-4,0,ncas,i02
2105,2024-05-23,2024,7.383501969970013,0.3076459154154172,0,0,ncas,i02
2105,2024-05-30,2024,7.0824389947612065,0.2951016247817169,1.2053681331950746e-4,-5.9944099180652935e-5,ncas,i02
2105,2024-05-31,2024,5.566283198839235,0.23192846661830147,-9.772649994993846e-5,3.810462303912723e-5,ncas,i02
2105,2024-06-04,2024,6.969360920907324,0.29039003837113847,0,0,ncas,i02
2105,2024-06-06,2024,3.009120650911137,0.12538002712129737,0,0,ncas,i02
2105,2024-06-11,2024,5.895677453893759,0.24565322724557329,-3.935849445324217e-4,0,ncas,i02
2105,2024-06-13,2024,7.48727512551588,0.31196979689649496,-1.142587488172128e-4,-4.1525599385493034e-5,ncas,i02
2105,2024-06-25,2024,10.227578099476899,0.4261490874782041,7.652297076069257e-5,0,ncas,i02
2105,2024-06-26,2024,10.541933877352271,0.439247244889678,-2.1260024262197112e-4,4.422239271126731e-5,ncas,i02
2105,2024-07-01,2024,6.551314653081644,0.27297144387840183,0,4.9345892571446166e-5,ncas,i02
2105,2024-07-03,2024,21.60936039951444,0.900390016646435,0,6.396661391469266e-5,ncas,i02
2105,2024-07-09,2024,14.664706574072383,0.6110294405863493,-2.9359471577089307e-4,0,ncas,i02
2105,2024-07-11,2024,13.2534625671632,0.5522276069651334,2.3673052440611995e-4,0,ncas,i02
2105,2024-07-19,2024,11.143816538120728,0.46432568908836364,2.88815408070714e-4,-6.941965048278644e-5,ncas,i02
2105,2024-07-25,2024,8.854016146709714,0.3689173394462381,-1.1604489003945315e-4,0,ncas,i02
2105,2024-08-08,2024,6.3601856112921205,0.26500773380383835,-7.99650014235219e-5,0,ncas,i02
2105,2024-08-14,2024,7.515994602184161,0.3131664417576734,2.3418246464986558e-4,0,ncas,i02
2105,2024-08-20,2024,9.073543121083869,0.3780642967118279,2.924430912778965e-4,4.087026270776111e-5,ncas,i02
2105,2024-08-30,2024,7.659560272789588,0.31914834469956616,0,0,ncas,i02
2105,2024-09-12,2024,10.161641539104027,0.42340173079600113,5.225062584297279e-4,0,ncas,i02
2105,2024-09-24,2024,5.8947565625473235,0.24561485677280515,1.1056770482590425e-4,0,ncas,i02
2105,2024-10-08,2024,3.946810296154308,0.1644504290064295,0,0,ncas,i02
2105,2024-11-04,2024,2.8744893818328174,0.11977039090970074,0,0,ncas,i02
2106,2024-05-01,2024,10.777923325943288,0.44908013858097034,1.4724592544135997e-4,-3.314113749863146e-5,ncas,i02
2106,2024-05-22,2024,5.682611970280672,0.23677549876169468,7.063202489314077e-4,-4.440622473756828e-5,ncas,i02
2106,2024-06-06,2024,5.624163294173688,0.23434013725723704,0,0,ncas,i02
2106,2024-07-03,2024,6.475276014903878,0.26980316728766157,6.0826892860115923e-005,0,ncas,i02
2106,2024-08-08,2024,5.046777155293777,0.21028238147057401,-6.440833666381873e-5,0,ncas,i02
2106,2024-08-14,2024,7.287028639582637,0.3036261933159432,-3.181751952794315e-4,0,ncas,i02
2106,2024-08-20,2024,6.974239109892433,0.29059329624551805,-3.000644852459537e-4,0,ncas,i02
2106,2024-08-30,2024,8.353437541718861,0.3480598975716192,1.6892395258535385e-4,-3.9674961312902735e-5,ncas,i02
2106,2024-09-24,2024,5.141621951699467,0.21423424798747778,1.543934887883309e-4,0,ncas,i02
2106,2024-10-08,2024,4.2666196559983245,0.1777758189999302,2.8836712369643524e-4,-4.0375355574094805e-5,ncas,i02
2106,2024-11-04,2024,4.21448202337927,0.17560341764080295,6.833725185755241e-5,-4.127502127373229e-5,ncas,i02
2112,2024-03-13,2024,3.0099090284021197,0.12541287618342165,1.3856277855664846e-4,0,ncas,i02
2203,2024-03-13,2024,0,0,0,0,ncas,i02
2203,2024-03-19,2024,-0.20864147369299027,-0.008693394737207929,5.752859642970027e-5,0,ncas,i02
2203,2024-04-04,2024,-0.10177353381373008,-0.00424056390890542,-4.053509540105963e-5,0,ncas,i02
2203,2024-04-09,2024,-0.3343096354913892,-0.01392956814547455,-1.7536738284413945e-4,0,ncas,i02
2203,2024-04-15,2024,0.12628124716306682,0.00526171863179445,-3.298623968860127e-5,-4.4747548213905577e-5,ncas,i02
2203,2024-04-22,2024,0.6050605958558858,0.025210858160661907,-9.486717763427733e-5,0,ncas,i02
2203,2024-04-25,2024,0.2066316352291801,0.008609651467882505,0,-2.755573192772868e-5,ncas,i02
2203,2024-05-01,2024,0.2033607014556251,0.008473362560651045,1.5024796646595482e-4,0,ncas,i02
2203,2024-05-03,2024,-0.265436750204148,-0.011059864591839498,0,4.3828056373434025e-5,ncas,i02
2203,2024-05-06,2024,0,0,2.1658367740432706e-4,0,ncas,i02
2203,2024-05-09,2024,-0.38138650470998947,-0.015891104362916228,0,0,ncas,i02
2203,2024-05-22,2024,-0.1648925430769304,-0.006870522628205433,0,3.6613382731095585e-5,ncas,i02
2203,2024-05-23,2024,1.0395946822646336,0.04331644509435974,1.86074476036207e-4,0,ncas,i02
2203,2024-05-30,2024,0.34553949460588007,0.014397478941911668,1.407157061543188e-4,0,ncas,i02
2203,2024-05-31,2024,0.4945579756412535,0.020606582318385563,9.508023833863146e-5,4.696254744981596e-5,ncas,i02
2203,2024-06-04,2024,0.7564730894695789,0.031519712061232455,-9.438721131853605e-5,0,ncas,i02
2203,2024-06-06,2024,-0.22727274314143026,-0.009469697630892927,-4.8786569831750304e-5,0,ncas,i02
2203,2024-06-11,2024,4.080288560185482,0.17001202334106175,-2.3730653600905646e-4,0,ncas,i02
2203,2024-06-13,2024,2.6933926921225293,0.1122246955051054,-1.339321722755792e-4,0,ncas,i02
2203,2024-06-25,2024,5.923616817225109,0.24681736738437954,-2.1479885701966225e-4,0,ncas,i02
2203,2024-06-26,2024,1.784117691081536,0.07433823712839732,-2.6996371684411235e-4,0,ncas,i02
2203,2024-07-01,2024,-0.31070712712995346,-0.012946130297081393,-2.2323558472850806e-4,0,ncas,i02
2203,2024-07-03,2024,9.358923495210256,0.3899551456337606,8.224253297603825e-4,0,ncas,i02
2203,2024-07-09,2024,4.778561033372284,0.19910670972384517,-1.5376597321648715e-4,0,ncas,i02
2203,2024-07-11,2024,4.130466614624008,0.17210277560933368,-2.124834566824074e-4,0,ncas,i02
2203,2024-07-19,2024,3.1782183481513435,0.13242576450630597,1.5201966885719804e-4,0,ncas,i02
2203,2024-07-25,2024,6.455752075520627,0.2689896698133594,0,0,ncas,i02
2203,2024-08-08,2024,6.801878715624679,0.2834116131510283,1.8976513934151255e-4,0,ncas,i02
2203,2024-08-14,2024,4.215773316387995,0.17565722151616647,-1.7115024078027683e-4,0,ncas,i02
2203,2024-08-20,2024,7.680515974117588,0.32002149892156617,-1.892333673712859e-4,0,ncas,i02
2203,2024-08-30,2024,3.198305953643188,0.13326274806846616,-4.908819590858305e-5,0,ncas,i02
2203,2024-09-12,2024,4.022720188451828,0.16761334118549281,-1.5954380313538415e-4,0,ncas,i02
2203,2024-09-24,2024,3.368987325687662,0.1403744719036526,-7.612921004180478e-5,-5.419502385057861e-5,ncas,i02
2203,2024-10-08,2024,2.791771459075669,0.11632381079481953,0,0,ncas,i02
2203,2024-11-04,2024,2.0073697545259925,0.08364040643858302,1.2870563819231663e-4,0,ncas,i02
2205,2024-03-13,2024,2.1251927593092548,0.0885496983045523,2.4036710083747323e-4,-6.667694914744495e-5,ncas,i02
2205,2024-03-19,2024,0.32616785132146775,0.013590327138394491,0,0,ncas,i02
2205,2024-04-04,2024,0.18449663218447293,0.007687359674353039,-4.4191168811965746e-5,0,ncas,i02
2205,2024-04-09,2024,4.135896965023954,0.17232904020933143,0,0,ncas,i02
2205,2024-04-15,2024,2.303281389827944,0.09597005790949766,0,0,ncas,i02
2205,2024-04-22,2024,3.7795566111862535,0.1574815254660939,-1.680313827906854e-4,-2.828556850362347e-5,ncas,i02
2205,2024-04-25,2024,2.8867448521414056,0.12028103550589189,6.748584286106776e-5,0,ncas,i02
2205,2024-05-01,2024,2.6844309483407525,0.11185128951419802,4.898154932631387e-5,0,ncas,i02
2205,2024-05-03,2024,4.622742152252049,0.1926142563438354,6.333033032032732e-5,0,ncas,i02
2205,2024-05-06,2024,3.0347988632732266,0.12644995263638442,0,0,ncas,i02
2205,2024-05-09,2024,5.89715735768307,0.24571488990346127,1.5886905287272962e-4,0,ncas,i02
2205,2024-05-22,2024,4.646030329017642,0.19358459704240175,4.6802185095330576e-4,0,ncas,i02
2205,2024-05-23,2024,9.39952654331782,0.39164693930490924,1.4080625624091333e-4,0,ncas,i02
2205,2024-05-30,2024,7.685476927632032,0.32022820531800134,1.9175802642639017e-4,0,ncas,i02
2205,2024-05-31,2024,6.976993866054728,0.29070807775228036,-7.291266352257817e-5,0,ncas,i02
2205,2024-06-04,2024,10.344801676413752,0.4310334031839063,4.4557913698758765e-4,0,ncas,i02
2205,2024-06-06,2024,2.136531250990752,0.089022135457948,0,0,ncas,i02
2205,2024-06-11,2024,6.717337989578632,0.2798890828991097,0,0,ncas,i02
2205,2024-06-13,2024,7.022508184504544,0.29260450768768936,-2.796599295847648e-4,0,ncas,i02
2205,2024-06-25,2024,10.295638114291668,0.4289849214288195,3.6045364989052177e-4,0,ncas,i02
2205,2024-06-26,2024,8.828642756456647,0.3678601148523603,8.341890809966412e-5,0,ncas,i02
2205,2024-07-01,2024,7.839081654407693,0.3266284022669872,-1.0180950772985801e-4,4.15777941034682e-5,ncas,i02
2205,2024-07-03,2024,8.824098835626657,0.3676707848177774,3.782961161953436e-4,-7.233662134595168e-5,ncas,i02
2205,2024-07-09,2024,9.327485709983156,0.38864523791596484,-1.4496804639158332e-4,0,ncas,i02
2205,2024-07-11,2024,10.732703523248029,0.4471959801353345,0,0,ncas,i02
2205,2024-07-19,2024,6.6153173192218295,0.2756382216342429,1.2018972865031184e-4,0,ncas,i02
2205,2024-07-25,2024,7.871428437049978,0.3279761848770824,0,0,ncas,i02
2205,2024-08-08,2024,3.6833292852043447,0.15347205355018104,-9.617289969703172e-5,0,ncas,i02
2205,2024-08-14,2024,5.5131871260474865,0.2297161302519786,-1.4830621928868664e-4,3.971974771687163e-5,ncas,i02
2205,2024-08-20,2024,9.865660696234128,0.411069195676422,2.5123890878965766e-4,0,ncas,i02
2205,2024-08-30,2024,8.247021753550861,0.3436259063979526,1.6171160015066098e-4,0,ncas,i02
2205,2024-09-12,2024,8.054364281203435,0.3355985117168098,5.6330369055119646e-5,6.82797193413795e-5,ncas,i02
2205,2024-09-24,2024,5.796388421273597,0.2415161842197332,0,0,ncas,i02
2205,2024-10-08,2024,4.780013272273888,0.19916721967807868,-1.2648846890349008e-4,0,ncas,i02
2205,2024-11-04,2024,3.756605912292079,0.1565252463455033,5.208442014145156e-5,3.3686702548786456e-5,ncas,i02
2206,2024-03-13,2024,1.7889102646194701,0.07453792769247791,-2.2871186964195143e-4,0,ncas,i02
2208,2024-05-01,2024,5.9880908481426625,0.2495037853392776,4.257802138332809e-5,0,ncas,i02
2208,2024-05-22,2024,5.0817623070415046,0.21174009612672937,1.0945606008565518e-4,0,ncas,i02
2208,2024-06-06,2024,2.841699523093071,0.1184041467955446,-1.9501534761437323e-4,0,ncas,i02
2208,2024-07-03,2024,8.123522128788021,0.3384800886995009,5.623327185511543e-4,-7.730200023629187e-5,ncas,i02
2208,2024-08-08,2024,7.525591445807161,0.3135663102419651,6.815202106510042e-5,0,ncas,i02
2208,2024-08-14,2024,3.693289235361812,0.15388705147340884,-3.162787401624627e-4,0,ncas,i02
2208,2024-08-20,2024,6.390423291031502,0.2662676371263126,0,0,ncas,i02
2208,2024-08-30,2024,4.4561079467160996,0.18567116444650417,1.1610221447231359e-4,0,ncas,i02
2208,2024-09-24,2024,4.998671549861636,0.20827798124423486,4.458317719123179e-5,0,ncas,i02
2208,2024-10-08,2024,3.9886292183824974,0.16619288409927072,1.1270580927584221e-4,0,ncas,i02
2208,2024-11-04,2024,2.7613277429263383,0.11505532262193076,1.1975951069478655e-4,0,ncas,i02
2302,2024-03-13,2024,2.6683397834713314,0.11118082431130548,2.123977716707576e-4,-4.881966072634135e-5,ncas,i02
2306,2024-03-13,2024,0.2751544579047738,0.011464769079365575,-1.8560226038094873e-4,0,ncas,i02
2306,2024-03-19,2024,0,0,0,0,ncas,i02
2306,2024-04-04,2024,0,0,5.104271548028242e-5,0,ncas,i02
2306,2024-04-09,2024,1.8398275481064625,0.0766594811711026,8.91930422850083e-5,0,ncas,i02
2306,2024-04-15,2024,0.940716988214012,0.039196541175583834,-8.220785109767493e-5,-5.813989652482117e-5,ncas,i02
2306,2024-04-22,2024,-0.3578995868966705,-0.014912482787361271,6.801927653973049e-5,0,ncas,i02
2306,2024-04-25,2024,0,0,0,0,ncas,i02
2306,2024-05-01,2024,1.504730950861401,0.06269712295255837,1.2014663808541984e-4,0,ncas,i02
2306,2024-05-03,2024,1.4132130628890973,0.058883877620379055,-7.623895679149396e-5,0,ncas,i02
2306,2024-05-06,2024,0.3042628514541914,0.012677618810591307,1.4919669915220083e-4,0,ncas,i02
2306,2024-05-09,2024,0.281624783808121,0.011734365992005042,0,-2.766922230423058e-5,ncas,i02
2306,2024-05-22,2024,8.83325721847591,0.36805238410316293,2.0084111391748227e-4,-2.0682576961879358e-5,ncas,i02
2306,2024-05-23,2024,2.0459873377352538,0.08524947240563557,-7.501136759374862e-5,0,ncas,i02
2306,2024-05-30,2024,1.1770214912330452,0.04904256213471022,-2.2749836219658763e-4,0,ncas,i02
2306,2024-05-31,2024,1.7393158393482435,0.07247149330617682,0,-3.837064303756158e-5,ncas,i02
2306,2024-06-04,2024,5.220277071388147,0.21751154464117278,-1.5099319072143773e-4,0,ncas,i02
2306,2024-06-06,2024,0,0,0,0,ncas,i02
2306,2024-06-11,2024,2.9808969606395177,0.12420404002664656,0,0,ncas,i02
2306,2024-06-13,2024,0.4645334873498968,0.019355561972912366,-1.8488783058104617e-4,7.27542001452914e-5,ncas,i02
2306,2024-06-25,2024,3.3282685751184147,0.13867785729660062,1.1823422102031909e-4,0,ncas,i02
2306,2024-06-26,2024,3.625011361774087,0.15104214007392028,-2.6224126101820247e-4,0,ncas,i02
2306,2024-07-01,2024,1.339745420817254,0.05582272586738558,-1.2690876433950194e-4,0,ncas,i02
2306,2024-07-03,2024,6.154091333398731,0.2564204722249471,1.930480939311256e-4,0,ncas,i02
2306,2024-07-09,2024,3.4115649992966874,0.14214854163736196,9.983100618848831e-5,0,ncas,i02
2306,2024-07-11,2024,4.169904796765976,0.17374603319858234,0,-5.8301818983732065e-5,ncas,i02
2306,2024-07-19,2024,3.1078579074905752,0.12949407947877398,0,0,ncas,i02
2306,2024-07-25,2024,1.022994994870206,0.04262479145292524,-8.224845733566028e-5,0,ncas,i02
2306,2024-08-08,2024,3.931260641372716,0.16380252672386314,-2.2660039418237246e-4,0,ncas,i02
2306,2024-08-14,2024,4.016888626739925,0.16737035944749687,7.483669966261609e-5,0,ncas,i02
2306,2024-08-20,2024,6.60657636267872,0.27527401511161337,-2.062690982411686e-4,0,ncas,i02
2306,2024-08-30,2024,3.631549571297619,0.15131456547073413,-1.4093407232670629e-4,-7.671504310883672e-5,ncas,i02
2306,2024-09-12,2024,2.802081947098631,0.11675341446244294,-8.720184519730714e-5,0,ncas,i02
2306,2024-09-24,2024,3.1136327472281344,0.12973469780117228,6.807200455909696e-5,0,ncas,i02
2306,2024-10-08,2024,3.3750939172831127,0.14062891322012971,0,-7.215426196464132e-5,ncas,i02
2306,2024-11-04,2024,0.46665833659980505,0.01944409735832521,0,0,ncas,i02
2310,2024-05-01,2024,0.13566226030294473,0.005652594179289363,5.756192732287111e-5,-3.140944681368908e-5,ncas,i02
2310,2024-05-22,2024,0.4441597669354189,0.018506656955642457,-5.4712398128878776e-5,0,ncas,i02
2310,2024-06-06,2024,0.4724949895269006,0.019687291230287528,-3.435154105382447e-5,0,ncas,i02
2310,2024-07-03,2024,1.3529496745806548,0.05637290310752728,-1.9125761332454498e-4,0,ncas,i02
2310,2024-08-08,2024,2.193539552894407,0.09139748137060029,-8.838540592549407e-5,-8.890953724957102e-5,ncas,i02
2310,2024-08-14,2024,-13.37218372910889,-0.5571743220462038,0,0,ncas,i02
2310,2024-08-20,2024,5.518651375400233,0.22994380730834305,1.943668852270546e-4,0,ncas,i02
2310,2024-08-30,2024,3.330616306699485,0.13877567944581187,-1.431884191863482e-4,0,ncas,i02
2310,2024-09-24,2024,3.581852503484987,0.14924385431187448,-2.1667179582456406e-4,0,ncas,i02
2310,2024-10-08,2024,4.257938444878565,0.17741410186994025,-6.871946000694537e-5,0,ncas,i02
2310,2024-11-04,2024,1.7125437256413558,0.07135598856838983,-7.038859058732306e-5,0,ncas,i02
2311,2024-03-13,2024,1.9058305844142727,0.07940960768392803,0,0,ncas,i02
2311,2024-03-19,2024,2.0596919045540902,0.08582049602308708,-5.994626394003392e-5,-4.411338889738227e-5,ncas,i02
2311,2024-04-04,2024,1.4020846903033357,0.058420195429305655,6.759780100393254e-5,0,ncas,i02
2311,2024-04-09,2024,4.36807368787761,0.18200307032823373,1.4405509568692732e-4,0,ncas,i02
2311,2024-04-15,2024,2.9644984589722787,0.12352076912384494,0,0,ncas,i02
2311,2024-04-22,2024,6.341369695537666,0.2642237373140694,7.486439315259107e-5,0,ncas,i02
2311,2024-04-25,2024,3.3122524432933957,0.13801051847055815,-1.2954371350321618e-4,0,ncas,i02
2311,2024-05-01,2024,8.174917314503661,0.3406215547709859,7.962853556505163e-5,-4.526989476675718e-5,ncas,i02
2311,2024-05-03,2024,10.762281461024,0.44842839420933334,2.2689083823840977e-4,0,ncas,i02
2311,2024-05-06,2024,9.276759267516773,0.38653163614653224,1.0116301985876587e-4,0,ncas,i02
2311,2024-05-09,2024,6.340574314944333,0.26419059645601384,5.701975702999473e-5,0,ncas,i02
2311,2024-05-22,2024,7.397253610412394,0.3082189004338497,-1.2901912383743287e-4,-3.958190637395368e-5,ncas,i02
2311,2024-05-23,2024,6.988573139542777,0.2911905474809491,0,0,ncas,i02
2311,2024-05-30,2024,5.30117561641678,0.22088231735069916,0,0,ncas,i02
2311,2024-05-31,2024,3.095668206356996,0.12898617526487482,0,0,ncas,i02
2311,2024-06-04,2024,9.026198335202729,0.3760915973001137,6.600709752447497e-5,4.735048628409156e-5,ncas,i02
2311,2024-06-06,2024,2.487806587960401,0.10365860783168337,0,0,ncas,i02
2311,2024-06-11,2024,6.804699965104204,0.2835291652126752,-7.343846693042225e-5,0,ncas,i02
2311,2024-06-13,2024,5.036225431514326,0.2098427263130969,1.7163499574382614e-4,0,ncas,i02
2311,2024-06-25,2024,10.74939914053972,0.44789163085582173,3.317211103364684e-4,-5.631830589466612e-5,ncas,i02
2311,2024-06-26,2024,15.227532987742935,0.6344805411559556,0,0,ncas,i02
2311,2024-07-01,2024,9.746438461285326,0.40610160255355526,-1.8203458502722618e-4,-6.51709835038894e-5,ncas,i02
2311,2024-07-03,2024,12.986335188071438,0.5410972995029766,-7.920464991427071e-5,0,ncas,i02
2311,2024-07-09,2024,11.705583785449937,0.4877326577270807,0,0,ncas,i02
2311,2024-07-11,2024,12.448975767670804,0.5187073236529501,3.626062996729976e-4,-5.274553118856587e-5,ncas,i02
2311,2024-07-19,2024,10.22479137037861,0.42603297376577537,0,0,ncas,i02
2311,2024-07-25,2024,12.323730936300985,0.513488789012541,0,0,ncas,i02
2311,2024-08-08,2024,11.175874970843452,0.4656614571184772,2.547032441407611e-4,-4.063737050912968e-5,ncas,i02
2311,2024-08-14,2024,6.558796286789752,0.2732831786162397,-9.927520039786258e-5,0,ncas,i02
2311,2024-08-20,2024,9.479664930245267,0.3949860387602194,0,0,ncas,i02
2311,2024-08-30,2024,7.252661123558524,0.3021942134816052,0,0,ncas,i02
2311,2024-09-12,2024,10.760686197825727,0.4483619249094053,1.779060852143263e-4,0,ncas,i02
2311,2024-09-24,2024,8.244731561097014,0.34353048171237555,0,0,ncas,i02
2311,2024-10-08,2024,5.441779271340262,0.2267408029725109,3.324698559346312e-4,0,ncas,i02
2311,2024-11-04,2024,3.336735835819799,0.13903065982582496,0,0,ncas,i02
2404,2024-03-13,2024,3.2499352568238877,0.13541396903432865,8.970587355638536e-5,0,ncas,i02
2405,2024-05-01,2024,6.1724101287887425,0.2571837553661976,0,0,ncas,i02
2405,2024-05-22,2024,3.764630868267095,0.15685961951112898,-1.3022140378344125e-4,0,ncas,i02
2405,2024-06-06,2024,4.468924058167897,0.18620516909032903,6.814637208637539e-5,0,ncas,i02
2405,2024-07-03,2024,6.336658305880535,0.26402742941168894,9.103369508045516e-5,0,ncas,i02
2405,2024-08-08,2024,9.209035631929844,0.38370981799707676,2.797342854380126e-4,0,ncas,i02
2405,2024-08-14,2024,7.214738412587823,0.30061410052449267,0,4.778980376489144e-5,ncas,i02
2405,2024-08-20,2024,7.229096807084671,0.3012123669618613,0,3.37477036748122e-5,ncas,i02
2405,2024-08-30,2024,6.626087530013771,0.27608698041724045,-1.2192899970575115e-4,-5.7625251248815276e-5,ncas,i02
2405,2024-09-24,2024,7.4183427044337575,0.3090976126847399,2.220491046282413e-4,5.391252483784194e-5,ncas,i02
2405,2024-10-08,2024,3.915043943921832,0.163126830996743,-6.229828669772549e-5,0,ncas,i02
2405,2024-11-04,2024,3.020684577532866,0.12586185739720276,1.8862985529062858e-4,0,ncas,i02
2406,2024-03-13,2024,2.2315693156910057,0.09298205482045857,0,0,ncas,i02
2406,2024-03-19,2024,1.8222299631948158,0.07592624846645066,8.000725328535875e-5,0,ncas,i02
2406,2024-04-04,2024,2.8595464913876167,0.11914777047448404,0,-2.9574018548533483e-5,ncas,i02
2406,2024-04-09,2024,1.801624744666478,0.07506769769443658,-5.391562016484937e-5,0,ncas,i02
2406,2024-04-15,2024,4.804330501418111,0.20018043755908796,1.2347436910223013e-4,0,ncas,i02
2406,2024-04-22,2024,2.347474779767991,0.09781144915699963,1.861945451065186e-4,0,ncas,i02
2406,2024-04-25,2024,1.8741753584636067,0.07809063993598361,-7.48095767289914e-5,-5.130985278288988e-5,ncas,i02
2406,2024-05-01,2024,6.781288741556402,0.2825536975648501,1.8034854005899014e-4,0,ncas,i02
2406,2024-05-03,2024,5.475282465763109,0.2281367694067962,0,0,ncas,i02
2406,2024-05-06,2024,8.251895559458843,0.3438289816441184,0,0,ncas,i02
2406,2024-05-09,2024,6.824278917440136,0.284344954893339,3.5834479713049126e-5,0,ncas,i02
2406,2024-05-22,2024,4.06828027216695,0.16951167800695624,5.667212557387006e-5,0,ncas,i02
2406,2024-05-23,2024,8.757726455160933,0.3649052689650389,1.939147785101216e-4,0,ncas,i02
2406,2024-05-30,2024,6.561481334237298,0.27339505559322075,0,0,ncas,i02
2406,2024-05-31,2024,6.301086547649457,0.26254527281872736,-2.1583649164973913e-4,0,ncas,i02
2406,2024-06-04,2024,11.177668731138017,0.4657361971307507,0,1.0662327601055073e-4,ncas,i02
2406,2024-06-06,2024,3.971033236337576,0.16545971818073232,-7.867035083258541e-5,0,ncas,i02
2406,2024-06-11,2024,5.2816043868465545,0.22006684945193977,-4.679993561262547e-5,0,ncas,i02
2406,2024-06-13,2024,6.138306273748024,0.25576276140616766,0,0,ncas,i02
2406,2024-06-25,2024,10.056373592671052,0.4190155663612939,0,0,ncas,i02
2406,2024-06-26,2024,9.357000828453288,0.38987503451888694,0,3.164931761046578e-5,ncas,i02
2406,2024-07-01,2024,7.735073772146692,0.3222947405061122,1.0869968100689729e-4,0,ncas,i02
2406,2024-07-03,2024,9.862635390780872,0.41094314128253634,-1.4367739725760663e-4,0,ncas,i02
2406,2024-07-09,2024,12.51335309696346,0.5213897123734775,3.3478601673441366e-4,0,ncas,i02
2406,2024-07-11,2024,11.749521344702904,0.48956338936262095,3.0047753810740044e-4,0,ncas,i02
2406,2024-07-19,2024,7.244772836252304,0.301865534843846,1.08298951664302e-4,0,ncas,i02
2406,2024-07-25,2024,10.336099649188496,0.43067081871618734,0,0,ncas,i02
2406,2024-08-08,2024,6.594572517983634,0.27477385491598477,0,0,ncas,i02
2406,2024-08-14,2024,7.168451762350694,0.2986854900979456,-2.0189995813461504e-4,-4.6320591786987914e-5,ncas,i02
2406,2024-08-20,2024,8.339271764427183,0.3474696568511326,-1.2828221109816983e-4,0,ncas,i02
2406,2024-08-30,2024,9.242435951435676,0.38510149797648646,4.342988746998097e-4,0,ncas,i02
2406,2024-09-12,2024,8.401806046948249,0.350075251956177,2.7935468532740257e-4,0,ncas,i02
2406,2024-09-24,2024,7.117710857492305,0.29657128572884606,1.873077321215059e-4,-3.235886314568904e-5,ncas,i02
2406,2024-10-08,2024,5.168800504106554,0.2153666876711064,0,0,ncas,i02
2406,2024-11-04,2024,4.26242102765332,0.17760087615222167,6.194039764415738e-5,-6.569083610531883e-5,ncas,i02
2411,2024-03-13,2024,1.1829419563182004,0.04928924817992501,9.577555797738361e-5,0,ncas,i02
2411,2024-03-19,2024,0.33444861555133876,0.013935358981305782,0,-4.461570706585225e-5,ncas,i02
2411,2024-04-04,2024,0.4454624237923855,0.018560934324682726,0,0,ncas,i02
2411,2024-04-09,2024,2.193787455256113,0.09140781063567138,1.1215014378346888e-4,0,ncas,i02
2411,2024-04-15,2024,0.38631788151880053,0.016096578396616688,1.0481588015886228e-4,0,ncas,i02
2411,2024-04-22,2024,0.6215595451349994,0.025898314380624978,-6.741246000370742e-5,0,ncas,i02
2411,2024-04-25,2024,-0.5829575802453861,-0.02428989917689109,-1.7376968153451897e-4,0,ncas,i02
2411,2024-05-01,2024,0.49707074349518793,0.020711280978966164,5.142653659966297e-5,0,ncas,i02
2411,2024-05-03,2024,3.2977771547036765,0.13740738144598652,-1.1848553429832126e-4,0,ncas,i02
2411,2024-05-06,2024,-0.3076581830912041,-0.012819090962133503,5.0226960886945535e-5,0,ncas,i02
2411,2024-05-09,2024,1.364317520928427,0.056846563372017794,7.489787506192877e-5,0,ncas,i02
2411,2024-05-22,2024,1.812763102159822,0.07553179592332591,-1.5043475388047594e-4,0,ncas,i02
2411,2024-05-23,2024,3.2791166442080133,0.13662986017533388,1.1569409015997982e-4,0,ncas,i02
2411,2024-05-30,2024,0,0,-2.244871315327773e-4,0,ncas,i02
2411,2024-05-31,2024,3.687532297892576,0.15364717907885733,1.3511322814009917e-4,0,ncas,i02
2411,2024-06-04,2024,3.7584105729272714,0.1566004405386363,-1.2130968916521409e-4,-6.600319649653386e-5,ncas,i02
2411,2024-06-06,2024,1.1966441743643008,0.049860173931845865,0,-4.526262295730677e-5,ncas,i02
2411,2024-06-11,2024,3.037275697289313,0.1265531540537214,1.0622799367106616e-4,0,ncas,i02
2411,2024-06-13,2024,2.9465141819022755,0.12277142424592814,8.111737536275579e-5,0,ncas,i02
2411,2024-06-25,2024,5.801832311560814,0.2417430129817006,1.3663472927961717e-4,0,ncas,i02
2411,2024-06-26,2024,5.610329697239974,0.23376373738499892,0,0,ncas,i02
2411,2024-07-01,2024,1.6496997214041738,0.06873748839184057,0,0,ncas,i02
2411,2024-07-03,2024,5.513154168506867,0.2297147570211195,1.709811831780555e-4,0,ncas,i02
2411,2024-07-09,2024,3.677968688067711,0.15324869533615462,0,-4.151101244574234e-5,ncas,i02
2411,2024-07-11,2024,3.049572683043656,0.12706552846015232,1.117891563084219e-4,0,ncas,i02
2411,2024-07-25,2024,4.930156088947826,0.2054231703728261,5.616006960259564e-5,0,ncas,i02
2411,2024-08-08,2024,4.412344956046719,0.18384770650194665,0,0,ncas,i02
2411,2024-08-14,2024,7.723715482713264,0.32182147844638603,2.9241943430887183e-4,0,ncas,i02
2411,2024-08-20,2024,7.040514601644344,0.2933547750685143,-1.589072335861437e-4,0,ncas,i02
2411,2024-08-30,2024,3.1313136647161137,0.13047140269650473,0,0,ncas,i02
2411,2024-09-12,2024,5.4146138623777365,0.22560891093240568,6.39427792121997e-5,0,ncas,i02
2411,2024-09-24,2024,3.5933206042624515,0.1497216918442688,1.3368193058056212e-4,0,ncas,i02
2411,2024-10-08,2024,1.8020455612471968,0.0750852317186332,0,-4.851618356915675e-5,ncas,i02
2411,2024-11-04,2024,2.1057333091959056,0.08773888788316274,8.081911767741932e-5,0,ncas,i02
501,2024-05-01,2024,2.627518696579137,0.10947994569079736,0,0,ncas,i02
501,2024-05-22,2024,1.0995908421689278,0.045816285090371986,0,0,ncas,i02
501,2024-06-06,2024,2.6937212172009923,0.11223838405004136,8.350941986980183e-5,0,ncas,i02
501,2024-07-03,2024,8.623402851986981,0.3593084521661242,0,-8.343761929530092e-5,ncas,i02
501,2024-08-08,2024,9.596210506566035,0.3998421044402514,0,0,ncas,i02
501,2024-08-14,2024,6.638511730582636,0.2766046554409432,9.932115658989748e-5,0,ncas,i02
501,2024-08-20,2024,9.20691825832082,0.3836215940967009,-3.952083159910582e-5,8.116447175952856e-5,ncas,i02
501,2024-08-30,2024,7.399866905898925,0.3083277877457885,0,6.727551021966758e-5,ncas,i02
501,2024-09-24,2024,6.489874330582656,0.270411430440944,0,0,ncas,i02
501,2024-10-08,2024,4.332540368597259,0.18052251535821912,3.690037784665568e-4,0,ncas,i02
501,2024-10-16,2024,2.763429991619427,0.11514291631747611,1.3999320465529638e-4,0,ncas,i02
501,2024-11-04,2024,1.2894008986935357,0.053725037445563985,0,0,ncas,i02
503,2024-10-16,2024,2.4003556847147784,0.1000148201964491,0,0,ncas,i02
505,2024-10-16,2024,0.5710816546382843,0.023795068943261846,0,0,ncas,i02
506,2024-05-01,2024,6.628924996016878,0.27620520816736993,8.307163046816442e-5,-7.670412977937861e-5,ncas,i02
506,2024-05-22,2024,2.692382680589461,0.11218261169122754,0,0,ncas,i02
506,2024-06-06,2024,1.919868981411803,0.07999454089215846,0,0,ncas,i02
506,2024-07-03,2024,8.673064378517687,0.3613776824382369,3.091637035144227e-4,0,ncas,i02
506,2024-08-08,2024,6.108836845293646,0.2545348685539019,7.090714892854605e-5,0,ncas,i02
506,2024-08-14,2024,1.8687110437130605,0.07786296015471085,0,0,ncas,i02
506,2024-08-20,2024,7.074314166995236,0.2947630902914682,-1.341587223808703e-4,0,ncas,i02
506,2024-08-30,2024,6.529617266044533,0.2720673860851889,0,-5.9727664105245255e-5,ncas,i02
506,2024-09-24,2024,3.2566289647954805,0.13569287353314502,-1.6447307436671935e-4,0,ncas,i02
506,2024-10-08,2024,1.6045352186514095,0.06685563411047539,3.2541139378015844e-4,-6.0386044332495785e-5,ncas,i02
506,2024-11-04,2024,2.4511600911605784,0.10213167046502411,0,0,ncas,i02
507,2024-10-16,2024,0,0,0,-8.7721895263562e-5,ncas,i02
508,2024-03-13,2024,0.6905700182651264,0.028773750761046935,-1.1731448859136593e-4,0,ncas,i02
508,2024-03-19,2024,0,0,0,0,ncas,i02
508,2024-04-04,2024,0.45761035660875304,0.019067098192031378,-1.1984784885156919e-4,0,ncas,i02
508,2024-04-09,2024,1.6975443408892004,0.07073101420371669,-1.2308198337723105e-4,0,ncas,i02
508,2024-04-15,2024,2.200705336078084,0.09169605566992019,0,0,ncas,i02
508,2024-04-22,2024,1.7833466899634727,0.07430611208181136,-4.81022758892556e-5,0,ncas,i02
508,2024-04-25,2024,2.6264133400462115,0.10943388916859215,1.7964138706919692e-4,0,ncas,i02
508,2024-05-01,2024,8.830232763582883,0.3679263651492868,6.512983105707494e-5,0,ncas,i02
508,2024-05-03,2024,5.594509892704173,0.23310457886267388,2.395815354713409e-4,0,ncas,i02
508,2024-05-06,2024,4.445018772811195,0.18520911553379976,2.5811357364817386e-4,0,ncas,i02
508,2024-05-09,2024,5.287721790991693,0.22032174129132054,1.033116183354232e-4,0,ncas,i02
508,2024-05-22,2024,1.9235763735162124,0.08014901556317551,0.0014162219949248216,6.276040511979124e-5,ncas,i02
508,2024-05-23,2024,5.54342919710876,0.23097621654619835,8.961726189548434e-4,0,ncas,i02
508,2024-05-30,2024,8.492634506257243,0.3538597710940518,3.807094394202471e-4,0,ncas,i02
508,2024-05-31,2024,8.215042696613043,0.34229344569221015,1.1087103617731329e-4,0,ncas,i02
508,2024-06-04,2024,11.306023077888698,0.4710842949120291,1.4426494053071387e-4,0,ncas,i02
508,2024-06-06,2024,7.49536398947146,0.31230683289464417,-1.462185395205745e-4,0,ncas,i02
508,2024-06-11,2024,7.016761974115141,0.29236508225479757,0,0,ncas,i02
508,2024-06-13,2024,12.869781546172787,0.5362408977571995,4.959623318785209e-4,0,ncas,i02
508,2024-06-25,2024,9.99863223581631,0.41660967649234626,-2.1559016240106345e-4,0,ncas,i02
508,2024-06-26,2024,12.406903450428334,0.5169543104345139,0,0,ncas,i02
508,2024-07-01,2024,7.824125083580213,0.32600521181584224,-2.595094657341093e-4,0,ncas,i02
508,2024-07-03,2024,18.37203662828183,0.7655015261784096,0,-6.126446562968298e-5,ncas,i02
508,2024-07-09,2024,11.387902485069693,0.4744959368779039,0,0,ncas,i02
508,2024-07-11,2024,12.177828742450648,0.5074095309354436,-3.942447163864023e-5,0,ncas,i02
508,2024-07-19,2024,9.670921037913645,0.4029550432464019,2.0900820883733908e-4,0,ncas,i02
508,2024-07-25,2024,13.077280066826333,0.5448866694510972,-1.8795266757487376e-4,0,ncas,i02
508,2024-08-08,2024,7.0222505426894974,0.2925937726120624,-6.663133229314314e-5,0,ncas,i02
508,2024-08-14,2024,8.362079839825185,0.3484199933260494,0,0,ncas,i02
508,2024-08-20,2024,13.190167233119801,0.5495903013799918,-9.815922607878364e-5,9.377443656785945e-5,ncas,i02
508,2024-08-30,2024,11.055070738439865,0.46062794743499436,-7.07262968994646e-5,0,ncas,i02
508,2024-09-12,2024,8.703060928657187,0.36262753869404946,1.375240415764321e-4,-4.847516527481353e-5,ncas,i02
508,2024-09-24,2024,6.376687495830955,0.2656953123262898,0,0,ncas,i02
508,2024-10-08,2024,3.651017703503354,0.1521257376459731,1.690258791377972e-4,0,ncas,i02
508,2024-10-16,2024,2.712205621408122,0.11300856755867175,0,-7.568555968536287e-5,ncas,i02
508,2024-11-04,2024,3.3527090252069476,0.13969620938362282,1.0520873407183218e-4,-2.6933689415936775e-5,ncas,i02
509,2024-03-13,2024,0.9808942532932151,0.040870593887217296,-1.555587080653889e-4,0,ncas,i02
509,2024-03-19,2024,3.197019475794114,0.13320914482475474,4.518898803673782e-5,0,ncas,i02
509,2024-04-04,2024,0.8390587730950226,0.03496078221229261,0,0,ncas,i02
509,2024-04-09,2024,3.4752399856523986,0.14480166606884995,1.7515128767891012e-4,0,ncas,i02
509,2024-04-15,2024,2.8959800386747756,0.12066583494478232,-1.1938613352878301e-4,0,ncas,i02
509,2024-04-22,2024,3.896542625120809,0.16235594271336704,0,0,ncas,i02
509,2024-04-25,2024,2.0816330708736,0.086734711286399993,1.2054892159264551e-4,0,ncas,i02
509,2024-05-01,2024,2.7753498940850543,0.1156395789202106,-7.854209376117281e-5,0,ncas,i02
509,2024-05-03,2024,4.782278563560885,0.19926160681503688,0,0,ncas,i02
509,2024-05-06,2024,7.206857595117473,0.3002857331298947,-1.512733085294615e-4,0,ncas,i02
509,2024-05-09,2024,5.634453363743442,0.23476889015597677,3.9488275979087224e-4,0,ncas,i02
509,2024-05-22,2024,4.387633079685906,0.18281804498691276,5.181579716282156e-5,0,ncas,i02
509,2024-05-23,2024,5.8692617069902635,0.2445525711245943,2.0531502951902768e-4,0,ncas,i02
509,2024-05-30,2024,7.057860076926625,0.29407750320527604,0,0,ncas,i02
509,2024-05-31,2024,4.379962444706163,0.18249843519609013,-1.1812412046579174e-4,0,ncas,i02
509,2024-06-04,2024,4.7570281435569015,0.19820950598153755,1.463508984959711e-4,0,ncas,i02
509,2024-06-06,2024,2.5366230470066236,0.10569262695860931,9.781103049244692e-5,0,ncas,i02
509,2024-06-11,2024,4.155742601298653,0.1731559417207772,-9.735429030202784e-5,0,ncas,i02
509,2024-06-13,2024,5.357658556033538,0.2232357731680641,8.552597303253319e-5,0,ncas,i02
509,2024-06-25,2024,6.2901817187509685,0.262090904947957,1.1282072876706199e-4,0,ncas,i02
509,2024-06-26,2024,5.223632078401396,0.21765133660005817,0,0,ncas,i02
509,2024-07-01,2024,8.08946560355631,0.33706106681484627,0,-4.364911429501323e-5,ncas,i02
509,2024-07-03,2024,7.682618429477325,0.3201091012282219,1.2808259825463204e-4,0,ncas,i02
509,2024-07-09,2024,6.943621274238792,0.289317553093283,1.5973479825763325e-4,0,ncas,i02
509,2024-07-11,2024,9.126049572509782,0.3802520655212409,0,0,ncas,i02
509,2024-07-19,2024,10.477609031020481,0.4365670429591867,5.2404722180578564e-5,6.0239216584146936e-5,ncas,i02
509,2024-07-25,2024,11.786946610363962,0.49112277543183175,5.430268662931829e-4,0,ncas,i02
509,2024-08-08,2024,7.906889715564962,0.32945373814854007,-1.115408952273468e-4,0,ncas,i02
509,2024-08-14,2024,7.545754700046162,0.3144064458352568,-1.7588594324425327e-4,-4.630500862503542e-5,ncas,i02
509,2024-08-20,2024,8.200216016463308,0.3416756673526378,0,0,ncas,i02
509,2024-09-12,2024,9.896881495974924,0.4123700623322885,3.940239117913185e-4,0,ncas,i02
509,2024-10-08,2024,4.285839092314442,0.17857662884643508,-1.5525639487911475e-4,-4.470374144564086e-5,ncas,i02
509,2024-11-04,2024,3.125714511669531,0.13023810465289715,2.839265236948701e-4,0,ncas,i02
602,2024-05-01,2024,5.020137801593003,0.20917240839970844,0,-3.226206458355575e-5,ncas,i02
602,2024-05-22,2024,1.6965347362600194,0.07068894734416747,0,0,ncas,i02
602,2024-06-06,2024,2.4484805848438342,0.10202002436849308,0,0,ncas,i02
602,2024-07-03,2024,9.30787381486121,0.3878280756192171,0,0,ncas,i02
602,2024-08-14,2024,7.220885716871641,0.3008702382029851,0,0,ncas,i02
602,2024-08-20,2024,13.617081584611633,0.5673783993588181,-1.0826274766913613e-4,3.7895784111594226e-5,ncas,i02
602,2024-08-30,2024,14.157231352919343,0.5898846397049726,-1.0263930789634799e-4,-4.110473961130854e-5,ncas,i02
602,2024-09-24,2024,6.591479977046583,0.2746449990436076,-2.1896016119006748e-4,0,ncas,i02
602,2024-10-08,2024,3.7318704540030403,0.15549460225012668,-1.1993608382043974e-4,-4.670067980237267e-5,ncas,i02
602,2024-11-04,2024,3.6758608447539234,0.15316086853141347,1.326451135261991e-4,0,ncas,i02
603,2024-05-01,2024,9.958254871308753,0.4149272863045314,1.7422983695625574e-4,-3.6598671413639256e-5,ncas,i02
603,2024-05-22,2024,6.196443142520099,0.25818513093833745,6.112903906990203e-5,0,ncas,i02
603,2024-06-06,2024,5.862427835200985,0.24426782646670772,0,0,ncas,i02
603,2024-07-03,2024,10.47826355802141,0.4365943149175588,0,0,ncas,i02
603,2024-08-08,2024,10.342898098150691,0.4309540874229455,8.535302491981817e-5,0,ncas,i02
603,2024-08-14,2024,8.398786276760772,0.3499494281983655,-1.4045862461640346e-4,7.485931563882035e-5,ncas,i02
603,2024-08-20,2024,10.796245032946358,0.4498435430394315,2.1521610028505585e-4,0,ncas,i02
603,2024-08-30,2024,12.00810862262572,0.5003378592760717,-2.1939202039357805e-4,0,ncas,i02
603,2024-09-24,2024,4.670411858400613,0.19460049410002556,0,5.533550994031705e-5,ncas,i02
603,2024-10-08,2024,3.6530268315204197,0.15220945131335084,0,0,ncas,i02
603,2024-10-16,2024,2.7283502670966646,0.1136812611290277,-2.7342137965858575e-4,0,ncas,i02
603,2024-11-04,2024,2.1897967401128784,0.0912415308380366,0,0,ncas,i02
604,2024-03-13,2024,1.9050650211132294,0.07937770921305122,7.523341949010318e-5,0,ncas,i02
604,2024-03-19,2024,0.1409244764461062,0.005871853185254425,0,0,ncas,i02
604,2024-04-04,2024,1.518795915182815,0.06328316313261728,0,0,ncas,i02
604,2024-04-09,2024,4.50069153473013,0.18752881394708876,1.5383777970874682e-4,0,ncas,i02
604,2024-04-15,2024,3.0380249914811497,0.1265843746450479,1.756960515916928e-4,0,ncas,i02
604,2024-04-22,2024,3.1254122367374566,0.1302255098640607,1.9794546193481732e-4,-4.4047201953512114e-5,ncas,i02
604,2024-04-25,2024,3.012604872495608,0.12552520302065032,1.2864240043387767e-4,0,ncas,i02
604,2024-05-01,2024,4.825387399114615,0.2010578082964423,1.7351418678558214e-4,0,ncas,i02
604,2024-05-03,2024,11.999994574877153,0.4999997739532147,7.722297885252028e-5,0,ncas,i02
604,2024-05-06,2024,20.89181567495717,0.8704923197898821,3.135110904242864e-4,0,ncas,i02
604,2024-05-09,2024,8.01935196180675,0.33413966507528126,0,-3.09471730901096e-5,ncas,i02
604,2024-05-22,2024,2.9886060989895205,0.12452525412456335,5.915087719329642e-5,0,ncas,i02
604,2024-05-23,2024,6.483364181191772,0.2701401742163238,2.9823781700202216e-4,-4.6567505297014344e-5,ncas,i02
604,2024-05-30,2024,18.007929923723175,0.7503304134884656,0,0,ncas,i02
604,2024-05-31,2024,7.003288217317578,0.29180367572156574,-1.2272437749171286e-4,0,ncas,i02
604,2024-06-04,2024,12.370797060464515,0.5154498775193548,0,0,ncas,i02
604,2024-06-06,2024,7.051751551627396,0.29382298131780815,-1.9384101633061274e-4,-3.2049284560294664e-5,ncas,i02
604,2024-06-11,2024,6.177679431559615,0.25740330964831726,-7.904821003132158e-5,0,ncas,i02
604,2024-06-13,2024,9.232647490499147,0.3846936454374645,1.1699486374646575e-4,0,ncas,i02
604,2024-06-25,2024,10.425929207494848,0.43441371697895204,-2.211411827866359e-4,0,ncas,i02
604,2024-06-26,2024,12.425112595599336,0.517713024816639,5.082507264246425e-4,0,ncas,i02
604,2024-07-01,2024,11.274515470571808,0.46977147794049207,-1.1826084482713915e-4,0,ncas,i02
604,2024-07-03,2024,20.624813174577287,0.8593672156073869,8.56432379925619e-5,0,ncas,i02
604,2024-07-09,2024,16.206506461995335,0.675271102583139,-1.0560794930786578e-4,0,ncas,i02
604,2024-07-11,2024,17.105233420689434,0.7127180591953931,-7.950775959679967e-5,0,ncas,i02
604,2024-07-19,2024,10.785552999655689,0.44939804165232033,2.2472802454030075e-4,0,ncas,i02
604,2024-07-25,2024,13.191165295015633,0.549631887292318,-4.946946112543168e-5,0,ncas,i02
604,2024-08-08,2024,13.226114067762127,0.5510880861567553,0,0,ncas,i02
604,2024-08-14,2024,9.541354151609083,0.3975564229837118,0,0,ncas,i02
604,2024-08-20,2024,12.862516436666972,0.5359381848611239,1.5238746855304524e-4,0,ncas,i02
604,2024-08-30,2024,13.061797469399728,0.5442415612249887,-8.057083377766901e-5,0,ncas,i02
604,2024-09-12,2024,8.749212784991311,0.3645505327079713,0,0,ncas,i02
604,2024-09-24,2024,10.592339329284519,0.44134747205352165,-4.140628269550689e-5,0,ncas,i02
604,2024-10-08,2024,4.3299775215367635,0.1804157300640318,2.1770222440494844e-4,0,ncas,i02
604,2024-11-04,2024,1.4685344550984485,0.06118893562910203,1.023535924922186e-4,0,ncas,i02
605,2024-10-16,2024,1.8845380260094764,0.07852241775039484,0,0,ncas,i02
607,2024-03-13,2024,1.9828950539482477,0.08262062724784365,6.196870970762024e-5,0,ncas,i02
607,2024-03-19,2024,2.2883177617002683,0.09534657340417785,0,0,ncas,i02
607,2024-04-04,2024,0,0,0,0,ncas,i02
607,2024-04-09,2024,3.9277414799610146,0.16365589499837563,3.033566356505365e-4,0,ncas,i02
607,2024-04-15,2024,3.071054861049831,0.12796061921040963,-1.510552434834218e-4,0,ncas,i02
607,2024-04-22,2024,3.0762447530629107,0.12817686471095463,-1.7605580615654584e-4,0,ncas,i02
607,2024-04-25,2024,10.055074008805656,0.418961417033569,1.8568603449058062e-4,-4.2549464324221184e-5,ncas,i02
607,2024-05-01,2024,12.347916567604342,0.514496523650181,3.5299830750578287e-4,-3.3578612973925595e-5,ncas,i02
607,2024-05-03,2024,6.707696695005746,0.27948736229190607,0.0028406894541510006,0,ncas,i02
607,2024-05-06,2024,11.817092902032307,0.4923788709180128,4.4083320766840847e-4,0,ncas,i02
607,2024-05-09,2024,6.571035301868372,0.27379313757784884,1.5245150317558215e-4,0,ncas,i02
607,2024-05-22,2024,3.771115074979026,0.15712979479079275,0.0035801568138861175,0,ncas,i02
607,2024-05-23,2024,7.926206620812933,0.3302586092005389,0.0018963641426751464,0,ncas,i02
607,2024-05-30,2024,9.518005706129536,0.39658357108873066,2.8456654874414576e-4,0,ncas,i02
607,2024-05-31,2024,7.422778699983435,0.30928244583264314,0,0,ncas,i02
607,2024-06-04,2024,7.116284884314965,0.2965118701797902,-8.52935096980462e-5,-4.442848797620967e-5,ncas,i02
607,2024-06-06,2024,7.909879143153832,0.32957829763140967,0,0,ncas,i02
607,2024-06-11,2024,10.424067437262739,0.4343361432192808,0,9.88361134214857e-5,ncas,i02
607,2024-06-13,2024,6.355336617830336,0.26480569240959734,1.0631419670341404e-4,0,ncas,i02
607,2024-06-25,2024,14.044877211072377,0.5852032171280157,4.13307085925813e-4,0,ncas,i02
607,2024-06-26,2024,27.823492982054482,1.1593122075856035,0,9.411193278103638e-5,ncas,i02
607,2024-07-01,2024,11.078292187617366,0.4615955078173902,0,0,ncas,i02
607,2024-07-03,2024,24.23874966829217,1.009947902845507,0,0,ncas,i02
607,2024-07-09,2024,16.01797762383636,0.667415734326515,-1.9590866166226017e-4,9.012232711764554e-5,ncas,i02
607,2024-07-11,2024,16.71585400545067,0.6964939168937779,9.976219184322494e-5,0,ncas,i02
607,2024-07-19,2024,11.089464372310777,0.46206101551294904,9.063124122500355e-5,-5.25506167211767e-5,ncas,i02
607,2024-07-25,2024,14.518098390116888,0.6049207662548703,3.571433885515369e-4,0,ncas,i02
607,2024-08-08,2024,19.21789938510076,0.8007458077125317,-8.229940035867805e-5,0,ncas,i02
607,2024-08-14,2024,7.15123282554257,0.2979680343976071,-1.0968943998207069e-4,0,ncas,i02
607,2024-08-20,2024,11.99110798032017,0.49962949918000704,-1.0302441726509578e-4,0,ncas,i02
607,2024-08-30,2024,13.767887988696081,0.5736619995290034,0,0,ncas,i02
607,2024-09-12,2024,8.322811932535512,0.346783830522313,0,0,ncas,i02
607,2024-09-24,2024,4.59474133627042,0.19144755567793417,1.3210083136416147e-4,0,ncas,i02
607,2024-10-08,2024,3.847291944638562,0.16030383102660675,0,0,ncas,i02
607,2024-10-16,2024,2.7601560386494888,0.11500650161039536,0,0,ncas,i02
607,2024-11-04,2024,2.907655612586444,0.12115231719110182,0,0,ncas,i02
608,2024-10-16,2024,0.5786078400414832,0.02410866000172847,0,0,ncas,i02
609,2024-10-16,2024,2.6807801440428234,0.11169917266845097,0,0,ncas,i02
701,2024-10-16,2024,0,0,0,0,ncas,i02
702,2024-03-13,2024,0.3915263066337353,0.01631359610973897,1.0270566142137611e-4,0,ncas,i02
702,2024-03-19,2024,-0.2928570754014466,-0.012202378141726943,0,0,ncas,i02
702,2024-04-04,2024,0,0,-9.608798091805551e-5,-2.8873295059269487e-5,ncas,i02
702,2024-04-09,2024,0.8658048677229796,0.03607520282179082,2.3154057992748076e-4,0,ncas,i02
702,2024-04-15,2024,1.535895310943526,0.06399563795598026,0,0,ncas,i02
702,2024-04-25,2024,0.9321848052510198,0.03884103355212582,5.9296699004137215e-5,-3.6437790788358234e-5,ncas,i02
702,2024-05-01,2024,4.807270214997623,0.20030292562490096,1.4992044370517143e-4,0,ncas,i02
702,2024-05-03,2024,5.667484355032286,0.2361451814596786,3.6618413977954984e-4,-7.536452337439064e-5,ncas,i02
702,2024-05-06,2024,5.496313543523969,0.2290130643134987,0,-3.409324851211362e-5,ncas,i02
702,2024-05-09,2024,4.354577162103256,0.18144071508763568,4.187505817624588e-4,-5.461370599477564e-5,ncas,i02
702,2024-05-22,2024,0.6994801966616422,0.02914500819423509,7.724200101407025e-5,0,ncas,i02
702,2024-05-23,2024,4.857963352083941,0.20241513967016425,1.2364059730415343e-4,4.0918551811677356e-5,ncas,i02
702,2024-05-30,2024,9.201139407519085,0.38338080864662855,5.170483253315742e-5,0,ncas,i02
702,2024-06-04,2024,5.588979155373883,0.23287413147391178,6.458693507456042e-5,4.1329859995589265e-5,ncas,i02
702,2024-06-06,2024,3.043026421660928,0.12679276756920532,-1.0115988256525219e-4,0,ncas,i02
702,2024-06-11,2024,10.235944019373695,0.426497667473904,8.667610307212983e-5,0,ncas,i02
702,2024-06-13,2024,8.997547396469743,0.37489780818623925,6.929213951590961e-5,0,ncas,i02
702,2024-06-25,2024,6.2404574509984485,0.26001906045826867,-4.562187523603448e-4,4.445043876801633e-5,ncas,i02
702,2024-06-26,2024,9.597513673416472,0.3998964030590197,-1.929270019452826e-4,0,ncas,i02
702,2024-07-01,2024,8.659973387394375,0.36083222447476565,0,0,ncas,i02
702,2024-07-03,2024,15.396837058242623,0.641534877426776,3.992434419771644e-4,-5.098237918351411e-5,ncas,i02
702,2024-07-09,2024,14.617578215205869,0.6090657589669112,2.8306150903966787e-4,0,ncas,i02
702,2024-07-19,2024,7.148534466429949,0.2978556027679145,4.369886106955538e-5,0,ncas,i02
702,2024-07-25,2024,10.14615948937667,0.4227566453906946,0,0,ncas,i02
702,2024-08-08,2024,3.472274568787296,0.14467810703280398,1.151402993943109e-4,0,ncas,i02
702,2024-08-14,2024,7.128698172837302,0.2970290905348876,2.644579781454945e-4,0,ncas,i02
702,2024-08-20,2024,11.223027580797487,0.46762614919989526,-5.565474603774874e-5,0,ncas,i02
702,2024-08-30,2024,9.381251038193291,0.3908854599247204,1.5475351499034452e-4,0,ncas,i02
702,2024-09-12,2024,6.728927944744316,0.28037199769767984,0,0,ncas,i02
702,2024-09-24,2024,7.234034691650451,0.3014181121521021,0,0,ncas,i02
702,2024-10-08,2024,2.9826510141596043,0.12427712558998351,-6.382951773553099e-5,0,ncas,i02
702,2024-10-16,2024,2.9246550547183294,0.1218606272799304,1.2054365858494727e-4,0,ncas,i02
702,2024-11-04,2024,1.9955640144342577,0.08314850060142741,1.4640527056320767e-4,0,ncas,i02
703,2024-10-16,2024,1.166286089647213,0.048595253735300534,1.927586011023202e-4,0,ncas,i02
704,2024-05-01,2024,1.3361784167843223,0.05567410069934676,-7.531014690940761e-5,2.90600621407043e-5,ncas,i02
704,2024-05-22,2024,3.592377345881038,0.14968238941170992,4.974141086706471e-4,0,ncas,i02
704,2024-06-06,2024,4.408096726017362,0.18367069691739007,-1.0299481194110528e-4,0,ncas,i02
704,2024-07-03,2024,15.026587957992913,0.6261078315830381,5.457329077037453e-4,0,ncas,i02
704,2024-08-08,2024,9.6930240854912,0.4038760035621333,1.8263376126789624e-4,0,ncas,i02
704,2024-08-14,2024,6.136689698466235,0.2556954041027598,1.562300584020223e-4,0,ncas,i02
704,2024-08-20,2024,9.067635623252295,0.37781815096884563,2.807644776590896e-5,0,ncas,i02
704,2024-08-30,2024,15.497333432269185,0.6457222263445493,1.6091346552817495e-4,0,ncas,i02
704,2024-09-24,2024,5.142337859509745,0.2142640774795727,-4.134136111681665e-5,0,ncas,i02
704,2024-10-08,2024,2.3940973822624976,0.09975405759427072,0,0,ncas,i02
704,2024-10-16,2024,2.3434313491544945,0.09764297288143726,0,0,ncas,i02
704,2024-11-04,2024,1.0064107771414745,0.04193378238089478,0,0,ncas,i02
706,2024-05-01,2024,4.269407370969567,0.17789197379039862,1.5945010952763655e-4,0,ncas,i02
706,2024-05-22,2024,0.6734666651468144,0.028061111047783936,-1.3446916798835192e-4,0,ncas,i02
706,2024-06-06,2024,7.570384660096676,0.3154326941706948,-8.090303544242645e-5,0,ncas,i02
706,2024-07-03,2024,18.644351732968637,0.7768479888736932,3.1310535018642136e-4,0,ncas,i02
706,2024-08-08,2024,5.678435482283496,0.236601478428479,-5.282685333315144e-5,0,ncas,i02
706,2024-08-14,2024,6.950682050296661,0.2896117520956942,1.980167652220323e-4,0,ncas,i02
706,2024-08-20,2024,7.813875788134374,0.3255781578389323,0,0,ncas,i02
706,2024-08-30,2024,10.087844874974207,0.42032686979059203,0,0,ncas,i02
706,2024-09-24,2024,3.8861290179768178,0.16192204241570074,0,-4.176704878126428e-5,ncas,i02
706,2024-10-08,2024,2.7120996768985077,0.1130041532041045,9.466786994748092e-5,0,ncas,i02
706,2024-11-04,2024,1.8993213065776562,0.07913838777406901,1.355534830293263e-4,0,ncas,i02
708,2024-03-13,2024,0.5286319839562514,0.02202633266484381,-5.447632156411219e-5,0,ncas,i02
708,2024-03-19,2024,-0.29702707726494776,-0.012376128219372824,0,0,ncas,i02
708,2024-04-04,2024,0.7493996365337633,0.03122498485557347,0,0,ncas,i02
708,2024-04-09,2024,1.7372438161097794,0.07238515900457414,0,0,ncas,i02
708,2024-04-15,2024,1.8775678670703089,0.07823199446126287,6.592787554735281e-5,0,ncas,i02
708,2024-04-22,2024,1.7706021142185546,0.07377508809243978,2.881861059516138e-4,0,ncas,i02
708,2024-04-25,2024,0.8232410662137576,0.0343017110922399,2.2293587968845325e-4,-4.983654361592612e-5,ncas,i02
708,2024-05-01,2024,4.5813368072220575,0.19088903363425241,7.408365138380131e-5,0,ncas,i02
708,2024-05-03,2024,5.475271292998341,0.2281363038749309,0.0012692770760308239,0,ncas,i02
708,2024-05-06,2024,2.2435884243578386,0.09348285101490993,-8.186407885578388e-5,0,ncas,i02
708,2024-05-09,2024,4.456969725084749,0.1857070718785312,4.234316224954003e-4,-3.321421352982347e-5,ncas,i02
708,2024-05-23,2024,4.618301117403049,0.19242921322512702,0.002353796732222328,3.853183054946489e-5,ncas,i02
708,2024-05-30,2024,5.151115064527251,0.2146297943553021,0,0,ncas,i02
708,2024-06-04,2024,2.036084129671402,0.08483683873630841,1.3925953483066725e-4,0,ncas,i02
708,2024-06-06,2024,11.32800886566486,0.47200036940270246,2.3825846373146307e-4,0,ncas,i02
708,2024-06-11,2024,9.965049838720256,0.41521040994667735,7.375784522177505e-5,8.922639927580358e-5,ncas,i02
708,2024-06-13,2024,8.800807815511108,0.3667003256462962,3.948286677369598e-4,0,ncas,i02
708,2024-06-25,2024,11.728997032924925,0.4887082097052052,-2.9940129363254734e-4,6.080688864215548e-5,ncas,i02
708,2024-06-26,2024,4.624931847972079,0.1927054936655033,4.519096495243643e-4,0,ncas,i02
708,2024-07-01,2024,7.601986644712326,0.31674944352968026,2.381542106834112e-4,2.996431412205333e-5,ncas,i02
708,2024-07-03,2024,17.84380475562337,0.7434918648176405,1.1939969101231706e-4,0,ncas,i02
708,2024-07-09,2024,10.932662312579804,0.45552759635749185,-2.9899463069682974e-4,0,ncas,i02
708,2024-07-11,2024,9.113806781110014,0.37974194921291726,-1.8964143910541357e-4,0,ncas,i02
708,2024-07-19,2024,6.427889677963195,0.2678287365817998,6.508358827314823e-5,0,ncas,i02
708,2024-07-25,2024,8.57379725664702,0.35724155236029254,0,0,ncas,i02
708,2024-08-08,2024,11.658702865985376,0.48577928608272397,2.7104398599271624e-4,0,ncas,i02
708,2024-08-14,2024,1.4240284823505427,0.05933452009793928,0,0,ncas,i02
708,2024-08-20,2024,8.851280958759498,0.3688033732816457,0,0,ncas,i02
708,2024-08-30,2024,11.526712517519755,0.48027968822998984,0,0,ncas,i02
708,2024-09-12,2024,3.9910992182351337,0.16629580075979725,0,6.266848409269359e-5,ncas,i02
708,2024-09-24,2024,5.710330501495764,0.2379304375623235,0,0,ncas,i02
708,2024-10-08,2024,1.9788631812324737,0.08245263255135307,-5.344456466062702e-5,0,ncas,i02
708,2024-11-04,2024,1.8975117400290245,0.07906298916787602,-1.6967391858878933e-4,0,ncas,i02
709,2024-10-16,2024,1.0741277076153224,0.04475532115063844,-2.792294533634706e-4,0,ncas,i02
801,2024-03-13,2024,0.29095341042599077,0.012123058767749615,2.042370119965165e-4,0,ncas,i02
801,2024-03-19,2024,0.2931264596342426,0.012213602484760108,0,0,ncas,i02
801,2024-04-04,2024,0,0,0,-2.9191781719492115e-5,ncas,i02
801,2024-04-09,2024,2.8201144362012687,0.11750476817505286,2.3913855939107644e-4,0,ncas,i02
801,2024-04-15,2024,1.7992745358204847,0.07496977232585353,-6.347627337334581e-5,0,ncas,i02
801,2024-04-22,2024,1.3092351598429508,0.05455146499345628,0,-5.162573942604201e-5,ncas,i02
801,2024-04-25,2024,0,0,0,0,ncas,i02
801,2024-05-01,2024,4.959326719181421,0.2066386132992259,0,0,ncas,i02
801,2024-05-03,2024,13.183339268223364,0.5493058028426402,2.505581502675082e-4,0,ncas,i02
801,2024-05-06,2024,7.20561863279403,0.30023410969975123,1.2115037249815431e-4,0,ncas,i02
801,2024-05-09,2024,5.652144661595757,0.23550602756648986,7.311418069202198e-5,0,ncas,i02
801,2024-05-22,2024,1.2302190750155662,0.0512591281256486,-1.7537116506362058e-4,0,ncas,i02
801,2024-05-23,2024,7.420638780131577,0.3091932825054824,3.293951815052761e-4,0,ncas,i02
801,2024-05-30,2024,9.912714691555747,0.4130297788148228,1.6297908332274627e-4,0,ncas,i02
801,2024-06-04,2024,10.75717329179256,0.44821555382468997,-5.496040986680986e-5,9.646596211793037e-5,ncas,i02
801,2024-06-06,2024,0.3775196435073217,0.015729985146138405,0,0,ncas,i02
801,2024-06-11,2024,7.284136342713414,0.30350568094639224,7.738871139133607e-4,0,ncas,i02
801,2024-06-13,2024,11.980692095440594,0.49919550397669143,1.5930653735012526e-4,0,ncas,i02
801,2024-06-25,2024,8.538770206829929,0.355782091951247,-2.902868971078789e-4,0,ncas,i02
801,2024-06-26,2024,7.040174331868018,0.2933405971611674,2.3368815752719345e-4,0,ncas,i02
801,2024-07-01,2024,6.756770359012403,0.28153209829218345,0,-5.0128408470913715e-5,ncas,i02
801,2024-07-03,2024,5.37231929890752,0.22384663745448,5.550088510572951e-4,0,ncas,i02
801,2024-07-09,2024,8.166137339821498,0.3402557224925624,0,0,ncas,i02
801,2024-07-11,2024,10.255635351598293,0.4273181396499289,4.872514516962089e-4,0,ncas,i02
801,2024-07-19,2024,6.777036229369144,0.2823765095570477,-8.562168124903137e-5,-6.851790724418122e-5,ncas,i02
801,2024-07-25,2024,12.881919870199813,0.5367466612583255,-5.168979483594818e-5,-4.312884488021473e-5,ncas,i02
801,2024-08-08,2024,6.872222620852145,0.2863426092021727,-2.031103245803156e-4,0,ncas,i02
801,2024-08-14,2024,6.110793238611969,0.25461638494216543,0,0,ncas,i02
801,2024-08-20,2024,9.246662036260462,0.38527758484418595,-3.924720365918792e-4,0,ncas,i02
801,2024-08-30,2024,10.488454594276652,0.4370189414281938,2.1680476890984426e-4,0,ncas,i02
801,2024-09-12,2024,7.441250844789137,0.31005211853288067,3.126617966436194e-4,0,ncas,i02
801,2024-09-24,2024,5.447419099561936,0.22697579581508068,4.142017006364098e-4,4.8160351625152274e-5,ncas,i02
801,2024-10-08,2024,4.9069058521005005,0.20445441050418753,1.91316914383244e-4,0,ncas,i02
801,2024-11-04,2024,1.2106698491050063,0.05044457704604193,-9.463307341263577e-5,0,ncas,i02
803,2024-10-16,2024,0.4652011699225691,0.019383382080107047,-2.918523085151578e-4,0,ncas,i02
804,2024-05-01,2024,2.2621755320675527,0.09425731383614804,0,0,ncas,i02
804,2024-05-22,2024,0.5687778836026177,0.023699078483442406,-8.628392599783614e-5,0,ncas,i02
804,2024-06-06,2024,2.06872504411919,0.08619687683829957,0,0,ncas,i02
804,2024-07-03,2024,6.480498876099812,0.27002078650415884,-6.219247048419695e-5,0,ncas,i02
804,2024-08-08,2024,4.159117730421542,0.1732965721008976,-1.770823973997819e-4,-6.731005824442536e-5,ncas,i02
804,2024-08-14,2024,5.902551746501229,0.24593965610421784,-1.1426762235909032e-4,0,ncas,i02
804,2024-08-30,2024,12.852625617985916,0.5355260674160798,1.1284391474240742e-4,0,ncas,i02
804,2024-09-24,2024,6.932559608218004,0.28885665034241687,1.5752297441518954e-4,0,ncas,i02
804,2024-10-08,2024,3.556469864169239,0.14818624434038496,8.934120861408798e-5,-6.977898934804362e-5,ncas,i02
804,2024-11-04,2024,3.741468365158318,0.15589451521492992,1.3759456405671025e-4,0,ncas,i02
805,2024-03-13,2024,1.5223575782788046,0.06343156576161686,0,0,ncas,i02
805,2024-03-19,2024,0.11428882165287187,0.0047620342355363275,0,0,ncas,i02
805,2024-04-04,2024,2.8412741664237093,0.11838642360098789,0,0,ncas,i02
805,2024-04-09,2024,2.4886898330294196,0.10369540970955914,2.3246729574122652e-4,3.210883891553341e-5,ncas,i02
805,2024-04-15,2024,3.5429925044474704,0.14762468768531126,-1.1850433049644968e-4,-4.417333279053573e-5,ncas,i02
805,2024-04-22,2024,0.4856225694265999,0.02023427372610833,0,0,ncas,i02
805,2024-04-25,2024,1.6904118209843522,0.070433825874348,0,0,ncas,i02
805,2024-05-01,2024,11.44124948446731,0.4767187285194712,3.853969801173782e-4,0,ncas,i02
805,2024-05-03,2024,7.422870924142047,0.30928628850591866,2.713071077471399e-4,0,ncas,i02
805,2024-05-06,2024,10.750904073818589,0.44795433640910787,-8.342946583805096e-5,0,ncas,i02
805,2024-05-09,2024,6.879139585645907,0.2866308160685795,3.3997212840434333e-4,-4.4242320232826084e-5,ncas,i02
805,2024-05-22,2024,2.1411511565935775,0.0892146315247324,8.736458731176395e-4,0,ncas,i02
805,2024-05-23,2024,5.8953445301097505,0.2456393554212396,0.0029558586247380673,0,ncas,i02
805,2024-05-30,2024,7.409214700230534,0.3087172791762723,-1.0148870320781525e-4,0,ncas,i02
805,2024-06-04,2024,4.414355545085009,0.1839314810452087,2.2145655560468075e-4,7.099099992848472e-5,ncas,i02
805,2024-06-06,2024,4.370749827776733,0.18211457615736387,0,0,ncas,i02
805,2024-06-11,2024,7.302624423285575,0.304276017636899,-1.686664205082271e-4,0,ncas,i02
805,2024-06-13,2024,6.141056375980196,0.25587734899917486,3.100447341413843e-4,0,ncas,i02
805,2024-06-25,2024,9.23249758876518,0.38468739953188247,-2.788979415183308e-4,0,ncas,i02
805,2024-06-26,2024,15.66314643152624,0.6526311013135934,1.988388904926204e-4,0,ncas,i02
805,2024-07-01,2024,10.040061253813665,0.41833588557556933,6.469095230289432e-5,0,ncas,i02
805,2024-07-03,2024,14.199374267079131,0.5916405944616304,-1.1385697331434672e-4,0,ncas,i02
805,2024-07-09,2024,12.459357724435371,0.5191399051848071,2.6814226172583303e-4,0,ncas,i02
805,2024-07-11,2024,13.539515559127139,0.5641464816302975,6.56147409422458e-4,5.002938879519833e-5,ncas,i02
805,2024-07-19,2024,7.751498633786835,0.32297910974111815,-3.594024120515252e-4,0,ncas,i02
805,2024-07-25,2024,10.22688554452138,0.4261202310217242,0,0,ncas,i02
805,2024-08-08,2024,9.813892807443864,0.40891220031016096,0,0,ncas,i02
805,2024-08-14,2024,6.962080594167127,0.2900866914236303,-2.7129642364204644e-4,0,ncas,i02
805,2024-08-20,2024,10.027325810651096,0.41780524211046227,0,0,ncas,i02
805,2024-08-30,2024,14.760085463615745,0.6150035609839895,2.1283441331766922e-4,0,ncas,i02
805,2024-09-12,2024,9.029839698581426,0.37624332077422606,2.3439752193052607e-4,0,ncas,i02
805,2024-09-24,2024,6.364438661148172,0.26518494421450717,5.035377792799782e-4,-4.238408566384898e-5,ncas,i02
805,2024-10-08,2024,3.936961674778837,0.16404006978245153,1.9849753272203224e-4,0,ncas,i02
805,2024-10-16,2024,3.46190439655093,0.1442460165229554,3.202084543007249e-4,-5.777192619195833e-5,ncas,i02
805,2024-11-04,2024,2.1258393184098217,0.08857663826707589,-3.74335225163329e-4,0,ncas,i02
806,2024-10-16,2024,1.2407022631025637,0.05169592762927348,-3.310876067719849e-4,0,ncas,i02
808,2024-10-16,2024,0.6791931682434325,0.02829971534347635,0,0,ncas,i02
809,2024-05-01,2024,12.054941625442778,0.5022892343934491,0,0,ncas,i02
809,2024-05-22,2024,3.984149489508317,0.1660062287295132,0.004098441638410908,0,ncas,i02
809,2024-06-06,2024,5.583433062965472,0.23264304429022803,0,0,ncas,i02
809,2024-07-03,2024,12.024926239837065,0.5010385933265443,6.044994727190011e-4,6.475029171150036e-5,ncas,i02
809,2024-08-08,2024,9.257548760624484,0.38573119835935354,0,5.341799623054025e-5,ncas,i02
809,2024-08-14,2024,9.791352768074567,0.407973032003107,0,0,ncas,i02
809,2024-08-20,2024,12.049118370895073,0.5020465987872947,-1.0593219635384318e-4,0,ncas,i02
809,2024-08-30,2024,19.317161059299785,0.8048817108041577,2.148176108485699e-4,0,ncas,i02
809,2024-09-24,2024,9.760676104190866,0.40669483767461945,2.3536799546729735e-4,0,ncas,i02
809,2024-10-08,2024,4.97718400341468,0.20738266680894502,1.6844609371079338e-4,0,ncas,i02
809,2024-10-16,2024,0.818861162560451,0.03411921510668546,0,-6.215559816206979e-5,ncas,i02
809,2024-11-04,2024,5.000497492952626,0.20835406220635938,-6.637877311205207e-5,0,ncas,i02
2103,2024-07-17,2024,4.128988083563624,0.17204117014848433,3.436953969347436e-4,0,ncas,i10
2103,2024-07-30,2024,3.2406484689388204,0.13502701953911753,-1.79843963232871e-4,8.765952544207008e-5,ncas,i10
2105,2024-07-17,2024,12.562188809820633,0.5234245337425264,1.2852458748053062e-4,0,ncas,i10
2105,2024-07-30,2024,10.897480958229464,0.45406170659289435,-1.7930969999682388e-4,0,ncas,i10
2106,2024-07-17,2024,10.23978029824465,0.42665751242686045,2.712707300576112e-4,-3.764345781859308e-5,ncas,i10
2106,2024-07-30,2024,9.014446436908756,0.37560193487119814,-2.944222119820659e-4,8.007447915261703e-5,ncas,i10
2203,2024-07-17,2024,7.17807020172925,0.29908625840538544,-2.170142711585872e-4,0,ncas,i10
2203,2024-07-30,2024,6.54483963193412,0.2727016513305883,-2.0694870852303713e-4,0,ncas,i10
2205,2024-07-17,2024,11.414575729202209,0.47560732205009204,5.844205405904657e-4,0,ncas,i10
2205,2024-07-30,2024,12.608357935626195,0.5253482473177581,-2.095268045453449e-4,0,ncas,i10
2208,2024-07-17,2024,7.933583857452456,0.330565994060519,5.408892795648741e-4,0,ncas,i10
2208,2024-07-30,2024,7.003650860112207,0.29181878583800863,-2.447692848719815e-4,0,ncas,i10
2306,2024-07-17,2024,2.111013571046239,0.0879588987935933,-2.8001151041199613e-4,0,ncas,i10
2306,2024-07-30,2024,2.9367561859519555,0.12236484108133149,0,0,ncas,i10
2310,2024-07-17,2024,12.892075964607885,0.537169831858662,-3.029319865894345e-4,0,ncas,i10
2310,2024-07-30,2024,4.668141755035417,0.19450590645980906,2.253547565012166e-4,0,ncas,i10
2311,2024-07-17,2024,3.200712324037562,0.13336301350156507,2.557438426939869e-4,0,ncas,i10
2311,2024-07-30,2024,11.456289718181072,0.47734540492421135,-1.295887610072147e-4,0,ncas,i10
2405,2024-07-17,2024,11.363718375303137,0.4734882656376307,3.920155591321896e-4,-5.8694861281608286e-5,ncas,i10
2405,2024-07-30,2024,12.484709235184322,0.52019621813268,2.1508546842491383e-4,-6.835019665184368e-5,ncas,i10
2406,2024-07-17,2024,7.9535533577192945,0.3313980565716373,-1.4609015795444228e-4,0,ncas,i10
2406,2024-07-30,2024,10.246600680733534,0.4269416950305639,-9.98625724001726e-5,0,ncas,i10
2411,2024-07-17,2024,4.243340609943989,0.17680585874766622,1.8286060324319473e-4,8.05511132570547e-5,ncas,i10
2411,2024-07-30,2024,5.459236074072159,0.2274681697530066,0,0,ncas,i10
501,2024-07-17,2024,7.735091870532261,0.3222954946055109,3.4313879307439646e-4,0,ncas,i10
501,2024-07-30,2024,10.63184062184616,0.44299335924359,-1.4470655954806203e-4,1.0870243225020261e-4,ncas,i10
506,2024-07-17,2024,11.188734262492996,0.4661972609372082,2.9641045179346656e-4,0,ncas,i10
506,2024-07-30,2024,7.242779262433869,0.30178246926807784,-4.395974314544098e-4,0,ncas,i10
508,2024-07-17,2024,10.784633883682803,0.44935974515345006,2.074238061358247e-4,0,ncas,i10
508,2024-07-30,2024,15.658869331524041,0.6524528888135017,-4.2826445203484324e-4,0,ncas,i10
509,2024-07-17,2024,9.429760579131043,0.3929066907971268,1.1776787915757558e-4,0,ncas,i10
509,2024-07-30,2024,10.362628042784504,0.4317761684493543,-4.26774974798205e-4,0,ncas,i10
602,2024-07-17,2024,8.465649968229394,0.35273541534289143,4.7187985563696625e-4,0,ncas,i10
602,2024-07-30,2024,15.007750622602938,0.6253229426084557,6.614743341167751e-5,0,ncas,i10
603,2024-07-17,2024,13.95122655393912,0.58130110641413,3.0683861740007516e-4,0,ncas,i10
603,2024-07-30,2024,12.943919574080343,0.5393299822533476,0,5.8916311874435026e-5,ncas,i10
604,2024-07-17,2024,11.564433985080006,0.48185141604500026,1.321071681223527e-4,0,ncas,i10
604,2024-07-30,2024,15.723153698662452,0.6551314041109355,-1.3093570238751877e-4,-8.406062012637183e-5,ncas,i10
607,2024-07-17,2024,22.47581614809414,0.9364923395039225,5.704086464010351e-4,0,ncas,i10
607,2024-07-30,2024,14.223288754249237,0.5926370314270516,-2.3654932938495384e-4,0,ncas,i10
702,2024-07-17,2024,7.209642360613304,0.3004017650255543,2.0538783911506957e-4,0,ncas,i10
702,2024-07-30,2024,11.54371046284823,0.48098793595200956,-2.572801487273632e-4,0,ncas,i10
704,2024-07-17,2024,6.056912525961526,0.25237135524839693,-1.510795841445046e-4,0,ncas,i10
704,2024-07-30,2024,11.894395207453694,0.4955998003105706,-1.1019528612752907e-4,0,ncas,i10
706,2024-07-17,2024,17.970768164420463,0.7487820068508526,2.054732034707799e-4,0,ncas,i10
706,2024-07-30,2024,11.677914683807586,0.48657977849198275,0,0,ncas,i10
708,2024-07-17,2024,11.1381772008434,0.4640907167018083,0,0,ncas,i10
708,2024-07-30,2024,10.329809680682041,0.43040873669508506,-7.321632920686874e-5,0,ncas,i10
801,2024-07-17,2024,7.088537823398242,0.2953557426415934,0,0,ncas,i10
801,2024-07-30,2024,13.914858402786697,0.579785766782779,1.2066274608837052e-4,0,ncas,i10
804,2024-07-17,2024,7.509446006550981,0.3128935836062908,2.6665426320475726e-4,-4.728989826436304e-5,ncas,i10
804,2024-07-30,2024,12.687847729481764,0.5286603220617402,1.334174399194525e-4,0,ncas,i10
805,2024-07-17,2024,12.413728206301856,0.5172386752625774,5.992545022190312e-4,0,ncas,i10
805,2024-07-30,2024,11.769537377659985,0.4903973907358327,-2.9504081853893357e-4,0,ncas,i10
809,2024-07-17,2024,11.354360302207027,0.4730983459252928,2.6354859104254537e-4,0,ncas,i10
809,2024-07-30,2024,13.140882437062103,0.5475367682109209,2.4270846741565981e-4,0,ncas,i10
