"","experiment","site","plot","date","co2.e.kghyr"
"1","atat","r100","1101","2023-05-16",1930.17785143866
"2","atat","r100","1101","2023-05-31",1495.80914556425
"3","atat","v08","1101","2023-06-14",1789.4505177502
"4","atat","r100","1101","2023-06-27",2619.76601700698
"5","atat","r100","1101","2023-07-10",854.51387107272
"6","atat","r100","1101","2023-07-24",3905.73904929035
"7","atat","r100","1101","2023-08-07",6332.2411941593
"8","atat","r100","1101","2023-08-21",2243.91722653168
"9","atat","r100","1102","2023-05-16",2841.6507257292
"10","atat","r100","1102","2023-05-31",3859.93501957585
"11","atat","v08","1102","2023-06-14",1994.29736252168
"12","atat","r100","1102","2023-06-27",3652.46104363085
"13","atat","r100","1102","2023-07-10",3298.72310121492
"14","atat","r100","1102","2023-07-24",4144.10205677553
"15","atat","r100","1102","2023-08-07",4353.31643619777
"16","atat","r100","1102","2023-08-21",2031.85734701675
"17","ATAT","r100","1103","2022-09-02",59964.3592760163
"18","ATAT","r100","1103","2022-09-08",5905.28482180148
"19","ATAT","r100","1103","2022-09-15",23546.7314311629
"20","ATAT","r100","1103","2022-09-27",5031.50763392083
"21","ATAT","r100","1103","2022-10-11",11193.2207641912
"22","ATAT","r100","1103","2022-10-27",-1517.20561645658
"23","atat","r100","1103","2023-05-16",2763.55143108799
"24","atat","r100","1103","2023-05-31",4355.11884700605
"25","atat","v08","1103","2023-06-14",8111.00016000358
"26","atat","r100","1103","2023-06-27",11793.2441625941
"27","atat","r100","1103","2023-07-10",4563.26187863619
"28","atat","r100","1103","2023-07-24",6994.95357988643
"29","atat","r100","1103","2023-08-07",4464.71103449898
"30","atat","r100","1103","2023-08-21",3239.89042825074
"31","atat","r100","1104","2023-05-16",11296.2686234253
"32","atat","r100","1104","2023-05-31",3454.89404319453
"33","atat","v08","1104","2023-06-14",14369.0196690387
"34","atat","r100","1104","2023-06-28",6361.55045153789
"35","atat","r100","1104","2023-07-10",3168.85838925844
"36","atat","r100","1104","2023-07-24",7453.99022920329
"37","atat","r100","1104","2023-08-07",3258.42431807809
"38","atat","r100","1104","2023-08-21",6212.7599593186
"39","ATAT","r100","1105","2022-09-27",2020.51370162955
"40","ATAT","r100","1105","2022-10-11",10472.1393059747
"41","ATAT","r100","1105","2022-10-27",3590.59740676877
"42","atat","r100","1105","2023-05-16",5817.154698382
"43","atat","r100","1105","2023-05-31",1546.85928010396
"44","atat","v08","1105","2023-06-14",2599.85041221387
"45","atat","r100","1105","2023-06-27",7501.84938335187
"46","atat","r100","1105","2023-07-10",4773.16585999626
"47","atat","r100","1105","2023-07-24",8401.14975922327
"48","atat","r100","1105","2023-08-07",4386.98424160915
"49","atat","r100","1105","2023-08-21",9137.87444002077
"50","ATAT","r100","1106","2022-09-02",15817.5874306177
"51","ATAT","r100","1106","2022-09-08",18669.1278797588
"52","ATAT","r100","1106","2022-09-15",16512.6894383169
"53","ATAT","r100","1106","2022-09-27",9164.54622847288
"54","ATAT","r100","1106","2022-10-11",7954.93497590657
"55","ATAT","r100","1106","2022-10-27",-379.77472571602
"56","atat","r100","1106","2023-05-16",2794.26107364533
"57","atat","r100","1106","2023-05-31",5604.2946824904
"58","atat","v08","1106","2023-06-14",6455.35612369265
"59","atat","r100","1106","2023-06-27",15606.8466153104
"60","atat","r100","1106","2023-07-10",5050.23985210123
"61","atat","r100","1106","2023-07-24",5940.78253351593
"62","atat","r100","1106","2023-08-07",9117.70253176477
"63","atat","r100","1106","2023-08-21",3650.21967963109
"64","ATAT","r100","1107","2022-09-27",8446.93122860013
"65","ATAT","r100","1107","2022-10-11",11765.1579930883
"66","ATAT","r100","1107","2022-10-27",5724.24086579099
"67","atat","r100","1107","2023-05-16",4992.52143316196
"68","atat","r100","1107","2023-05-31",8662.7190258689
"69","atat","v08","1107","2023-06-14",4562.5673453511
"70","atat","r100","1107","2023-06-27",7914.11200581649
"71","atat","r100","1107","2023-07-10",6092.3300424014
"72","atat","r100","1107","2023-07-24",5907.63993434206
"73","atat","r100","1107","2023-08-07",6132.18383928737
"74","atat","r100","1107","2023-08-21",6511.13355081477
"75","atat","r100","1108","2023-05-16",2030.42846654725
"76","atat","r100","1108","2023-05-31",4990.0992781512
"77","atat","v08","1108","2023-06-14",-388.716372859347
"78","atat","r100","1108","2023-06-27",7015.91990413523
"79","atat","r100","1108","2023-07-10",6212.75995931844
"80","atat","r100","1108","2023-07-24",2050.81724015051
"81","atat","r100","1108","2023-08-07",3695.50823154366
"82","atat","r100","1109","2023-05-16",-383.751016572899
"83","atat","r100","1109","2023-05-31",8003.46008169916
"84","atat","v08","1109","2023-06-14",6260.20012570664
"85","atat","r100","1109","2023-06-27",8880.04908385553
"86","atat","r100","1109","2023-07-10",11028.7578821757
"87","atat","r100","1109","2023-07-24",9162.58942148276
"88","atat","r100","1109","2023-08-07",2607.23890603471
"89","atat","r100","1109","2023-08-21",6790.92796398439
"90","ATAT","r100","1110","2022-09-27",2284.76940135893
"91","ATAT","r100","1110","2022-10-11",6424.48145316735
"92","ATAT","r100","1110","2022-10-27",593.829571119378
"93","atat","r100","1110","2023-05-16",-5931.45367676772
"94","atat","r100","1110","2023-05-31",2927.79734461011
"95","atat","v08","1110","2023-06-14",5421.11230138068
"96","atat","r100","1110","2023-06-27",16338.4979615817
"97","atat","r100","1110","2023-07-10",7458.6997640311
"98","atat","r100","1110","2023-07-25",26818.6673302359
"99","atat","r100","1110","2023-08-07",14393.5839591266
"100","atat","r100","1110","2023-08-21",17911.1789982497
"101","ATAT","r100","1201","2022-09-02",3341.55098212923
"102","ATAT","r100","1201","2022-09-08",9256.74745271367
"103","ATAT","r100","1201","2022-09-15",15967.9638587385
"104","ATAT","r100","1201","2022-09-27",590.205788366793
"105","ATAT","r100","1201","2022-10-11",6619.12188764596
"106","ATAT","r100","1201","2022-10-27",3453.64821200121
"107","atat","r100","1201","2023-05-16",6810.1306499425
"108","atat","r100","1201","2023-05-31",19649.0260231006
"109","atat","R100","1201","2023-06-14",22211.5464334851
"110","atat","r100","1201","2023-06-28",6414.66682544505
"111","atat","r100","1201","2023-07-10",3662.67594085238
"112","atat","r100","1201","2023-07-24",8211.87583345546
"113","atat","r100","1201","2023-08-07",1545.96720373073
"114","atat","r100","1201","2023-08-21",2707.88375025748
"115","atat","r100","1202","2023-05-16",10297.0650126113
"116","atat","r100","1202","2023-05-31",18931.3832203075
"117","atat","R100","1202","2023-06-14",7497.58586352765
"118","atat","r100","1202","2023-06-27",9489.21075629689
"119","atat","r100","1202","2023-07-10",9389.18662126604
"120","atat","r100","1202","2023-07-24",10344.1047165657
"121","atat","r100","1202","2023-08-07",3933.37575475882
"122","atat","r100","1202","2023-08-21",-12231.9356659922
"123","atat","r100","1203","2023-05-16",4515.80604020102
"124","atat","r100","1203","2023-05-31",14721.1897985218
"125","atat","R100","1203","2023-06-14",2914.08344750611
"126","atat","r100","1203","2023-06-27",7253.73998049102
"127","atat","r100","1203","2023-07-10",6516.761754219
"128","atat","r100","1203","2023-07-24",7989.21245944408
"129","atat","r100","1203","2023-08-07",3228.64657467753
"130","atat","r100","1203","2023-08-21",8983.94507852408
"131","atat","r100","1204","2023-05-16",5449.87777056311
"132","atat","r100","1204","2023-05-31",9978.00090073141
"133","atat","R100","1204","2023-06-14",4976.87818655397
"134","atat","r100","1204","2023-06-27",8476.14023164257
"135","atat","r100","1204","2023-07-10",777.229008136302
"136","atat","r100","1204","2023-07-24",4053.04114928386
"137","atat","r100","1204","2023-08-07",4026.62642675398
"138","atat","r100","1204","2023-08-21",5605.16271219765
"139","ATAT","r100","1205","2022-09-27",10796.0920001525
"140","ATAT","r100","1205","2022-10-11",10461.1719807026
"141","ATAT","r100","1205","2022-10-27",4619.44166370832
"142","atat","r100","1205","2023-05-16",3034.30689158199
"143","atat","r100","1205","2023-05-31",18472.1826040366
"144","atat","R100","1205","2023-06-14",5267.96324945509
"145","atat","r100","1205","2023-06-27",-4164.81763205396
"146","atat","r100","1205","2023-07-10",659.270154154307
"147","atat","r100","1205","2023-07-24",6547.50578639596
"148","atat","r100","1205","2023-08-07",6422.85703727115
"149","atat","r100","1205","2023-08-21",4202.8339327763
"150","ATAT","r100","1206","2022-09-27",7126.60103594857
"151","ATAT","r100","1206","2022-10-11",15571.5590555906
"152","ATAT","r100","1206","2022-10-27",4279.00938659209
"153","atat","r100","1206","2023-05-16",684.653065486974
"154","atat","r100","1206","2023-05-31",16258.9720478472
"155","atat","R100","1206","2023-06-14",6008.36106934119
"156","atat","r100","1206","2023-06-27",5600.39802682755
"157","atat","r100","1206","2023-07-10",8152.15107245148
"158","atat","r100","1206","2023-08-07",9120.65279010139
"159","atat","r100","1207","2023-05-16",5007.9870577634
"160","atat","r100","1207","2023-05-31",9170.99662168478
"161","atat","R100","1207","2023-06-14",2974.69566573693
"162","atat","r100","1207","2023-06-27",7239.80017816026
"163","atat","r100","1207","2023-07-10",5790.278688861
"164","atat","r100","1207","2023-07-25",7303.99027354772
"165","atat","r100","1207","2023-08-07",5831.4518557402
"166","atat","r100","1207","2023-08-21",4510.50740605082
"167","ATAT","r100","1208","2022-09-27",4720.9762613226
"168","ATAT","r100","1208","2022-10-11",6713.66108867356
"169","ATAT","r100","1208","2022-10-27",2886.28791544101
"170","atat","r100","1208","2023-05-16",3813.46840473761
"171","atat","r100","1208","2023-05-31",1420.81171315693
"172","atat","R100","1208","2023-06-14",7043.1518554393
"173","atat","r100","1208","2023-06-27",13771.8187156298
"174","atat","r100","1208","2023-07-10",6933.54361407043
"175","atat","r100","1208","2023-07-24",10633.0153382018
"176","atat","r100","1208","2023-08-07",5569.36413188654
"177","atat","r100","1208","2023-08-21",2110.17890341557
"178","ATAT","r100","1209","2022-09-02",9331.976589109
"179","ATAT","r100","1209","2022-09-08",61113.1853013664
"180","ATAT","r100","1209","2022-09-15",10684.3874063231
"181","ATAT","r100","1209","2022-09-27",4974.03034916805
"182","ATAT","r100","1209","2022-10-11",19203.1373332867
"183","ATAT","r100","1209","2022-10-27",13891.8371932787
"184","atat","r100","1209","2023-05-16",-336.309762731906
"185","atat","r100","1209","2023-05-31",10074.8395735796
"186","atat","R100","1209","2023-06-14",6694.6196078974
"187","atat","r100","1209","2023-06-28",1353.80529857856
"188","atat","r100","1209","2023-07-10",4849.17664181222
"189","atat","r100","1209","2023-07-25",7594.75549341244
"190","atat","r100","1209","2023-08-07",2660.19039711281
"191","atat","r100","1209","2023-08-21",41392.4780523116
"192","atat","r100","1210","2023-05-16",4197.73033783133
"193","atat","r100","1210","2023-05-31",10935.3667932989
"194","atat","R100","1210","2023-06-14",7587.35862517977
"195","atat","r100","1210","2023-06-27",13603.0782412631
"196","atat","r100","1210","2023-07-10",12976.2486549877
"197","atat","r100","1210","2023-07-24",4212.36575114173
"198","atat","r100","1210","2023-08-07",2425.23002524932
"199","atat","r100","1210","2023-08-21",3819.0196853326
"200","ATAT","r100","1301","2022-09-02",14533.6582404911
"201","ATAT","r100","1301","2022-09-08",15081.1848503484
"202","ATAT","r100","1301","2022-09-15",6991.43349512867
"203","ATAT","r100","1301","2022-09-27",2991.02991434095
"204","ATAT","r100","1301","2022-10-11",5508.68508018077
"205","ATAT","r100","1301","2022-10-27",706.390966400582
"206","atat","r100","1301","2023-05-17",2609.48623506286
"207","atat","r100","1301","2023-05-31",9643.51841509331
"208","atat","R100","1301","2023-06-14",20205.2903173261
"209","atat","r100","1301","2023-06-28",10222.8486046375
"210","atat","r100","1301","2023-07-10",8576.30237715624
"211","atat","r100","1301","2023-07-25",15612.446787076
"212","atat","r100","1301","2023-08-07",4140.86715259197
"213","atat","r100","1301","2023-08-21",6469.99086478875
"214","atat","r100","1302","2023-05-17",7501.4212658073
"215","atat","r100","1302","2023-05-31",1504.38887275452
"216","atat","R100","1302","2023-06-14",2103.69364518742
"217","atat","r100","1302","2023-06-27",13524.0138464354
"218","atat","r100","1302","2023-07-10",3443.88335431403
"219","atat","r100","1302","2023-07-25",2222.47824429854
"220","atat","r100","1302","2023-08-07",2775.81788620134
"221","atat","r100","1302","2023-08-21",3493.86461017652
"222","atat","r100","1303","2023-05-17",1535.61373708611
"223","atat","r100","1303","2023-05-31",11214.577803628
"224","atat","R100","1303","2023-06-14",9803.74275057391
"225","atat","r100","1303","2023-06-27",8006.59907109083
"226","atat","r100","1303","2023-07-10",3682.50448560547
"227","atat","r100","1303","2023-07-25",3565.20942044544
"228","atat","r100","1303","2023-08-07",3989.29103554615
"229","atat","r100","1303","2023-08-21",6676.68476516761
"230","ATAT","r100","1304","2022-09-27",9969.7603412919
"231","ATAT","r100","1304","2022-10-11",10837.0619348723
"232","ATAT","r100","1304","2022-10-27",1816.01368842335
"233","atat","r100","1304","2023-05-17",7549.11422571722
"234","atat","r100","1304","2023-05-31",14889.592432904
"235","atat","R100","1304","2023-06-14",2908.14391714642
"236","atat","r100","1304","2023-06-27",4334.60163846454
"237","atat","r100","1304","2023-07-10",5675.31339287701
"238","atat","r100","1304","2023-07-24",4461.73452004981
"239","atat","r100","1304","2023-08-08",10213.258908653
"240","atat","r100","1304","2023-08-21",7246.72556454896
"241","ATAT","r100","1305","2022-09-27",49.3321443899235
"242","ATAT","r100","1305","2022-10-11",8930.36286584086
"243","ATAT","r100","1305","2022-10-27",1514.42978196698
"244","atat","r100","1305","2023-05-17",1866.54730084488
"245","atat","r100","1305","2023-05-31",3034.49379461597
"246","atat","R100","1305","2023-06-14",5242.16164787108
"247","atat","r100","1305","2023-06-27",11903.9806190671
"248","atat","r100","1305","2023-07-10",8186.36586120678
"249","atat","r100","1305","2023-07-24",6326.14808030114
"250","atat","r100","1305","2023-08-07",5534.0199203563
"251","atat","r100","1305","2023-08-21",5063.00019611902
"252","atat","r100","1306","2023-05-17",943.870246476683
"253","atat","r100","1306","2023-05-31",4751.0400725026
"254","atat","R100","1306","2023-06-14",4625.78907741511
"255","atat","r100","1306","2023-06-27",8675.67283161352
"256","atat","r100","1306","2023-07-10",10273.6528386296
"257","atat","r100","1306","2023-07-24",6692.6017800747
"258","atat","r100","1306","2023-08-07",5820.48683388058
"259","atat","r100","1306","2023-08-21",2686.58388613841
"260","ATAT","r100","1307","2022-09-02",34926.5913843943
"261","ATAT","r100","1307","2022-09-08",10946.5530614685
"262","ATAT","r100","1307","2022-09-15",13232.6976591904
"263","ATAT","r100","1307","2022-09-27",1599.61921952238
"264","ATAT","r100","1307","2022-10-11",5117.10385158973
"265","atat","r100","1307","2023-05-17",5556.55594422771
"266","atat","r100","1307","2023-05-31",14175.9720701871
"267","atat","R100","1307","2023-06-14",13008.2021186728
"268","atat","r100","1307","2023-06-28",9234.12697827218
"269","atat","r100","1307","2023-07-10",8067.53469129166
"270","atat","r100","1307","2023-07-24",5507.65291399365
"271","atat","r100","1307","2023-08-07",4440.23715962711
"272","atat","r100","1307","2023-08-21",4647.24082191065
"273","atat","r100","1308","2023-05-16",5625.28604518987
"274","atat","r100","1308","2023-05-31",4816.52861575173
"275","atat","R100","1308","2023-06-14",4778.78896651945
"276","atat","r100","1308","2023-06-27",9814.37175401567
"277","atat","r100","1308","2023-07-10",4504.07266194488
"278","atat","r100","1308","2023-07-24",5976.32409112381
"279","atat","r100","1308","2023-08-07",6847.08687981161
"280","atat","r100","1308","2023-08-21",-11877.7428079105
"281","ATAT","r100","1309","2022-09-27",1743.50070852442
"282","ATAT","r100","1309","2022-10-11",11689.3894854081
"283","ATAT","r100","1309","2022-10-27",2661.79848584859
"284","atat","r100","1309","2023-05-16",1393.5149282108
"285","atat","r100","1309","2023-05-31",5076.9834729961
"286","atat","R100","1309","2023-06-14",4075.64290605073
"287","atat","r100","1309","2023-06-27",8501.74416019036
"288","atat","r100","1309","2023-07-10",973.502736731626
"289","atat","r100","1309","2023-07-24",12901.2333923521
"290","atat","r100","1309","2023-08-07",4690.0494530518
"291","atat","r100","1309","2023-08-21",3234.00634282893
"292","atat","r100","1310","2023-05-16",1071.42893065266
"293","atat","r100","1310","2023-05-31",1345.87551555452
"294","atat","R100","1310","2023-06-14",8126.28348206793
"295","atat","r100","1310","2023-06-28",4462.37745392634
"296","atat","r100","1310","2023-07-10",11582.3781627224
"297","atat","r100","1310","2023-07-24",7768.55183911826
"298","atat","r100","1310","2023-08-07",4108.21047157799
"299","atat","r100","1310","2023-08-21",3851.88560345069
"300","atat","r100","1401","2023-05-17",1614.74735694486
"301","atat","r100","1401","2023-06-01",6628.59270409284
"302","atat","R100","1401","2023-06-15",8317.5501709388
"303","atat","r100","1401","2023-06-28",5584.55524223802
"304","atat","r100","1401","2023-07-11",4270.17873356827
"305","atat","r100","1401","2023-07-25",8956.56873566849
"306","atat","r100","1401","2023-08-08",1761.61321113446
"307","atat","r100","1401","2023-08-21",5462.98041800207
"308","atat","r100","1402","2023-05-17",12331.6478007296
"309","atat","r100","1402","2023-06-01",12589.7534156003
"310","atat","R100","1402","2023-06-15",5655.74337665995
"311","atat","r100","1402","2023-06-28",3179.10861856224
"312","atat","r100","1402","2023-07-11",5539.69634953208
"313","atat","r100","1402","2023-07-25",13091.0932563191
"314","atat","r100","1402","2023-08-08",820.73571467216
"315","atat","r100","1402","2023-08-21",4626.36766266245
"316","atat","r100","1403","2023-05-17",1644.33310129354
"317","atat","r100","1403","2023-06-01",3337.17484674373
"318","atat","R100","1403","2023-06-15",2934.30797750127
"319","atat","r100","1403","2023-06-28",9432.85269392487
"320","atat","r100","1403","2023-07-11",1673.09995418434
"321","atat","r100","1403","2023-07-25",17894.7882567062
"322","atat","r100","1403","2023-08-08",4807.25131434364
"323","atat","r100","1403","2023-08-21",2876.41276929201
"324","ATAT","r100","1404","2022-09-02",11012.9904861867
"325","ATAT","r100","1404","2022-09-08",26349.4830136944
"326","ATAT","r100","1404","2022-09-15",20713.9832954757
"327","ATAT","r100","1404","2022-09-27",10367.5736308869
"328","ATAT","r100","1404","2022-10-11",13047.5158107993
"329","ATAT","r100","1404","2022-10-27",2860.93810205307
"330","atat","r100","1404","2023-05-17",9698.18035346652
"331","atat","r100","1404","2023-06-01",28563.5943375598
"332","atat","R100","1404","2023-06-15",39957.0130694162
"333","atat","r100","1404","2023-06-28",3919.78909092014
"334","atat","r100","1404","2023-07-11",7472.73716789663
"335","atat","r100","1404","2023-07-25",22127.2730124559
"336","atat","r100","1404","2023-08-08",1467.71773217562
"337","atat","r100","1404","2023-08-21",5353.14175970751
"338","ATAT","r100","1405","2022-09-27",9887.1686152378
"339","ATAT","r100","1405","2022-10-11",10871.569436286
"340","ATAT","r100","1405","2022-10-27",1551.50917081468
"341","atat","r100","1405","2023-06-01",6304.43852596408
"342","atat","R100","1405","2023-06-15",7429.41558192446
"343","atat","r100","1405","2023-06-28",3213.9602185257
"344","atat","r100","1405","2023-07-11",3266.61117405084
"345","atat","r100","1405","2023-07-25",9381.18702611287
"346","atat","r100","1405","2023-08-08",906.333192752374
"347","atat","r100","1405","2023-08-21",4494.80446408729
"348","ATAT","r100","1406","2022-09-27",2159.80975591367
"349","ATAT","r100","1406","2022-10-11",4042.11372826074
"350","ATAT","r100","1406","2022-10-27",-82.9012050667737
"351","atat","r100","1406","2023-05-17",7578.45541360135
"352","atat","r100","1406","2023-06-01",8284.49157177041
"353","atat","R100","1406","2023-06-15",2244.66606473337
"354","atat","r100","1406","2023-06-28",8144.18325905419
"355","atat","r100","1406","2023-07-11",7094.57154174193
"356","atat","r100","1406","2023-07-25",25536.5102603381
"357","atat","r100","1406","2023-08-08",5150.28870147039
"358","atat","r100","1406","2023-08-21",6414.59704131406
"359","atat","r100","1407","2023-05-16",1498.68586618885
"360","atat","r100","1407","2023-06-01",8629.23830787606
"361","atat","R100","1407","2023-06-15",3987.40868836304
"362","atat","r100","1407","2023-06-28",10537.7058989316
"363","atat","r100","1407","2023-07-11",7604.01623946367
"364","atat","r100","1407","2023-07-25",16991.8794473943
"365","atat","r100","1407","2023-08-08",5394.76027910671
"366","atat","r100","1407","2023-08-21",5851.10843502909
"367","ATAT","r100","1408","2022-09-02",7741.71885190591
"368","ATAT","r100","1408","2022-09-08",11411.0467706321
"369","ATAT","r100","1408","2022-09-15",8553.93297977293
"370","ATAT","r100","1408","2022-09-27",12672.6780922665
"371","ATAT","r100","1408","2022-10-11",1949.78825489106
"372","ATAT","r100","1408","2022-10-27",-808.118251015546
"373","atat","r100","1408","2023-05-17",2342.80207678534
"374","atat","r100","1408","2023-06-01",3385.18956617252
"375","atat","R100","1408","2023-06-15",4121.91302749081
"376","atat","r100","1408","2023-06-28",7906.57657873531
"377","atat","r100","1408","2023-07-11",7592.69365268308
"378","atat","r100","1408","2023-07-25",21325.0337219095
"379","atat","r100","1408","2023-08-08",1785.82325992363
"380","atat","r100","1408","2023-08-21",3996.83778876565
"381","atat","r100","1409","2023-05-17",3816.3906294301
"382","atat","r100","1409","2023-06-01",2420.11142985465
"383","atat","R100","1409","2023-06-15",4040.14225336256
"384","atat","r100","1409","2023-06-28",-1777.16629522033
"385","atat","r100","1409","2023-07-11",11647.8823080934
"386","atat","r100","1409","2023-07-25",10929.3208704389
"387","atat","r100","1409","2023-08-08",1916.8273718493
"388","atat","r100","1409","2023-08-21",6958.42906831001
"389","ATAT","r100","1410","2022-09-27",11201.0322988079
"390","ATAT","r100","1410","2022-10-11",4596.47940970643
"391","ATAT","r100","1410","2022-10-27",2003.84829663429
"392","atat","r100","1410","2023-05-17",2220.56892495301
"393","atat","r100","1410","2023-06-01",6363.65661153816
"394","atat","R100","1410","2023-06-15",5649.88790691431
"395","atat","r100","1410","2023-06-28",5223.70005472334
"396","atat","r100","1410","2023-07-11",8484.33422845642
"397","atat","r100","1410","2023-07-25",17731.215859218
"398","atat","r100","1410","2023-08-08",4020.66179121599
"399","atat","r100","1410","2023-08-21",12357.436179692
"400","eddyfluedddyflux","v08","1","2022-05-05",7002.30132001034
"401","eddyfluedddyflux","v08","13","2022-05-05",1880.46527644215
"402","eddyfluedddyflux","v08","14","2022-05-05",278.419956951346
"403","eddyfluedddyflux","v08","19","2022-05-05",7028.40623035616
"404","eddyfluedddyflux","v08","20","2022-05-05",3835.87663274245
"405","eddyfluedddyflux","v08","25","2022-05-05",740.189641650947
"406","eddyfluedddyflux","v08","28","2022-05-05",2193.87615584927
"407","eddyfluedddyflux","v08","29","2022-05-05",3560.44897185055
"408","eddyfluedddyflux","v08","32","2022-05-05",1196.42429746477
"409","eddyfluedddyflux","i10","33","2022-05-04",24094.100757617
"410","eddyfluedddyflux","i10","36","2022-05-04",17848.7426588577
"411","eddyfluedddyflux","i10","37","2022-05-04",15754.2603480271
"412","eddyfluedddyflux","v08","4","2022-05-05",4020.11254915061
"413","eddyfluedddyflux","i10","40","2022-05-04",19813.0182025142
"414","eddyfluedddyflux","i10","45","2022-05-04",15724.7736851728
"415","eddyfluedddyflux","i10","46","2022-05-04",15428.3185519934
"416","eddyfluedddyflux","v08","5","2022-05-05",3698.84492205731
"417","eddyfluedddyflux","i10","51","2022-05-04",16895.7194447601
"418","eddyfluedddyflux","i10","52","2022-05-04",25920.6912644051
"419","eddyfluedddyflux","i10","57","2022-05-04",24091.2012462146
"420","eddyfluedddyflux","i10","60","2022-05-04",27622.5697027659
"421","eddyfluedddyflux","i10","61","2022-05-04",24123.9176895064
"422","eddyfluedddyflux","i10","64","2022-05-04",18638.8432286518
"423","eddyfluedddyflux","v08","8","2022-05-05",5473.32890982343
"424","eddyflux","v08","1","2022-05-16",9418.30698854642
"425","eddyflux","v08","1","2022-06-01",23559.952911017
"426","eddyflux","v08","1","2022-06-16",72854.0194278873
"427","eddyflux","v08","1","2022-06-28",55882.5192428605
"428","eddyflux","v08","1","2022-07-14",25981.3354950174
"429","eddyflux","v08","1","2022-09-19",4974.67134071729
"430","eddyflux","v08","1","2022-10-03",8661.18611596038
"431","eddyflux","v08","1","2022-10-21",5048.19646585124
"432","eddyflux","v08","1","2023-05-24",6002.49966864337
"433","eddyflux","v08","1","2023-06-09",2460.82158217466
"434","eddyflux","v08","1","2023-06-19",11270.8555406275
"435","eddyflux","v08","1","2023-07-05",6668.49750551664
"436","eddyflux","v08","1","2023-07-17",12479.9204861375
"437","eddyflux","v08","1","2023-08-04",18558.7611188506
"438","eddyflux","v08","1","2023-08-15",-11463.2790499177
"439","eddyflux","v08","1","2023-08-30",16072.527489591
"440","eddyflux","v08","1","2023-09-12",8453.64428790827
"441","eddyflux","v08","1","2023-10-09",18956.1061727206
"442","eddyflux","v08","1","2024-05-29",35402.1876158018
"443","eddyflux","v08","1","2024-06-10",42093.5222266794
"444","eddyflux","v08","1","2024-06-27",35789.112028244
"445","eddyflux","v08","1","2024-07-16",45809.2097639978
"446","eddyflux","v08","1","2024-08-19",114004.889960754
"447","eddyflux","v08","1","2024-09-06",43403.6479958683
"448","eddyflux","v08","1","2024-10-07",7314.5944547682
"449","eddyflux","v08","1","2024-10-28",23278.906692745
"450","eddyflux","v08","13","2022-05-16",24281.0090064241
"451","eddyflux","v08","13","2022-06-01",10301.2842946768
"452","eddyflux","v08","13","2022-06-28",-450.201142025873
"453","eddyflux","v08","13","2022-07-14",39510.0443043141
"454","eddyflux","v08","13","2022-08-03",13443.8088150901
"455","eddyflux","v08","13","2022-09-19",-11626.2208550713
"456","eddyflux","v08","13","2022-10-03",10382.6730914771
"457","eddyflux","v08","13","2022-10-21",530.504948654226
"458","eddyflux","v08","13","2023-05-08",642.99135896825
"459","eddyflux","v08","13","2023-05-24",4297.88960994522
"460","eddyflux","v08","13","2023-06-09",2129.53148766737
"461","eddyflux","v08","13","2023-06-19",8519.43273531699
"462","eddyflux","v08","13","2023-07-05",6724.01644308347
"463","eddyflux","v08","13","2023-07-17",2823.20743041375
"464","eddyflux","v08","13","2023-08-04",6179.24992717554
"465","eddyflux","v08","13","2023-08-15",8094.55094356
"466","eddyflux","v08","13","2023-09-12",3061.1311108774
"467","eddyflux","i10","13","2023-10-23",7103.36005658595
"468","eddyflux","v08","13","2024-05-29",24631.6526196572
"469","eddyflux","v08","13","2024-06-10",33041.3865073545
"470","eddyflux","v08","13","2024-06-27",41355.2698154212
"471","eddyflux","v08","13","2024-07-16",23777.2408604661
"472","eddyflux","v08","13","2024-08-19",48656.9667018367
"473","eddyflux","v08","13","2024-09-06",30522.8415747238
"474","eddyflux","v08","13","2024-10-07",15061.3006078928
"475","eddyflux","v08","13","2024-10-28",5184.41191586566
"476","eddyflux","v08","14","2022-05-16",14850.0544783536
"477","eddyflux","v08","14","2022-06-01",13014.5881779239
"478","eddyflux","v08","14","2022-06-28",17571.8028510901
"479","eddyflux","v08","14","2022-07-14",52504.5671411972
"480","eddyflux","v08","14","2022-08-03",20417.5973983845
"481","eddyflux","v08","14","2022-09-19",12762.6748073752
"482","eddyflux","v08","14","2022-10-03",3962.13886518727
"483","eddyflux","v08","14","2022-10-21",-734.198212658013
"484","eddyflux","v08","14","2023-05-08",4574.11938752417
"485","eddyflux","v08","14","2023-05-24",-1564.74940129075
"486","eddyflux","v08","14","2023-06-19",8790.21399454054
"487","eddyflux","v08","14","2023-07-05",13094.7417628879
"488","eddyflux","v08","14","2023-07-17",2766.09965833059
"489","eddyflux","v08","14","2023-08-04",4304.15055766271
"490","eddyflux","v08","14","2023-08-15",4510.57809639802
"491","eddyflux","v08","14","2023-08-30",-1465.84933192878
"492","eddyflux","v08","14","2023-09-12",2792.62011984133
"493","eddyflux","v08","14","2023-10-09",1018.46169985932
"494","eddyflux","i10","14","2023-10-23",1435.74793742643
"495","eddyflux","v08","14","2024-05-29",30478.5535964927
"496","eddyflux","v08","14","2024-06-10",35411.8805714277
"497","eddyflux","v08","14","2024-06-27",33955.758197139
"498","eddyflux","v08","14","2024-07-16",23664.3230574998
"499","eddyflux","v08","14","2024-08-19",53424.2904906134
"500","eddyflux","v08","14","2024-10-07",11476.0042674191
"501","eddyflux","v08","14","2024-10-28",9816.30512212723
"502","eddyflux","v08","19","2022-05-16",3819.682838567
"503","eddyflux","v08","19","2022-06-01",18283.0218951244
"504","eddyflux","v08","19","2022-06-16",26356.4338680707
"505","eddyflux","v08","19","2022-06-28",17541.2015171285
"506","eddyflux","v08","19","2022-07-14",78728.5055058017
"507","eddyflux","v08","19","2022-08-03",21339.6011247213
"508","eddyflux","v08","19","2022-09-19",8586.61219325922
"509","eddyflux","v08","19","2022-10-03",-674.362588587055
"510","eddyflux","v08","19","2022-10-21",2114.14951401063
"511","eddyflux","v08","19","2023-05-08",2850.96303353113
"512","eddyflux","v08","19","2023-05-24",2879.16035995067
"513","eddyflux","v08","19","2023-06-19",10610.9303864638
"514","eddyflux","v08","19","2023-07-05",2760.97951006649
"515","eddyflux","v08","19","2023-07-17",4664.30053259733
"516","eddyflux","v08","19","2023-08-04",7274.19617899166
"517","eddyflux","v08","19","2023-08-15",2768.70937961414
"518","eddyflux","v08","19","2023-08-30",825.725686036166
"519","eddyflux","v08","19","2023-09-12",943.571734956782
"520","eddyflux","i10","19","2023-10-23",1131.04389259141
"521","eddyflux","v08","19","2024-05-29",28660.0842578701
"522","eddyflux","v08","19","2024-06-10",39418.2993415502
"523","eddyflux","v08","19","2024-06-27",31121.5175583303
"524","eddyflux","v08","19","2024-07-16",27078.0230066092
"525","eddyflux","v08","19","2024-08-19",74464.2006743556
"526","eddyflux","v08","19","2024-09-06",24923.8013238718
"527","eddyflux","v08","19","2024-10-07",10198.9577869512
"528","eddyflux","v08","19","2024-10-28",745.582286361309
"529","eddyflux","v08","20","2022-05-16",10120.0297071963
"530","eddyflux","v08","20","2022-06-01",5392.42143506026
"531","eddyflux","v08","20","2022-06-16",4467.53055424709
"532","eddyflux","v08","20","2022-07-14",19184.6546115482
"533","eddyflux","v08","20","2022-08-03",18162.7426884299
"534","eddyflux","v08","20","2022-09-19",7167.03650501235
"535","eddyflux","v08","20","2022-10-03",2751.63288162256
"536","eddyflux","v08","20","2022-10-21",3816.67685818219
"537","eddyflux","v08","20","2023-05-08",2415.09550546186
"538","eddyflux","v08","20","2023-05-24",5207.97131345413
"539","eddyflux","v08","20","2023-06-09",3692.26232287827
"540","eddyflux","v08","20","2023-06-19",3427.55411814283
"541","eddyflux","v08","20","2023-07-05",3699.54188044695
"542","eddyflux","v08","20","2023-07-17",3102.84844793207
"543","eddyflux","v08","20","2023-08-04",8857.91639352248
"544","eddyflux","v08","20","2023-08-15",4571.93409933068
"545","eddyflux","v08","20","2023-08-30",2487.36130969283
"546","eddyflux","v08","20","2023-09-12",2516.99949433532
"547","eddyflux","v08","20","2023-10-09",3069.18401486289
"548","eddyflux","i10","20","2023-10-23",-525.521987169265
"549","eddyflux","v08","20","2024-05-29",38038.1086559692
"550","eddyflux","v08","20","2024-06-10",44281.4372526291
"551","eddyflux","v08","20","2024-06-27",35974.3760395628
"552","eddyflux","v08","20","2024-07-16",47444.5675876876
"553","eddyflux","v08","20","2024-08-19",61275.8880431353
"554","eddyflux","v08","20","2024-09-06",39158.6016281471
"555","eddyflux","v08","20","2024-10-07",17583.4765353989
"556","eddyflux","v08","20","2024-10-28",8212.08289276971
"557","eddyflux","i02","2101","2023-10-27",-377.215510700989
"558","eddyflux","i02","2104","2023-10-27",334.522322417049
"559","eddyflux","i02","2105","2023-10-27",-76.6025290024218
"560","eddyflux","i02","2106","2023-10-27",-968.80794643191
"561","eddyflux","i02","2107","2023-10-27",-282.529279511303
"562","eddyflux","i02","2112","2023-10-27",25116.7285726804
"563","eddyflux","i02","2112","2023-11-07",2718.38980106834
"564","eddyflux","i02","2201","2023-10-27",3610.56368702455
"565","eddyflux","i02","2201","2023-11-07",1387.23695291897
"566","eddyflux","i02","2202","2023-10-27",1570.57535351811
"567","eddyflux","i02","2202","2023-11-07",1652.8462492287
"568","eddyflux","i02","2203","2023-10-27",773.905668800749
"569","eddyflux","i02","2203","2023-11-07",726.914272723802
"570","eddyflux","i02","2204","2023-10-27",-126.851268508082
"571","eddyflux","i02","2204","2023-11-07",2428.057938119
"572","eddyflux","i02","2205","2023-11-07",1126.99223849921
"573","eddyflux","i02","2206","2023-11-07",2634.15102522939
"574","eddyflux","i02","2207","2023-11-07",1461.85371067408
"575","eddyflux","i02","2208","2023-11-07",174.980323052787
"576","eddyflux","i02","2210","2023-11-07",1224.39033545485
"577","eddyflux","i02","2301","2023-11-07",588.977716738221
"578","eddyflux","i02","2302","2023-11-07",2451.08651231613
"579","eddyflux","i02","2305","2023-11-07",657.684250079965
"580","eddyflux","i02","2306","2023-11-07",19.662725002434
"581","eddyflux","i02","2307","2023-11-07",-1556.63114842916
"582","eddyflux","i02","2308","2023-11-07",726.145281479081
"583","eddyflux","i02","2310","2023-11-07",1917.68070856644
"584","eddyflux","i02","2311","2023-11-07",1741.74628955416
"585","eddyflux","i02","2312","2023-11-07",868.187123179231
"586","eddyflux","i02","2402","2023-11-07",1678.53775485248
"587","eddyflux","i02","2403","2023-11-07",2002.82953888322
"588","eddyflux","i02","2404","2023-11-07",2247.41456716671
"589","eddyflux","i02","2405","2023-11-07",19117.9151873673
"590","eddyflux","i02","2406","2023-11-07",1956.63091492237
"591","eddyflux","i02","2409","2023-11-07",1143.18960413187
"592","eddyflux","i02","2410","2023-11-07",84.2780462686566
"593","eddyflux","i02","2412","2023-11-07",1540.02078352062
"594","eddyflux","v08","25","2022-05-16",3603.22869683809
"595","eddyflux","v08","25","2022-06-01",15019.8036831844
"596","eddyflux","v08","25","2022-06-16",9711.47683074071
"597","eddyflux","v08","25","2022-06-28",14148.437544713
"598","eddyflux","v08","25","2022-07-14",19421.9209952862
"599","eddyflux","v08","25","2022-08-03",9860.37888631655
"600","eddyflux","v08","25","2022-09-19",4094.7661447973
"601","eddyflux","v08","25","2022-10-03",2596.81815533348
"602","eddyflux","v08","25","2022-10-21",2080.42353474773
"603","eddyflux","v08","25","2023-05-08",2871.1349417873
"604","eddyflux","v08","25","2023-05-24",5818.44239795138
"605","eddyflux","v08","25","2023-06-09",5937.67784395875
"606","eddyflux","v08","25","2023-06-19",10221.0568087773
"607","eddyflux","v08","25","2023-07-05",7410.9195048364
"608","eddyflux","v08","25","2023-07-17",5618.66192341812
"609","eddyflux","v08","25","2023-08-04",8237.4060357356
"610","eddyflux","v08","25","2023-08-15",10926.6117766725
"611","eddyflux","v08","25","2023-08-30",6406.1958333444
"612","eddyflux","v08","25","2023-09-12",776.61846786045
"613","eddyflux","v08","25","2023-10-09",-157.830512356372
"614","eddyflux","i10","25","2023-10-23",3731.8275476536
"615","eddyflux","v08","25","2024-05-29",37516.9240936219
"616","eddyflux","v08","25","2024-06-10",42491.5719226795
"617","eddyflux","v08","25","2024-06-27",46037.5925653999
"618","eddyflux","v08","25","2024-07-16",36236.4127746706
"619","eddyflux","v08","25","2024-08-19",52799.121470969
"620","eddyflux","v08","25","2024-09-06",34651.4453004883
"621","eddyflux","v08","25","2024-10-07",1257.32609036788
"622","eddyflux","v08","25","2024-10-28",7526.71757881837
"623","eddyflux","v08","28","2022-05-16",7905.28360644076
"624","eddyflux","v08","28","2022-06-01",23506.482740965
"625","eddyflux","v08","28","2022-06-16",22188.6242955596
"626","eddyflux","v08","28","2022-06-28",18840.562311213
"627","eddyflux","v08","28","2022-07-14",25545.424980944
"628","eddyflux","v08","28","2022-08-03",18563.2915245498
"629","eddyflux","v08","28","2022-09-19",20362.3268821677
"630","eddyflux","v08","28","2022-10-03",5847.84424006495
"631","eddyflux","v08","28","2022-10-21",2332.57491205394
"632","eddyflux","v08","28","2023-05-08",1092.86444660552
"633","eddyflux","v08","28","2023-05-24",-149.363659769635
"634","eddyflux","v08","28","2023-06-09",6373.19791646958
"635","eddyflux","v08","28","2023-06-19",7429.82163397585
"636","eddyflux","v08","28","2023-07-05",402.120385716332
"637","eddyflux","v08","28","2023-07-17",5932.73070872346
"638","eddyflux","v08","28","2023-08-04",12750.9813930667
"639","eddyflux","v08","28","2023-08-15",1822.19571246916
"640","eddyflux","v08","28","2023-09-12",2440.00402403614
"641","eddyflux","v08","28","2023-10-09",2035.89450531743
"642","eddyflux","i10","28","2023-10-23",-1335.70171738815
"643","eddyflux","v08","28","2024-05-29",29694.91033979
"644","eddyflux","v08","28","2024-06-10",40510.5667690295
"645","eddyflux","v08","28","2024-07-16",32041.4158764619
"646","eddyflux","v08","28","2024-08-19",54912.7922006018
"647","eddyflux","v08","28","2024-09-06",73070.1866765464
"648","eddyflux","v08","28","2024-10-07",7366.11483689649
"649","eddyflux","v08","28","2024-10-28",19933.8654110952
"650","eddyflux","v08","29","2022-05-16",17305.0030651791
"651","eddyflux","v08","29","2022-06-01",11960.6991593118
"652","eddyflux","v08","29","2022-06-16",22757.563380061
"653","eddyflux","v08","29","2022-06-28",13266.6975399797
"654","eddyflux","v08","29","2022-07-14",42095.9408504406
"655","eddyflux","v08","29","2022-08-03",22303.6652999319
"656","eddyflux","v08","29","2022-09-19",3136.29411693479
"657","eddyflux","v08","29","2022-10-03",-10423.2976048558
"658","eddyflux","v08","29","2022-10-21",1666.75037681299
"659","eddyflux","v08","29","2023-05-08",6619.29384560697
"660","eddyflux","v08","29","2023-05-24",1640.04843077671
"661","eddyflux","v08","29","2023-06-19",12404.4968853713
"662","eddyflux","v08","29","2023-07-05",-2422.01362037047
"663","eddyflux","v08","29","2023-07-17",366.217944982818
"664","eddyflux","v08","29","2023-08-04",5646.36473270337
"665","eddyflux","v08","29","2023-08-15",3012.76408895074
"666","eddyflux","v08","29","2023-08-30",1968.62898135573
"667","eddyflux","v08","29","2023-09-12",3630.94348610094
"668","eddyflux","v08","29","2023-10-09",7414.23366094169
"669","eddyflux","i10","29","2023-10-23",3838.66987066893
"670","eddyflux","v08","29","2024-05-29",25551.115700182
"671","eddyflux","v08","29","2024-06-10",33618.2271020153
"672","eddyflux","v08","29","2024-06-27",46061.7087757627
"673","eddyflux","v08","29","2024-07-16",60929.0568384625
"674","eddyflux","v08","29","2024-08-19",54913.1141639238
"675","eddyflux","v08","29","2024-09-06",21649.5664892376
"676","eddyflux","v08","29","2024-10-07",11117.6753839415
"677","eddyflux","v08","29","2024-10-28",9767.60410059482
"678","eddyflux","v08","32","2022-05-16",-879.217799526546
"679","eddyflux","v08","32","2022-06-01",13067.1508214517
"680","eddyflux","v08","32","2022-06-16",6536.18390101743
"681","eddyflux","v08","32","2022-07-14",24329.6796187979
"682","eddyflux","v08","32","2022-08-03",14512.7549857317
"683","eddyflux","v08","32","2022-09-19",2370.42888025312
"684","eddyflux","v08","32","2022-10-03",3329.34640237421
"685","eddyflux","v08","32","2022-10-21",2056.8930460333
"686","eddyflux","v08","32","2023-05-08",4380.50802394696
"687","eddyflux","v08","32","2023-05-24",-138.556170855182
"688","eddyflux","v08","32","2023-06-09",9663.63716662253
"689","eddyflux","v08","32","2023-06-19",5135.68005479616
"690","eddyflux","v08","32","2023-07-05",4048.19298870097
"691","eddyflux","v08","32","2023-07-17",4008.42187054059
"692","eddyflux","v08","32","2023-08-04",5808.47111851563
"693","eddyflux","v08","32","2023-08-15",-7888.19937953133
"694","eddyflux","v08","32","2023-08-30",1358.24182257845
"695","eddyflux","v08","32","2023-10-09",1654.52476981902
"696","eddyflux","i10","32","2023-10-23",2205.99781802586
"697","eddyflux","v08","32","2024-05-29",61776.9010493119
"698","eddyflux","v08","32","2024-06-10",39042.2538248834
"699","eddyflux","v08","32","2024-06-27",42665.5967863427
"700","eddyflux","v08","32","2024-07-16",47865.4156904724
"701","eddyflux","v08","32","2024-08-19",65735.0950311107
"702","eddyflux","v08","32","2024-09-06",33577.7268215217
"703","eddyflux","v08","32","2024-10-07",33064.5592886472
"704","eddyflux","v08","32","2024-10-28",47508.8367826384
"705","eddyflux","i10","33","2022-05-16",66067.0439905164
"706","eddyflux","i10","33","2022-06-08",19326.8565704662
"707","eddyflux","i10","33","2022-06-16",19041.830310338
"708","eddyflux","i10","33","2022-06-28",56494.2554852948
"709","eddyflux","i10","33","2022-07-21",27186.6874673589
"710","eddyflux","i10","33","2022-08-01",24269.3716778936
"711","eddyflux","i10","33","2022-08-31",4613.19966294456
"712","eddyflux","i10","33","2022-09-21",6077.753713702
"713","eddyflux","i10","33","2022-10-07",7682.91070598405
"714","eddyflux","i10","33","2022-10-21",2628.01276439406
"715","eddyflux","i10","33","2023-05-08",6284.79221251686
"716","eddyflux","i10","33","2023-05-25",4148.67010468379
"717","eddyflux","i10","33","2023-06-09",3105.73952766382
"718","eddyflux","i10","33","2023-06-20",19638.7952089991
"719","eddyflux","i10","33","2023-07-06",4129.41761314429
"720","eddyflux","i10","33","2023-07-17",37505.5173350634
"721","eddyflux","i10","33","2023-08-15",12009.2064803831
"722","eddyflux","i10","33","2023-08-30",7771.88036129993
"723","eddyflux","i10","33","2023-09-12",5975.67724089327
"724","eddyflux","i10","33","2023-10-02",8329.48880762865
"725","eddyflux","i10","33","2023-10-23",1845.97193281879
"726","eddyflux","i10","33","2024-05-29",40468.6995931408
"727","eddyflux","i10","33","2024-06-10",56184.7069086897
"728","eddyflux","i10","33","2024-06-27",56250.640324171
"729","eddyflux","i10","33","2024-07-16",78405.4922055322
"730","eddyflux","i10","33","2024-07-29",48653.2432714638
"731","eddyflux","i10","33","2024-09-20",46419.2608148617
"732","eddyflux","i10","33","2024-10-07",44018.1275636982
"733","eddyflux","i10","33","2024-10-28",27270.325586892
"734","eddyflux","i10","36","2022-05-16",36202.3084885853
"735","eddyflux","i10","36","2022-06-08",12886.8464693018
"736","eddyflux","i10","36","2022-06-16",50843.6751261456
"737","eddyflux","i10","36","2022-06-28",43656.8179124853
"738","eddyflux","i10","36","2022-07-21",13192.6503438625
"739","eddyflux","i10","36","2022-08-01",11467.0577258562
"740","eddyflux","i10","36","2022-08-31",19737.463832602
"741","eddyflux","i10","36","2022-09-21",2860.86017015224
"742","eddyflux","i10","36","2022-10-07",4254.49226524886
"743","eddyflux","i10","36","2022-10-21",2921.86196964147
"744","eddyflux","i10","36","2023-05-08",8136.69688671158
"745","eddyflux","i10","36","2023-05-25",3549.73014794881
"746","eddyflux","i10","36","2023-06-09",3011.46975430234
"747","eddyflux","i10","36","2023-06-20",2900.81303728661
"748","eddyflux","i10","36","2023-07-06",-6383.82106512749
"749","eddyflux","i10","36","2023-07-17",-2617.69263223523
"750","eddyflux","i10","36","2023-08-15",11054.6187232795
"751","eddyflux","i10","36","2023-08-30",13649.6503417645
"752","eddyflux","i10","36","2023-09-12",17169.7534967922
"753","eddyflux","i10","36","2023-10-02",12476.367144199
"754","eddyflux","i10","36","2024-05-29",20424.8965389879
"755","eddyflux","i10","36","2024-06-10",49947.6787089803
"756","eddyflux","i10","36","2024-06-27",13836.8553071565
"757","eddyflux","i10","36","2024-07-16",63706.2555147474
"758","eddyflux","i10","36","2024-07-29",43582.4358367346
"759","eddyflux","i10","36","2024-10-07",22622.3192582252
"760","eddyflux","i10","36","2024-10-28",18701.9455242214
"761","eddyflux","i10","37","2022-05-16",38069.1651724206
"762","eddyflux","i10","37","2022-06-08",37087.3882265677
"763","eddyflux","i10","37","2022-06-16",30475.9915306704
"764","eddyflux","i10","37","2022-06-28",50035.7629081595
"765","eddyflux","i10","37","2022-07-21",9995.57321904127
"766","eddyflux","i10","37","2022-08-01",16113.0735746546
"767","eddyflux","i10","37","2022-08-31",17221.8578810791
"768","eddyflux","i10","37","2022-09-21",4208.14063270723
"769","eddyflux","i10","37","2022-10-07",3236.84693014964
"770","eddyflux","i10","37","2022-10-21",4848.58168934721
"771","eddyflux","i10","37","2023-05-08",5067.52719451361
"772","eddyflux","i10","37","2023-05-25",10147.9270934898
"773","eddyflux","i10","37","2023-06-09",-5184.90749068394
"774","eddyflux","i10","37","2023-06-20",7213.75773147622
"775","eddyflux","i10","37","2023-07-06",1905.9527380488
"776","eddyflux","i10","37","2023-07-17",1217.76498491196
"777","eddyflux","i10","37","2023-08-15",9646.82787474088
"778","eddyflux","i10","37","2023-08-30",6984.63784069536
"779","eddyflux","i10","37","2023-09-12",6922.29246690312
"780","eddyflux","i10","37","2023-10-02",13883.4095177156
"781","eddyflux","i10","37","2023-10-23",7491.21168085767
"782","eddyflux","i10","37","2024-05-29",21018.5874949261
"783","eddyflux","i10","37","2024-06-10",20185.2096701146
"784","eddyflux","i10","37","2024-06-27",38818.1858069773
"785","eddyflux","i10","37","2024-07-16",49604.9292082471
"786","eddyflux","i10","37","2024-07-29",41301.7651201984
"787","eddyflux","i10","37","2024-09-20",50793.8343865253
"788","eddyflux","i10","37","2024-10-07",-7795.19273822509
"789","eddyflux","i10","37","2024-10-28",24003.2648899836
"790","eddyflux","v08","4","2022-05-16",17849.4581944044
"791","eddyflux","v08","4","2022-06-01",19093.3846504405
"792","eddyflux","v08","4","2022-06-16",22234.9332908097
"793","eddyflux","v08","4","2022-07-14",14622.8338130827
"794","eddyflux","v08","4","2022-08-03",14111.9159122427
"795","eddyflux","v08","4","2022-09-19",4134.43384378876
"796","eddyflux","v08","4","2022-10-21",1701.16426293233
"797","eddyflux","v08","4","2023-05-08",3196.85706644537
"798","eddyflux","v08","4","2023-06-09",8196.89304328014
"799","eddyflux","v08","4","2023-06-19",13599.8651048202
"800","eddyflux","v08","4","2023-07-05",18867.6077790507
"801","eddyflux","v08","4","2023-07-17",5093.75868930789
"802","eddyflux","v08","4","2023-08-04",8274.77326221871
"803","eddyflux","v08","4","2023-08-15",5011.81912782502
"804","eddyflux","v08","4","2023-08-30",16080.9725492523
"805","eddyflux","v08","4","2023-09-12",2600.37849429947
"806","eddyflux","i10","4","2023-10-23",5224.54697193328
"807","eddyflux","v08","4","2024-05-29",29598.5559998244
"808","eddyflux","v08","4","2024-06-10",40656.0601846162
"809","eddyflux","v08","4","2024-06-27",49384.8403877165
"810","eddyflux","v08","4","2024-07-16",67740.4582093655
"811","eddyflux","v08","4","2024-08-19",50620.7840416403
"812","eddyflux","v08","4","2024-10-07",4513.16521291526
"813","eddyflux","v08","4","2024-10-28",37765.6111567258
"814","eddyflux","i10","40","2022-05-16",60869.3906653774
"815","eddyflux","i10","40","2022-06-08",19430.4858861167
"816","eddyflux","i10","40","2022-06-16",8879.68301767098
"817","eddyflux","i10","40","2022-06-28",37096.3729605667
"818","eddyflux","i10","40","2022-07-21",10415.9658396912
"819","eddyflux","i10","40","2022-08-01",13418.6384835273
"820","eddyflux","i10","40","2022-08-31",10078.0435105648
"821","eddyflux","i10","40","2022-09-21",4675.81027227435
"822","eddyflux","i10","40","2022-10-07",3026.37636132794
"823","eddyflux","i10","40","2022-10-21",4646.66529789701
"824","eddyflux","i10","40","2023-05-08",7257.77381875275
"825","eddyflux","i10","40","2023-05-25",5299.60246391688
"826","eddyflux","i10","40","2023-06-09",4003.87392922927
"827","eddyflux","i10","40","2023-06-20",4919.4429317707
"828","eddyflux","i10","40","2023-07-06",-1385.30905409926
"829","eddyflux","i10","40","2023-07-17",17354.334209518
"830","eddyflux","i10","40","2023-08-15",11948.8880405908
"831","eddyflux","i10","40","2023-08-30",4995.24496676403
"832","eddyflux","i10","40","2023-09-12",4603.94798044909
"833","eddyflux","i10","40","2023-10-02",10476.6751209972
"834","eddyflux","i10","40","2023-10-23",3891.94478149575
"835","eddyflux","i10","40","2024-05-29",20788.3116166051
"836","eddyflux","i10","40","2024-06-10",25677.0021468878
"837","eddyflux","i10","40","2024-06-27",61180.5652821585
"838","eddyflux","i10","40","2024-07-16",69395.4303037455
"839","eddyflux","i10","40","2024-07-29",55935.9739332336
"840","eddyflux","i10","40","2024-09-20",29242.0004039366
"841","eddyflux","i10","40","2024-10-07",21104.1083932682
"842","eddyflux","i10","40","2024-10-28",7084.41916726845
"843","eddyflux","i10","45","2022-05-16",20481.5708866816
"844","eddyflux","i10","45","2022-06-08",1375.06309704788
"845","eddyflux","i10","45","2022-06-16",15354.5196569207
"846","eddyflux","i10","45","2022-06-28",29564.1338006529
"847","eddyflux","i10","45","2022-07-21",9964.94637343226
"848","eddyflux","i10","45","2022-08-01",9202.14517513018
"849","eddyflux","i10","45","2022-08-31",9609.99445775591
"850","eddyflux","i10","45","2022-09-21",4946.44127064137
"851","eddyflux","i10","45","2022-10-07",-711.736512235064
"852","eddyflux","i10","45","2022-10-21",1636.5660884211
"853","eddyflux","i10","45","2023-05-08",20410.1945318983
"854","eddyflux","i10","45","2023-05-25",4334.68876697969
"855","eddyflux","i10","45","2023-06-09",5023.68740519458
"856","eddyflux","i10","45","2023-06-20",8541.92251236182
"857","eddyflux","i10","45","2023-07-06",5550.76018388032
"858","eddyflux","i10","45","2023-07-17",3371.92105007852
"859","eddyflux","i10","45","2023-08-15",6856.9788575902
"860","eddyflux","i10","45","2023-08-30",4958.54357708276
"861","eddyflux","i10","45","2023-09-12",4435.44527160809
"862","eddyflux","i10","45","2023-10-02",8719.33383077363
"863","eddyflux","i10","45","2023-10-23",4904.55727919677
"864","eddyflux","i10","45","2024-05-29",22801.823818612
"865","eddyflux","i10","45","2024-06-10",49352.7697139363
"866","eddyflux","i10","45","2024-06-27",69533.9839254294
"867","eddyflux","i10","45","2024-07-16",62794.7850231044
"868","eddyflux","i10","45","2024-07-29",57678.2146435211
"869","eddyflux","i10","45","2024-09-20",8172.72327919594
"870","eddyflux","i10","45","2024-10-07",-5971.96215156287
"871","eddyflux","i10","45","2024-10-28",12154.7366302404
"872","eddyflux","i10","46","2022-05-16",40579.9452158063
"873","eddyflux","i10","46","2022-06-08",22188.4223065259
"874","eddyflux","i10","46","2022-06-16",11120.1945181935
"875","eddyflux","i10","46","2022-06-28",23609.0460894389
"876","eddyflux","i10","46","2022-07-21",11400.1129350604
"877","eddyflux","i10","46","2022-08-01",9941.33268167857
"878","eddyflux","i10","46","2022-08-31",12452.7913634426
"879","eddyflux","i10","46","2022-09-21",861.35895388428
"880","eddyflux","i10","46","2022-10-07",3072.68885823525
"881","eddyflux","i10","46","2023-05-08",15367.8366731018
"882","eddyflux","i10","46","2023-05-25",9963.95547923814
"883","eddyflux","i10","46","2023-06-09",927.907779781329
"884","eddyflux","i10","46","2023-06-20",3433.61583530087
"885","eddyflux","i10","46","2023-07-06",7606.64613577729
"886","eddyflux","i10","46","2023-07-17",4241.59027509089
"887","eddyflux","i10","46","2023-08-15",5783.20905717328
"888","eddyflux","i10","46","2023-08-30",3204.83420956245
"889","eddyflux","i10","46","2023-10-02",15081.957847014
"890","eddyflux","i10","46","2023-10-23",5014.82392281084
"891","eddyflux","i10","46","2024-05-29",16296.8347096912
"892","eddyflux","i10","46","2024-06-10",37116.4901074761
"893","eddyflux","i10","46","2024-06-27",47202.347410508
"894","eddyflux","i10","46","2024-07-16",44584.3880650894
"895","eddyflux","i10","46","2024-07-29",50448.9385853194
"896","eddyflux","i10","46","2024-09-20",18348.9393879794
"897","eddyflux","i10","46","2024-10-07",17681.1582842233
"898","eddyflux","i10","46","2024-10-28",21310.6062327344
"899","eddyflux","v08","5","2022-05-16",8686.09952350757
"900","eddyflux","v08","5","2022-06-01",20570.4961839599
"901","eddyflux","v08","5","2022-06-16",15030.5767440402
"902","eddyflux","v08","5","2022-06-28",30161.516054211
"903","eddyflux","v08","5","2022-07-14",40883.5027358961
"904","eddyflux","v08","5","2022-08-03",27112.482783384
"905","eddyflux","v08","5","2022-09-19",8995.48799227393
"906","eddyflux","v08","5","2022-10-03",8798.46674805933
"907","eddyflux","v08","5","2022-10-21",2390.78767447028
"908","eddyflux","v08","5","2023-05-08",1034.53854273972
"909","eddyflux","v08","5","2023-05-24",2831.7346841145
"910","eddyflux","v08","5","2023-06-09",8164.30703544333
"911","eddyflux","v08","5","2023-06-19",7388.3149551956
"912","eddyflux","v08","5","2023-07-05",6666.8051429861
"913","eddyflux","v08","5","2023-07-17",4124.85859267126
"914","eddyflux","v08","5","2023-08-04",5423.54732197843
"915","eddyflux","v08","5","2023-08-15",1124.76720841562
"916","eddyflux","v08","5","2023-09-12",-3142.95641245224
"917","eddyflux","v08","5","2023-10-09",3745.79958177573
"918","eddyflux","i10","5","2023-10-23",573.573193140636
"919","eddyflux","v08","5","2024-05-29",24850.680680841
"920","eddyflux","v08","5","2024-06-10",42858.509890774
"921","eddyflux","v08","5","2024-06-27",53531.8080744878
"922","eddyflux","v08","5","2024-07-16",43044.9225237856
"923","eddyflux","v08","5","2024-08-19",72240.0197479374
"924","eddyflux","v08","5","2024-09-06",40472.1410056145
"925","eddyflux","v08","5","2024-10-07",6038.19090571235
"926","eddyflux","v08","5","2024-10-28",6672.60134981739
"927","eddyflux","i02","504","2023-04-13",10111.4565893065
"928","eddyflux","i02","506","2023-04-13",23464.2444623109
"929","eddyflux","i02","509","2023-04-13",9472.30640707302
"930","eddyflux","i10","51","2022-05-16",33166.0287992724
"931","eddyflux","i10","51","2022-06-08",16225.3267915564
"932","eddyflux","i10","51","2022-06-28",7123.20747487336
"933","eddyflux","i10","51","2022-07-21",7758.87382710192
"934","eddyflux","i10","51","2022-08-01",6642.36335792567
"935","eddyflux","i10","51","2022-08-31",6444.98047688672
"936","eddyflux","i10","51","2022-09-21",5784.64205264158
"937","eddyflux","i10","51","2022-10-07",2791.22712105951
"938","eddyflux","i10","51","2022-10-21",724.194365922346
"939","eddyflux","i10","51","2023-05-08",26167.4155736827
"940","eddyflux","i10","51","2023-05-25",-152.941336100761
"941","eddyflux","i10","51","2023-06-09",1514.6534528651
"942","eddyflux","i10","51","2023-06-20",2152.60423639459
"943","eddyflux","i10","51","2023-07-06",6326.88751126905
"944","eddyflux","i10","51","2023-07-17",3690.1040265018
"945","eddyflux","i10","51","2023-08-15",7431.78632546674
"946","eddyflux","i10","51","2023-08-30",1780.4634497568
"947","eddyflux","i10","51","2023-09-12",5881.44750931377
"948","eddyflux","i10","51","2023-10-02",9946.59642121159
"949","eddyflux","i10","51","2023-10-23",-481.356442517586
"950","eddyflux","i10","51","2024-05-29",21453.9185622272
"951","eddyflux","i10","51","2024-06-10",42309.3950780353
"952","eddyflux","i10","51","2024-06-27",43227.8218816204
"953","eddyflux","i10","51","2024-07-16",47376.4701608569
"954","eddyflux","i10","51","2024-07-29",57942.1061865581
"955","eddyflux","i10","51","2024-09-20",5325.04377303821
"956","eddyflux","i10","51","2024-10-07",3934.30917878233
"957","eddyflux","i10","51","2024-10-28",2731.43010765189
"958","eddyflux","i10","52","2022-05-16",46590.8479974539
"959","eddyflux","i10","52","2022-06-08",22143.573261405
"960","eddyflux","i10","52","2022-06-16",11214.5339910001
"961","eddyflux","i10","52","2022-06-28",17089.3732599923
"962","eddyflux","i10","52","2022-07-21",12886.5442871363
"963","eddyflux","i10","52","2022-08-01",6294.97554817094
"964","eddyflux","i10","52","2022-08-31",13018.0031631015
"965","eddyflux","i10","52","2022-09-21",2200.65214774529
"966","eddyflux","i10","52","2022-10-07",-267.643712764927
"967","eddyflux","i10","52","2022-10-21",1556.99175862952
"968","eddyflux","i10","52","2023-05-08",11347.859037094
"969","eddyflux","i10","52","2023-05-25",8176.59826484772
"970","eddyflux","i10","52","2023-06-09",7615.85923411957
"971","eddyflux","i10","52","2023-06-20",5434.07172075175
"972","eddyflux","i10","52","2023-07-06",1342.71747645023
"973","eddyflux","i10","52","2023-07-17",23491.2165436324
"974","eddyflux","i10","52","2023-08-15",14388.6989521394
"975","eddyflux","i10","52","2023-08-30",1638.17504123011
"976","eddyflux","i10","52","2023-09-12",3091.31544042873
"977","eddyflux","i10","52","2023-10-02",14753.7326028733
"978","eddyflux","i10","52","2023-10-23",-107.677978774728
"979","eddyflux","i10","52","2024-05-29",32594.9559233813
"980","eddyflux","i10","52","2024-06-10",37026.8367875859
"981","eddyflux","i10","52","2024-06-27",58510.3488132706
"982","eddyflux","i10","52","2024-07-16",35693.56413521
"983","eddyflux","i10","52","2024-07-29",51987.7471694429
"984","eddyflux","i10","52","2024-09-20",29358.7483510188
"985","eddyflux","i10","52","2024-10-07",24605.6386529055
"986","eddyflux","i10","52","2024-10-28",87917.3236236422
"987","eddyflux","i10","57","2022-05-16",50444.8572943762
"988","eddyflux","i10","57","2022-06-08",16857.8087915354
"989","eddyflux","i10","57","2022-06-16",13188.4614834886
"990","eddyflux","i10","57","2022-06-28",35111.9236739891
"991","eddyflux","i10","57","2022-07-21",16381.4987201771
"992","eddyflux","i10","57","2022-08-01",11898.5211323325
"993","eddyflux","i10","57","2022-08-31",7637.72226141272
"994","eddyflux","i10","57","2022-09-21",2322.81605785006
"995","eddyflux","i10","57","2022-10-07",13.90356949423
"996","eddyflux","i10","57","2022-10-21",568.224588669432
"997","eddyflux","i10","57","2023-05-08",2522.51324832431
"998","eddyflux","i10","57","2023-05-25",1835.64365130656
"999","eddyflux","i10","57","2023-06-09",2237.2587184413
"1000","eddyflux","i10","57","2023-06-20",7118.35412701916
"1001","eddyflux","i10","57","2023-07-06",1243.93434246043
"1002","eddyflux","i10","57","2023-07-17",-174.823204886492
"1003","eddyflux","i10","57","2023-08-15",11032.2790794196
"1004","eddyflux","i10","57","2023-08-30",2574.57476110831
"1005","eddyflux","i10","57","2023-09-12",5161.19670488282
"1006","eddyflux","i10","57","2023-10-02",9335.22834301936
"1007","eddyflux","i10","57","2023-10-23",-1382.83969749675
"1008","eddyflux","i10","57","2024-05-29",28848.1919868187
"1009","eddyflux","i10","57","2024-06-10",27089.2600151783
"1010","eddyflux","i10","57","2024-06-27",63782.621531711
"1011","eddyflux","i10","57","2024-07-16",56206.7893405372
"1012","eddyflux","i10","57","2024-07-29",65874.5299736263
"1013","eddyflux","i10","57","2024-09-20",15664.2873561436
"1014","eddyflux","i10","57","2024-10-07",7978.42171366254
"1015","eddyflux","i10","57","2024-10-28",12083.6618056839
"1016","eddyflux","i10","60","2022-05-16",56544.0507053647
"1017","eddyflux","i10","60","2022-06-08",12837.4335762838
"1018","eddyflux","i10","60","2022-06-16",9932.5000930985
"1019","eddyflux","i10","60","2022-06-28",22415.6346766524
"1020","eddyflux","i10","60","2022-07-21",11969.6430372753
"1021","eddyflux","i10","60","2022-08-01",17290.4834932397
"1022","eddyflux","i10","60","2022-08-31",7578.79875172903
"1023","eddyflux","i10","60","2022-10-21",-780.530392592453
"1024","eddyflux","i10","60","2023-05-08",497.772748209109
"1025","eddyflux","i10","60","2023-05-25",5742.28019910294
"1026","eddyflux","i10","60","2023-06-20",2127.02278325196
"1027","eddyflux","i10","60","2023-07-06",-1583.20418865045
"1028","eddyflux","i10","60","2023-07-17",772.386938509445
"1029","eddyflux","i10","60","2023-08-15",9998.78241294332
"1030","eddyflux","i10","60","2023-08-30",2530.67569509985
"1031","eddyflux","i10","60","2023-09-12",4864.49577421136
"1032","eddyflux","i10","60","2023-10-02",-1971.95508709094
"1033","eddyflux","i10","60","2023-10-23",1055.24419199077
"1034","eddyflux","i10","60","2024-05-29",21810.9013489124
"1035","eddyflux","i10","60","2024-06-10",37095.6012530435
"1036","eddyflux","i10","60","2024-06-27",56294.3575960904
"1037","eddyflux","i10","60","2024-07-16",99915.0228784854
"1038","eddyflux","i10","60","2024-07-29",78782.6486693086
"1039","eddyflux","i10","60","2024-09-20",41291.782964835
"1040","eddyflux","i10","60","2024-10-07",32879.5858757901
"1041","eddyflux","i10","60","2024-10-28",28801.7298236312
"1042","eddyflux","i02","603","2023-04-13",19956.3411685747
"1043","eddyflux","i02","606","2023-04-13",3369.80440296329
"1044","eddyflux","i02","607","2023-04-13",17172.5882759457
"1045","eddyflux","i10","61","2022-05-16",48036.4990566958
"1046","eddyflux","i10","61","2022-06-08",25644.6456662884
"1047","eddyflux","i10","61","2022-06-16",16205.4515443715
"1048","eddyflux","i10","61","2022-06-28",29763.4062206816
"1049","eddyflux","i10","61","2022-07-21",11721.8673359547
"1050","eddyflux","i10","61","2022-08-01",14257.1386079283
"1051","eddyflux","i10","61","2022-08-31",9237.96718882815
"1052","eddyflux","i10","61","2022-09-21",4980.65288828767
"1053","eddyflux","i10","61","2022-10-07",2527.99530965078
"1054","eddyflux","i10","61","2022-10-21",1144.63103783444
"1055","eddyflux","i10","61","2023-05-08",11310.0680742779
"1056","eddyflux","i10","61","2023-05-25",5225.4790255208
"1057","eddyflux","i10","61","2023-06-09",192.47212930748
"1058","eddyflux","i10","61","2023-06-20",3145.48542790388
"1059","eddyflux","i10","61","2023-07-06",2607.08050072796
"1060","eddyflux","i10","61","2023-07-17",16554.5588113984
"1061","eddyflux","i10","61","2023-08-15",13867.8319808843
"1062","eddyflux","i10","61","2023-08-30",3956.58544390417
"1063","eddyflux","i10","61","2023-09-12",6268.59326624763
"1064","eddyflux","i10","61","2023-10-02",11787.258677592
"1065","eddyflux","i10","61","2023-10-23",2268.72137870521
"1066","eddyflux","i10","61","2024-05-29",10544.3811180533
"1067","eddyflux","i10","61","2024-06-10",29644.5805615385
"1068","eddyflux","i10","61","2024-06-27",55458.8382080002
"1069","eddyflux","i10","61","2024-07-16",68838.4742248973
"1070","eddyflux","i10","61","2024-07-29",44312.5519718088
"1071","eddyflux","i10","61","2024-09-20",39203.5319798933
"1072","eddyflux","i10","61","2024-10-07",21544.8890949921
"1073","eddyflux","i10","61","2024-10-28",54902.0099434071
"1074","eddyflux","i10","64","2022-05-16",16900.2723588791
"1075","eddyflux","i10","64","2022-06-08",21001.7732396502
"1076","eddyflux","i10","64","2022-06-16",13787.9048328034
"1077","eddyflux","i10","64","2022-06-28",34875.7804718181
"1078","eddyflux","i10","64","2022-07-21",9334.21914302706
"1079","eddyflux","i10","64","2022-08-01",6805.32696351521
"1080","eddyflux","i10","64","2022-08-31",7118.35412701904
"1081","eddyflux","i10","64","2022-09-21",10499.2644601357
"1082","eddyflux","i10","64","2022-10-07",5283.38532286709
"1083","eddyflux","i10","64","2022-10-21",3057.49668230639
"1084","eddyflux","i10","64","2023-05-08",5143.65173149417
"1085","eddyflux","i10","64","2023-05-25",6279.37526300149
"1086","eddyflux","i10","64","2023-06-09",3508.17242692843
"1087","eddyflux","i10","64","2023-06-20",6365.21730448015
"1088","eddyflux","i10","64","2023-07-06",10088.1687545675
"1089","eddyflux","i10","64","2023-07-17",1917.21351115039
"1090","eddyflux","i10","64","2023-08-15",6000.82125658806
"1091","eddyflux","i10","64","2023-08-30",5463.92203676892
"1092","eddyflux","i10","64","2023-09-12",3876.55557533289
"1093","eddyflux","i10","64","2023-10-02",-1289.60681038123
"1094","eddyflux","i10","64","2023-10-23",7469.80211649904
"1095","eddyflux","i10","64","2024-05-29",20770.9354932506
"1096","eddyflux","i10","64","2024-06-10",27957.9070543851
"1097","eddyflux","i10","64","2024-06-27",64263.6459485655
"1098","eddyflux","i10","64","2024-07-16",68756.2292059973
"1099","eddyflux","i10","64","2024-07-29",49011.5648974456
"1100","eddyflux","i10","64","2024-09-20",23591.9732185282
"1101","eddyflux","i10","64","2024-10-07",18687.7610527105
"1102","eddyflux","i10","64","2024-10-28",22759.9583042091
"1103","eddyflux","i02","706","2023-04-13",9137.94568878742
"1104","eddyflux","i02","707","2023-04-13",4023.81131182399
"1105","eddyflux","i02","708","2023-04-13",1778.26499909642
"1106","eddyflux","v08","8","2022-05-16",2892.52073285072
"1107","eddyflux","v08","8","2022-06-01",14381.9417493434
"1108","eddyflux","v08","8","2022-06-16",26144.7356040701
"1109","eddyflux","v08","8","2022-06-28",36874.4167519466
"1110","eddyflux","v08","8","2022-07-14",34629.1445473871
"1111","eddyflux","v08","8","2022-08-03",17684.1445492951
"1112","eddyflux","v08","8","2022-09-19",8059.19750849472
"1113","eddyflux","v08","8","2022-10-03",7048.14828243558
"1114","eddyflux","v08","8","2022-10-21",2261.01458006622
"1115","eddyflux","v08","8","2023-05-08",2526.65642358485
"1116","eddyflux","v08","8","2023-06-09",8676.22981184807
"1117","eddyflux","v08","8","2023-06-19",10957.8855306584
"1118","eddyflux","v08","8","2023-07-05",8901.03163706184
"1119","eddyflux","v08","8","2023-07-17",1196.44598892584
"1120","eddyflux","v08","8","2023-08-04",8639.81850362432
"1121","eddyflux","v08","8","2023-08-15",1754.24306551634
"1122","eddyflux","v08","8","2023-08-30",3857.67080780656
"1123","eddyflux","v08","8","2023-09-12",2580.27247501357
"1124","eddyflux","v08","8","2023-10-09",339.487233286381
"1125","eddyflux","i10","8","2023-10-23",1236.89462994358
"1126","eddyflux","v08","8","2024-05-29",23450.8436437056
"1127","eddyflux","v08","8","2024-06-10",36085.8811912034
"1128","eddyflux","v08","8","2024-06-27",36154.0085915895
"1129","eddyflux","v08","8","2024-07-16",37078.3605575691
"1130","eddyflux","v08","8","2024-08-19",52873.6725370803
"1131","eddyflux","v08","8","2024-10-07",11665.355717654
"1132","eddyflux","v08","8","2024-10-28",9281.43487084013
"1133","eddyflux","i02","805","2023-04-13",29951.4342001094
"1134","eddyflux","i02","809","2023-04-13",6483.52822663254
"1135","eddyflux","i10","w","2024-05-29",-23474.2889255957
"1136","eddyflux","v08","w","2024-05-29",-14648.0025840978
"1137","eddyflux","v08","w","2024-06-10",17915.7528081323
"1138","eddyflux","i10","w","2024-06-27",15735.7021748902
"1139","eddyflux","v08","w","2024-06-27",-34724.5860603825
"1140","eddyflux","i10","w","2024-07-16",-96444.4207045572
"1141","eddyflux","v08","w","2024-09-06",-36332.4390906039
"1142","eddyflux","i10","w","2024-09-20",494.325582654989
"1143","eddyflux","i10","w","2024-10-07",1180.23188255901
"1144","eddyflux","v08","w","2024-10-07",-1434.2092681358
"1145","eddyflux","i10","w","2024-10-28",-4146.5164265093
"1146","eddyflux","v08","w","2024-10-28",1451.1241605196
"1147","eddyfux","i10","36","2024-09-20",20668.814647263
"1148","eddyfux","i10","w","2024-09-20",43443.8631903207
"1149","fert","i02","101","2022-06-07",3763.25452385106
"1150","fert","i02","103","2022-06-07",4745.43353292691
"1151","fert","i02","104","2022-06-07",1804.50943990544
"1152","fert","i02","105","2022-06-07",-3099.46497884886
"1153","fert","i02","106","2022-06-07",6422.60377852634
"1154","fert","i02","107","2022-06-07",1747.85000952824
"1155","fert","i02","109","2022-06-07",3647.82614962862
"1156","fert","i02","112","2022-06-07",6489.87490576742
"1157","fert","i02","201","2022-06-07",6880.19358001847
"1158","fert","i02","202","2022-06-07",4398.76656239473
"1159","fert","i02","203","2022-06-07",3707.34903712894
"1160","fert","i02","204","2022-06-07",6641.06432406218
"1161","fert","i02","206","2022-06-07",4560.57909923786
"1162","fert","i02","207","2022-06-07",4950.26554404806
"1163","fert","i02","208","2022-06-07",4695.53747459964
"1164","fert","i02","210","2022-06-07",-3612.10162950979
"1165","fert","i02","301","2022-06-07",1039.01588063897
"1166","fert","i02","302","2022-06-07",5200.75698859896
"1167","fert","i02","305","2022-06-07",1656.44716466759
"1168","fert","i02","306","2022-06-07",7645.01273994013
"1169","fert","i02","307","2022-06-07",3934.62981905084
"1170","fert","i02","308","2022-06-07",7435.07848318584
"1171","fert","i02","310","2022-06-07",557.611070758365
"1172","fert","i02","311","2022-06-07",2200.3631508964
"1173","fert","i02","312","2022-06-07",-1254.23460637091
"1174","fert","i02","403","2022-06-07",3535.81878604929
"1175","fert","i02","404","2022-06-07",1868.87553389182
"1176","fert","i02","405","2022-06-07",4180.86589154737
"1177","fert","i02","406","2022-06-07",-557.013583124634
"1178","fert","i02","409","2022-06-07",-1627.01209911057
"1179","fert","i02","410","2022-06-07",3647.53637616512
"1180","fert","i02","411","2022-06-07",2781.86764764491
"1181","fert","i02","412","2022-06-07",7190.67466400398
"1182","ncas","i02","2101","2022-07-01",-1051.56564308523
"1183","ncas","i02","2101","2023-04-14",7793.20217019593
"1184","ncas","i02","2101","2023-04-26",-1469.87261029767
"1185","ncas","i02","2101","2023-05-09",1770.93955953525
"1186","ncas","i02","2101","2023-05-22",5175.64374742042
"1187","ncas","i02","2101","2023-06-05",2044.47194705822
"1188","ncas","i02","2101","2023-07-05",8050.65999553045
"1189","ncas","i02","2101","2023-07-20",9906.47695948094
"1190","ncas","i02","2101","2023-08-02",6576.87955909357
"1191","ncas","i02","2101","2023-08-17",3333.41303855077
"1192","ncas","i02","2101","2023-09-27",4841.39495796737
"1193","ncas","i02","2102","2022-07-01",1889.95657431046
"1194","ncas","i02","2102","2023-04-14",-481.785263654594
"1195","ncas","i02","2102","2023-04-26",777.647416727532
"1196","ncas","i02","2102","2023-05-22",4507.98619486463
"1197","ncas","i02","2102","2023-06-05",10959.8042629053
"1198","ncas","i02","2102","2023-07-05",8219.63426957789
"1199","ncas","i02","2102","2023-07-20",6326.13656815154
"1200","ncas","i02","2102","2023-08-02",9203.95645507871
"1201","ncas","i02","2102","2023-08-17",6446.37992425147
"1202","ncas","i02","2102","2023-09-27",11156.2579466208
"1203","ncas","i02","2103","2022-07-01",2952.12540167163
"1204","ncas","i02","2103","2023-04-14",3082.20595328096
"1205","ncas","i02","2103","2023-04-26",2644.01236520624
"1206","ncas","i02","2103","2023-05-09",1492.72121095262
"1207","ncas","i02","2103","2023-05-22",5809.66010647949
"1208","ncas","i02","2103","2023-06-05",1948.63732453984
"1209","ncas","i02","2103","2023-07-05",18067.1237182985
"1210","ncas","i02","2103","2023-07-20",7521.88994270174
"1211","ncas","i02","2103","2023-08-02",12537.2832224466
"1212","ncas","i02","2103","2023-08-17",5030.81535822857
"1213","ncas","i02","2103","2023-09-27",4456.43490278904
"1214","ncas","i02","2103","2024-03-13",2308.9087892367
"1215","ncas","i02","2103","2024-03-19",715.441504027943
"1216","ncas","i02","2103","2024-04-04",1352.40481482296
"1217","ncas","i02","2103","2024-04-09",7720.44713033598
"1218","ncas","i02","2103","2024-04-15",5365.09329305489
"1219","ncas","i02","2103","2024-04-22",3982.00758550998
"1220","ncas","i02","2103","2024-04-25",1368.31385970509
"1221","ncas","i02","2103","2024-05-01",4215.99920779049
"1222","ncas","i02","2103","2024-05-03",12335.9657357079
"1223","ncas","i02","2103","2024-05-06",17692.4442093594
"1224","ncas","i02","2103","2024-05-09",10532.6813477255
"1225","ncas","i02","2103","2024-05-22",5480.00126372397
"1226","ncas","i02","2103","2024-05-23",11232.5436383829
"1227","ncas","i02","2103","2024-05-30",9679.79921670953
"1228","ncas","i02","2103","2024-05-31",7853.27385995036
"1229","ncas","i02","2103","2024-06-04",14846.207402964
"1230","ncas","i02","2103","2024-06-06",2461.53440805293
"1231","ncas","i02","2103","2024-06-11",6200.69318475894
"1232","ncas","i02","2103","2024-06-13",13276.4334817209
"1233","ncas","i02","2103","2024-06-25",22729.7037389737
"1234","ncas","i02","2103","2024-06-26",21364.7845376327
"1235","ncas","i02","2103","2024-07-01",4424.38787816765
"1236","ncas","i02","2103","2024-07-03",22658.0012035196
"1237","ncas","i02","2103","2024-07-09",11903.9095585521
"1238","ncas","i02","2103","2024-07-11",19494.7490108939
"1239","ncas","i10","2103","2024-07-17",16232.8280497081
"1240","ncas","i02","2103","2024-07-19",18966.7992569728
"1241","ncas","i02","2103","2024-07-25",12700.4528626402
"1242","ncas","i10","2103","2024-07-30",16315.0714406264
"1243","ncas","i02","2103","2024-08-08",10813.5146242359
"1244","ncas","i02","2103","2024-08-14",32427.9838201186
"1245","ncas","i02","2103","2024-08-20",26711.5845411957
"1246","ncas","i02","2103","2024-08-30",10583.9771143265
"1247","ncas","i02","2103","2024-09-12",36284.5205372647
"1248","ncas","i02","2103","2024-09-24",1960.55218370419
"1249","ncas","i02","2103","2024-10-08",7275.50732527701
"1250","ncas","i02","2103","2024-11-04",2674.76167316542
"1251","ncas","i02","2104","2022-07-01",5460.30415352863
"1252","ncas","i02","2104","2023-04-14",5221.51056014794
"1253","ncas","i02","2104","2023-04-26",3632.94303934763
"1254","ncas","i02","2104","2023-05-09",376.542287447499
"1255","ncas","i02","2104","2023-05-22",3551.78552166721
"1256","ncas","i02","2104","2023-06-05",-2839.89931396066
"1257","ncas","i02","2104","2023-07-05",7025.73613651885
"1258","ncas","i02","2104","2023-07-20",5324.10860065125
"1259","ncas","i02","2104","2023-08-02",3894.67191993386
"1260","ncas","i02","2104","2023-08-17",4007.79984430695
"1261","ncas","i02","2104","2023-09-27",13492.7572524226
"1262","ncas","i02","2104B","2022-07-01",3268.41241084571
"1263","ncas","i02","2105","2023-04-14",3893.79798973876
"1264","ncas","i02","2105","2023-04-26",3930.41394651894
"1265","ncas","i02","2105","2023-05-09",380.828670754688
"1266","ncas","i02","2105","2023-05-22",5583.22569252982
"1267","ncas","i02","2105","2023-06-05",2338.36478944786
"1268","ncas","i02","2105","2023-07-04",11355.4002240052
"1269","ncas","i02","2105","2023-07-20",6530.93234134702
"1270","ncas","i02","2105","2023-08-02",6141.49901433934
"1271","ncas","i02","2105","2023-08-17",6853.95549217395
"1272","ncas","i02","2105","2023-09-27",6377.52478614588
"1273","ncas","i02","2105","2024-03-13",871.192084449121
"1274","ncas","i02","2105","2024-03-19",2068.63472706371
"1275","ncas","i02","2105","2024-04-04",-1880.43303860935
"1276","ncas","i02","2105","2024-04-09",13197.6778787358
"1277","ncas","i02","2105","2024-04-15",18234.1978713363
"1278","ncas","i02","2105","2024-04-22",18567.499980915
"1279","ncas","i02","2105","2024-04-25",12852.1154390384
"1280","ncas","i02","2105","2024-05-01",13513.537848597
"1281","ncas","i02","2105","2024-05-03",7832.21274171719
"1282","ncas","i02","2105","2024-05-06",23274.5730709601
"1283","ncas","i02","2105","2024-05-09",22675.4321999713
"1284","ncas","i02","2105","2024-05-22",7399.018777581
"1285","ncas","i02","2105","2024-05-23",33239.2467926859
"1286","ncas","i02","2105","2024-05-30",37102.3679652409
"1287","ncas","i02","2105","2024-05-31",23098.8308324922
"1288","ncas","i02","2105","2024-06-04",36127.2540384232
"1289","ncas","i02","2105","2024-06-06",14761.7533430768
"1290","ncas","i02","2105","2024-06-11",25938.5407222972
"1291","ncas","i02","2105","2024-06-13",29971.3781601001
"1292","ncas","i02","2105","2024-06-25",79111.7974511079
"1293","ncas","i02","2105","2024-06-26",56563.0572539945
"1294","ncas","i02","2105","2024-07-01",21220.5360879859
"1295","ncas","i02","2105","2024-07-03",101961.005415839
"1296","ncas","i02","2105","2024-07-09",58881.368673266
"1297","ncas","i02","2105","2024-07-11",150122.060203597
"1298","ncas","i10","2105","2024-07-17",59442.0015392945
"1299","ncas","i02","2105","2024-07-19",45951.3027225903
"1300","ncas","i02","2105","2024-07-25",39458.9295823682
"1301","ncas","i10","2105","2024-07-30",48952.2782700828
"1302","ncas","i02","2105","2024-08-08",23596.2664928213
"1303","ncas","i02","2105","2024-08-14",31812.0248965028
"1304","ncas","i02","2105","2024-08-20",40498.2966709496
"1305","ncas","i02","2105","2024-08-30",30713.5668111925
"1306","ncas","i02","2105","2024-09-12",46104.3441273267
"1307","ncas","i02","2105","2024-09-24",20900.9748506733
"1308","ncas","i02","2105","2024-10-08",15410.2630474116
"1309","ncas","i02","2105","2024-11-04",10800.9633243972
"1310","ncas","i02","2106","2022-07-01",8763.34793383411
"1311","ncas","i02","2106","2023-04-14",1378.11193879641
"1312","ncas","i02","2106","2023-04-26",3564.59974736289
"1313","ncas","i02","2106","2023-05-22",2880.14468470906
"1314","ncas","i02","2106","2023-06-05",3060.31894575283
"1315","ncas","i02","2106","2023-07-04",9825.52051902881
"1316","ncas","i02","2106","2023-07-20",2714.31260358576
"1317","ncas","i02","2106","2023-08-02",7381.05737858717
"1318","ncas","i02","2106","2023-08-17",2996.43250269168
"1319","ncas","i02","2106","2023-09-27",8383.69980165541
"1320","ncas","i02","2106","2024-05-01",40122.8821546304
"1321","ncas","i02","2106","2024-05-22",16492.116511804
"1322","ncas","i02","2106","2024-06-06",27765.0378721675
"1323","ncas","i02","2106","2024-07-03",32361.744334985
"1324","ncas","i10","2106","2024-07-17",46329.3513672306
"1325","ncas","i02","2106","2024-08-08",24861.6849766361
"1326","ncas","i02","2106","2024-08-14",28668.8704104634
"1327","ncas","i02","2106","2024-08-20",29137.8617647071
"1328","ncas","i02","2106","2024-08-30",38666.7994196698
"1329","ncas","i02","2106","2024-09-24",22617.7112074074
"1330","ncas","i02","2106","2024-10-08",28376.8098375702
"1331","ncas","i02","2106","2024-11-04",24883.8469382006
"1332","ncas","i02","2107","2022-07-01",5505.24859177216
"1333","ncas","i02","2107","2023-04-14",4493.55930754473
"1334","ncas","i02","2107","2023-04-26",105.497406235016
"1335","ncas","i02","2107","2023-05-09",3039.23417725492
"1336","ncas","i02","2107","2023-05-22",3894.67191993379
"1337","ncas","i02","2107","2023-06-05",1763.35705433765
"1338","ncas","i02","2107","2023-07-04",4949.65973163108
"1339","ncas","i02","2107","2023-07-20",1588.37552357963
"1340","ncas","i02","2107","2023-08-02",4373.23430795001
"1341","ncas","i02","2107","2023-08-17",6871.8967459171
"1342","ncas","i02","2107","2023-09-27",5828.46636084848
"1343","ncas","i02","2109","2022-07-01",2232.89304314998
"1344","ncas","i02","2109","2023-04-14",5568.06891879961
"1345","ncas","i02","2109","2023-04-26",2553.16098766311
"1346","ncas","i02","2109","2023-05-09",2682.99942529261
"1347","ncas","i02","2109","2023-05-22",2506.06962801331
"1348","ncas","i02","2109","2023-06-05",1178.38248077001
"1349","ncas","i02","2109","2023-07-04",7322.40269697028
"1350","ncas","i02","2109","2023-07-20",8237.31085124865
"1351","ncas","i02","2109","2023-08-02",4040.69306635806
"1352","ncas","i02","2109","2023-08-16",12565.4805250444
"1353","ncas","i02","2109","2023-09-27",11186.2935922056
"1354","ncas","i02","2112","2022-07-01",3863.08263901508
"1355","ncas","i02","2112","2023-04-14",7389.19909654024
"1356","ncas","i02","2112","2023-04-26",7053.8814349185
"1357","ncas","i02","2112","2023-05-09",6024.67659916017
"1358","ncas","i02","2112","2023-05-22",4338.87722523895
"1359","ncas","i02","2112","2023-06-05",5239.64500553386
"1360","ncas","i02","2112","2023-07-04",6547.82448555418
"1361","ncas","i02","2112","2023-07-20",8857.61445625513
"1362","ncas","i02","2112","2023-08-02",3220.78135155994
"1363","ncas","i02","2112","2023-08-16",12012.0785330087
"1364","ncas","i02","2112","2023-09-27",6143.98701087062
"1365","ncas","i02","2112","2024-03-13",14638.1206565346
"1366","ncas","i02","2201","2022-07-01",5424.84625118714
"1367","ncas","i02","2201","2023-04-14",12254.7399645801
"1368","ncas","i02","2201","2023-04-25",2340.71400353394
"1369","ncas","i02","2201","2023-05-09",5185.53839434183
"1370","ncas","i02","2201","2023-05-22",8586.29413797288
"1371","ncas","i02","2201","2023-06-05",3947.41353791148
"1372","ncas","i02","2201","2023-07-04",10237.9327200783
"1373","ncas","i02","2201","2023-07-20",7724.25797137945
"1374","ncas","i02","2201","2023-08-02",11182.8261386194
"1375","ncas","i02","2201","2023-08-16",13693.9384966914
"1376","ncas","i02","2201","2023-09-14",3992.0670343078
"1377","ncas","i02","2201","2023-09-27",7095.52426538082
"1378","ncas","i02","2202","2023-04-14",1673.46745064382
"1379","ncas","i02","2202","2023-04-25",3249.7143735745
"1380","ncas","i02","2202","2023-05-09",7672.04910674295
"1381","ncas","i02","2202","2023-05-22",9602.84913667663
"1382","ncas","i02","2202","2023-06-05",3050.65116859009
"1383","ncas","i02","2202","2023-07-04",10355.4225494838
"1384","ncas","i02","2202","2023-07-20",7111.49798464264
"1385","ncas","i02","2202","2023-08-02",4379.50783651168
"1386","ncas","i02","2202","2023-08-17",2797.17127818153
"1387","ncas","i02","2202","2023-09-14",797.197522314299
"1388","ncas","i02","2202","2023-09-27",10960.0508742044
"1389","ncas","i02","2202c","2022-07-01",7132.83705968406
"1390","ncas","i02","2203","2022-07-01",1719.84514694182
"1391","ncas","i02","2203","2023-04-14",-744.572327122303
"1392","ncas","i02","2203","2023-04-25",4819.68651908586
"1393","ncas","i02","2203","2023-05-22",614.837979037252
"1394","ncas","i02","2203","2023-06-05",-403.762654666393
"1395","ncas","i02","2203","2023-07-04",-72.7712782502281
"1396","ncas","i02","2203","2023-07-20",3106.47387144197
"1397","ncas","i02","2203","2023-08-02",8935.2887941504
"1398","ncas","i02","2203","2023-08-17",1969.28568730474
"1399","ncas","i02","2203","2023-09-14",2253.2350364405
"1400","ncas","i02","2203","2023-09-27",5089.34924987145
"1401","ncas","i02","2203","2024-03-13",1901.09448377783
"1402","ncas","i02","2203","2024-04-04",-2050.20262044715
"1403","ncas","i02","2203","2024-04-09",6366.91243113788
"1404","ncas","i02","2203","2024-04-15",1306.46740400834
"1405","ncas","i02","2203","2024-04-22",2098.84646107421
"1406","ncas","i02","2203","2024-04-25",898.861323663261
"1407","ncas","i02","2203","2024-05-01",-306.79232700308
"1408","ncas","i02","2203","2024-05-06",2141.03363107312
"1409","ncas","i02","2203","2024-05-23",5132.87811353822
"1410","ncas","i02","2203","2024-05-30",3508.94233992596
"1411","ncas","i02","2203","2024-05-31",3699.82857262691
"1412","ncas","i02","2203","2024-06-04",7772.07766348714
"1413","ncas","i02","2203","2024-06-11",18110.3248011269
"1414","ncas","i02","2203","2024-06-13",3976.57804558517
"1415","ncas","i02","2203","2024-06-25",19981.1065465637
"1416","ncas","i02","2203","2024-06-26",7579.88306387821
"1417","ncas","i02","2203","2024-07-03",34536.7212437616
"1418","ncas","i02","2203","2024-07-09",17644.9696533376
"1419","ncas","i02","2203","2024-07-11",16383.0050293442
"1420","ncas","i10","2203","2024-07-17",37432.8164079266
"1421","ncas","i02","2203","2024-07-19",14583.1020746304
"1422","ncas","i02","2203","2024-07-25",28708.663736874
"1423","ncas","i10","2203","2024-07-30",28380.6596121214
"1424","ncas","i02","2203","2024-08-08",31534.0323573197
"1425","ncas","i02","2203","2024-08-14",28488.3882995354
"1426","ncas","i02","2203","2024-08-20",36669.1129995857
"1427","ncas","i02","2203","2024-08-30",15870.7314940361
"1428","ncas","i02","2203","2024-09-12",18714.6756875831
"1429","ncas","i02","2203","2024-09-24",14438.0024472742
"1430","ncas","i02","2203","2024-10-08",14422.1063532263
"1431","ncas","i02","2203","2024-11-04",9029.5530306636
"1432","ncas","i02","2204","2022-07-01",6113.72917664045
"1433","ncas","i02","2204","2023-04-14",6374.5841339588
"1434","ncas","i02","2204","2023-04-25",2266.18985861259
"1435","ncas","i02","2204","2023-05-09",3261.12516807209
"1436","ncas","i02","2204","2023-05-22",5341.99671270882
"1437","ncas","i02","2204","2023-06-05",2428.44903527231
"1438","ncas","i02","2204","2023-07-04",7912.22261702124
"1439","ncas","i02","2204","2023-07-20",5258.14408542759
"1440","ncas","i02","2204","2023-08-02",3403.4219381843
"1441","ncas","i02","2204","2023-08-16",11273.1616913522
"1442","ncas","i02","2204","2023-09-14",3278.79626113162
"1443","ncas","i02","2204","2023-09-27",7771.28848113151
"1444","ncas","i02","2205","2022-07-01",4224.23894583466
"1445","ncas","i02","2205","2023-04-14",3361.27505842096
"1446","ncas","i02","2205","2023-04-25",2349.70324453282
"1447","ncas","i02","2205","2023-05-09",2252.52975526638
"1448","ncas","i02","2205","2023-05-22",2790.64836117106
"1449","ncas","i02","2205","2023-06-05",-208.928366584871
"1450","ncas","i02","2205","2023-06-21",7934.25661074521
"1451","ncas","i02","2205","2023-07-03",3649.56542159
"1452","ncas","i02","2205","2023-07-19",7446.01445089441
"1453","ncas","i02","2205","2023-08-01",4173.99008563887
"1454","ncas","i02","2205","2023-08-17",3211.52668980536
"1455","ncas","i02","2205","2023-09-13",3444.58741760717
"1456","ncas","i02","2205","2023-09-27",5015.78865611811
"1457","ncas","i02","2205","2024-03-13",13402.7430114392
"1458","ncas","i02","2205","2024-03-19",7186.88168258444
"1459","ncas","i02","2205","2024-04-04",1206.31068866425
"1460","ncas","i02","2205","2024-04-09",16316.9677795105
"1461","ncas","i02","2205","2024-04-15",11917.9511387023
"1462","ncas","i02","2205","2024-04-22",17331.5743384128
"1463","ncas","i02","2205","2024-04-25",16718.4189174875
"1464","ncas","i02","2205","2024-05-01",14413.3428128115
"1465","ncas","i02","2205","2024-05-03",19085.6713990331
"1466","ncas","i02","2205","2024-05-06",18458.7831756897
"1467","ncas","i02","2205","2024-05-09",30512.8877941796
"1468","ncas","i02","2205","2024-05-22",21605.3190407576
"1469","ncas","i02","2205","2024-05-23",38063.4620716791
"1470","ncas","i02","2205","2024-05-30",32644.7569756225
"1471","ncas","i02","2205","2024-05-31",25269.1601094606
"1472","ncas","i02","2205","2024-06-04",48739.1360741452
"1473","ncas","i02","2205","2024-06-06",11387.7283927032
"1474","ncas","i02","2205","2024-06-11",30164.5911452131
"1475","ncas","i02","2205","2024-06-13",22042.1380466615
"1476","ncas","i02","2205","2024-06-25",47347.5742449076
"1477","ncas","i02","2205","2024-06-26",42083.4229643833
"1478","ncas","i02","2205","2024-07-01",37273.4394557361
"1479","ncas","i02","2205","2024-07-03",30541.470276631
"1480","ncas","i02","2205","2024-07-09",33449.5742300182
"1481","ncas","i02","2205","2024-07-11",44756.8097807977
"1482","ncas","i10","2205","2024-07-17",48018.7618289984
"1483","ncas","i02","2205","2024-07-19",28901.7647069767
"1484","ncas","i02","2205","2024-07-25",37325.6495426944
"1485","ncas","i10","2205","2024-07-30",53220.0257898229
"1486","ncas","i02","2205","2024-08-08",17786.677238027
"1487","ncas","i02","2205","2024-08-14",21449.6732368344
"1488","ncas","i02","2205","2024-08-20",45617.2103947569
"1489","ncas","i02","2205","2024-08-30",35017.5510660333
"1490","ncas","i02","2205","2024-09-12",35621.9420479117
"1491","ncas","i02","2205","2024-09-24",23199.5678186715
"1492","ncas","i02","2205","2024-10-08",23228.0622449748
"1493","ncas","i02","2205","2024-11-04",15622.2338628447
"1494","ncas","i02","2206","2022-07-01",2044.40266538863
"1495","ncas","i02","2206","2023-04-14",7914.91387147429
"1496","ncas","i02","2206","2023-04-25",2440.07644624572
"1497","ncas","i02","2206","2023-05-09",6912.24056242921
"1498","ncas","i02","2206","2023-05-22",5145.36941436785
"1499","ncas","i02","2206","2023-06-05",715.863393874218
"1500","ncas","i02","2206","2023-06-21",-32.3136281643927
"1501","ncas","i02","2206","2023-07-03",2783.90795731801
"1502","ncas","i02","2206","2023-07-19",5296.91366049242
"1503","ncas","i02","2206","2023-08-01",7362.3532307056
"1504","ncas","i02","2206","2023-08-17",464.937434365684
"1505","ncas","i02","2206","2023-09-13",21283.8548818969
"1506","ncas","i02","2206","2023-09-27",6674.11355322861
"1507","ncas","i02","2206","2024-03-13",13437.1817350787
"1508","ncas","i02","2207","2022-07-01",7778.06118001101
"1509","ncas","i02","2207","2023-04-14",746.950012982395
"1510","ncas","i02","2207","2023-04-25",7088.29061264977
"1511","ncas","i02","2207","2023-05-09",6784.48514347393
"1512","ncas","i02","2207","2023-05-22",10363.6153498715
"1513","ncas","i02","2207","2023-06-05",7108.00912967059
"1514","ncas","i02","2207","2023-06-21",10210.0786948003
"1515","ncas","i02","2207","2023-07-03",10778.2005458977
"1516","ncas","i02","2207","2023-07-19",11979.4832581301
"1517","ncas","i02","2207","2023-08-01",17520.5952335411
"1518","ncas","i02","2207","2023-08-17",5538.52907816819
"1519","ncas","i02","2207","2023-09-13",4380.40018424022
"1520","ncas","i02","2208","2022-07-01",15156.2899974462
"1521","ncas","i02","2208","2023-04-14",12213.2879315725
"1522","ncas","i02","2208","2023-04-25",3874.25455558461
"1523","ncas","i02","2208","2023-05-09",6333.9791924206
"1524","ncas","i02","2208","2023-05-22",7610.90504340766
"1525","ncas","i02","2208","2023-06-05",5056.18829547234
"1526","ncas","i02","2208","2023-06-21",2253.5330133297
"1527","ncas","i02","2208","2023-07-03",7727.04440864662
"1528","ncas","i02","2208","2023-07-19",10695.5500675581
"1529","ncas","i02","2208","2023-08-01",10523.9051132373
"1530","ncas","i02","2208","2023-08-16",13294.6690321972
"1531","ncas","i02","2208","2023-09-13",2356.12434152316
"1532","ncas","i02","2208","2023-09-27",7266.85360251234
"1533","ncas","i02","2208","2024-05-01",46328.6254865446
"1534","ncas","i02","2208","2024-05-22",26901.7132794425
"1535","ncas","i02","2208","2024-06-06",16168.402829735
"1536","ncas","i02","2208","2024-07-03",33778.0701278966
"1537","ncas","i10","2208","2024-07-17",43348.8284004749
"1538","ncas","i02","2208","2024-08-08",51233.0563669481
"1539","ncas","i02","2208","2024-08-14",11814.0116236575
"1540","ncas","i02","2208","2024-08-20",28838.5065336312
"1541","ncas","i02","2208","2024-08-30",20026.1767117065
"1542","ncas","i02","2208","2024-09-24",29762.5603382182
"1543","ncas","i02","2208","2024-10-08",14729.6991775346
"1544","ncas","i02","2208","2024-11-04",11688.1961603207
"1545","ncas","i02","2210","2022-07-01",3344.43442102318
"1546","ncas","i02","2210","2023-04-14",10516.2699196213
"1547","ncas","i02","2210","2023-04-25",9207.72516403442
"1548","ncas","i02","2210","2023-05-09",4821.0860732119
"1549","ncas","i02","2210","2023-05-22",10488.595401993
"1550","ncas","i02","2210","2023-06-05",1453.55988346209
"1551","ncas","i02","2210","2023-06-21",53.1569776329897
"1552","ncas","i02","2210","2023-07-03",5447.5913724826
"1553","ncas","i02","2210","2023-07-19",6530.14350602047
"1554","ncas","i02","2210","2023-08-01",11273.2361485785
"1555","ncas","i02","2210","2023-08-16",17612.7056113323
"1556","ncas","i02","2210","2023-09-13",3318.4849880608
"1557","ncas","i02","2210","2023-09-27",5633.21553654086
"1558","ncas","i02","2301","2023-04-14",8772.80102884768
"1559","ncas","i02","2301","2023-04-25",8118.88295221132
"1560","ncas","i02","2301","2023-05-09",11356.6648489344
"1561","ncas","i02","2301","2023-05-22",9590.27490688507
"1562","ncas","i02","2301","2023-06-05",4288.73114348106
"1563","ncas","i02","2301","2023-06-21",11559.3640735584
"1564","ncas","i02","2301","2023-07-03",10469.7319331311
"1565","ncas","i02","2301","2023-07-19",5623.04528692762
"1566","ncas","i02","2301","2023-08-01",14743.6508678158
"1567","ncas","i02","2301","2023-08-16",5935.5848121433
"1568","ncas","i02","2301","2023-09-13",3196.85706644547
"1569","ncas","i02","2301","2023-09-27",7015.78218412793
"1570","ncas","i02","2301b","2022-07-01",4332.35182422663
"1571","ncas","i02","2302","2022-07-01",3590.47640342289
"1572","ncas","i02","2302","2023-04-14",4477.28869292533
"1573","ncas","i02","2302","2023-04-25",4066.91848855397
"1574","ncas","i02","2302","2023-05-09",10281.0210902904
"1575","ncas","i02","2302","2023-05-22",8789.86238893075
"1576","ncas","i02","2302","2023-06-05",5611.75276042312
"1577","ncas","i02","2302","2023-06-21",10672.1603793698
"1578","ncas","i02","2302","2023-07-03",5470.37016117823
"1579","ncas","i02","2302","2023-07-19",12973.3423307477
"1580","ncas","i02","2302","2023-08-01",11761.1866079253
"1581","ncas","i02","2302","2023-08-16",14980.1311978909
"1582","ncas","i02","2302","2023-09-13",6773.14894613446
"1583","ncas","i02","2302","2023-09-27",6418.69433867018
"1584","ncas","i02","2302","2024-03-13",10728.5565069617
"1585","ncas","i02","2305","2022-07-01",5359.36660891458
"1586","ncas","i02","2305","2023-04-14",4911.2946004433
"1587","ncas","i02","2305","2023-04-25",4635.97631954154
"1588","ncas","i02","2305","2023-05-09",13202.0723580698
"1589","ncas","i02","2305","2023-05-22",917.30703348716
"1590","ncas","i02","2305","2023-06-05",2230.86726002488
"1591","ncas","i02","2305","2023-06-21",27717.6980427876
"1592","ncas","i02","2305","2023-07-03",4283.41204161914
"1593","ncas","i02","2305","2023-07-19",-137.596055023222
"1594","ncas","i02","2305","2023-08-01",4082.08512676666
"1595","ncas","i02","2305","2023-08-16",6571.84967562621
"1596","ncas","i02","2305","2023-09-13",1266.67921500668
"1597","ncas","i02","2305","2023-09-27",1737.17974394796
"1598","ncas","i02","2306","2022-07-01",10086.579711886
"1599","ncas","i02","2306","2023-04-14",4443.47212957788
"1600","ncas","i02","2306","2023-04-25",1690.05232932023
"1601","ncas","i02","2306","2023-05-09",3484.01609476502
"1602","ncas","i02","2306","2023-05-22",5228.6500908771
"1603","ncas","i02","2306","2023-06-05",-263.589503346001
"1604","ncas","i02","2306","2023-07-03",8889.1681361945
"1605","ncas","i02","2306","2023-07-19",4973.11456011989
"1606","ncas","i02","2306","2023-08-01",12272.502999849
"1607","ncas","i02","2306","2023-08-16",6196.92094365725
"1608","ncas","i02","2306","2023-09-13",-381.216647548156
"1609","ncas","i02","2306","2023-09-27",106.275693522693
"1610","ncas","i02","2306","2024-03-13",498.118194150027
"1611","ncas","i02","2306","2024-03-19",520.396312441408
"1612","ncas","i02","2306","2024-04-04",-613.914750441208
"1613","ncas","i02","2306","2024-04-09",9759.11019247353
"1614","ncas","i02","2306","2024-04-15",4611.06630697946
"1615","ncas","i02","2306","2024-04-22",956.45182812483
"1616","ncas","i02","2306","2024-04-25",541.47660831597
"1617","ncas","i02","2306","2024-05-01",8026.33489002622
"1618","ncas","i02","2306","2024-05-03",6215.65446941156
"1619","ncas","i02","2306","2024-05-06",1804.73375217569
"1620","ncas","i02","2306","2024-05-09",213.671178041303
"1621","ncas","i02","2306","2024-05-22",75978.1648147142
"1622","ncas","i02","2306","2024-05-23",11327.0156781716
"1623","ncas","i02","2306","2024-05-30",4949.32620650804
"1624","ncas","i02","2306","2024-05-31",7392.36202588637
"1625","ncas","i02","2306","2024-06-04",22222.1665714223
"1626","ncas","i02","2306","2024-06-11",14169.9580117641
"1627","ncas","i02","2306","2024-06-13",2652.18120749867
"1628","ncas","i02","2306","2024-06-25",14539.8351986545
"1629","ncas","i02","2306","2024-06-26",18528.4811800045
"1630","ncas","i02","2306","2024-07-01",7098.55100996345
"1631","ncas","i02","2306","2024-07-03",24714.6697539154
"1632","ncas","i02","2306","2024-07-09",15168.6293352706
"1633","ncas","i02","2306","2024-07-11",17905.1680173578
"1634","ncas","i10","2306","2024-07-17",10040.4545935149
"1635","ncas","i02","2306","2024-07-19",15884.8199984767
"1636","ncas","i02","2306","2024-07-25",7305.10033233231
"1637","ncas","i10","2306","2024-07-30",16196.2581801515
"1638","ncas","i02","2306","2024-08-08",14433.8161380215
"1639","ncas","i02","2306","2024-08-14",18172.5134244203
"1640","ncas","i02","2306","2024-08-20",30414.8497770815
"1641","ncas","i02","2306","2024-08-30",12595.9132901835
"1642","ncas","i02","2306","2024-09-12",13648.1522830909
"1643","ncas","i02","2306","2024-09-24",13361.0621923132
"1644","ncas","i02","2306","2024-10-08",15709.39220746
"1645","ncas","i02","2306","2024-11-04",2457.41918160647
"1646","ncas","i02","2307","2022-07-01",5289.48884664446
"1647","ncas","i02","2307","2023-04-14",3855.01260355094
"1648","ncas","i02","2307","2023-04-25",4636.84042634149
"1649","ncas","i02","2307","2023-05-09",10637.3196203922
"1650","ncas","i02","2307","2023-05-22",8087.6795962947
"1651","ncas","i02","2307","2023-06-05",6049.70055240181
"1652","ncas","i02","2307","2023-06-21",4706.03698656537
"1653","ncas","i02","2307","2023-07-03",819.762632295748
"1654","ncas","i02","2307","2023-07-19",4969.27882216993
"1655","ncas","i02","2307","2023-08-01",13596.89598185
"1656","ncas","i02","2307","2023-08-16",10169.2904678011
"1657","ncas","i02","2307","2023-09-13",3660.74217460086
"1658","ncas","i02","2307","2023-09-27",3783.41468941002
"1659","ncas","i02","2308","2022-07-01",3901.77795760301
"1660","ncas","i02","2308","2023-04-14",3403.84326086206
"1661","ncas","i02","2308","2023-04-25",3178.29216499914
"1662","ncas","i02","2308","2023-05-09",5069.87294170394
"1663","ncas","i02","2308","2023-05-22",8275.20296898128
"1664","ncas","i02","2308","2023-06-05",3450.33257407857
"1665","ncas","i02","2308","2023-06-21",2123.82716760177
"1666","ncas","i02","2308","2023-07-03",5939.73140322701
"1667","ncas","i02","2308","2023-07-19",7460.56278988515
"1668","ncas","i02","2308","2023-08-01",9838.90935246866
"1669","ncas","i02","2308","2023-08-16",10182.5759289239
"1670","ncas","i02","2308","2023-09-13",2263.8927508035
"1671","ncas","i02","2308","2023-09-27",10181.2114394797
"1672","ncas","i02","2310","2022-07-01",6273.42049831091
"1673","ncas","i02","2310","2023-04-14",461.601635122052
"1674","ncas","i02","2310","2023-04-25",3568.0801049493
"1675","ncas","i02","2310","2023-05-09",5277.84846379009
"1676","ncas","i02","2310","2023-05-22",323.121144585483
"1677","ncas","i02","2310","2023-06-05",-2374.32656912918
"1678","ncas","i02","2310","2023-06-21",25420.3145421857
"1679","ncas","i02","2310","2023-07-03",1871.6920923886
"1680","ncas","i02","2310","2023-07-19",4180.79195239203
"1681","ncas","i02","2310","2023-08-01",6672.67926672389
"1682","ncas","i02","2310","2023-08-16",5071.02367727049
"1683","ncas","i02","2310","2023-09-13",1816.24374215248
"1684","ncas","i02","2310","2023-09-27",6886.99813926036
"1685","ncas","i02","2310","2024-05-01",480.748428188004
"1686","ncas","i02","2310","2024-05-22",5379.68364023716
"1687","ncas","i02","2310","2024-06-06",1819.2011829382
"1688","ncas","i02","2310","2024-07-03",20224.9072395674
"1689","ncas","i10","2310","2024-07-17",72187.4873865733
"1690","ncas","i02","2310","2024-08-08",10365.9833340356
"1691","ncas","i02","2310","2024-08-20",27078.3832880908
"1692","ncas","i02","2310","2024-08-30",15544.2023563654
"1693","ncas","i02","2310","2024-09-24",18212.742844068
"1694","ncas","i02","2310","2024-10-08",25171.2629727205
"1695","ncas","i02","2310","2024-11-04",8187.7915581796
"1696","ncas","i02","2311","2022-07-01",5156.40444343787
"1697","ncas","i02","2311","2023-04-14",1339.35025417394
"1698","ncas","i02","2311","2023-04-25",1998.97122635793
"1699","ncas","i02","2311","2023-05-09",5759.84891033609
"1700","ncas","i02","2311","2023-05-22",5756.83182088066
"1701","ncas","i02","2311","2023-06-05",6678.22877397889
"1702","ncas","i02","2311","2023-06-21",4358.8703236221
"1703","ncas","i02","2311","2023-07-03",-853.981218324444
"1704","ncas","i02","2311","2023-07-19",6959.5804290186
"1705","ncas","i02","2311","2023-08-01",9259.13697189131
"1706","ncas","i02","2311","2023-08-16",6864.2673024128
"1707","ncas","i02","2311","2023-09-13",2479.74237858445
"1708","ncas","i02","2311","2023-09-27",7083.70073437261
"1709","ncas","i02","2311","2024-03-13",7069.93831722198
"1710","ncas","i02","2311","2024-03-19",8680.34694238577
"1711","ncas","i02","2311","2024-04-04",4758.57810031656
"1712","ncas","i02","2311","2024-04-09",20087.2401741938
"1713","ncas","i02","2311","2024-04-15",13019.4166367965
"1714","ncas","i02","2311","2024-04-22",35205.3051762193
"1715","ncas","i02","2311","2024-04-25",645.571348918719
"1716","ncas","i02","2311","2024-05-01",44313.8884513499
"1717","ncas","i02","2311","2024-05-03",40677.8194957464
"1718","ncas","i02","2311","2024-05-06",35634.9283167664
"1719","ncas","i02","2311","2024-05-09",25324.2775646897
"1720","ncas","i02","2311","2024-05-22",31827.9096828165
"1721","ncas","i02","2311","2024-05-23",34848.3091342134
"1722","ncas","i02","2311","2024-05-30",13276.8596797874
"1723","ncas","i02","2311","2024-05-31",14641.0147249956
"1724","ncas","i02","2311","2024-06-04",37070.210829809
"1725","ncas","i02","2311","2024-06-06",12420.5304337302
"1726","ncas","i02","2311","2024-06-11",30956.4374473193
"1727","ncas","i02","2311","2024-06-13",19131.276894619
"1728","ncas","i02","2311","2024-06-25",43258.4757044186
"1729","ncas","i02","2311","2024-06-26",64515.9060363606
"1730","ncas","i02","2311","2024-07-01",41670.5228493003
"1731","ncas","i02","2311","2024-07-03",56557.4234869037
"1732","ncas","i02","2311","2024-07-09",57000.3655046897
"1733","ncas","i02","2311","2024-07-11",57116.3897357282
"1734","ncas","i10","2311","2024-07-17",17903.25375717
"1735","ncas","i02","2311","2024-07-19",45958.4477792408
"1736","ncas","i02","2311","2024-07-25",46031.6619990012
"1737","ncas","i10","2311","2024-07-30",73896.3365399625
"1738","ncas","i02","2311","2024-08-08",44063.785220556
"1739","ncas","i02","2311","2024-08-14",27063.8145657019
"1740","ncas","i02","2311","2024-08-20",36146.9268647487
"1741","ncas","i02","2311","2024-08-30",26471.555517954
"1742","ncas","i02","2311","2024-09-12",52342.5934556333
"1743","ncas","i02","2311","2024-09-24",39534.0465242727
"1744","ncas","i02","2311","2024-10-08",28479.2484222097
"1745","ncas","i02","2311","2024-11-04",13477.6631047059
"1746","ncas","i02","2312","2022-07-01",7754.95090136342
"1747","ncas","i02","2312","2023-04-14",2977.54803460377
"1748","ncas","i02","2312","2023-04-25",4261.44404999599
"1749","ncas","i02","2312","2023-05-09",7757.30934836645
"1750","ncas","i02","2312","2023-05-22",1964.82451275517
"1751","ncas","i02","2312","2023-06-05",3831.1680206989
"1752","ncas","i02","2312","2023-06-21",15337.132098852
"1753","ncas","i02","2312","2023-07-03",4439.17247949611
"1754","ncas","i02","2312","2023-07-19",8433.34406083229
"1755","ncas","i02","2312","2023-08-01",3854.28210923634
"1756","ncas","i02","2312","2023-08-16",3823.79989351016
"1757","ncas","i02","2312","2023-09-13",3720.81783949969
"1758","ncas","i02","2312","2023-09-27",2067.92383526283
"1759","ncas","i02","2402","2022-07-01",3880.54053465828
"1760","ncas","i02","2402","2023-04-14",1488.50341875394
"1761","ncas","i02","2402","2023-04-25",2423.64328562776
"1762","ncas","i02","2402","2023-05-09",4685.60415357075
"1763","ncas","i02","2402","2023-05-22",5653.71466573342
"1764","ncas","i02","2402","2023-06-05",-454.546338912412
"1765","ncas","i02","2402","2023-06-21",157.018324969319
"1766","ncas","i02","2402","2023-07-03",3919.38822594646
"1767","ncas","i02","2402","2023-07-19",4099.57745716373
"1768","ncas","i02","2402","2023-08-01",2396.96905545701
"1769","ncas","i02","2402","2023-08-17",6924.00168657325
"1770","ncas","i02","2402","2023-09-13",2514.0350585913
"1771","ncas","i02","2402","2023-09-27",3592.71590351649
"1772","ncas","i02","2403","2022-07-01",3337.51279964436
"1773","ncas","i02","2403","2023-04-14",4379.50783651169
"1774","ncas","i02","2403","2023-04-25",1318.03914336717
"1775","ncas","i02","2403","2023-05-09",4638.06903896933
"1776","ncas","i02","2403","2023-05-22",5747.61599932127
"1777","ncas","i02","2403","2023-06-05",1717.74142134327
"1778","ncas","i02","2403","2023-06-21",8078.68528546367
"1779","ncas","i02","2403","2023-07-03",3988.76021210082
"1780","ncas","i02","2403","2023-07-19",1744.94803606343
"1781","ncas","i02","2403","2023-08-01",2837.09961071402
"1782","ncas","i02","2403","2023-08-17",355.728779793536
"1783","ncas","i02","2403","2023-09-13",844.097474784347
"1784","ncas","i02","2403","2023-09-27",4343.07297453637
"1785","ncas","i02","2404","2022-07-01",9973.4612741391
"1786","ncas","i02","2404","2023-04-14",3608.24600032961
"1787","ncas","i02","2404","2023-04-25",4324.75929367038
"1788","ncas","i02","2404","2023-05-09",10338.5396024023
"1789","ncas","i02","2404","2023-05-22",6798.52306519155
"1790","ncas","i02","2404","2023-06-05",4457.16912430287
"1791","ncas","i02","2404","2023-06-21",5363.84246071204
"1792","ncas","i02","2404","2023-07-03",4751.44273088507
"1793","ncas","i02","2404","2023-07-19",6698.45913914234
"1794","ncas","i02","2404","2023-08-01",4928.03927239618
"1795","ncas","i02","2404","2023-08-16",11517.2025840835
"1796","ncas","i02","2404","2023-09-13",1524.61336378319
"1797","ncas","i02","2404","2023-09-27",8215.06714169717
"1798","ncas","i02","2404","2024-03-13",15386.4015575353
"1799","ncas","i02","2405","2022-07-01",29289.5919937423
"1800","ncas","i02","2405","2023-04-14",9361.86237538176
"1801","ncas","i02","2405","2023-04-25",6174.26805350079
"1802","ncas","i02","2405","2023-05-09",3279.92290749956
"1803","ncas","i02","2405","2023-05-22",8165.57359810597
"1804","ncas","i02","2405","2023-06-05",22044.4511174677
"1805","ncas","i02","2405","2023-06-21",7554.19948332403
"1806","ncas","i02","2405","2023-07-03",49.5493645246169
"1807","ncas","i02","2405","2023-07-19",5957.52728536913
"1808","ncas","i02","2405","2023-08-01",4936.53973981431
"1809","ncas","i02","2405","2023-08-16",10147.7608865147
"1810","ncas","i02","2405","2023-09-13",11025.2044124334
"1811","ncas","i02","2405","2023-09-27",41333.8092120227
"1812","ncas","i02","2405","2024-05-01",34908.9114322501
"1813","ncas","i02","2405","2024-05-22",29579.0170590912
"1814","ncas","i02","2405","2024-06-06",25388.6831462887
"1815","ncas","i10","2405","2024-07-17",54476.0913956291
"1816","ncas","i10","2405","2024-07-30",48799.8843130049
"1817","ncas","i02","2405","2024-08-08",32338.1046291856
"1818","ncas","i02","2405","2024-08-14",28649.0064104085
"1819","ncas","i02","2405","2024-08-20",31930.4646749987
"1820","ncas","i02","2405","2024-08-30",44744.8815049266
"1821","ncas","i02","2405","2024-09-24",75627.9186098945
"1822","ncas","i02","2405","2024-10-08",20841.235738539
"1823","ncas","i02","2405","2024-11-04",45085.1885310059
"1824","ncas","i02","2406","2022-07-01",5621.53295407794
"1825","ncas","i02","2406","2023-04-14",3755.39856309761
"1826","ncas","i02","2406","2023-04-25",1992.01041039799
"1827","ncas","i02","2406","2023-05-09",2066.22808752021
"1828","ncas","i02","2406","2023-05-22",-954.216285375047
"1829","ncas","i02","2406","2023-06-05",1289.29870557041
"1830","ncas","i02","2406","2023-07-19",11357.2578984068
"1831","ncas","i02","2406","2023-08-01",8769.44260813116
"1832","ncas","i02","2406","2023-08-16",8108.78435074088
"1833","ncas","i02","2406","2023-09-13",2802.75162394923
"1834","ncas","i02","2406","2023-09-27",8778.77140300207
"1835","ncas","i02","2406","2024-03-13",29880.4383084472
"1836","ncas","i02","2406","2024-03-19",45096.3230265647
"1837","ncas","i02","2406","2024-04-04",32414.9199010828
"1838","ncas","i02","2406","2024-04-09",33614.9012319637
"1839","ncas","i02","2406","2024-04-15",35003.6222326733
"1840","ncas","i02","2406","2024-04-22",32298.3141525282
"1841","ncas","i02","2406","2024-04-25",32366.4298061504
"1842","ncas","i02","2406","2024-05-01",27042.9097835344
"1843","ncas","i02","2406","2024-05-03",29128.3898618825
"1844","ncas","i02","2406","2024-05-06",42279.8397900685
"1845","ncas","i02","2406","2024-05-09",11489.7751853183
"1846","ncas","i02","2406","2024-05-22",19794.6556140753
"1847","ncas","i02","2406","2024-05-23",19886.7618419921
"1848","ncas","i02","2406","2024-05-30",28672.2298570739
"1849","ncas","i02","2406","2024-05-31",25550.8414084791
"1850","ncas","i02","2406","2024-06-04",43242.9327839878
"1851","ncas","i02","2406","2024-06-06",13575.2154521428
"1852","ncas","i02","2406","2024-06-11",30537.6797110344
"1853","ncas","i02","2406","2024-06-26",24898.3491205779
"1854","ncas","i02","2406","2024-07-01",29962.7565169706
"1855","ncas","i02","2406","2024-07-03",49493.0086111409
"1856","ncas","i02","2406","2024-07-09",38720.4984732346
"1857","ncas","i02","2406","2024-07-11",19748.4810926758
"1858","ncas","i10","2406","2024-07-17",33935.7260202217
"1859","ncas","i02","2406","2024-07-19",40012.6222279499
"1860","ncas","i02","2406","2024-07-25",39137.9901048083
"1861","ncas","i10","2406","2024-07-30",47055.8067462066
"1862","ncas","i02","2406","2024-08-08",30367.7854229047
"1863","ncas","i02","2406","2024-08-14",31746.4532484848
"1864","ncas","i02","2406","2024-08-20",38478.5179467571
"1865","ncas","i02","2406","2024-08-30",36829.836615715
"1866","ncas","i02","2406","2024-09-12",52952.6557116264
"1867","ncas","i02","2406","2024-09-24",31864.6067558358
"1868","ncas","i02","2406","2024-10-08",25127.184730154
"1869","ncas","i02","2406","2024-11-04",17651.7923370496
"1870","ncas","i02","2409","2022-07-01",9246.30865056288
"1871","ncas","i02","2409","2023-04-14",5547.93687557046
"1872","ncas","i02","2409","2023-04-25",2622.56818131685
"1873","ncas","i02","2409","2023-05-09",-46.0716631000174
"1874","ncas","i02","2409","2023-05-22",1619.05843941581
"1875","ncas","i02","2409","2023-06-05",4289.44819273796
"1876","ncas","i02","2409","2023-06-21",1697.6949310546
"1877","ncas","i02","2409","2023-07-03",-1217.2650180033
"1878","ncas","i02","2409","2023-07-19",2729.02296935315
"1879","ncas","i02","2409","2023-08-01",9453.23952699176
"1880","ncas","i02","2409","2023-08-16",11359.2149861953
"1881","ncas","i02","2409","2023-09-13",599.568638865604
"1882","ncas","i02","2409","2023-09-27",2422.46999431046
"1883","ncas","i02","2410","2022-07-01",4723.87665361171
"1884","ncas","i02","2410","2023-04-14",7256.8887656916
"1885","ncas","i02","2410","2023-04-25",2362.51376611098
"1886","ncas","i02","2410","2023-05-09",3590.5985532066
"1887","ncas","i02","2410","2023-05-22",5056.42500286659
"1888","ncas","i02","2410","2023-06-05",173.121210355508
"1889","ncas","i02","2410","2023-06-21",197.195508708972
"1890","ncas","i02","2410","2023-07-03",1780.60921535869
"1891","ncas","i02","2410","2023-07-19",2029.10464959066
"1892","ncas","i02","2410","2023-08-01",6750.41734034311
"1893","ncas","i02","2410","2023-08-16",7791.37758846603
"1894","ncas","i02","2410","2023-09-13",1942.05087841733
"1895","ncas","i02","2410","2023-09-27",2506.39695171222
"1896","ncas","i02","2411","2023-04-14",2386.65289272213
"1897","ncas","i02","2411","2023-04-25",-16.4682429164462
"1898","ncas","i02","2411","2023-05-22",4043.65142504016
"1899","ncas","i02","2411","2023-06-05",2607.87967656738
"1900","ncas","i02","2411","2023-06-21",2470.1767973191
"1901","ncas","i02","2411","2023-07-03",3582.38507488167
"1902","ncas","i02","2411","2023-07-19",8434.05449789765
"1903","ncas","i02","2411","2023-08-01",10026.021070226
"1904","ncas","i02","2411","2023-08-16",8862.36479287198
"1905","ncas","i02","2411","2023-09-13",1471.85810915703
"1906","ncas","i02","2411","2023-09-27",904.495021706337
"1907","ncas","i02","2411","2024-03-13",8210.79632245461
"1908","ncas","i02","2411","2024-03-19",1451.56777067804
"1909","ncas","i02","2411","2024-04-04",2293.03946856555
"1910","ncas","i02","2411","2024-04-09",15637.3605733974
"1911","ncas","i02","2411","2024-04-15",1212.8835102254
"1912","ncas","i02","2411","2024-04-22",5712.45195064895
"1913","ncas","i02","2411","2024-05-01",1591.28825365596
"1914","ncas","i02","2411","2024-05-03",14559.7114194211
"1915","ncas","i02","2411","2024-05-09",6840.22642380207
"1916","ncas","i02","2411","2024-05-22",7437.44926373491
"1917","ncas","i02","2411","2024-05-23",17195.3566835274
"1918","ncas","i02","2411","2024-05-31",17836.0273146118
"1919","ncas","i02","2411","2024-06-04",20261.8083043667
"1920","ncas","i02","2411","2024-06-06",5926.54128562765
"1921","ncas","i02","2411","2024-06-11",15536.9267253842
"1922","ncas","i02","2411","2024-06-13",8638.05076365506
"1923","ncas","i02","2411","2024-06-25",29015.6260137898
"1924","ncas","i02","2411","2024-06-26",21458.6700955577
"1925","ncas","i02","2411","2024-07-01",8275.8301493952
"1926","ncas","i02","2411","2024-07-03",27172.3961771797
"1927","ncas","i02","2411","2024-07-09",14599.2358324927
"1928","ncas","i02","2411","2024-07-11",13761.7748673619
"1929","ncas","i10","2411","2024-07-17",23474.4401247134
"1930","ncas","i02","2411","2024-07-19",6301.88058867602
"1931","ncas","i02","2411","2024-07-25",22630.6889417662
"1932","ncas","i10","2411","2024-07-30",27092.4821156291
"1933","ncas","i02","2411","2024-08-08",14871.1517600295
"1934","ncas","i02","2411","2024-08-14",38477.6834992886
"1935","ncas","i02","2411","2024-08-20",28679.2373149862
"1936","ncas","i02","2411","2024-08-30",10974.585212229
"1937","ncas","i02","2411","2024-09-12",20787.3268080908
"1938","ncas","i02","2411","2024-09-24",17171.852627614
"1939","ncas","i02","2411","2024-10-08",9501.40845487132
"1940","ncas","i02","2411","2024-11-04",8518.26121195609
"1941","ncas","i02","2412","2023-04-14",3915.8122859117
"1942","ncas","i02","2412","2023-04-25",3717.89790891339
"1943","ncas","i02","2412","2023-05-09",5743.59502913318
"1944","ncas","i02","2412","2023-05-22",4507.80997733537
"1945","ncas","i02","2412","2023-06-05",3352.32364805433
"1946","ncas","i02","2412","2023-06-21",809.885689150447
"1947","ncas","i02","2412","2023-07-03",832.128523234781
"1948","ncas","i02","2412","2023-07-19",2436.14047036833
"1949","ncas","i02","2412","2023-08-01",5332.7209005375
"1950","ncas","i02","2412","2023-08-16",4698.66505139952
"1951","ncas","i02","2412","2023-09-13",3384.16504720093
"1952","ncas","i02","2412","2023-09-27",2919.21142864338
"1953","ncas","i02","501","2023-09-26",4356.30417859442
"1954","ncas","i02","501","2023-10-18",1155.01294756543
"1955","ncas","i02","501","2024-05-01",19826.3414716261
"1956","ncas","i02","501","2024-05-22",5885.8646127223
"1957","ncas","i02","501","2024-06-06",13697.9652608742
"1958","ncas","i02","501","2024-07-03",22867.9115099307
"1959","ncas","i10","501","2024-07-17",36088.7526187518
"1960","ncas","i10","501","2024-07-30",49692.7335450087
"1961","ncas","i02","501","2024-08-08",40195.0756130312
"1962","ncas","i02","501","2024-08-14",27441.2020880544
"1963","ncas","i02","501","2024-08-20",39243.7689234753
"1964","ncas","i02","501","2024-08-30",30670.8691399185
"1965","ncas","i02","501","2024-09-24",18623.5359041934
"1966","ncas","i02","501","2024-10-08",22658.5298092608
"1967","ncas","i02","501","2024-10-16",12055.718835607
"1968","ncas","i02","501","2024-11-04",2178.39131522682
"1969","ncas","i02","502","2023-09-26",3277.28114358872
"1970","ncas","i02","502","2023-10-18",3293.51580050039
"1971","ncas","i02","503","2024-10-16",54176.3256348977
"1972","ncas","i02","504","2023-04-13",10111.4565893065
"1973","ncas","i02","504","2023-04-26",1850.53866348854
"1974","ncas","i02","504","2023-05-10",7275.2066838475
"1975","ncas","i02","504","2023-05-23",-100.256519770879
"1976","ncas","i02","504","2023-06-06",9395.52748617321
"1977","ncas","i02","504","2023-07-05",13328.505380498
"1978","ncas","i02","504","2023-07-20",7659.82000815385
"1979","ncas","i02","504","2023-08-02",13502.3784774873
"1980","ncas","i02","504","2023-08-17",12311.5814595171
"1981","ncas","i02","504","2023-09-14",3439.59835650388
"1982","ncas","i02","504","2023-09-26",10488.6400607697
"1983","ncas","i02","504","2023-10-18",1581.74347040513
"1984","ncas","i02","505","2024-10-16",2424.50351944505
"1985","ncas","i02","506","2023-04-13",23464.2444623109
"1986","ncas","i02","506","2023-04-26",3831.78679371688
"1987","ncas","i02","506","2023-05-10",-705.801857603542
"1988","ncas","i02","506","2023-05-23",2414.68332375647
"1989","ncas","i02","506","2023-06-06",1762.62769072351
"1990","ncas","i02","506","2023-07-05",5239.532034014
"1991","ncas","i02","506","2023-07-20",3510.95711736824
"1992","ncas","i02","506","2023-08-02",3365.68780065263
"1993","ncas","i02","506","2023-08-17",12773.0764846067
"1994","ncas","i02","506","2023-09-14",3044.03172890675
"1995","ncas","i02","506","2023-09-26",3243.77111144566
"1996","ncas","i02","506","2023-10-18",3589.48382756681
"1997","ncas","i02","506","2024-05-01",30994.7614484319
"1998","ncas","i02","506","2024-05-22",16301.5621867563
"1999","ncas","i02","506","2024-06-06",7565.69263848974
"2000","ncas","i02","506","2024-07-03",34026.7782154634
"2001","ncas","i10","506","2024-07-17",50634.8624394569
"2002","ncas","i10","506","2024-07-30",29949.1247372744
"2003","ncas","i02","506","2024-08-08",27222.3797461455
"2004","ncas","i02","506","2024-08-14",7574.03354238969
"2005","ncas","i02","506","2024-08-20",28189.0562167817
"2006","ncas","i02","506","2024-08-30",28523.6072934977
"2007","ncas","i02","506","2024-09-24",16103.7391808247
"2008","ncas","i02","506","2024-10-08",9232.64507255232
"2009","ncas","i02","506","2024-11-04",13062.8361971709
"2010","ncas","i02","507","2024-10-16",327.09410352413
"2011","ncas","i02","508","2023-09-26",3989.69904601703
"2012","ncas","i02","508","2023-10-18",677.099016124975
"2013","ncas","i02","508","2024-03-13",369.015898370363
"2014","ncas","i02","508","2024-03-19",274.224944776596
"2015","ncas","i02","508","2024-04-04",1533.22779561257
"2016","ncas","i02","508","2024-04-09",12613.9213401878
"2017","ncas","i02","508","2024-04-15",10841.8051550746
"2018","ncas","i02","508","2024-04-22",8795.40629104319
"2019","ncas","i02","508","2024-04-25",7474.13571948531
"2020","ncas","i02","508","2024-05-01",28270.8957683222
"2021","ncas","i02","508","2024-05-03",23462.2813440344
"2022","ncas","i02","508","2024-05-06",21754.8951097427
"2023","ncas","i02","508","2024-05-09",29581.8712610594
"2024","ncas","i02","508","2024-05-22",8067.5595605298
"2025","ncas","i02","508","2024-05-23",25524.7368591068
"2026","ncas","i02","508","2024-05-30",40698.9487236674
"2027","ncas","i02","508","2024-05-31",35635.0742620743
"2028","ncas","i02","508","2024-06-04",48068.6150208757
"2029","ncas","i02","508","2024-06-06",42411.7638612921
"2030","ncas","i02","508","2024-06-11",38876.8191164671
"2031","ncas","i02","508","2024-06-13",51835.0097042229
"2032","ncas","i02","508","2024-06-25",40821.8412052992
"2033","ncas","i02","508","2024-06-26",53289.8661563021
"2034","ncas","i02","508","2024-07-01",35408.2534234241
"2035","ncas","i02","508","2024-07-03",110917.08790367
"2036","ncas","i02","508","2024-07-09",50182.8011201852
"2037","ncas","i02","508","2024-07-11",47909.6154736789
"2038","ncas","i10","508","2024-07-17",50136.6448188186
"2039","ncas","i02","508","2024-07-19",48431.4147857148
"2040","ncas","i02","508","2024-07-25",64976.1547472844
"2041","ncas","i10","508","2024-07-30",68414.9271134958
"2042","ncas","i02","508","2024-08-08",31489.0220463141
"2043","ncas","i02","508","2024-08-14",34704.0271598213
"2044","ncas","i02","508","2024-08-20",57940.7289943713
"2045","ncas","i02","508","2024-08-30",48253.4924541381
"2046","ncas","i02","508","2024-09-12",42980.6996524424
"2047","ncas","i02","508","2024-09-24",26118.1607001513
"2048","ncas","i02","508","2024-10-08",18560.4325920295
"2049","ncas","i02","508","2024-10-16",12589.5994631733
"2050","ncas","i02","508","2024-11-04",13573.6314021205
"2051","ncas","i02","509","2023-04-13",9472.30640707302
"2052","ncas","i02","509","2023-04-26",3069.29865363275
"2053","ncas","i02","509","2023-05-10",2661.42496042481
"2054","ncas","i02","509","2023-05-23",4492.03758792473
"2055","ncas","i02","509","2023-06-06",3016.91874653024
"2056","ncas","i02","509","2023-07-05",10937.7901240088
"2057","ncas","i02","509","2023-07-20",3776.43591641319
"2058","ncas","i02","509","2023-08-02",4273.30066938926
"2059","ncas","i02","509","2023-08-17",5173.66078639517
"2060","ncas","i02","509","2023-09-14",4617.6413514772
"2061","ncas","i02","509","2023-09-26",1495.78005676912
"2062","ncas","i02","509","2023-10-18",3285.14122763927
"2063","ncas","i02","509","2024-03-13",2362.31480967671
"2064","ncas","i02","509","2024-03-19",3278.35183788175
"2065","ncas","i02","509","2024-04-04",4655.96368037955
"2066","ncas","i02","509","2024-04-09",22464.3588286531
"2067","ncas","i02","509","2024-04-15",12508.0974199564
"2068","ncas","i02","509","2024-04-22",22114.691714938
"2069","ncas","i02","509","2024-04-25",8706.14597678461
"2070","ncas","i02","509","2024-05-01",12901.0879250063
"2071","ncas","i02","509","2024-05-03",20337.5634545145
"2072","ncas","i02","509","2024-05-06",29536.1330390877
"2073","ncas","i02","509","2024-05-09",28507.5454705051
"2074","ncas","i02","509","2024-05-22",19499.6016867861
"2075","ncas","i02","509","2024-05-23",24585.7750853021
"2076","ncas","i02","509","2024-05-30",34516.2348050604
"2077","ncas","i02","509","2024-05-31",17288.8806323124
"2078","ncas","i02","509","2024-06-04",18102.2071817384
"2079","ncas","i02","509","2024-06-06",11478.8892200284
"2080","ncas","i02","509","2024-06-11",15131.0059804377
"2081","ncas","i02","509","2024-06-13",24235.4569835114
"2082","ncas","i02","509","2024-06-25",27184.6372958351
"2083","ncas","i02","509","2024-06-26",23900.1874526228
"2084","ncas","i02","509","2024-07-01",37555.4115865078
"2085","ncas","i02","509","2024-07-03",34750.9725998182
"2086","ncas","i02","509","2024-07-09",29009.4831721401
"2087","ncas","i02","509","2024-07-11",37573.4943405683
"2088","ncas","i10","509","2024-07-17",43320.9073393599
"2089","ncas","i02","509","2024-07-19",46587.6321138333
"2090","ncas","i02","509","2024-07-25",48904.3150798446
"2091","ncas","i10","509","2024-07-30",42951.4135219907
"2092","ncas","i02","509","2024-08-08",32653.3346458319
"2093","ncas","i02","509","2024-08-14",33391.9900559463
"2094","ncas","i02","509","2024-08-20",38325.4737391549
"2095","ncas","i02","509","2024-09-12",42606.3294481616
"2096","ncas","i02","509","2024-10-08",17416.447126484
"2097","ncas","i02","509","2024-11-04",14168.6114507265
"2098","ncas","i02","601","2023-09-26",24672.1446940238
"2099","ncas","i02","601","2023-10-18",7211.59366460421
"2100","ncas","i02","602","2023-09-26",1688.90562000896
"2101","ncas","i02","602","2023-10-18",8439.0457761625
"2102","ncas","i02","602","2024-05-01",20327.7043049401
"2103","ncas","i02","602","2024-05-22",7971.57465430771
"2104","ncas","i02","602","2024-06-06",10643.9355385979
"2105","ncas","i02","602","2024-07-03",39431.05473411
"2106","ncas","i10","602","2024-07-17",37350.7709718039
"2107","ncas","i10","602","2024-07-30",66381.5176276297
"2108","ncas","i02","602","2024-08-14",33149.1064624007
"2109","ncas","i02","602","2024-08-20",60484.1616214028
"2110","ncas","i02","602","2024-08-30",59509.3756735499
"2111","ncas","i02","602","2024-09-24",28528.6400151494
"2112","ncas","i02","602","2024-10-08",17799.10740737
"2113","ncas","i02","602","2024-11-04",18195.1996083709
"2114","ncas","i02","603","2023-04-13",19956.3411685747
"2115","ncas","i02","603","2023-04-26",528.129980428088
"2116","ncas","i02","603","2023-05-10",6132.63408526633
"2117","ncas","i02","603","2023-05-23",10001.3924629972
"2118","ncas","i02","603","2023-06-06",4535.49670030886
"2119","ncas","i02","603","2023-07-05",7892.37590477121
"2120","ncas","i02","603","2023-07-20",5362.6717407062
"2121","ncas","i02","603","2023-08-02",1264.04707386794
"2122","ncas","i02","603","2023-08-17",5239.99832030847
"2123","ncas","i02","603","2023-09-14",3212.55903121435
"2124","ncas","i02","603","2023-09-26",-1978.3419039337
"2125","ncas","i02","603","2024-05-01",45551.7508573474
"2126","ncas","i02","603","2024-05-22",28477.3567780738
"2127","ncas","i02","603","2024-06-06",26391.4173553187
"2128","ncas","i02","603","2024-07-03",38504.2615388926
"2129","ncas","i10","603","2024-07-17",64168.049210246
"2130","ncas","i10","603","2024-07-30",53534.6195637402
"2131","ncas","i02","603","2024-08-08",41171.3695370162
"2132","ncas","i02","603","2024-08-14",34309.149640764
"2133","ncas","i02","603","2024-08-20",48999.1702561142
"2134","ncas","i02","603","2024-08-30",51507.8099690587
"2135","ncas","i02","603","2024-09-24",21663.7260452217
"2136","ncas","i02","603","2024-10-08",15418.0445554256
"2137","ncas","i02","603","2024-10-16",15046.3238154272
"2138","ncas","i02","603","2024-11-04",9495.96694647043
"2139","ncas","i02","604","2023-09-26",1754.34474833489
"2140","ncas","i02","604","2023-10-18",5406.79754687341
"2141","ncas","i02","604","2024-03-13",10154.1035628064
"2142","ncas","i02","604","2024-03-19",-655.304125405527
"2143","ncas","i02","604","2024-04-04",-4974.22388809084
"2144","ncas","i02","604","2024-04-09",20944.4183938731
"2145","ncas","i02","604","2024-04-15",13110.7244587748
"2146","ncas","i02","604","2024-04-22",13878.016473321
"2147","ncas","i02","604","2024-04-25",12960.1309039556
"2148","ncas","i02","604","2024-05-01",26732.9225278161
"2149","ncas","i02","604","2024-05-03",48807.6192695441
"2150","ncas","i02","604","2024-05-06",108277.154718311
"2151","ncas","i02","604","2024-05-09",33949.0961898898
"2152","ncas","i02","604","2024-05-22",17228.5468942059
"2153","ncas","i02","604","2024-05-23",27357.4619770929
"2154","ncas","i02","604","2024-05-30",55817.4508956876
"2155","ncas","i02","604","2024-05-31",23300.0866176569
"2156","ncas","i02","604","2024-06-04",46534.9455097604
"2157","ncas","i02","604","2024-06-06",31701.1479122236
"2158","ncas","i02","604","2024-06-11",31064.9750919641
"2159","ncas","i02","604","2024-06-13",36841.0458857482
"2160","ncas","i02","604","2024-06-25",44240.4643752266
"2161","ncas","i02","604","2024-06-26",56963.0461304316
"2162","ncas","i02","604","2024-07-01",48442.9158341316
"2163","ncas","i02","604","2024-07-03",108892.250509742
"2164","ncas","i02","604","2024-07-09",72653.1062099116
"2165","ncas","i02","604","2024-07-11",71015.5568763963
"2166","ncas","i10","604","2024-07-17",50555.9373881986
"2167","ncas","i02","604","2024-07-19",49405.1803573016
"2168","ncas","i02","604","2024-07-25",57118.7729887443
"2169","ncas","i10","604","2024-07-30",70888.5999466438
"2170","ncas","i02","604","2024-08-08",50483.2111586564
"2171","ncas","i02","604","2024-08-14",41438.2539549311
"2172","ncas","i02","604","2024-08-20",55796.8644465699
"2173","ncas","i02","604","2024-08-30",61678.5209976824
"2174","ncas","i02","604","2024-09-12",39263.8162065946
"2175","ncas","i02","604","2024-09-24",38369.7339247549
"2176","ncas","i02","604","2024-10-08",19764.9230622707
"2177","ncas","i02","604","2024-11-04",4126.80112811186
"2178","ncas","i02","605","2024-10-16",6024.86886585843
"2179","ncas","i02","606","2023-04-13",3369.80440296329
"2180","ncas","i02","606","2023-04-26",3168.77988256895
"2181","ncas","i02","606","2023-05-10",9268.41462077468
"2182","ncas","i02","606","2023-05-23",6293.86674424733
"2183","ncas","i02","606","2023-06-06",2920.75162983012
"2184","ncas","i02","606","2023-07-05",8593.62640427304
"2185","ncas","i02","606","2023-07-20",11448.7732088099
"2186","ncas","i02","606","2023-08-02",8391.01242550541
"2187","ncas","i02","606","2023-08-17",7478.65472105538
"2188","ncas","i02","606","2023-09-14",3333.22979825249
"2189","ncas","i02","606","2023-09-26",2310.60040024575
"2190","ncas","i02","607","2023-04-13",17172.5882759457
"2191","ncas","i02","607","2023-04-26",8046.37035979224
"2192","ncas","i02","607","2023-05-10",3206.02884500097
"2193","ncas","i02","607","2023-05-23",10931.840900263
"2194","ncas","i02","607","2023-06-06",2515.41162095002
"2195","ncas","i02","607","2023-07-05",6734.65102351804
"2196","ncas","i02","607","2023-07-20",10094.8313336809
"2197","ncas","i02","607","2023-08-02",6743.12895642754
"2198","ncas","i02","607","2023-08-17",8041.62764940965
"2199","ncas","i02","607","2023-09-14",7088.29240146122
"2200","ncas","i02","607","2023-09-26",6311.36220437586
"2201","ncas","i02","607","2023-10-18",2734.44469682358
"2202","ncas","i02","607","2024-03-13",11361.3576977029
"2203","ncas","i02","607","2024-03-19",7231.47537430632
"2204","ncas","i02","607","2024-04-09",21094.8432541843
"2205","ncas","i02","607","2024-04-15",12972.825502203
"2206","ncas","i02","607","2024-04-22",15305.9801761121
"2207","ncas","i02","607","2024-04-25",42289.9701727298
"2208","ncas","i02","607","2024-05-01",45184.9914521543
"2209","ncas","i02","607","2024-05-03",30280.150608915
"2210","ncas","i02","607","2024-05-06",42735.4012936887
"2211","ncas","i02","607","2024-05-09",25618.3752740932
"2212","ncas","i02","607","2024-05-22",16460.187873679
"2213","ncas","i02","607","2024-05-23",32934.7558210175
"2214","ncas","i02","607","2024-05-30",42223.2330444492
"2215","ncas","i02","607","2024-05-31",27231.595847617
"2216","ncas","i02","607","2024-06-04",31728.1305570972
"2217","ncas","i02","607","2024-06-06",32495.5890678326
"2218","ncas","i02","607","2024-06-11",51131.7718266084
"2219","ncas","i02","607","2024-06-13",24382.1723822312
"2220","ncas","i02","607","2024-06-25",73900.1322037096
"2221","ncas","i02","607","2024-06-26",133581.886655169
"2222","ncas","i02","607","2024-07-01",46106.7789409056
"2223","ncas","i02","607","2024-07-03",95806.9659145081
"2224","ncas","i02","607","2024-07-09",65536.6573716713
"2225","ncas","i02","607","2024-07-11",55950.3352196787
"2226","ncas","i10","607","2024-07-17",90121.6289561528
"2227","ncas","i02","607","2024-07-19",52461.6722260155
"2228","ncas","i02","607","2024-07-25",58591.7770758269
"2229","ncas","i10","607","2024-07-30",58671.4317203155
"2230","ncas","i02","607","2024-08-08",65284.4376281491
"2231","ncas","i02","607","2024-08-14",30197.0106455588
"2232","ncas","i02","607","2024-08-20",49562.1582685068
"2233","ncas","i02","607","2024-08-30",54812.8325076226
"2234","ncas","i02","607","2024-09-12",31879.9738272478
"2235","ncas","i02","607","2024-09-24",22763.7784677748
"2236","ncas","i02","607","2024-10-08",17024.6174031085
"2237","ncas","i02","607","2024-10-16",14999.7750528461
"2238","ncas","i02","607","2024-11-04",11344.3519764695
"2239","ncas","i02","608","2024-10-16",3533.95204631275
"2240","ncas","i02","609","2024-10-16",15013.9123384875
"2241","ncas","i02","702","2023-09-26",3380.50921344762
"2242","ncas","i02","702","2023-10-18",2965.18727637827
"2243","ncas","i02","702","2024-03-13",2628.16235590728
"2244","ncas","i02","702","2024-04-04",901.844061171253
"2245","ncas","i02","702","2024-04-09",2688.15275910905
"2246","ncas","i02","702","2024-04-15",6696.81407807059
"2247","ncas","i02","702","2024-04-25",4447.82990185408
"2248","ncas","i02","702","2024-05-01",21081.7973097555
"2249","ncas","i02","702","2024-05-03",23146.5188326113
"2250","ncas","i02","702","2024-05-06",24830.3787528606
"2251","ncas","i02","702","2024-05-09",20275.0341590918
"2252","ncas","i02","702","2024-05-22",3789.1574309219
"2253","ncas","i02","702","2024-05-23",23000.8076111196
"2254","ncas","i02","702","2024-05-30",41980.8537167666
"2255","ncas","i02","702","2024-06-04",22864.6828201642
"2256","ncas","i02","702","2024-06-06",13727.3185604037
"2257","ncas","i02","702","2024-06-11",49141.5033938421
"2258","ncas","i02","702","2024-06-13",38977.2053752977
"2259","ncas","i02","702","2024-06-25",21869.2733135236
"2260","ncas","i02","702","2024-06-26",49566.4363655408
"2261","ncas","i02","702","2024-07-01",36822.1275915548
"2262","ncas","i02","702","2024-07-03",76730.0637071695
"2263","ncas","i02","702","2024-07-09",67920.738869936
"2264","ncas","i02","702","2024-07-11",40777.2319127902
"2265","ncas","i10","702","2024-07-17",32985.7828181934
"2266","ncas","i02","702","2024-07-19",34956.4615239136
"2267","ncas","i02","702","2024-07-25",41265.1105305599
"2268","ncas","i10","702","2024-07-30",53675.471525711
"2269","ncas","i02","702","2024-08-08",21165.6648079135
"2270","ncas","i02","702","2024-08-14",30527.0154208488
"2271","ncas","i02","702","2024-08-20",47636.7968922951
"2272","ncas","i02","702","2024-08-30",47582.4077120551
"2273","ncas","i02","702","2024-09-12",31184.035422384
"2274","ncas","i02","702","2024-09-24",29798.8908534656
"2275","ncas","i02","702","2024-10-08",13497.7316602644
"2276","ncas","i02","702","2024-10-16",12604.5235023707
"2277","ncas","i02","702","2024-11-04",10891.9565761343
"2278","ncas","i02","703","2024-10-16",3061.1884407716
"2279","ncas","i02","704","2023-09-26",5105.12753144081
"2280","ncas","i02","704","2023-10-18",5159.05647747963
"2281","ncas","i02","704","2024-05-01",5145.20630341268
"2282","ncas","i02","704","2024-05-22",13633.4013149214
"2283","ncas","i02","704","2024-06-06",23217.9350416557
"2284","ncas","i02","704","2024-07-03",57696.6401954606
"2285","ncas","i10","704","2024-07-17",27236.6314046687
"2286","ncas","i10","704","2024-07-30",50428.2921874548
"2287","ncas","i02","704","2024-08-08",41141.5490810262
"2288","ncas","i02","704","2024-08-14",30136.9170920353
"2289","ncas","i02","704","2024-08-20",42817.5982825
"2290","ncas","i02","704","2024-08-30",63160.0670383912
"2291","ncas","i02","704","2024-09-24",23940.8116535907
"2292","ncas","i02","704","2024-10-08",8166.7451440903
"2293","ncas","i02","704","2024-10-16",11781.2226366087
"2294","ncas","i02","704","2024-11-04",3569.42675832391
"2295","ncas","i02","705","2023-09-26",-450.760588246591
"2296","ncas","i02","705","2023-10-18",1222.1016487377
"2297","ncas","i02","706","2023-04-13",9137.94568878742
"2298","ncas","i02","706","2023-04-26",8538.19332691516
"2299","ncas","i02","706","2023-05-10",4410.9177117134
"2300","ncas","i02","706","2023-05-23",2026.47809920407
"2301","ncas","i02","706","2023-06-06",-1172.84256424442
"2302","ncas","i02","706","2023-07-05",5530.61714701483
"2303","ncas","i02","706","2023-07-20",6417.94996690953
"2304","ncas","i02","706","2023-08-02",7430.65759401211
"2305","ncas","i02","706","2023-08-17",3063.47583500592
"2306","ncas","i02","706","2023-09-14",9357.33015941508
"2307","ncas","i02","706","2023-10-18",558.95662966462
"2308","ncas","i02","706","2024-05-01",18076.7522938925
"2309","ncas","i02","706","2024-05-22",2799.69080501755
"2310","ncas","i02","706","2024-06-06",33385.5345707286
"2311","ncas","i02","706","2024-07-03",76315.3985683951
"2312","ncas","i10","706","2024-07-17",62697.3156610019
"2313","ncas","i10","706","2024-07-30",54008.3388496181
"2314","ncas","i02","706","2024-08-08",26538.4259383218
"2315","ncas","i02","706","2024-08-14",31785.5244773569
"2316","ncas","i02","706","2024-08-20",33171.641544972
"2317","ncas","i02","706","2024-08-30",44630.464637025
"2318","ncas","i02","706","2024-09-24",15338.0864695584
"2319","ncas","i02","706","2024-10-08",13451.8710040862
"2320","ncas","i02","706","2024-11-04",9348.46801887602
"2321","ncas","i02","707","2023-04-13",4023.81131182399
"2322","ncas","i02","707","2023-04-26",1161.16591109104
"2323","ncas","i02","707","2023-05-10",11282.3247712869
"2324","ncas","i02","707","2023-05-23",1971.95508709077
"2325","ncas","i02","707","2023-06-06",888.261723584454
"2326","ncas","i02","707","2023-07-05",8732.55339002345
"2327","ncas","i02","707","2023-07-20",8203.29489048633
"2328","ncas","i02","707","2023-08-02",6319.7190680244
"2329","ncas","i02","707","2023-08-17",9636.88040532857
"2330","ncas","i02","707","2023-09-14",858.048599722396
"2331","ncas","i02","707","2023-09-26",364.901428580364
"2332","ncas","i02","707","2023-10-18",1371.15472764445
"2333","ncas","i02","708","2023-04-13",1778.26499909642
"2334","ncas","i02","708","2023-04-26",4159.75583862748
"2335","ncas","i02","708","2023-05-10",11610.4710210183
"2336","ncas","i02","708","2023-05-23",6028.93377849481
"2337","ncas","i02","708","2023-06-06",1368.48794055176
"2338","ncas","i02","708","2023-07-05",6422.85703727116
"2339","ncas","i02","708","2023-08-02",3872.97334719079
"2340","ncas","i02","708","2023-08-17",1553.05097441238
"2341","ncas","i02","708","2023-09-14",5751.62353818673
"2342","ncas","i02","708","2023-09-26",4307.11915098311
"2343","ncas","i02","708","2023-10-18",2562.50439323326
"2344","ncas","i02","708","2024-03-13",2618.06151759815
"2345","ncas","i02","708","2024-03-19",1885.95672281505
"2346","ncas","i02","708","2024-04-04",2576.15899660542
"2347","ncas","i02","708","2024-04-09",8870.17119329972
"2348","ncas","i02","708","2024-04-15",8770.46056841895
"2349","ncas","i02","708","2024-04-22",9548.8938227805
"2350","ncas","i02","708","2024-04-25",8747.69676804773
"2351","ncas","i02","708","2024-05-01",22701.7491669901
"2352","ncas","i02","708","2024-05-03",25470.5186704468
"2353","ncas","i02","708","2024-05-06",14913.4931282523
"2354","ncas","i02","708","2024-05-09",19526.964821116
"2355","ncas","i02","708","2024-05-23",21574.2542671168
"2356","ncas","i02","708","2024-05-30",26036.4638755859
"2357","ncas","i02","708","2024-06-04",9834.8735977132
"2358","ncas","i02","708","2024-06-06",54819.156225014
"2359","ncas","i02","708","2024-06-11",42651.2418113832
"2360","ncas","i02","708","2024-06-13",38478.2097096147
"2361","ncas","i02","708","2024-06-25",47250.9190922726
"2362","ncas","i02","708","2024-06-26",29989.0522188877
"2363","ncas","i02","708","2024-07-01",35934.2561913933
"2364","ncas","i02","708","2024-07-03",75416.92442043
"2365","ncas","i02","708","2024-07-09",49494.8223644091
"2366","ncas","i02","708","2024-07-11",48758.4069901299
"2367","ncas","i10","708","2024-07-17",51714.4241422703
"2368","ncas","i02","708","2024-07-19",22513.3106289876
"2369","ncas","i02","708","2024-07-25",35436.9261035532
"2370","ncas","i10","708","2024-07-30",43588.7961513409
"2371","ncas","i02","708","2024-08-08",62940.485621676
"2372","ncas","i02","708","2024-08-14",8270.3753036716
"2373","ncas","i02","708","2024-08-20",37431.2098702451
"2374","ncas","i02","708","2024-08-30",47903.0719850549
"2375","ncas","i02","708","2024-09-12",20274.0626199908
"2376","ncas","i02","708","2024-09-24",25042.8960929187
"2377","ncas","i02","708","2024-10-08",10030.5204362806
"2378","ncas","i02","708","2024-11-04",11551.2431096844
"2379","ncas","i02","709","2024-10-16",3092.34473443173
"2380","ncas","i02","801","2023-10-20",5268.79294671186
"2381","ncas","i02","801","2024-03-13",2757.82421341336
"2382","ncas","i02","801","2024-03-19",3211.97183572702
"2383","ncas","i02","801","2024-04-04",4623.20879901521
"2384","ncas","i02","801","2024-04-09",15195.4508592777
"2385","ncas","i02","801","2024-04-15",7668.10948233263
"2386","ncas","i02","801","2024-04-22",5921.06180331376
"2387","ncas","i02","801","2024-05-01",19618.5850024368
"2388","ncas","i02","801","2024-05-03",61210.6744803088
"2389","ncas","i02","801","2024-05-06",43536.4977558669
"2390","ncas","i02","801","2024-05-09",19053.2144504319
"2391","ncas","i02","801","2024-05-22",5428.9664759319
"2392","ncas","i02","801","2024-05-23",29283.9427123003
"2393","ncas","i02","801","2024-05-30",47106.2552388361
"2394","ncas","i02","801","2024-06-04",45920.5734479864
"2395","ncas","i02","801","2024-06-06",1931.56522375729
"2396","ncas","i02","801","2024-06-11",34567.2041676065
"2397","ncas","i02","801","2024-06-13",71734.4839497905
"2398","ncas","i02","801","2024-06-25",34503.2785883364
"2399","ncas","i02","801","2024-06-26",30233.8725520226
"2400","ncas","i02","801","2024-07-01",28829.8823028991
"2401","ncas","i02","801","2024-07-03",26888.450795316
"2402","ncas","i02","801","2024-07-09",37624.4878094293
"2403","ncas","i02","801","2024-07-11",47083.1640564103
"2404","ncas","i10","801","2024-07-17",29677.1015412848
"2405","ncas","i02","801","2024-07-19",32367.7833795282
"2406","ncas","i02","801","2024-07-25",59322.0785884874
"2407","ncas","i10","801","2024-07-30",66763.4331287687
"2408","ncas","i02","801","2024-08-08",29309.4635754162
"2409","ncas","i02","801","2024-08-14",24360.3322390552
"2410","ncas","i02","801","2024-08-20",43394.7448990384
"2411","ncas","i02","801","2024-08-30",43718.5689485107
"2412","ncas","i02","801","2024-09-12",40284.9316361657
"2413","ncas","i02","801","2024-09-24",24420.5178131124
"2414","ncas","i02","801","2024-10-08",43450.1917195775
"2415","ncas","i02","801","2024-11-04",3385.65936037565
"2416","ncas","i02","802","2023-09-26",-3567.13843048115
"2417","ncas","i02","802","2023-10-20",1794.99869808745
"2418","ncas","i02","803","2024-10-16",-794.150212457186
"2419","ncas","i02","804","2023-09-26",1984.55318761027
"2420","ncas","i02","804","2023-10-20",4499.96429186433
"2421","ncas","i02","804","2024-05-01",9983.15074710385
"2422","ncas","i02","804","2024-05-22",1498.58825482751
"2423","ncas","i02","804","2024-06-06",8725.73125853488
"2424","ncas","i02","804","2024-07-03",30712.5860195386
"2425","ncas","i10","804","2024-07-17",32714.6648005004
"2426","ncas","i10","804","2024-07-30",57515.4413180158
"2427","ncas","i02","804","2024-08-08",15721.9759405856
"2428","ncas","i02","804","2024-08-14",27407.9329345883
"2429","ncas","i02","804","2024-08-30",57166.3985873246
"2430","ncas","i02","804","2024-09-24",37055.1874414283
"2431","ncas","i02","804","2024-10-08",15701.6360686991
"2432","ncas","i02","804","2024-11-04",18179.7695927007
"2433","ncas","i02","805","2023-04-13",29951.4342001094
"2434","ncas","i02","805","2023-04-26",8564.0482985187
"2435","ncas","i02","805","2023-05-10",11713.1070726964
"2436","ncas","i02","805","2023-05-23",5065.72959575348
"2437","ncas","i02","805","2023-06-06",1667.93468893352
"2438","ncas","i02","805","2023-07-05",3999.90097535211
"2439","ncas","i02","805","2023-07-20",8422.31489969824
"2440","ncas","i02","805","2023-08-02",2709.70537845015
"2441","ncas","i02","805","2023-08-17",9574.68566791094
"2442","ncas","i02","805","2023-09-14",5085.60096051071
"2443","ncas","i02","805","2023-09-26",-1166.77099476287
"2444","ncas","i02","805","2023-10-20",2760.24939971007
"2445","ncas","i02","805","2024-03-13",8735.59530974436
"2446","ncas","i02","805","2024-03-19",566.977158946317
"2447","ncas","i02","805","2024-04-04",11769.849449421
"2448","ncas","i02","805","2024-04-09",9405.52361173627
"2449","ncas","i02","805","2024-04-15",15919.441051967
"2450","ncas","i02","805","2024-04-22",11615.3443100216
"2451","ncas","i02","805","2024-04-25",9575.03089086297
"2452","ncas","i02","805","2024-05-01",50080.4651676468
"2453","ncas","i02","805","2024-05-03",33767.027566186
"2454","ncas","i02","805","2024-05-06",39654.1436643021
"2455","ncas","i02","805","2024-05-09",30907.1353985869
"2456","ncas","i02","805","2024-05-22",10420.6781765808
"2457","ncas","i02","805","2024-05-23",21773.7588808969
"2458","ncas","i02","805","2024-05-30",32893.7088599259
"2459","ncas","i02","805","2024-06-04",21926.635341887
"2460","ncas","i02","805","2024-06-06",12130.768703091
"2461","ncas","i02","805","2024-06-11",30084.3352327021
"2462","ncas","i02","805","2024-06-13",27407.5029662354
"2463","ncas","i02","805","2024-06-25",38923.4835980338
"2464","ncas","i02","805","2024-06-26",59962.8452601649
"2465","ncas","i02","805","2024-07-01",45090.9145294358
"2466","ncas","i02","805","2024-07-03",55904.076809106
"2467","ncas","i02","805","2024-07-09",56998.7355170399
"2468","ncas","i02","805","2024-07-11",62099.993147306
"2469","ncas","i10","805","2024-07-17",46819.5390459596
"2470","ncas","i02","805","2024-07-19",33900.2758814445
"2471","ncas","i02","805","2024-07-25",45604.3932422007
"2472","ncas","i10","805","2024-07-30",53378.098917249
"2473","ncas","i02","805","2024-08-08",43860.8123050331
"2474","ncas","i02","805","2024-08-14",27663.399990916
"2475","ncas","i02","805","2024-08-20",46036.6034703325
"2476","ncas","i02","805","2024-08-30",62279.8605483419
"2477","ncas","i02","805","2024-09-12",41349.1706172617
"2478","ncas","i02","805","2024-09-24",29723.2657868884
"2479","ncas","i02","805","2024-10-08",13625.1511096009
"2480","ncas","i02","805","2024-10-16",14436.3227019686
"2481","ncas","i02","805","2024-11-04",9660.03872890264
"2482","ncas","i02","806","2024-10-16",7394.72678157152
"2483","ncas","i02","807","2023-04-26",2966.8151336438
"2484","ncas","i02","807","2023-05-10",7768.0960881987
"2485","ncas","i02","807","2023-06-06",6744.52107203394
"2486","ncas","i02","807","2023-07-05",9818.92620995562
"2487","ncas","i02","807","2023-07-20",2495.50071102175
"2488","ncas","i02","807","2023-08-02",4566.30698010361
"2489","ncas","i02","807","2023-08-17",5689.39084501521
"2490","ncas","i02","807","2023-09-14",589.517650284231
"2491","ncas","i02","807","2023-09-26",6526.77515117552
"2492","ncas","i02","807","2023-10-20",1742.92137377297
"2493","ncas","i02","808","2024-10-16",5096.79022494696
"2494","ncas","i02","809","2023-04-13",6483.52822663254
"2495","ncas","i02","809","2023-04-26",1509.74031313042
"2496","ncas","i02","809","2023-05-10",5631.53994849043
"2497","ncas","i02","809","2023-05-23",3439.90137557703
"2498","ncas","i02","809","2023-06-06",1756.66725790173
"2499","ncas","i02","809","2023-07-05",2476.06578480521
"2500","ncas","i02","809","2023-07-20",3471.13529751162
"2501","ncas","i02","809","2023-08-02",4620.83927007051
"2502","ncas","i02","809","2023-08-17",7811.707932163
"2503","ncas","i02","809","2023-09-14",2108.69319981358
"2504","ncas","i02","809","2023-09-26",4414.79712975769
"2505","ncas","i02","809","2024-05-01",47529.7648203998
"2506","ncas","i02","809","2024-05-22",12049.7437070859
"2507","ncas","i02","809","2024-06-06",25652.435660344
"2508","ncas","i02","809","2024-07-03",44184.5265992757
"2509","ncas","i10","809","2024-07-17",50307.5223202178
"2510","ncas","i10","809","2024-07-30",53068.1425346058
"2511","ncas","i02","809","2024-08-08",37984.9645711608
"2512","ncas","i02","809","2024-08-14",42771.2575225979
"2513","ncas","i02","809","2024-08-20",50378.0601397847
"2514","ncas","i02","809","2024-08-30",81772.5580884263
"2515","ncas","i02","809","2024-09-24",40315.2627200782
"2516","ncas","i02","809","2024-10-08",27591.9061548474
"2517","ncas","i02","809","2024-10-16",5890.68028382234
"2518","ncas","i02","809","2024-11-04",20810.4679662106
"2519","oreiManure","rosemount","101","2020-11-02",593.829571119376
"2520","oreiManure","rosemount","101","2020-11-05",1288.50067470172
"2521","oreiManure","rosemount","101","2020-11-19",35284.1814237261
"2522","oreiManure","rosemount","101","2021-04-05",24693.8241787962
"2523","oreiManure","rosemount","101","2021-04-22",23196.5661533514
"2524","oreiManure","rosemount","101","2021-04-29",43827.6547687393
"2525","oreiManure","rosemount","101","2021-05-18",18386.4517466014
"2526","oreiManure","rosemount","101","2021-06-01",70174.0464187613
"2527","oreiManure","rosemount","101","2021-06-15",13422.2947262882
"2528","oreiManure","rosemount","101","2021-07-08",8385.58124243171
"2529","oreiManure","rosemount","101","2021-07-16",6126.01851451645
"2530","oreiManure","rosemount","101","2021-09-10",13690.0017364845
"2531","oreiManure","rosemount","101","2021-10-14",5452.61410577477
"2532","oreiManure","rosemount","101","2021-10-25",3031.29281071442
"2533","oreiManure","rosemount","102","2020-11-02",55.2399601040027
"2534","oreiManure","rosemount","102","2020-11-05",2172.23673954955
"2535","oreiManure","rosemount","102","2020-11-19",10783.6802838703
"2536","oreiManure","rosemount","102","2021-04-05",14814.6746321372
"2537","oreiManure","rosemount","102","2021-04-22",12080.0416309161
"2538","oreiManure","rosemount","102","2021-04-29",35310.378102496
"2539","oreiManure","rosemount","102","2021-05-18",25048.183273129
"2540","oreiManure","rosemount","102","2021-06-01",26027.9064056098
"2541","oreiManure","rosemount","102","2021-06-15",2450.33097734031
"2542","oreiManure","rosemount","102","2021-07-08",8169.74583647173
"2543","oreiManure","rosemount","102","2021-07-16",6681.09834196803
"2544","oreiManure","rosemount","102","2021-09-10",8002.19567575668
"2545","oreiManure","rosemount","102","2021-10-14",4917.01163842328
"2546","oreiManure","rosemount","102","2021-10-25",2909.33530137875
"2547","oreiManure","rosemount","103","2020-11-02",700.856993821147
"2548","oreiManure","rosemount","103","2020-11-05",1342.46928934883
"2549","oreiManure","rosemount","103","2020-11-19",5367.83172608419
"2550","oreiManure","rosemount","103","2021-04-05",8823.09010914162
"2551","oreiManure","rosemount","103","2021-04-22",12332.1779845433
"2552","oreiManure","rosemount","103","2021-04-29",22518.2342240758
"2553","oreiManure","rosemount","103","2021-05-18",16823.3714856013
"2554","oreiManure","rosemount","103","2021-06-01",27872.6830815289
"2555","oreiManure","rosemount","103","2021-06-15",8139.15493839269
"2556","oreiManure","rosemount","103","2021-07-08",4978.97800903113
"2557","oreiManure","rosemount","103","2021-08-10",6342.52291725436
"2558","oreiManure","rosemount","103","2021-09-10",7613.40047063677
"2559","oreiManure","rosemount","103","2021-10-14",3107.77335773183
"2560","oreiManure","rosemount","103","2021-10-25",2030.06853382696
"2561","oreiManure","rosemount","104","2020-11-02",690.499501301601
"2562","oreiManure","rosemount","104","2020-11-05",-1949.61620412999
"2563","oreiManure","rosemount","104","2020-11-19",7246.57283021369
"2564","oreiManure","rosemount","104","2021-04-05",13160.1756514232
"2565","oreiManure","rosemount","104","2021-04-22",19654.7061591533
"2566","oreiManure","rosemount","104","2021-04-29",44470.5848178883
"2567","oreiManure","rosemount","104","2021-05-18",16538.230954395
"2568","oreiManure","rosemount","104","2021-06-15",2570.1147968417
"2569","oreiManure","rosemount","104","2021-07-08",4031.79653947462
"2570","oreiManure","rosemount","104","2021-07-16",9722.47798797836
"2571","oreiManure","rosemount","104","2021-08-10",6355.62730344715
"2572","oreiManure","rosemount","104","2021-09-10",6853.73129701833
"2573","oreiManure","rosemount","104","2021-10-14",1882.78827604886
"2574","oreiManure","rosemount","104","2021-10-25",10157.247664148
"2575","oreiManure","rosemount","107","2020-11-02",3861.52180494877
"2576","oreiManure","rosemount","107","2020-11-05",2349.54757086478
"2577","oreiManure","rosemount","107","2020-11-19",2434.42095724338
"2578","oreiManure","rosemount","107","2021-04-29",16559.8374518318
"2579","oreiManure","rosemount","107","2021-06-01",63271.4449160639
"2580","oreiManure","rosemount","107","2021-06-15",7808.94214487968
"2581","oreiManure","rosemount","107","2021-07-08",24370.9599192281
"2582","oreiManure","rosemount","107","2021-07-16",16250.6445811391
"2583","oreiManure","rosemount","107","2021-08-10",22231.1340489825
"2584","oreiManure","rosemount","107","2021-09-10",14415.1596339578
"2585","oreiManure","rosemount","107","2021-10-14",5949.33098379761
"2586","oreiManure","rosemount","108","2020-11-02",2280.90301756039
"2587","oreiManure","rosemount","108","2020-11-05",1650.04174396966
"2588","oreiManure","rosemount","108","2020-11-19",6341.10773889897
"2589","oreiManure","rosemount","108","2021-04-05",33576.1145370092
"2590","oreiManure","rosemount","108","2021-04-22",73482.1751152247
"2591","oreiManure","rosemount","108","2021-04-29",45753.2112660797
"2592","oreiManure","rosemount","108","2021-05-18",41641.5426100436
"2593","oreiManure","rosemount","108","2021-06-01",66312.2006686084
"2594","oreiManure","rosemount","108","2021-06-15",11406.7435338884
"2595","oreiManure","rosemount","108","2021-07-08",12609.5297577598
"2596","oreiManure","rosemount","108","2021-07-16",12912.4224554785
"2597","oreiManure","rosemount","108","2021-08-10",14650.5466888874
"2598","oreiManure","rosemount","108","2021-09-10",11962.0766587369
"2599","oreiManure","rosemount","108","2021-10-14",5991.3262613304
"2600","oreiManure","rosemount","108","2021-10-25",10969.998172494
"2601","oreiManure","rosemount","201","2020-11-02",-96.3456976476948
"2602","oreiManure","rosemount","201","2020-11-19",12243.4641368356
"2603","oreiManure","rosemount","201","2021-04-05",15083.6314618602
"2604","oreiManure","rosemount","201","2021-04-22",8843.15867694666
"2605","oreiManure","rosemount","201","2021-04-29",38540.3784296155
"2606","oreiManure","rosemount","201","2021-05-18",23557.3002935
"2607","oreiManure","rosemount","201","2021-06-01",48959.089038692
"2608","oreiManure","rosemount","201","2021-06-15",12165.9558061029
"2609","oreiManure","rosemount","201","2021-07-08",10454.1743001988
"2610","oreiManure","rosemount","201","2021-07-16",10590.4215345371
"2611","oreiManure","rosemount","201","2021-09-10",17116.9244186621
"2612","oreiManure","rosemount","201","2021-10-14",5622.5657822351
"2613","oreiManure","rosemount","201","2021-10-25",2120.37406788564
"2614","oreiManure","rosemount","202","2020-11-02",1223.89229936915
"2615","oreiManure","rosemount","202","2020-11-05",3702.47268709499
"2616","oreiManure","rosemount","202","2020-11-19",14089.8630133423
"2617","oreiManure","rosemount","202","2021-04-05",19239.8111217247
"2618","oreiManure","rosemount","202","2021-04-22",24782.6768307286
"2619","oreiManure","rosemount","202","2021-04-29",35518.0945146844
"2620","oreiManure","rosemount","202","2021-05-18",32352.6178512422
"2621","oreiManure","rosemount","202","2021-06-01",56120.2463664637
"2622","oreiManure","rosemount","202","2021-07-08",14355.7206810535
"2623","oreiManure","rosemount","202","2021-07-16",13963.1110178475
"2624","oreiManure","rosemount","202","2021-09-10",7234.64192535176
"2625","oreiManure","rosemount","202","2021-10-14",6965.80411028103
"2626","oreiManure","rosemount","202","2021-10-25",4405.72761482658
"2627","oreiManure","rosemount","203","2020-11-02",1305.4567246314
"2628","oreiManure","rosemount","203","2020-11-05",2266.68181518209
"2629","oreiManure","rosemount","203","2020-11-19",6276.23401819089
"2630","oreiManure","rosemount","203","2021-04-05",16359.3988293111
"2631","oreiManure","rosemount","203","2021-04-22",7526.41350723939
"2632","oreiManure","rosemount","203","2021-04-29",8432.13858714768
"2633","oreiManure","rosemount","203","2021-05-18",27743.8014243336
"2634","oreiManure","rosemount","203","2021-06-01",38821.4960394481
"2635","oreiManure","rosemount","203","2021-06-15",14769.9795155744
"2636","oreiManure","rosemount","203","2021-07-08",11164.3531147932
"2637","oreiManure","rosemount","203","2021-07-16",20409.47681072
"2638","oreiManure","rosemount","203","2021-08-10",7527.00779945643
"2639","oreiManure","rosemount","203","2021-09-10",6728.03545276803
"2640","oreiManure","rosemount","203","2021-10-14",1285.65489970142
"2641","oreiManure","rosemount","203","2021-10-25",1763.55337233741
"2642","oreiManure","rosemount","204","2020-11-02",2350.71092593638
"2643","oreiManure","rosemount","204","2020-11-05",-1814.69466751205
"2644","oreiManure","rosemount","204","2020-11-19",7736.89190182525
"2645","oreiManure","rosemount","204","2021-04-05",9292.924301912
"2646","oreiManure","rosemount","204","2021-04-22",37980.7024942984
"2647","oreiManure","rosemount","204","2021-04-29",37232.583849306
"2648","oreiManure","rosemount","204","2021-05-18",39873.138652924
"2649","oreiManure","rosemount","204","2021-06-01",24331.0704609346
"2650","oreiManure","rosemount","204","2021-06-15",7521.8990430145
"2651","oreiManure","rosemount","204","2021-07-08",5709.27465017028
"2652","oreiManure","rosemount","204","2021-07-16",4108.18118042998
"2653","oreiManure","rosemount","204","2021-08-10",9718.54692792131
"2654","oreiManure","rosemount","204","2021-09-10",4768.77219038052
"2655","oreiManure","rosemount","204","2021-10-14",2372.73318059694
"2656","oreiManure","rosemount","204","2021-10-25",1397.01261589112
"2657","oreiManure","rosemount","207","2020-11-02",566.20959106739
"2658","oreiManure","rosemount","207","2020-11-05",1741.50807944462
"2659","oreiManure","rosemount","207","2020-11-19",3670.54234648911
"2660","oreiManure","rosemount","207","2021-04-05",10946.5530614683
"2661","oreiManure","rosemount","207","2021-04-22",13883.2688995584
"2662","oreiManure","rosemount","207","2021-06-01",27344.1268605491
"2663","oreiManure","rosemount","207","2021-06-15",2771.79180990643
"2664","oreiManure","rosemount","207","2021-07-08",5838.98094895271
"2665","oreiManure","rosemount","207","2021-07-16",-6952.67649829804
"2666","oreiManure","rosemount","207","2021-08-10",9402.80261469635
"2667","oreiManure","rosemount","207","2021-09-10",9620.25622903402
"2668","oreiManure","rosemount","207","2021-10-14",3520.60409982377
"2669","oreiManure","rosemount","207","2021-10-25",6593.2585726322
"2670","oreiManure","rosemount","208","2020-11-02",1393.44501421216
"2671","oreiManure","rosemount","208","2020-11-05",815.757173065665
"2672","oreiManure","rosemount","208","2020-11-19",7521.83109640415
"2673","oreiManure","rosemount","208","2021-04-29",29140.3985048671
"2674","oreiManure","rosemount","208","2021-05-18",19694.5064273885
"2675","oreiManure","rosemount","208","2021-06-01",35783.3889058044
"2676","oreiManure","rosemount","208","2021-06-15",8407.10185463044
"2677","oreiManure","rosemount","208","2021-07-08",3582.50082696304
"2678","oreiManure","rosemount","208","2021-07-16",3110.83242373325
"2679","oreiManure","rosemount","208","2021-08-10",2044.13705370051
"2680","oreiManure","rosemount","208","2021-09-10",8595.55882113834
"2681","oreiManure","rosemount","208","2021-10-14",563.333023609023
"2682","oreiManure","rosemount","208","2021-10-25",1175.78252987837
"2683","oreiManure","rosemount","301","2020-11-02",791.56981977816
"2684","oreiManure","rosemount","301","2020-11-05",-2070.48290317727
"2685","oreiManure","rosemount","301","2020-11-19",12368.5513266839
"2686","oreiManure","rosemount","301","2021-04-05",21401.4308292569
"2687","oreiManure","rosemount","301","2021-04-22",26043.9081749942
"2688","oreiManure","rosemount","301","2021-04-29",61840.4253275064
"2689","oreiManure","rosemount","301","2021-05-18",32664.9233088291
"2690","oreiManure","rosemount","301","2021-06-01",66278.78953382
"2691","oreiManure","rosemount","301","2021-06-15",13077.3675136499
"2692","oreiManure","rosemount","301","2021-07-08",14068.4726637035
"2693","oreiManure","rosemount","301","2021-07-16",9821.11285683129
"2694","oreiManure","rosemount","301","2021-08-10",164.329590590779
"2695","oreiManure","rosemount","301","2021-09-10",9987.76213589803
"2696","oreiManure","rosemount","301","2021-10-14",6354.60599440929
"2697","oreiManure","rosemount","301","2021-10-25",5676.81517504289
"2698","oreiManure","rosemount","302","2020-11-19",5311.55612636254
"2699","oreiManure","rosemount","302","2021-04-05",7867.73400029892
"2700","oreiManure","rosemount","302","2021-04-22",52451.7189491758
"2701","oreiManure","rosemount","302","2021-04-29",25536.7675570094
"2702","oreiManure","rosemount","302","2021-06-01",22949.7104686407
"2703","oreiManure","rosemount","302","2021-06-15",7912.22261702112
"2704","oreiManure","rosemount","302","2021-07-16",18958.9386946595
"2705","oreiManure","rosemount","302","2021-09-10",9793.57800043106
"2706","oreiManure","rosemount","302","2021-10-14",6249.97472117524
"2707","oreiManure","rosemount","302","2021-10-25",9561.36194605801
"2708","oreiManure","rosemount","303","2020-11-02",690.499501301597
"2709","oreiManure","rosemount","303","2020-11-05",-4273.63967237466
"2710","oreiManure","rosemount","303","2020-11-19",5296.98493952078
"2711","oreiManure","rosemount","303","2021-04-05",-545.270380759389
"2712","oreiManure","rosemount","303","2021-04-22",6843.27646999206
"2713","oreiManure","rosemount","303","2021-04-29",11912.3876918266
"2714","oreiManure","rosemount","303","2021-06-01",16646.2505162174
"2715","oreiManure","rosemount","303","2021-06-15",7235.53483274292
"2716","oreiManure","rosemount","303","2021-07-08",8021.08535193917
"2717","oreiManure","rosemount","303","2021-07-16",3795.12315979099
"2718","oreiManure","rosemount","303","2021-08-10",7105.19150076008
"2719","oreiManure","rosemount","303","2021-09-10",7336.66796176965
"2720","oreiManure","rosemount","303","2021-10-14",5018.0313281549
"2721","oreiManure","rosemount","304","2020-11-02",505.739490257287
"2722","oreiManure","rosemount","304","2020-11-05",2561.89504031781
"2723","oreiManure","rosemount","304","2020-11-19",9149.6804401452
"2724","oreiManure","rosemount","304","2021-04-05",1604.12802886274
"2725","oreiManure","rosemount","304","2021-04-22",4688.00625397338
"2726","oreiManure","rosemount","304","2021-04-29",8525.85561353884
"2727","oreiManure","rosemount","304","2021-05-18",15166.0690529531
"2728","oreiManure","rosemount","304","2021-06-01",33579.4307494801
"2729","oreiManure","rosemount","304","2021-06-15",5954.29429782444
"2730","oreiManure","rosemount","304","2021-07-08",5685.06686772082
"2731","oreiManure","rosemount","304","2021-07-16",11520.5085625855
"2732","oreiManure","rosemount","304","2021-08-10",10201.764650997
"2733","oreiManure","rosemount","304","2021-09-10",4242.57300263483
"2734","oreiManure","rosemount","304","2021-10-14",3329.68401932144
"2735","oreiManure","rosemount","304","2021-10-25",2093.49747155418
"2736","oreiManure","rosemount","307","2020-11-02",-96.9963523676868
"2737","oreiManure","rosemount","307","2020-11-05",2752.39934700694
"2738","oreiManure","rosemount","307","2020-11-19",7427.82648797042
"2739","oreiManure","rosemount","307","2021-04-05",18471.5953253379
"2740","oreiManure","rosemount","307","2021-04-29",27937.9470553808
"2741","oreiManure","rosemount","307","2021-05-18",27232.0761457576
"2742","oreiManure","rosemount","307","2021-06-15",6579.75247071882
"2743","oreiManure","rosemount","307","2021-07-08",6174.17776115768
"2744","oreiManure","rosemount","307","2021-07-16",11538.1518085099
"2745","oreiManure","rosemount","307","2021-08-10",1744.52911973671
"2746","oreiManure","rosemount","307","2021-09-10",10788.8547494874
"2747","oreiManure","rosemount","307","2021-10-14",1632.74998919534
"2748","oreiManure","rosemount","307","2021-10-25",1288.1285806438
"2749","oreiManure","rosemount","308","2020-11-02",1046.17494339296
"2750","oreiManure","rosemount","308","2020-11-05",1848.42505166635
"2751","oreiManure","rosemount","308","2020-11-19",4260.91119328897
"2752","oreiManure","rosemount","308","2021-04-05",28978.6673026754
"2753","oreiManure","rosemount","308","2021-04-29",34924.727770746
"2754","oreiManure","rosemount","308","2021-05-18",32799.5228244458
"2755","oreiManure","rosemount","308","2021-06-01",31425.6308411733
"2756","oreiManure","rosemount","308","2021-06-15",4638.96399396257
"2757","oreiManure","rosemount","308","2021-07-08",5340.21244448325
"2758","oreiManure","rosemount","308","2021-07-16",1602.55118601427
"2759","oreiManure","rosemount","308","2021-08-10",5283.02810099277
"2760","oreiManure","rosemount","308","2021-09-10",7361.85580613482
"2761","oreiManure","rosemount","308","2021-10-14",1748.43405367255
"2762","oreiManure","rosemount","308","2021-10-25",3540.36686141575
"2763","oreiManure","rosemount","403","2020-11-02",-79.6630529370096
"2764","oreiManure","rosemount","403","2020-11-05",215.874458588694
"2765","oreiManure","rosemount","403","2020-11-19",5445.91174623319
"2766","oreiManure","rosemount","403","2021-04-05",11355.855629144
"2767","oreiManure","rosemount","403","2021-04-22",36072.2940305693
"2768","oreiManure","rosemount","403","2021-04-29",37983.8684897846
"2769","oreiManure","rosemount","403","2021-05-18",34137.5927387683
"2770","oreiManure","rosemount","403","2021-06-01",72342.6528212957
"2771","oreiManure","rosemount","403","2021-06-15",6218.6365050166
"2772","oreiManure","rosemount","403","2021-07-08",15549.7070952229
"2773","oreiManure","rosemount","403","2021-08-10",10634.2093953553
"2774","oreiManure","rosemount","403","2021-09-10",9749.70889492259
"2775","oreiManure","rosemount","403","2021-10-14",6718.38022920405
"2776","oreiManure","rosemount","403","2021-10-25",2894.42664598292
"2777","oreiManure","rosemount","404","2020-11-02",1667.5562956436
"2778","oreiManure","rosemount","404","2020-11-05",2044.34925808595
"2779","oreiManure","rosemount","404","2020-11-19",10605.2459293845
"2780","oreiManure","rosemount","404","2021-04-05",11119.32356325
"2781","oreiManure","rosemount","404","2021-04-22",4026.12645539765
"2782","oreiManure","rosemount","404","2021-04-29",51419.003727173
"2783","oreiManure","rosemount","404","2021-05-18",15899.9324131823
"2784","oreiManure","rosemount","404","2021-06-01",39571.5512456251
"2785","oreiManure","rosemount","404","2021-06-15",5557.10902673104
"2786","oreiManure","rosemount","404","2021-07-08",9530.90258066379
"2787","oreiManure","rosemount","404","2021-07-16",7503.36750271413
"2788","oreiManure","rosemount","404","2021-08-10",2670.52791724462
"2789","oreiManure","rosemount","404","2021-09-10",10523.9526102495
"2790","oreiManure","rosemount","404","2021-10-14",5522.14456481813
"2791","oreiManure","rosemount","404","2021-10-25",4019.25206113979
"2792","oreiManure","rosemount","405","2020-11-02",3231.5376660919
"2793","oreiManure","rosemount","405","2020-11-05",4776.22239627663
"2794","oreiManure","rosemount","405","2020-11-19",8705.52196602124
"2795","oreiManure","rosemount","405","2021-04-05",14190.399258788
"2796","oreiManure","rosemount","405","2021-04-22",11860.7163380586
"2797","oreiManure","rosemount","405","2021-04-29",21577.436340954
"2798","oreiManure","rosemount","405","2021-05-18",25161.0935647963
"2799","oreiManure","rosemount","405","2021-06-01",49602.3931846242
"2800","oreiManure","rosemount","405","2021-06-15",12019.943328592
"2801","oreiManure","rosemount","405","2021-06-21",17577.1201561894
"2802","oreiManure","rosemount","405","2021-07-08",5017.25861990811
"2803","oreiManure","rosemount","405","2021-07-16",1643.23039610932
"2804","oreiManure","rosemount","405","2021-08-10",6046.98142010041
"2805","oreiManure","rosemount","405","2021-09-10",10109.5564131522
"2806","oreiManure","rosemount","405","2021-10-14",3177.68716220253
"2807","oreiManure","rosemount","405","2021-10-25",2386.87315829871
"2808","oreiManure","rosemount","406","2020-11-02",-487.965027453005
"2809","oreiManure","rosemount","406","2020-11-05",-656.918429963767
"2810","oreiManure","rosemount","406","2020-11-19",3953.64608878787
"2811","oreiManure","rosemount","406","2021-04-05",5452.8989890601
"2812","oreiManure","rosemount","406","2021-04-22",13977.0527705029
"2813","oreiManure","rosemount","406","2021-04-29",22971.7123404008
"2814","oreiManure","rosemount","406","2021-05-18",24261.760150597
"2815","oreiManure","rosemount","406","2021-06-01",50429.1819560778
"2816","oreiManure","rosemount","406","2021-06-15",9157.29632539752
"2817","oreiManure","rosemount","406","2021-07-08",8334.63049670523
"2818","oreiManure","rosemount","406","2021-07-16",-6737.28012898156
"2819","oreiManure","rosemount","406","2021-08-10",8211.38823030662
"2820","oreiManure","rosemount","406","2021-09-10",1630.1495386617
"2821","oreiManure","rosemount","406","2021-10-14",4205.26535911763
"2822","oreiManure","rosemount","406","2021-10-25",5265.31929323887
"2823","oreiManure","rosemount","407","2020-11-02",1135.52205753414
"2824","oreiManure","rosemount","407","2020-11-05",-928.716802176234
"2825","oreiManure","rosemount","407","2020-11-19",6691.95207638799
"2826","oreiManure","rosemount","407","2021-04-05",30660.4574363668
"2827","oreiManure","rosemount","407","2021-04-22",18637.4070625815
"2828","oreiManure","rosemount","407","2021-04-29",28933.0856752325
"2829","oreiManure","rosemount","407","2021-05-18",23316.8136093513
"2830","oreiManure","rosemount","407","2021-06-01",39187.3939660523
"2831","oreiManure","rosemount","407","2021-06-15",6143.39659155548
"2832","oreiManure","rosemount","407","2021-07-08",7141.1069124801
"2833","oreiManure","rosemount","407","2021-07-16",3134.44129740986
"2834","oreiManure","rosemount","407","2021-08-10",6695.98876889728
"2835","oreiManure","rosemount","407","2021-09-10",7549.30508869965
"2836","oreiManure","rosemount","407","2021-10-14",2043.74262201722
"2837","oreiManure","rosemount","407","2021-10-25",2463.59126910466
"2838","oreiManure","rosemount","408","2020-11-02",604.441016135253
"2839","oreiManure","rosemount","408","2020-11-05",-435.485251324344
"2840","oreiManure","rosemount","408","2020-11-19",4260.38192303151
"2841","oreiManure","rosemount","408","2021-04-05",17170.2712173311
"2842","oreiManure","rosemount","408","2021-04-22",12013.7981373444
"2843","oreiManure","rosemount","408","2021-04-29",15675.4524986354
"2844","oreiManure","rosemount","408","2021-05-18",20198.8041337916
"2845","oreiManure","rosemount","408","2021-06-01",35650.0337598608
"2846","oreiManure","rosemount","408","2021-06-15",6578.18452363147
"2847","oreiManure","rosemount","408","2021-07-08",8030.6858522517
"2848","oreiManure","rosemount","408","2021-07-16",-9864.08278921871
"2849","oreiManure","rosemount","408","2021-08-10",8719.3222485233
"2850","oreiManure","rosemount","408","2021-09-10",7869.88367282278
"2851","oreiManure","rosemount","408","2021-10-14",1107.64683526459
"2852","oreiManure","rosemount","408","2021-10-25",1658.51483399191
