"experiment","site","plot","date","n2o.e.kghyr"
"atat","r100","1101","2023-05-16",-3.48504334287571
"atat","r100","1101","2023-05-31",5.47638499736712
"atat","v08","1101","2023-06-14",0.0864568293402242
"atat","r100","1101","2023-06-27",1.25695844250334
"atat","r100","1101","2023-07-10",5.32427873514517
"atat","r100","1101","2023-07-24",1.56752068867838
"atat","r100","1101","2023-08-07",8.92240084140236
"atat","r100","1101","2023-08-21",-10.3872726213342
"atat","r100","1102","2023-05-16",-4.28928411430849
"atat","r100","1102","2023-05-31",-1.00680914371623
"atat","v08","1102","2023-06-14",-7.3107153178941
"atat","r100","1102","2023-06-27",-8.04392704086253
"atat","r100","1102","2023-07-10",2.42577199405833
"atat","r100","1102","2023-07-24",-8.15909159996367
"atat","r100","1102","2023-08-07",1.69197388867973
"atat","r100","1102","2023-08-21",0.580481429731283
"ATAT","r100","1103","2022-09-02",10.3549129048066
"ATAT","r100","1103","2022-09-08",-9.41906289450239
"ATAT","r100","1103","2022-09-15",1.27095194019899
"ATAT","r100","1103","2022-09-27",7.23530690761077
"ATAT","r100","1103","2022-10-11",-6.70096474196861
"ATAT","r100","1103","2022-10-27",-25.8454206511629
"atat","r100","1103","2023-05-16",0.806876330244619
"atat","r100","1103","2023-05-31",-10.5031964461397
"atat","v08","1103","2023-06-14",4.02252853463589
"atat","r100","1103","2023-06-27",-20.566376986727
"atat","r100","1103","2023-07-10",0.72537399804902
"atat","r100","1103","2023-07-24",15.4839975614135
"atat","r100","1103","2023-08-07",-4.41905747058599
"atat","r100","1103","2023-08-21",0.467613051500096
"atat","r100","1104","2023-05-16",14.523773944404
"atat","r100","1104","2023-05-31",-2.44236603467021
"atat","v08","1104","2023-06-14",8.40177485252246
"atat","r100","1104","2023-06-28",-20.3731520293158
"atat","r100","1104","2023-07-10",-4.30012098751155
"atat","r100","1104","2023-07-24",6.37598811492704
"atat","r100","1104","2023-08-07",11.5026853814869
"atat","r100","1104","2023-08-21",-1.47444141429355
"ATAT","r100","1105","2022-09-27",11.2013742108383
"ATAT","r100","1105","2022-10-11",0.837390315807045
"ATAT","r100","1105","2022-10-27",-0.207149850390513
"atat","r100","1105","2023-05-16",13.2906192872785
"atat","r100","1105","2023-05-31",-5.30571325552652
"atat","v08","1105","2023-06-14",0.0700990594886364
"atat","r100","1105","2023-06-27",8.35023306250202
"atat","r100","1105","2023-07-10",3.82854624186015
"atat","r100","1105","2023-07-24",1.45074799609815
"atat","r100","1105","2023-08-07",-4.76344690960349
"atat","r100","1105","2023-08-21",-6.11881217102214
"ATAT","r100","1106","2022-09-02",5.00856426985753
"ATAT","r100","1106","2022-09-08",-1.6342460334189
"ATAT","r100","1106","2022-09-15",0.160463355751649
"ATAT","r100","1106","2022-09-27",-2.25164868833038
"ATAT","r100","1106","2022-10-11",-0.200782732035365
"ATAT","r100","1106","2022-10-27",8.49314386601082
"atat","r100","1106","2023-05-16",-6.94548832514866
"atat","r100","1106","2023-05-31",4.06589575819138
"atat","v08","1106","2023-06-14",4.48641976105913
"atat","r100","1106","2023-06-27",2.35484482104801
"atat","r100","1106","2023-07-10",-1.67212228648778
"atat","r100","1106","2023-07-24",-7.80637348502101
"atat","r100","1106","2023-08-07",9.74975565712304
"atat","r100","1106","2023-08-21",2.01968399914761
"ATAT","r100","1107","2022-09-27",-0.853610099755209
"ATAT","r100","1107","2022-10-11",-5.32940069641051
"ATAT","r100","1107","2022-10-27",25.4794315980328
"atat","r100","1107","2023-05-16",4.1462975361936
"atat","r100","1107","2023-05-31",6.65850809059868
"atat","v08","1107","2023-06-14",-5.34414916000135
"atat","r100","1107","2023-06-27",9.74975565712298
"atat","r100","1107","2023-07-10",5.01013983750114
"atat","r100","1107","2023-07-24",0.914527520356905
"atat","r100","1107","2023-08-07",-4.51987147670261
"atat","r100","1107","2023-08-21",-1.5567159217125
"atat","r100","1108","2023-05-16",13.445646701551
"atat","r100","1108","2023-05-31",1.40283915450035
"atat","v08","1108","2023-06-14",-29.4888282858706
"atat","r100","1108","2023-06-27",25.8374742623441
"atat","r100","1108","2023-07-10",-4.69140450002489
"atat","r100","1108","2023-07-24",-1.60324474800054
"atat","r100","1108","2023-08-07",8.5280959189467
"atat","r100","1109","2023-05-16",0.842225828451962
"atat","r100","1109","2023-05-31",8.53337843454156
"atat","v08","1109","2023-06-14",18.1829928107006
"atat","r100","1109","2023-06-27",22.2001227096389
"atat","r100","1109","2023-07-10",5.41765348588747
"atat","r100","1109","2023-07-24",-2.29943615708834
"atat","r100","1109","2023-08-07",-3.4743496729151
"atat","r100","1109","2023-08-21",-4.2403676374515
"ATAT","r100","1110","2022-09-27",16.8604970883417
"ATAT","r100","1110","2022-10-11",-7.073526564272
"ATAT","r100","1110","2022-10-27",-3.31439760624821
"atat","r100","1110","2023-05-16",-5.37230528193486
"atat","r100","1110","2023-05-31",11.4683306125287
"atat","v08","1110","2023-06-14",-0.758820067209229
"atat","r100","1110","2023-06-27",15.7544951250497
"atat","r100","1110","2023-07-10",-3.92563145475334
"atat","r100","1110","2023-07-25",-7.97069722682342
"atat","r100","1110","2023-08-07",10.2557245418081
"atat","r100","1110","2023-08-21",10.5495746820228
"ATAT","r100","1201","2022-09-02",-12.1481209354229
"ATAT","r100","1201","2022-09-08",1.14828951853549
"ATAT","r100","1201","2022-09-15",-1.55159767110684
"ATAT","r100","1201","2022-09-27",-20.8400519620699
"ATAT","r100","1201","2022-10-11",0.999426500835585
"ATAT","r100","1201","2022-10-27",-5.61007792594949
"atat","r100","1201","2023-05-16",-11.7629624041747
"atat","r100","1201","2023-05-31",7.55230953836862
"atat","R100","1201","2023-06-14",19.9329514148763
"atat","r100","1201","2023-06-28",-12.3721037304183
"atat","r100","1201","2023-07-10",-1.96565792890119
"atat","r100","1201","2023-07-24",3.46613092583032
"atat","r100","1201","2023-08-07",-5.61810883528382
"atat","r100","1201","2023-08-21",-1.12828489594079
"atat","r100","1202","2023-05-16",-5.41817343741974
"atat","r100","1202","2023-05-31",4.54301277141422
"atat","R100","1202","2023-06-14",-1.55154961758154
"atat","r100","1202","2023-06-27",4.55007326048986
"atat","r100","1202","2023-07-10",6.6523324940218
"atat","r100","1202","2023-07-24",3.90989877518573
"atat","r100","1202","2023-08-07",2.73858290359882
"atat","r100","1202","2023-08-21",-10.7518913613171
"atat","r100","1203","2023-05-16",-1.46964101900041
"atat","r100","1203","2023-05-31",14.0543734213522
"atat","R100","1203","2023-06-14",-0.112856650785646
"atat","r100","1203","2023-06-27",-10.0892928819559
"atat","r100","1203","2023-07-10",-5.39048609552077
"atat","r100","1203","2023-07-24",2.59600729795097
"atat","r100","1203","2023-08-07",-1.47302856429401
"atat","r100","1203","2023-08-21",2.18313834750582
"atat","r100","1204","2023-05-16",-4.13468097137481
"atat","r100","1204","2023-05-31",-13.0269018317786
"atat","R100","1204","2023-06-14",6.79258965093977
"atat","r100","1204","2023-06-27",-0.42154654460391
"atat","r100","1204","2023-07-10",-10.515451286551
"atat","r100","1204","2023-07-24",-10.8042119625998
"atat","r100","1204","2023-08-07",2.90756426374634
"atat","r100","1204","2023-08-21",-0.593487816585677
"ATAT","r100","1205","2022-09-27",-9.94164768555626
"ATAT","r100","1205","2022-10-11",3.2064894960008
"ATAT","r100","1205","2022-10-27",10.8408421704367
"atat","r100","1205","2023-05-16",-1.25011216010529
"atat","r100","1205","2023-05-31",-14.5298278976491
"atat","R100","1205","2023-06-14",-9.10754840390887
"atat","r100","1205","2023-06-27",-44.8116586897493
"atat","r100","1205","2023-07-10",-7.42984827984896
"atat","r100","1205","2023-07-24",0.154688535114939
"atat","r100","1205","2023-08-07",-5.53921962146594
"atat","r100","1205","2023-08-21",9.41394760952062
"ATAT","r100","1206","2022-09-27",-34.0078881770859
"ATAT","r100","1206","2022-10-11",2.086379504833
"ATAT","r100","1206","2022-10-27",12.7079268224131
"atat","r100","1206","2023-05-16",-7.3839365579925
"atat","r100","1206","2023-05-31",1.2858024553457
"atat","R100","1206","2023-06-14",4.1934035816558
"atat","r100","1206","2023-06-27",-3.41288437291286
"atat","r100","1206","2023-07-10",4.57763902451806
"atat","r100","1206","2023-08-07",-10.6145528160664
"atat","r100","1207","2023-05-16",6.21863650501662
"atat","r100","1207","2023-05-31",0.918975927420331
"atat","R100","1207","2023-06-14",-17.8874871530007
"atat","r100","1207","2023-06-27",0.260424466840251
"atat","r100","1207","2023-07-10",-12.0509493123972
"atat","r100","1207","2023-07-25",2.95699856110081
"atat","r100","1207","2023-08-07",-4.97966675321636
"atat","r100","1207","2023-08-21",-4.94573180488036
"ATAT","r100","1208","2022-09-27",-3.12318547373496
"ATAT","r100","1208","2022-10-11",-8.12708686998844
"ATAT","r100","1208","2022-10-27",-5.66209591067404
"atat","r100","1208","2023-05-16",1.08877135163285
"atat","r100","1208","2023-05-31",-19.0298763391174
"atat","R100","1208","2023-06-14",-0.922938394735127
"atat","r100","1208","2023-06-27",8.63172426568697
"atat","r100","1208","2023-07-10",-6.64107830922735
"atat","r100","1208","2023-07-24",-3.46160818749823
"atat","r100","1208","2023-08-07",-2.16222372179135
"atat","r100","1208","2023-08-21",10.6827806985414
"ATAT","r100","1209","2022-09-02",-12.8146743979341
"ATAT","r100","1209","2022-09-08",7.59632938119824
"ATAT","r100","1209","2022-09-15",5.44641522915155
"ATAT","r100","1209","2022-09-27",-3.83180477458754
"ATAT","r100","1209","2022-10-11",8.45630527506041
"ATAT","r100","1209","2022-10-27",2.30649205134893
"atat","r100","1209","2023-05-16",3.62686999024549
"atat","r100","1209","2023-05-31",-4.74260895957318
"atat","R100","1209","2023-06-14",-12.6054788714556
"atat","r100","1209","2023-06-28",-2.14464205715422
"atat","r100","1209","2023-07-10",-3.49169425638709
"atat","r100","1209","2023-07-25",-1.61970669761334
"atat","r100","1209","2023-08-07",-5.70040799381337
"atat","r100","1209","2023-08-21",26.3112932019632
"atat","r100","1210","2023-05-16",1.29399716052893
"atat","r100","1210","2023-05-31",-7.38746846102359
"atat","R100","1210","2023-06-14",2.58484728005107
"atat","r100","1210","2023-06-27",9.02112536037961
"atat","r100","1210","2023-07-10",-0.959135145718667
"atat","r100","1210","2023-07-24",-14.2582395595064
"atat","r100","1210","2023-08-07",-0.195026750374808
"atat","r100","1210","2023-08-21",-3.61525099299991
"ATAT","r100","1301","2022-09-02",-6.9644722580978
"ATAT","r100","1301","2022-09-08",12.4632441482983
"ATAT","r100","1301","2022-09-15",-8.85581576049637
"ATAT","r100","1301","2022-09-27",-3.13410879407037
"ATAT","r100","1301","2022-10-11",2.05746069259767
"ATAT","r100","1301","2022-10-27",-1.19324299766325
"atat","r100","1301","2023-05-17",-3.88356959265239
"atat","r100","1301","2023-05-31",-15.3010492186147
"atat","R100","1301","2023-06-14",1.64937251342112
"atat","r100","1301","2023-06-28",10.3432094088536
"atat","r100","1301","2023-07-10",8.03626534591098
"atat","r100","1301","2023-07-25",12.3050560582041
"atat","r100","1301","2023-08-07",4.89850215211995
"atat","r100","1301","2023-08-21",3.6450654228168
"atat","r100","1302","2023-05-17",16.4881375688048
"atat","r100","1302","2023-05-31",0.0642901227672634
"atat","R100","1302","2023-06-14",11.1877288333804
"atat","r100","1302","2023-06-27",6.25574317169401
"atat","r100","1302","2023-07-10",0.96738296469493
"atat","r100","1302","2023-07-25",3.28966395739721
"atat","r100","1302","2023-08-07",-0.979700430424049
"atat","r100","1302","2023-08-21",0.745370345999864
"atat","r100","1303","2023-05-17",8.97855023712443
"atat","r100","1303","2023-05-31",-6.88960369116754
"atat","R100","1303","2023-06-14",21.269881185751
"atat","r100","1303","2023-06-27",-10.3904728849922
"atat","r100","1303","2023-07-10",8.51297008931563
"atat","r100","1303","2023-07-25",0.0702213547643499
"atat","r100","1303","2023-08-07",5.3968856933086
"atat","r100","1303","2023-08-21",1.90013599793776
"ATAT","r100","1304","2022-09-27",1.55742963334082
"ATAT","r100","1304","2022-10-11",-3.77396303486781
"ATAT","r100","1304","2022-10-27",-6.69784516262658
"atat","r100","1304","2023-05-17",2.65717919497259
"atat","r100","1304","2023-05-31",-3.27879626113172
"atat","R100","1304","2023-06-14",-1.06810893637294
"atat","r100","1304","2023-06-27",-22.0611814733799
"atat","r100","1304","2023-07-10",15.026682051595
"atat","r100","1304","2023-07-24",-0.192870368301942
"atat","r100","1304","2023-08-08",-9.77865214658268
"atat","r100","1304","2023-08-21",4.06235971972904
"ATAT","r100","1305","2022-09-27",-4.83016507072144
"ATAT","r100","1305","2022-10-11",-5.11381558042565
"ATAT","r100","1305","2022-10-27",-4.80015653208741
"atat","r100","1305","2023-05-17",-5.42460679449577
"atat","r100","1305","2023-05-31",10.8650307476717
"atat","R100","1305","2023-06-14",-3.09999021563111
"atat","r100","1305","2023-06-27",-1.22921539001242
"atat","r100","1305","2023-07-10",31.0857069686831
"atat","r100","1305","2023-07-24",-5.72182092628877
"atat","r100","1305","2023-08-07",-6.83614225455787
"atat","r100","1305","2023-08-21",-3.75214071677946
"atat","r100","1306","2023-05-17",8.98138530581266
"atat","r100","1306","2023-05-31",12.0865430802502
"atat","R100","1306","2023-06-14",1.56828207021898
"atat","r100","1306","2023-06-27",-14.6858891333056
"atat","r100","1306","2023-07-10",-5.43442593479155
"atat","r100","1306","2023-07-24",-9.51493816955877
"atat","r100","1306","2023-08-07",9.31017468954067
"atat","r100","1306","2023-08-21",-8.14965618588929
"ATAT","r100","1307","2022-09-02",30.2862967417875
"ATAT","r100","1307","2022-09-08",11.803813240981
"ATAT","r100","1307","2022-09-15",-11.2461697130036
"ATAT","r100","1307","2022-09-27",-29.7365111321451
"ATAT","r100","1307","2022-10-11",-8.29621247015209
"atat","r100","1307","2023-05-17",2.03062769372714
"atat","r100","1307","2023-05-31",20.1870985489285
"atat","R100","1307","2023-06-14",-3.64594253576428
"atat","r100","1307","2023-06-28",43.1442275269199
"atat","r100","1307","2023-07-10",0.905737655798536
"atat","r100","1307","2023-07-24",-7.14560909780353
"atat","r100","1307","2023-08-07",1.82297126788204
"atat","r100","1307","2023-08-21",5.12708322643608
"atat","r100","1308","2023-05-16",-13.5778170406365
"atat","r100","1308","2023-05-31",19.9019292591675
"atat","R100","1308","2023-06-14",-1.95318350130236
"atat","r100","1308","2023-06-27",3.02057502153785
"atat","r100","1308","2023-07-10",17.3283487138227
"atat","r100","1308","2023-07-24",-1.3253690575422
"atat","r100","1308","2023-08-07",-6.50644604011192
"atat","r100","1308","2023-08-21",-16.1700317141449
"ATAT","r100","1309","2022-09-27",-15.5086278913601
"ATAT","r100","1309","2022-10-11",34.8452446637632
"ATAT","r100","1309","2022-10-27",5.37292657048344
"atat","r100","1309","2023-05-16",-2.56354161321817
"atat","r100","1309","2023-05-31",-9.27673813065549
"atat","R100","1309","2023-06-14",5.27359545351599
"atat","r100","1309","2023-06-27",-1.34751527090755
"atat","r100","1309","2023-07-10",1.6225045612193
"atat","r100","1309","2023-07-24",3.49087192157644
"atat","r100","1309","2023-08-07",7.94018209240449
"atat","r100","1309","2023-08-21",4.66696037278157
"atat","r100","1310","2023-05-16",-4.99561955396348
"atat","r100","1310","2023-05-31",-13.5869337760743
"atat","R100","1310","2023-06-14",-1.33321727901312
"atat","r100","1310","2023-06-28",-12.6572707962883
"atat","r100","1310","2023-07-10",5.4038076869361
"atat","r100","1310","2023-07-24",2.5311071155022
"atat","r100","1310","2023-08-07",-1.37158060259355
"atat","r100","1310","2023-08-21",-16.4986908953267
"atat","r100","1401","2023-05-17",3.81543679278126
"atat","r100","1401","2023-06-01",-0.374992242030897
"atat","R100","1401","2023-06-15",5.71537400589965
"atat","r100","1401","2023-06-28",19.8567308013978
"atat","r100","1401","2023-07-11",-5.81633548174877
"atat","r100","1401","2023-07-25",5.04727461249644
"atat","r100","1401","2023-08-08",2.36634610450889
"atat","r100","1401","2023-08-21",5.86327947523718
"atat","r100","1402","2023-05-17",9.54932546291917
"atat","r100","1402","2023-06-01",1.29391093685505
"atat","R100","1402","2023-06-15",4.95141251777244
"atat","r100","1402","2023-06-28",4.97772748209122
"atat","r100","1402","2023-07-11",-1.79449180887869
"atat","r100","1402","2023-07-25",-2.49879515331196
"atat","r100","1402","2023-08-08",-5.43846056015728
"atat","r100","1402","2023-08-21",1.43948021941718
"atat","r100","1403","2023-05-17",10.4804437220993
"atat","r100","1403","2023-06-01",-12.5839091596951
"atat","R100","1403","2023-06-15",-2.79456481428396
"atat","r100","1403","2023-06-28",31.4918929058511
"atat","r100","1403","2023-07-11",1.72763076415085
"atat","r100","1403","2023-07-25",-2.97599515476681
"atat","r100","1403","2023-08-08",3.95658544390421
"atat","r100","1403","2023-08-21",1.63804827408426
"ATAT","r100","1404","2022-09-02",-22.3477764514078
"ATAT","r100","1404","2022-09-08",-0.305044399043925
"ATAT","r100","1404","2022-09-15",3.91581228591171
"ATAT","r100","1404","2022-09-27",20.7992572111946
"ATAT","r100","1404","2022-10-11",14.1451559449979
"ATAT","r100","1404","2022-10-27",-9.17238779106923
"atat","r100","1404","2023-05-17",12.6154593024267
"atat","r100","1404","2023-06-01",-13.0919161222051
"atat","R100","1404","2023-06-15",1.82144074434277
"atat","r100","1404","2023-06-28",-31.7001547992442
"atat","r100","1404","2023-07-11",-0.871260835718938
"atat","r100","1404","2023-07-25",3.99851625407245
"atat","r100","1404","2023-08-08",2.51816760954345
"atat","r100","1404","2023-08-21",2.16222372179127
"ATAT","r100","1405","2022-09-27",-15.269347642824
"ATAT","r100","1405","2022-10-11",-1.48862388770601
"ATAT","r100","1405","2022-10-27",1.44172729446817
"atat","r100","1405","2023-06-01",-9.70804997908591
"atat","R100","1405","2023-06-15",3.21081212451355
"atat","r100","1405","2023-06-28",5.41091446776862
"atat","r100","1405","2023-07-11",3.0728857670008
"atat","r100","1405","2023-07-25",-2.17518965470171
"atat","r100","1405","2023-08-08",4.30012098751153
"atat","r100","1405","2023-08-21",3.86579392683895
"ATAT","r100","1406","2022-09-27",8.58473278375792
"ATAT","r100","1406","2022-10-11",-28.4469542250764
"ATAT","r100","1406","2022-10-27",-11.7948868997253
"atat","r100","1406","2023-05-17",0.33953653286742
"atat","r100","1406","2023-06-01",-11.2290412222826
"atat","R100","1406","2023-06-15",0.396366906614769
"atat","r100","1406","2023-06-28",32.7099310631414
"atat","r100","1406","2023-07-11",4.62401573899653
"atat","r100","1406","2023-07-25",0.0831416605188594
"atat","r100","1406","2023-08-08",-2.85389708973232
"atat","r100","1406","2023-08-21",7.73158785367796
"atat","r100","1407","2023-05-16",-2.23488243203631
"atat","r100","1407","2023-06-01",-4.45549130550935
"atat","R100","1407","2023-06-15",0.415443388751298
"atat","r100","1407","2023-06-28",31.9823990048926
"atat","r100","1407","2023-07-11",-2.33047783170958
"atat","r100","1407","2023-07-25",-4.56459871647752
"atat","r100","1407","2023-08-08",0.327838234381883
"atat","r100","1407","2023-08-21",5.76592992477668
"ATAT","r100","1408","2022-09-02",-15.2987970497631
"ATAT","r100","1408","2022-09-08",4.00964201041801
"ATAT","r100","1408","2022-09-15",-2.31544976250629
"ATAT","r100","1408","2022-09-27",46.7567753217318
"ATAT","r100","1408","2022-10-11",13.609397361929
"ATAT","r100","1408","2022-10-27",-11.687047933785
"atat","r100","1408","2023-05-17",-0.543258452587953
"atat","r100","1408","2023-06-01",-3.089396303109
"atat","R100","1408","2023-06-15",8.73114582177867
"atat","r100","1408","2023-06-28",-15.1669108682996
"atat","r100","1408","2023-07-11",1.7919818935528
"atat","r100","1408","2023-07-25",31.437870033204
"atat","r100","1408","2023-08-08",-0.0587686169866386
"atat","r100","1408","2023-08-21",7.14189047500759
"atat","r100","1409","2023-05-17",5.16095529958517
"atat","r100","1409","2023-06-01",-9.89146360976064
"atat","R100","1409","2023-06-15",-4.61125291495753
"atat","r100","1409","2023-06-28",-15.2328539590313
"atat","r100","1409","2023-07-11",31.1273891880105
"atat","r100","1409","2023-07-25",2.50731478792416
"atat","r100","1409","2023-08-08",-4.90740947593684
"atat","r100","1409","2023-08-21",8.51785102523834
"ATAT","r100","1410","2022-09-27",33.3850719368362
"ATAT","r100","1410","2022-10-11",-2.29476279153276
"ATAT","r100","1410","2022-10-27",1.79319757749379
"atat","r100","1410","2023-05-17",-5.63630644559972
"atat","r100","1410","2023-06-01",4.72436603129844
"atat","R100","1410","2023-06-15",-0.407443839441043
"atat","r100","1410","2023-06-28",-5.52210869592033
"atat","r100","1410","2023-07-11",4.37734062580683
"atat","r100","1410","2023-07-25",-9.64351841509325
"atat","r100","1410","2023-08-08",6.74607683089924
"atat","r100","1410","2023-08-21",17.7564432910739
"eddyfluedddyflux","v08","1","2022-05-05",18.6035291173083
"eddyfluedddyflux","v08","13","2022-05-05",18.9409183641642
"eddyfluedddyflux","v08","14","2022-05-05",16.9768266433724
"eddyfluedddyflux","v08","19","2022-05-05",22.8847623152661
"eddyfluedddyflux","v08","20","2022-05-05",2.92971039445698
"eddyfluedddyflux","v08","25","2022-05-05",-12.3591297963753
"eddyfluedddyflux","v08","28","2022-05-05",4.42863199162106
"eddyfluedddyflux","v08","29","2022-05-05",12.4395294316359
"eddyfluedddyflux","v08","32","2022-05-05",-0.3282871547923
"eddyfluedddyflux","i10","33","2022-05-04",17.5756302520687
"eddyfluedddyflux","i10","36","2022-05-04",-10.3906889473242
"eddyfluedddyflux","i10","37","2022-05-04",4.84125798146795
"eddyfluedddyflux","v08","4","2022-05-05",0.611165759161416
"eddyfluedddyflux","i10","40","2022-05-04",-1.63518719690632
"eddyfluedddyflux","i10","45","2022-05-04",-7.97645567495997
"eddyfluedddyflux","i10","46","2022-05-04",-4.28096996407354
"eddyfluedddyflux","v08","5","2022-05-05",4.13621595699193
"eddyfluedddyflux","i10","51","2022-05-04",-8.0476199266035
"eddyfluedddyflux","i10","52","2022-05-04",47.4806352373186
"eddyfluedddyflux","i10","57","2022-05-04",2.9159655572605
"eddyfluedddyflux","i10","60","2022-05-04",19.0255962129697
"eddyfluedddyflux","i10","61","2022-05-04",-3.42368649678538
"eddyfluedddyflux","i10","64","2022-05-04",-3.16026562679175
"eddyfluedddyflux","v08","8","2022-05-05",-21.3908015706495
"eddyflux","v08","1","2022-05-16",-3.56232800451311
"eddyflux","v08","1","2022-06-01",-7.68135756858723
"eddyflux","v08","1","2022-06-16",81.1701428079678
"eddyflux","v08","1","2022-06-28",60.4852014135358
"eddyflux","v08","1","2022-07-14",7.19817449678992
"eddyflux","v08","1","2022-09-19",3.63136883807927
"eddyflux","v08","1","2022-10-03",8.54497446326
"eddyflux","v08","1","2022-10-21",-1.73868689481157
"eddyflux","v08","1","2023-05-24",-16.2837391691916
"eddyflux","v08","1","2023-06-09",-22.9929354494911
"eddyflux","v08","1","2023-06-19",-4.96022114565314
"eddyflux","v08","1","2023-07-05",6.4511941244815
"eddyflux","v08","1","2023-07-17",7.26202940517259
"eddyflux","v08","1","2023-08-04",11.9799442670917
"eddyflux","v08","1","2023-08-15",1.0693686343669
"eddyflux","v08","1","2023-08-30",17.5101295668713
"eddyflux","v08","1","2023-09-12",19.086690866214
"eddyflux","v08","1","2023-10-09",14.0176928575946
"eddyflux","v08","1","2024-05-29",-10.2637827434881
"eddyflux","v08","1","2024-06-10",23.0812368735593
"eddyflux","v08","1","2024-06-27",1.07068596152939
"eddyflux","v08","1","2024-07-16",18.2164111543102
"eddyflux","v08","1","2024-08-19",8.19476988244061
"eddyflux","v08","1","2024-09-06",-6.57026567762876
"eddyflux","v08","1","2024-10-07",-33.8363663908602
"eddyflux","v08","1","2024-10-28",16.844179748566
"eddyflux","v08","13","2022-05-16",64.9811276266663
"eddyflux","v08","13","2022-06-01",1.61326766004154
"eddyflux","v08","13","2022-06-28",-6.23034458501142
"eddyflux","v08","13","2022-07-14",1.34479388374103
"eddyflux","v08","13","2022-08-03",-1.61496914193658
"eddyflux","v08","13","2022-09-19",-1.91016450592888
"eddyflux","v08","13","2022-10-03",-15.1644567500791
"eddyflux","v08","13","2022-10-21",1.2816682445694
"eddyflux","v08","13","2023-05-08",-1.01524951416046
"eddyflux","v08","13","2023-05-24",-7.24211320101039
"eddyflux","v08","13","2023-06-09",-13.4260903145717
"eddyflux","v08","13","2023-06-19",12.6378134758385
"eddyflux","v08","13","2023-07-05",3.28551344290907
"eddyflux","v08","13","2023-07-17",-0.0665850809060489
"eddyflux","v08","13","2023-08-04",1.27338122143531
"eddyflux","v08","13","2023-08-15",1.49396074461678
"eddyflux","v08","13","2023-09-12",-1.62664680227036
"eddyflux","i10","13","2023-10-23",9.2221312429504
"eddyflux","v08","13","2024-05-29",-0.626844880591943
"eddyflux","v08","13","2024-06-10",97.6416851374893
"eddyflux","v08","13","2024-06-27",5.5480759641187
"eddyflux","v08","13","2024-07-16",26.3525233840737
"eddyflux","v08","13","2024-08-19",-38.6730691026697
"eddyflux","v08","13","2024-09-06",6.12856574992837
"eddyflux","v08","13","2024-10-07",0.0106724745050163
"eddyflux","v08","13","2024-10-28",56.0646083014572
"eddyflux","v08","14","2022-05-16",43.5548156540108
"eddyflux","v08","14","2022-06-01",9.77034596034055
"eddyflux","v08","14","2022-06-28",-1.33170161811985
"eddyflux","v08","14","2022-07-14",10.5910333450379
"eddyflux","v08","14","2022-08-03",15.251542875462
"eddyflux","v08","14","2022-09-19",2.92718122194959
"eddyflux","v08","14","2022-10-03",-4.15907971133142
"eddyflux","v08","14","2022-10-21",10.959042157823
"eddyflux","v08","14","2023-05-08",-0.938280900004969
"eddyflux","v08","14","2023-05-24",-21.0408855662922
"eddyflux","v08","14","2023-06-19",6.3305367102468
"eddyflux","v08","14","2023-07-05",28.0080132992334
"eddyflux","v08","14","2023-07-17",-13.8339470822341
"eddyflux","v08","14","2023-08-04",-0.0653133620283215
"eddyflux","v08","14","2023-08-15",10.4707162299249
"eddyflux","v08","14","2023-08-30",-15.5329874374739
"eddyflux","v08","14","2023-09-12",-9.66842205323747
"eddyflux","v08","14","2023-10-09",-4.12234497562115
"eddyflux","i10","14","2023-10-23",-9.10966591975561
"eddyflux","v08","14","2024-05-29",8.07474231753604
"eddyflux","v08","14","2024-06-10",-36.0336216067684
"eddyflux","v08","14","2024-06-27",31.4710912901046
"eddyflux","v08","14","2024-07-16",-38.0723510823355
"eddyflux","v08","14","2024-08-19",-10.4384429881338
"eddyflux","v08","14","2024-10-07",7.58339896017818
"eddyflux","v08","14","2024-10-28",-89.3593503904164
"eddyflux","v08","19","2022-05-16",-8.94528646603266
"eddyflux","v08","19","2022-06-01",6.06080174309057
"eddyflux","v08","19","2022-06-16",-2.44776117750657
"eddyflux","v08","19","2022-06-28",-1.89174456911602
"eddyflux","v08","19","2022-07-14",14.6494127217018
"eddyflux","v08","19","2022-08-03",-2.13805068767148
"eddyflux","v08","19","2022-09-19",-4.24159944634133
"eddyflux","v08","19","2022-10-03",-13.6584535146499
"eddyflux","v08","19","2022-10-21",9.26258566831719
"eddyflux","v08","19","2023-05-08",16.2720059932674
"eddyflux","v08","19","2023-05-24",-3.80770627650096
"eddyflux","v08","19","2023-06-19",17.2556477853287
"eddyflux","v08","19","2023-07-05",-3.31848498806085
"eddyflux","v08","19","2023-07-17",-0.386490695234534
"eddyflux","v08","19","2023-08-04",4.88888712421155
"eddyflux","v08","19","2023-08-15",4.7547613830865
"eddyflux","v08","19","2023-08-30",-0.226791074816504
"eddyflux","v08","19","2023-09-12",-6.62669102858535
"eddyflux","i10","19","2023-10-23",0.435016881765813
"eddyflux","v08","19","2024-05-29",-32.7853384699205
"eddyflux","v08","19","2024-06-10",-3.09413392923139
"eddyflux","v08","19","2024-06-27",-25.1125124938418
"eddyflux","v08","19","2024-07-16",23.4719066037752
"eddyflux","v08","19","2024-08-19",28.6207388453864
"eddyflux","v08","19","2024-09-06",-29.2956073427067
"eddyflux","v08","19","2024-10-07",-2.38434306143344
"eddyflux","v08","19","2024-10-28",29.0577180140306
"eddyflux","v08","20","2022-05-16",20.374099542965
"eddyflux","v08","20","2022-06-01",8.47366393417913
"eddyflux","v08","20","2022-06-16",3.11886216915509
"eddyflux","v08","20","2022-07-14",-8.48920375390838
"eddyflux","v08","20","2022-08-03",3.11971790172208
"eddyflux","v08","20","2022-09-19",8.44265026439125
"eddyflux","v08","20","2022-10-03",-6.73200281334276
"eddyflux","v08","20","2022-10-21",3.08272762786397
"eddyflux","v08","20","2023-05-08",-10.1191152463489
"eddyflux","v08","20","2023-05-24",12.6151636737815
"eddyflux","v08","20","2023-06-09",-4.64808932259267
"eddyflux","v08","20","2023-06-19",-7.15224772562958
"eddyflux","v08","20","2023-07-05",2.83854728639828
"eddyflux","v08","20","2023-07-17",-11.0588488946531
"eddyflux","v08","20","2023-08-04",-4.22900351313683
"eddyflux","v08","20","2023-08-15",10.7595307900666
"eddyflux","v08","20","2023-08-30",15.1610594114608
"eddyflux","v08","20","2023-09-12",5.26258665468299
"eddyflux","v08","20","2023-10-09",6.2778763940377
"eddyflux","i10","20","2023-10-23",9.19663477545895
"eddyflux","v08","20","2024-05-29",0.641403312896741
"eddyflux","v08","20","2024-06-10",40.5631486283625
"eddyflux","v08","20","2024-06-27",56.5334365479188
"eddyflux","v08","20","2024-07-16",-2.26457631978958
"eddyflux","v08","20","2024-08-19",4.5926428866504
"eddyflux","v08","20","2024-09-06",-17.3779468007564
"eddyflux","v08","20","2024-10-07",-18.4328024152649
"eddyflux","v08","20","2024-10-28",16.1050055088525
"eddyflux","i02","2101","2023-10-27",-2.38283642252383
"eddyflux","i02","2104","2023-10-27",-0.835167975014038
"eddyflux","i02","2105","2023-10-27",-3.63330848220034
"eddyflux","i02","2106","2023-10-27",1.37011590537777
"eddyflux","i02","2107","2023-10-27",-3.50060875612762
"eddyflux","i02","2112","2023-10-27",27.3077401665534
"eddyflux","i02","2112","2023-11-07",0.639674126690934
"eddyflux","i02","2201","2023-10-27",3.5760957807058
"eddyflux","i02","2201","2023-11-07",-0.873920989986413
"eddyflux","i02","2202","2023-10-27",1.72074311396125
"eddyflux","i02","2202","2023-11-07",-0.838005311851408
"eddyflux","i02","2203","2023-10-27",1.31366171288537
"eddyflux","i02","2203","2023-11-07",4.81649024690163
"eddyflux","i02","2204","2023-10-27",1.05709390423382
"eddyflux","i02","2204","2023-11-07",2.9352896085852
"eddyflux","i02","2205","2023-11-07",3.1669333533246
"eddyflux","i02","2206","2023-11-07",-1.59242819567105
"eddyflux","i02","2207","2023-11-07",-1.39781102830511
"eddyflux","i02","2208","2023-11-07",-8.32906337731696
"eddyflux","i02","2210","2023-11-07",3.97994430233454
"eddyflux","i02","2301","2023-11-07",-1.1458622501394
"eddyflux","i02","2302","2023-11-07",-2.24741456716683
"eddyflux","i02","2305","2023-11-07",0.946974916781742
"eddyflux","i02","2306","2023-11-07",-0.415855333383971
"eddyflux","i02","2307","2023-11-07",-1.65025228361898
"eddyflux","i02","2308","2023-11-07",-9.56666509263644
"eddyflux","i02","2310","2023-11-07",1.80354650021919
"eddyflux","i02","2311","2023-11-07",3.09019502985417
"eddyflux","i02","2312","2023-11-07",-1.39223384506604
"eddyflux","i02","2402","2023-11-07",-0.0702317052239987
"eddyflux","i02","2403","2023-11-07",1.62830993727108
"eddyflux","i02","2404","2023-11-07",-12.6417069403129
"eddyflux","i02","2405","2023-11-07",26.9942305315601
"eddyflux","i02","2406","2023-11-07",0.99577483758839
"eddyflux","i02","2409","2023-11-07",-2.843839026164
"eddyflux","i02","2410","2023-11-07",-6.95293881717219
"eddyflux","i02","2412","2023-11-07",-1.03737825012614
"eddyflux","v08","25","2022-05-16",2.54951578078838
"eddyflux","v08","25","2022-06-01",5.98694637846968
"eddyflux","v08","25","2022-06-16",5.18603975703882
"eddyflux","v08","25","2022-06-28",-1.94325894266641
"eddyflux","v08","25","2022-07-14",-2.36254146685296
"eddyflux","v08","25","2022-08-03",-2.54443366957272
"eddyflux","v08","25","2022-09-19",9.77208992511977
"eddyflux","v08","25","2022-10-03",7.92362462781248
"eddyflux","v08","25","2022-10-21",3.29645730267766
"eddyflux","v08","25","2023-05-08",1.21031449536687
"eddyflux","v08","25","2023-05-24",17.6356922280044
"eddyflux","v08","25","2023-06-09",-26.953932317971
"eddyflux","v08","25","2023-06-19",-1.58773698000431
"eddyflux","v08","25","2023-07-05",9.12215608412025
"eddyflux","v08","25","2023-07-17",-9.9736008256295
"eddyflux","v08","25","2023-08-04",3.93567139221681
"eddyflux","v08","25","2023-08-15",-0.199755242717957
"eddyflux","v08","25","2023-08-30",13.3283648023449
"eddyflux","v08","25","2023-09-12",-3.29474501516575
"eddyflux","v08","25","2023-10-09",0.137472153953318
"eddyflux","i10","25","2023-10-23",3.05529740743566
"eddyflux","v08","25","2024-05-29",-33.5176978997861
"eddyflux","v08","25","2024-06-10",-30.3887749485604
"eddyflux","v08","25","2024-06-27",5.30209606485274
"eddyflux","v08","25","2024-07-16",12.7698801237435
"eddyflux","v08","25","2024-08-19",14.1485301004232
"eddyflux","v08","25","2024-09-06",10.5163718666124
"eddyflux","v08","25","2024-10-07",-22.3336252137304
"eddyflux","v08","25","2024-10-28",10.5163718666117
"eddyflux","v08","28","2022-05-16",9.59745513413577
"eddyflux","v08","28","2022-06-01",8.20318714517282
"eddyflux","v08","28","2022-06-16",-6.88019358001861
"eddyflux","v08","28","2022-06-28",4.7067785930939
"eddyflux","v08","28","2022-07-14",-7.33927404393409
"eddyflux","v08","28","2022-08-03",9.59257758752577
"eddyflux","v08","28","2022-09-19",-9.81569007038979
"eddyflux","v08","28","2022-10-03",1.11575030394058
"eddyflux","v08","28","2022-10-21",2.54624764181417
"eddyflux","v08","28","2023-05-08",-9.17466449002309
"eddyflux","v08","28","2023-05-24",-12.8004867686569
"eddyflux","v08","28","2023-06-09",23.6885665938026
"eddyflux","v08","28","2023-06-19",2.02738149212952
"eddyflux","v08","28","2023-07-05",-13.2029526643556
"eddyflux","v08","28","2023-07-17",12.1184847248898
"eddyflux","v08","28","2023-08-04",-1.18449579345235
"eddyflux","v08","28","2023-08-15",-14.8599724153394
"eddyflux","v08","28","2023-09-12",-7.36688530221545
"eddyflux","v08","28","2023-10-09",-6.95376995848935
"eddyflux","i10","28","2023-10-23",-6.35005734496006
"eddyflux","v08","28","2024-05-29",-46.3091052983491
"eddyflux","v08","28","2024-06-10",54.8353675901935
"eddyflux","v08","28","2024-07-16",-13.0511945675293
"eddyflux","v08","28","2024-08-19",-23.6699567383124
"eddyflux","v08","28","2024-09-06",-0.602552037453394
"eddyflux","v08","28","2024-10-07",-27.3114285443299
"eddyflux","v08","28","2024-10-28",12.6348557704844
"eddyflux","v08","29","2022-05-16",46.3111018552059
"eddyflux","v08","29","2022-06-01",5.20863895730241
"eddyflux","v08","29","2022-06-16",-3.04316254500816
"eddyflux","v08","29","2022-06-28",-2.81391073576159
"eddyflux","v08","29","2022-07-14",-1.90500543082235
"eddyflux","v08","29","2022-08-03",-3.21057461720534
"eddyflux","v08","29","2022-09-19",4.89369272118121
"eddyflux","v08","29","2022-10-03",0.649212340764816
"eddyflux","v08","29","2022-10-21",-0.895986277691014
"eddyflux","v08","29","2023-05-08",-16.6138569630849
"eddyflux","v08","29","2023-05-24",33.4359603913353
"eddyflux","v08","29","2023-06-19",-0.862806096895828
"eddyflux","v08","29","2023-07-05",-17.8691031236954
"eddyflux","v08","29","2023-07-17",19.0433331391124
"eddyflux","v08","29","2023-08-04",-4.86415588149076
"eddyflux","v08","29","2023-08-15",-22.9130395235057
"eddyflux","v08","29","2023-08-30",-2.82885622380207
"eddyflux","v08","29","2023-09-12",-2.35338929654696
"eddyflux","v08","29","2023-10-09",5.37801512307762
"eddyflux","i10","29","2023-10-23",10.9903826172685
"eddyflux","v08","29","2024-05-29",-74.2929180957138
"eddyflux","v08","29","2024-06-10",9.33606333568338
"eddyflux","v08","29","2024-06-27",11.2675412856559
"eddyflux","v08","29","2024-07-16",-18.202209755555
"eddyflux","v08","29","2024-08-19",52.1947927821831
"eddyflux","v08","29","2024-09-06",-53.0844075085673
"eddyflux","v08","29","2024-10-07",13.4973972120212
"eddyflux","v08","29","2024-10-28",22.5937767495134
"eddyflux","v08","32","2022-05-16",-8.12491448669649
"eddyflux","v08","32","2022-06-01",-11.1984875392929
"eddyflux","v08","32","2022-06-16",-13.4957643300362
"eddyflux","v08","32","2022-07-14",-8.12181513674192
"eddyflux","v08","32","2022-08-03",10.294706190535
"eddyflux","v08","32","2022-09-19",-2.72998831714554
"eddyflux","v08","32","2022-10-03",-1.30913601492593
"eddyflux","v08","32","2022-10-21",-0.703725778758973
"eddyflux","v08","32","2023-05-08",-2.39218674823643
"eddyflux","v08","32","2023-05-24",-16.3445744403813
"eddyflux","v08","32","2023-06-09",4.60791295386296
"eddyflux","v08","32","2023-06-19",-2.58149819636925
"eddyflux","v08","32","2023-07-05",1.00202796750022
"eddyflux","v08","32","2023-07-17",3.72876453073539
"eddyflux","v08","32","2023-08-04",1.52158127250404
"eddyflux","v08","32","2023-08-15",-17.1662026583442
"eddyflux","v08","32","2023-08-30",5.78261370008675
"eddyflux","v08","32","2023-10-09",1.11228555954217
"eddyflux","i10","32","2023-10-23",8.98112713141712
"eddyflux","v08","32","2024-05-29",-41.9157185797941
"eddyflux","v08","32","2024-06-10",2.18641197799952
"eddyflux","v08","32","2024-06-27",-28.1206933221482
"eddyflux","v08","32","2024-07-16",23.5808835007062
"eddyflux","v08","32","2024-08-19",47.7819055081289
"eddyflux","v08","32","2024-09-06",9.19764009572874
"eddyflux","v08","32","2024-10-07",-10.4749738158268
"eddyflux","v08","32","2024-10-28",-9.02851046559991
"eddyflux","i10","33","2022-05-16",39.8139112420099
"eddyflux","i10","33","2022-06-08",6.10601237803191
"eddyflux","i10","33","2022-06-16",-3.2098148699616
"eddyflux","i10","33","2022-06-28",-11.0789311556979
"eddyflux","i10","33","2022-07-21",2.16915059579983
"eddyflux","i10","33","2022-08-01",-17.5010155052425
"eddyflux","i10","33","2022-08-31",-0.69414870137121
"eddyflux","i10","33","2022-09-21",-3.07732260417722
"eddyflux","i10","33","2022-10-07",4.44290267655246
"eddyflux","i10","33","2022-10-21",12.6307590226691
"eddyflux","i10","33","2023-05-08",-7.21097211751941
"eddyflux","i10","33","2023-05-25",17.648658641953
"eddyflux","i10","33","2023-06-09",11.6629037114802
"eddyflux","i10","33","2023-06-20",37.122904360699
"eddyflux","i10","33","2023-07-06",22.7575163663467
"eddyflux","i10","33","2023-07-17",2.19020009212008
"eddyflux","i10","33","2023-08-15",-4.66696037278174
"eddyflux","i10","33","2023-08-30",10.6816158546624
"eddyflux","i10","33","2023-09-12",-10.6291903158158
"eddyflux","i10","33","2023-10-02",16.0452952137457
"eddyflux","i10","33","2023-10-23",-1.50253529415484
"eddyflux","i10","33","2024-05-29",-71.997979120038
"eddyflux","i10","33","2024-06-10",-35.4272266198415
"eddyflux","i10","33","2024-06-27",4.50784524027272
"eddyflux","i10","33","2024-07-16",12.9770501461117
"eddyflux","i10","33","2024-07-29",90.1403302852503
"eddyflux","i10","33","2024-09-20",-8.24296617084264
"eddyflux","i10","33","2024-10-07",-11.0997850481259
"eddyflux","i10","33","2024-10-28",5.02963426039978
"eddyflux","i10","36","2022-05-16",18.5106524918645
"eddyflux","i10","36","2022-06-08",1.60120544679528
"eddyflux","i10","36","2022-06-16",41.784801777973
"eddyflux","i10","36","2022-06-28",11.5618244747566
"eddyflux","i10","36","2022-07-21",-10.4347840309064
"eddyflux","i10","36","2022-08-01",-10.5155682622846
"eddyflux","i10","36","2022-08-31",22.9958266287605
"eddyflux","i10","36","2022-09-21",10.4410471770475
"eddyflux","i10","36","2022-10-07",3.47589237356935
"eddyflux","i10","36","2022-10-21",0.754471400611595
"eddyflux","i10","36","2023-05-08",13.7831117475394
"eddyflux","i10","36","2023-05-25",-11.6911284515527
"eddyflux","i10","36","2023-06-09",13.762825573961
"eddyflux","i10","36","2023-06-20",16.2580451624672
"eddyflux","i10","36","2023-07-06",12.579950778361
"eddyflux","i10","36","2023-07-17",3.86300271941495
"eddyflux","i10","36","2023-08-15",-6.41710362751724
"eddyflux","i10","36","2023-08-30",6.01642046513323
"eddyflux","i10","36","2023-09-12",15.7192749638713
"eddyflux","i10","36","2023-10-02",3.56463187252104
"eddyflux","i10","36","2024-05-29",-20.2233754880883
"eddyflux","i10","36","2024-06-10",-3.33419885530244
"eddyflux","i10","36","2024-06-27",143.256747947402
"eddyflux","i10","36","2024-07-16",0.689380870994065
"eddyflux","i10","36","2024-07-29",31.0571135250451
"eddyflux","i10","36","2024-10-07",-14.1900477974574
"eddyflux","i10","36","2024-10-28",-36.796821526936
"eddyflux","i10","37","2022-05-16",0.211086266392316
"eddyflux","i10","37","2022-06-08",-0.199109099283676
"eddyflux","i10","37","2022-06-16",5.85948711972688
"eddyflux","i10","37","2022-06-28",-10.0560786567936
"eddyflux","i10","37","2022-07-21",-4.57464773424253
"eddyflux","i10","37","2022-08-01",-0.611217438989017
"eddyflux","i10","37","2022-08-31",16.277649767884
"eddyflux","i10","37","2022-09-21",-11.8782931992661
"eddyflux","i10","37","2022-10-07",5.15678736749464
"eddyflux","i10","37","2022-10-21",11.8837786503608
"eddyflux","i10","37","2023-05-08",-2.71238400750735
"eddyflux","i10","37","2023-05-25",20.6409766257384
"eddyflux","i10","37","2023-06-09",-32.2275433881832
"eddyflux","i10","37","2023-06-20",-1.40624169644993e-13
"eddyflux","i10","37","2023-07-06",5.77711866880498
"eddyflux","i10","37","2023-07-17",-6.49034821383781
"eddyflux","i10","37","2023-08-15",9.68907675594409
"eddyflux","i10","37","2023-08-30",3.14505268624188
"eddyflux","i10","37","2023-09-12",-4.56489759136334
"eddyflux","i10","37","2023-10-02",32.7681130270527
"eddyflux","i10","37","2023-10-23",-10.0884512607538
"eddyflux","i10","37","2024-05-29",20.8722226978151
"eddyflux","i10","37","2024-06-10",14.7913585711767
"eddyflux","i10","37","2024-06-27",0.677644346146914
"eddyflux","i10","37","2024-07-16",49.8966006424874
"eddyflux","i10","37","2024-07-29",-6.2882356001889
"eddyflux","i10","37","2024-09-20",19.9910059333907
"eddyflux","i10","37","2024-10-07",35.9467865023625
"eddyflux","i10","37","2024-10-28",-25.9307385944865
"eddyflux","v08","4","2022-05-16",41.4839578545101
"eddyflux","v08","4","2022-06-01",-0.355544362671617
"eddyflux","v08","4","2022-06-16",16.7373939975449
"eddyflux","v08","4","2022-07-14",2.21360796814248
"eddyflux","v08","4","2022-08-03",9.87650981641723
"eddyflux","v08","4","2022-09-19",0.982828964450482
"eddyflux","v08","4","2022-10-21",9.68251596293609
"eddyflux","v08","4","2023-05-08",-6.36690610717662
"eddyflux","v08","4","2023-06-09",29.6593833790899
"eddyflux","v08","4","2023-06-19",15.0908337117528
"eddyflux","v08","4","2023-07-05",36.3856391250978
"eddyflux","v08","4","2023-07-17",2.79657339805147
"eddyflux","v08","4","2023-08-04",6.4900182448774
"eddyflux","v08","4","2023-08-15",-0.250684186047307
"eddyflux","v08","4","2023-08-30",-9.83257569210003
"eddyflux","v08","4","2023-09-12",17.492236778664
"eddyflux","i10","4","2023-10-23",2.3846479954882
"eddyflux","v08","4","2024-05-29",60.1022867717546
"eddyflux","v08","4","2024-06-10",14.9209280364341
"eddyflux","v08","4","2024-06-27",-34.9009472704715
"eddyflux","v08","4","2024-07-16",30.0467767617496
"eddyflux","v08","4","2024-08-19",35.0240099126769
"eddyflux","v08","4","2024-10-07",3.95733696410452
"eddyflux","v08","4","2024-10-28",63.5695825283579
"eddyflux","i10","40","2022-05-16",10.4707152428645
"eddyflux","i10","40","2022-06-08",9.81444428445286
"eddyflux","i10","40","2022-06-16",6.24879427803201
"eddyflux","i10","40","2022-06-28",-17.0974665009938
"eddyflux","i10","40","2022-07-21",-8.67489327626678
"eddyflux","i10","40","2022-08-01",1.2143018288321
"eddyflux","i10","40","2022-08-31",0.74451631038417
"eddyflux","i10","40","2022-09-21",1.38787766217272
"eddyflux","i10","40","2022-10-07",4.7041126194751
"eddyflux","i10","40","2022-10-21",11.3943946575506
"eddyflux","i10","40","2023-05-08",8.78923067959021
"eddyflux","i10","40","2023-05-25",-7.44516310384241
"eddyflux","i10","40","2023-06-09",1.58842682220406
"eddyflux","i10","40","2023-06-20",-10.5734995637636
"eddyflux","i10","40","2023-07-06",2.37675573007207
"eddyflux","i10","40","2023-07-17",3.41603111445726
"eddyflux","i10","40","2023-08-15",14.2437075980551
"eddyflux","i10","40","2023-08-30",4.71534882184691
"eddyflux","i10","40","2023-09-12",1.30754875378975
"eddyflux","i10","40","2023-10-02",1.02515221641906
"eddyflux","i10","40","2023-10-23",0.623623130046606
"eddyflux","i10","40","2024-05-29",56.9041178687759
"eddyflux","i10","40","2024-06-10",23.1530730352431
"eddyflux","i10","40","2024-06-27",-15.064380939525
"eddyflux","i10","40","2024-07-16",12.1241395130387
"eddyflux","i10","40","2024-07-29",25.8621151496008
"eddyflux","i10","40","2024-09-20",-77.3781094411671
"eddyflux","i10","40","2024-10-07",-39.8975750259921
"eddyflux","i10","40","2024-10-28",-21.7091502083535
"eddyflux","i10","45","2022-05-16",7.79045446600047
"eddyflux","i10","45","2022-06-08",16.1638211739077
"eddyflux","i10","45","2022-06-16",3.86193469254723
"eddyflux","i10","45","2022-06-28",-5.39817550426523
"eddyflux","i10","45","2022-07-21",-3.61525099299985
"eddyflux","i10","45","2022-08-01",-9.00127945503181
"eddyflux","i10","45","2022-08-31",10.1227027803996
"eddyflux","i10","45","2022-09-21",-1.56705439703526
"eddyflux","i10","45","2022-10-07",-4.84616331525564
"eddyflux","i10","45","2022-10-21",-6.11165759161419
"eddyflux","i10","45","2023-05-08",8.41620863052956
"eddyflux","i10","45","2023-05-25",-11.1197085113
"eddyflux","i10","45","2023-06-09",15.2016165259236
"eddyflux","i10","45","2023-06-20",7.09656672139813
"eddyflux","i10","45","2023-07-06",-1.87268507701896
"eddyflux","i10","45","2023-07-17",6.24610704364822
"eddyflux","i10","45","2023-08-15",5.42436625925019
"eddyflux","i10","45","2023-08-30",-2.6765530873977
"eddyflux","i10","45","2023-09-12",-1.09012479793755
"eddyflux","i10","45","2023-10-02",14.8914465424449
"eddyflux","i10","45","2023-10-23",7.47962526412565
"eddyflux","i10","45","2024-05-29",-0.488968248585839
"eddyflux","i10","45","2024-06-10",64.5112654074643
"eddyflux","i10","45","2024-06-27",-12.4161063138729
"eddyflux","i10","45","2024-07-16",12.3597892354033
"eddyflux","i10","45","2024-07-29",-14.6642635590224
"eddyflux","i10","45","2024-09-20",9.76520244756833
"eddyflux","i10","45","2024-10-07",-8.05411455166881
"eddyflux","i10","45","2024-10-28",41.2153124650233
"eddyflux","i10","46","2022-05-16",5.76395327115907
"eddyflux","i10","46","2022-06-08",6.26914234703366
"eddyflux","i10","46","2022-06-16",1.88565306121584
"eddyflux","i10","46","2022-06-28",2.52415900255444
"eddyflux","i10","46","2022-07-21",-1.40742135000753
"eddyflux","i10","46","2022-08-01",4.93573355760274
"eddyflux","i10","46","2022-08-31",4.84125798146793
"eddyflux","i10","46","2022-09-21",7.35078550481466
"eddyflux","i10","46","2022-10-07",11.3314091378361
"eddyflux","i10","46","2023-05-08",8.38972019415436
"eddyflux","i10","46","2023-05-25",9.71435063649489
"eddyflux","i10","46","2023-06-09",-11.2290289292383
"eddyflux","i10","46","2023-06-20",7.08099763700169
"eddyflux","i10","46","2023-07-06",2.16408536912837
"eddyflux","i10","46","2023-07-17",4.63409405907444
"eddyflux","i10","46","2023-08-15",-6.66025216390563
"eddyflux","i10","46","2023-08-30",-3.29715453658694
"eddyflux","i10","46","2023-10-02",2.92617309682501
"eddyflux","i10","46","2023-10-23",30.3149637700072
"eddyflux","i10","46","2024-05-29",7.4038899140268
"eddyflux","i10","46","2024-06-10",69.59847089423
"eddyflux","i10","46","2024-06-27",-44.5128621989507
"eddyflux","i10","46","2024-07-16",-0.261696031813052
"eddyflux","i10","46","2024-07-29",-39.4834718580384
"eddyflux","i10","46","2024-09-20",-16.77600739755
"eddyflux","i10","46","2024-10-07",-11.4349698499441
"eddyflux","i10","46","2024-10-28",-10.5947539078797
"eddyflux","v08","5","2022-05-16",3.27096849335133
"eddyflux","v08","5","2022-06-01",5.87963177114593
"eddyflux","v08","5","2022-06-16",11.1141588600298
"eddyflux","v08","5","2022-06-28",-1.39340014360796
"eddyflux","v08","5","2022-07-14",8.28165780339972
"eddyflux","v08","5","2022-08-03",0.134921536617913
"eddyflux","v08","5","2022-09-19",-4.9164980156527
"eddyflux","v08","5","2022-10-03",-9.84239910675183
"eddyflux","v08","5","2022-10-21",3.77619933518748
"eddyflux","v08","5","2023-05-08",4.59131236997742
"eddyflux","v08","5","2023-05-24",-4.07443839440948
"eddyflux","v08","5","2023-06-09",-0.325530583550387
"eddyflux","v08","5","2023-06-19",-6.85863796392259
"eddyflux","v08","5","2023-07-05",11.1677446557635
"eddyflux","v08","5","2023-07-17",-13.3392904744446
"eddyflux","v08","5","2023-08-04",3.48188425938512
"eddyflux","v08","5","2023-08-15",2.47335156954946
"eddyflux","v08","5","2023-09-12",-11.0537615935645
"eddyflux","v08","5","2023-10-09",8.85878113380882
"eddyflux","i10","5","2023-10-23",-18.4100684859981
"eddyflux","v08","5","2024-05-29",11.0751697389161
"eddyflux","v08","5","2024-06-10",12.0980174361925
"eddyflux","v08","5","2024-06-27",-88.1048020218176
"eddyflux","v08","5","2024-07-16",27.9680246171161
"eddyflux","v08","5","2024-08-19",-29.9344694784069
"eddyflux","v08","5","2024-09-06",15.7746965766378
"eddyflux","v08","5","2024-10-07",29.1857795873554
"eddyflux","v08","5","2024-10-28",12.9545316458499
"eddyflux","i02","504","2023-04-13",10.4498477810772
"eddyflux","i02","506","2023-04-13",180.148624936777
"eddyflux","i02","509","2023-04-13",25.7704981827531
"eddyflux","i10","51","2022-05-16",22.0396617798819
"eddyflux","i10","51","2022-06-08",32.0848886791292
"eddyflux","i10","51","2022-06-28",-9.04704280855545
"eddyflux","i10","51","2022-07-21",3.06741569713487
"eddyflux","i10","51","2022-08-01",14.2547775038523
"eddyflux","i10","51","2022-08-31",8.11183088848912
"eddyflux","i10","51","2022-09-21",-1.22434151677525
"eddyflux","i10","51","2022-10-07",5.13268197823809
"eddyflux","i10","51","2022-10-21",-6.64306929843016
"eddyflux","i10","51","2023-05-08",0.931588065478463
"eddyflux","i10","51","2023-05-25",-2.8464137863573
"eddyflux","i10","51","2023-06-09",-8.51154816433097
"eddyflux","i10","51","2023-06-20",-15.2173240215131
"eddyflux","i10","51","2023-07-06",4.23321811862873
"eddyflux","i10","51","2023-07-17",11.6032521491467
"eddyflux","i10","51","2023-08-15",0.395658544390321
"eddyflux","i10","51","2023-08-30",-1.97829272195222
"eddyflux","i10","51","2023-09-12",9.60236328051202
"eddyflux","i10","51","2023-10-02",3.99802249132526
"eddyflux","i10","51","2023-10-23",-45.1421438533346
"eddyflux","i10","51","2024-05-29",12.9656907903912
"eddyflux","i10","51","2024-06-10",23.0074598141267
"eddyflux","i10","51","2024-06-27",14.3523640062117
"eddyflux","i10","51","2024-07-16",28.1408395965391
"eddyflux","i10","51","2024-07-29",-7.34311187956815
"eddyflux","i10","51","2024-09-20",17.5948823703218
"eddyflux","i10","51","2024-10-07",-18.1873349094833
"eddyflux","i10","51","2024-10-28",3.81878913265307
"eddyflux","i10","52","2022-05-16",11.1782689913506
"eddyflux","i10","52","2022-06-08",7.74014829562018
"eddyflux","i10","52","2022-06-16",0.530057565760169
"eddyflux","i10","52","2022-06-28",-12.4502451488916
"eddyflux","i10","52","2022-07-21",7.69561044574505
"eddyflux","i10","52","2022-08-01",6.41085149217425
"eddyflux","i10","52","2022-08-31",2.41237126994087
"eddyflux","i10","52","2022-09-21",-5.90012446904731
"eddyflux","i10","52","2022-10-07",-1.94649972919897
"eddyflux","i10","52","2022-10-21",-4.91965492181919
"eddyflux","i10","52","2023-05-08",1.14736996135
"eddyflux","i10","52","2023-05-25",11.4808081529546
"eddyflux","i10","52","2023-06-09",-6.67095974740106
"eddyflux","i10","52","2023-06-20",-6.40070947877022
"eddyflux","i10","52","2023-07-06",10.2206852685025
"eddyflux","i10","52","2023-07-17",-3.79534961164131
"eddyflux","i10","52","2023-08-15",0.854513871072677
"eddyflux","i10","52","2023-08-30",-0.939437774349839
"eddyflux","i10","52","2023-09-12",-4.58828275940206
"eddyflux","i10","52","2023-10-02",1.06494773732173
"eddyflux","i10","52","2023-10-23",7.96817042931855
"eddyflux","i10","52","2024-05-29",-13.0559697019526
"eddyflux","i10","52","2024-06-10",25.5404244265765
"eddyflux","i10","52","2024-06-27",-10.3033736516689
"eddyflux","i10","52","2024-07-16",-29.582955489424
"eddyflux","i10","52","2024-07-29",-43.0396135457282
"eddyflux","i10","52","2024-09-20",-33.4641375157312
"eddyflux","i10","52","2024-10-07",27.2571968048935
"eddyflux","i10","52","2024-10-28",19.3846778295762
"eddyflux","i10","57","2022-05-16",51.4036824594224
"eddyflux","i10","57","2022-06-08",1.81005559908593
"eddyflux","i10","57","2022-06-16",-0.438161652468378
"eddyflux","i10","57","2022-06-28",0.818989226767421
"eddyflux","i10","57","2022-07-21",15.39029138523
"eddyflux","i10","57","2022-08-01",14.3529511509878
"eddyflux","i10","57","2022-08-31",10.1156296173633
"eddyflux","i10","57","2022-09-21",-4.89650263815347
"eddyflux","i10","57","2022-10-07",-8.13358815415235
"eddyflux","i10","57","2022-10-21",7.85468343053667
"eddyflux","i10","57","2023-05-08",-4.57560438149063
"eddyflux","i10","57","2023-05-25",9.61527626874899
"eddyflux","i10","57","2023-06-09",1.39828669902572
"eddyflux","i10","57","2023-06-20",7.14481641001923
"eddyflux","i10","57","2023-07-06",-9.3463174920008
"eddyflux","i10","57","2023-07-17",1.74823204886346
"eddyflux","i10","57","2023-08-15",11.0784392429318
"eddyflux","i10","57","2023-08-30",-10.455660556262
"eddyflux","i10","57","2023-09-12",2.17753133626027
"eddyflux","i10","57","2023-10-02",-7.52411414237666
"eddyflux","i10","57","2023-10-23",23.7675573007216
"eddyflux","i10","57","2024-05-29",35.9128584218045
"eddyflux","i10","57","2024-06-10",-11.2863056606679
"eddyflux","i10","57","2024-06-27",39.5809612115001
"eddyflux","i10","57","2024-07-16",36.5539385218026
"eddyflux","i10","57","2024-07-29",-14.6274405696408
"eddyflux","i10","57","2024-09-20",-6.69039020252648
"eddyflux","i10","57","2024-10-07",-45.3172373491447
"eddyflux","i10","57","2024-10-28",-11.9180155598203
"eddyflux","i10","60","2022-05-16",6.32558268606881
"eddyflux","i10","60","2022-06-08",5.87583379778437
"eddyflux","i10","60","2022-06-16",-2.17052555721725
"eddyflux","i10","60","2022-06-28",-4.1231225503931
"eddyflux","i10","60","2022-07-21",7.53734781493292
"eddyflux","i10","60","2022-08-01",-6.22133222521037
"eddyflux","i10","60","2022-08-31",4.07232923592548
"eddyflux","i10","60","2022-10-21",-6.85303445547718
"eddyflux","i10","60","2023-05-08",-11.2828489594069
"eddyflux","i10","60","2023-05-25",-5.96572502810523
"eddyflux","i10","60","2023-06-20",-6.85547281385776
"eddyflux","i10","60","2023-07-06",-6.41297899200163
"eddyflux","i10","60","2023-07-17",8.32313511324837
"eddyflux","i10","60","2023-08-15",3.66627126613358
"eddyflux","i10","60","2023-08-30",6.44171995116337
"eddyflux","i10","60","2023-09-12",9.56268758983692
"eddyflux","i10","60","2023-10-02",-5.98159709750893
"eddyflux","i10","60","2023-10-23",-7.96817042931889
"eddyflux","i10","60","2024-05-29",28.4758288966127
"eddyflux","i10","60","2024-06-10",-19.6730526695349
"eddyflux","i10","60","2024-06-27",2.53119407400476
"eddyflux","i10","60","2024-07-16",13.433046561116
"eddyflux","i10","60","2024-07-29",-9.01403302852542
"eddyflux","i10","60","2024-09-20",30.0467767617494
"eddyflux","i10","60","2024-10-07",5.53271133009989
"eddyflux","i10","60","2024-10-28",3.6904094420728
"eddyflux","i02","603","2023-04-13",-8.62078939206512
"eddyflux","i02","606","2023-04-13",22.413873917901
"eddyflux","i02","607","2023-04-13",273.684069386482
"eddyflux","i10","61","2022-05-16",27.3770153220907
"eddyflux","i10","61","2022-06-08",-10.9635402416524
"eddyflux","i10","61","2022-06-16",-4.95948475716916
"eddyflux","i10","61","2022-06-28",11.4041615183395
"eddyflux","i10","61","2022-07-21",-0.291524278831686
"eddyflux","i10","61","2022-08-01",-10.6829012729151
"eddyflux","i10","61","2022-08-31",11.0222214226179
"eddyflux","i10","61","2022-09-21",2.31301757209292
"eddyflux","i10","61","2022-10-07",-2.02668194130828
"eddyflux","i10","61","2022-10-21",11.9232399774416
"eddyflux","i10","61","2023-05-08",5.64900711944036
"eddyflux","i10","61","2023-05-25",5.58920779409648
"eddyflux","i10","61","2023-06-09",4.11492138519538
"eddyflux","i10","61","2023-06-20",-12.4632441482984
"eddyflux","i10","61","2023-07-06",-15.8837552357985
"eddyflux","i10","61","2023-07-17",11.4597607544222
"eddyflux","i10","61","2023-08-15",8.83637415805278
"eddyflux","i10","61","2023-08-30",6.26459361951504
"eddyflux","i10","61","2023-09-12",6.69925997919582
"eddyflux","i10","61","2023-10-02",-7.56614577277876
"eddyflux","i10","61","2023-10-23",-10.8034351366917
"eddyflux","i10","61","2024-05-29",-6.32382961374146
"eddyflux","i10","61","2024-06-10",13.3897502293917
"eddyflux","i10","61","2024-06-27",-26.290929666532
"eddyflux","i10","61","2024-07-16",-47.0665928061659
"eddyflux","i10","61","2024-07-29",5.95263662983355
"eddyflux","i10","61","2024-09-20",24.7885908284435
"eddyflux","i10","61","2024-10-07",-13.8451652806448
"eddyflux","i10","61","2024-10-28",-10.4971053748581
"eddyflux","i10","64","2022-05-16",30.5846859250205
"eddyflux","i10","64","2022-06-08",-4.83759268476271
"eddyflux","i10","64","2022-06-16",-2.00405593500057
"eddyflux","i10","64","2022-06-28",-19.3267033327299
"eddyflux","i10","64","2022-07-21",7.21665971228189
"eddyflux","i10","64","2022-08-01",-11.6059839687858
"eddyflux","i10","64","2022-08-31",3.8370310350103
"eddyflux","i10","64","2022-09-21",11.3781775784728
"eddyflux","i10","64","2022-10-07",-3.99548045333479
"eddyflux","i10","64","2022-10-21",3.10902136644702
"eddyflux","i10","64","2023-05-08",16.1942067417368
"eddyflux","i10","64","2023-05-25",14.5628064610036
"eddyflux","i10","64","2023-06-09",2.07720735804978
"eddyflux","i10","64","2023-06-20",-5.99752568646031
"eddyflux","i10","64","2023-07-06",5.43555078889181
"eddyflux","i10","64","2023-07-17",-13.7611840870034
"eddyflux","i10","64","2023-08-15",10.1552359726874
"eddyflux","i10","64","2023-08-30",4.54090341866656
"eddyflux","i10","64","2023-09-12",8.55263082971984
"eddyflux","i10","64","2023-10-02",2.75306822614829
"eddyflux","i10","64","2023-10-23",12.4332982814545
"eddyflux","i10","64","2024-05-29",-17.2201255048744
"eddyflux","i10","64","2024-06-10",-2.41494620656837
"eddyflux","i10","64","2024-06-27",3.87090410161025
"eddyflux","i10","64","2024-07-16",-24.7113668471643
"eddyflux","i10","64","2024-07-29",-111.267956845706
"eddyflux","i10","64","2024-09-20",-38.3874847685917
"eddyflux","i10","64","2024-10-07",-31.7840049901232
"eddyflux","i10","64","2024-10-28",27.0069004747927
"eddyflux","i02","706","2023-04-13",13.1747370371012
"eddyflux","i02","707","2023-04-13",12.7204357599598
"eddyflux","i02","708","2023-04-13",-3.37480948733633
"eddyflux","v08","8","2022-05-16",-28.8584054640072
"eddyflux","v08","8","2022-06-01",-10.4248548083121
"eddyflux","v08","8","2022-06-16",4.56474381751219
"eddyflux","v08","8","2022-06-28",14.499963239229
"eddyflux","v08","8","2022-07-14",5.29038232428959
"eddyflux","v08","8","2022-08-03",-1.35617131998624
"eddyflux","v08","8","2022-09-19",-1.24491668830409
"eddyflux","v08","8","2022-10-03",-2.00765435923928
"eddyflux","v08","8","2022-10-21",3.69576241865274
"eddyflux","v08","8","2023-05-08",3.08292295715911
"eddyflux","v08","8","2023-06-09",4.87122680885596
"eddyflux","v08","8","2023-06-19",13.2903087059563
"eddyflux","v08","8","2023-07-05",19.8996753346603
"eddyflux","v08","8","2023-07-17",0.97644706044846
"eddyflux","v08","8","2023-08-04",0.238723862810147
"eddyflux","v08","8","2023-08-15",6.32093190098424
"eddyflux","v08","8","2023-08-30",11.0124961522001
"eddyflux","v08","8","2023-09-12",-9.18174880719144
"eddyflux","v08","8","2023-10-09",-7.27472642756684
"eddyflux","i10","8","2023-10-23",-2.54242557779246
"eddyflux","v08","8","2024-05-29",-52.4284944674437
"eddyflux","v08","8","2024-06-10",-73.4753573602274
"eddyflux","v08","8","2024-06-27",-110.201940646046
"eddyflux","v08","8","2024-07-16",9.13736425975991
"eddyflux","v08","8","2024-08-19",-1.69210449254873
"eddyflux","v08","8","2024-10-07",19.493970506746
"eddyflux","v08","8","2024-10-28",-32.8510000767574
"eddyflux","i02","805","2023-04-13",204.889875990781
"eddyflux","i02","809","2023-04-13",15.3813432403596
"eddyflux","i10","w","2024-05-29",-9.67011304511424
"eddyflux","v08","w","2024-05-29",28.4734828857079
"eddyflux","v08","w","2024-06-10",-12.9203363647001
"eddyflux","i10","w","2024-06-27",-3.54419741300199
"eddyflux","v08","w","2024-06-27",14.5340090051692
"eddyflux","i10","w","2024-07-16",28.8500446865317
"eddyflux","v08","w","2024-09-06",1.92488667147427
"eddyflux","i10","w","2024-09-20",17.7307729686437
"eddyflux","i10","w","2024-10-07",0.108124909390031
"eddyflux","v08","w","2024-10-07",5.80605841431545
"eddyflux","i10","w","2024-10-28",-8.682738282825
"eddyflux","v08","w","2024-10-28",13.0129084343363
"eddyfux","i10","36","2024-09-20",-5.29386976954414
"eddyfux","i10","w","2024-09-20",214.389450047083
"fert","i02","101","2022-06-07",-7.94241701883536
"fert","i02","103","2022-06-07",-1.52650309450801
"fert","i02","104","2022-06-07",-13.8845690241553
"fert","i02","105","2022-06-07",4.71224868304631
"fert","i02","106","2022-06-07",7.30754192271305
"fert","i02","107","2022-06-07",-0.149001298069537
"fert","i02","109","2022-06-07",-8.61512901702647
"fert","i02","112","2022-06-07",0.926179905002484
"fert","i02","201","2022-06-07",0.132311415000276
"fert","i02","202","2022-06-07",-12.8096885131786
"fert","i02","203","2022-06-07",-2.54480168041872
"fert","i02","204","2022-06-07",17.60969169354
"fert","i02","206","2022-06-07",-7.79567916087595
"fert","i02","207","2022-06-07",-18.3649298294717
"fert","i02","208","2022-06-07",-11.1661652404225
"fert","i02","210","2022-06-07",2.18313834750579
"fert","i02","301","2022-06-07",9.0332188534415
"fert","i02","302","2022-06-07",13.7391131786441
"fert","i02","305","2022-06-07",-8.43259051776544
"fert","i02","306","2022-06-07",11.2515807667652
"fert","i02","307","2022-06-07",-2.00405593500054
"fert","i02","308","2022-06-07",-2.05479320809282
"fert","i02","310","2022-06-07",0.38948386781734
"fert","i02","311","2022-06-07",-0.676329955657067
"fert","i02","312","2022-06-07",14.0650170667334
"fert","i02","403","2022-06-07",6.42155429753351
"fert","i02","404","2022-06-07",-9.26800493959123
"fert","i02","405","2022-06-07",13.1659658538446
"fert","i02","406","2022-06-07",-8.30164474849065
"fert","i02","409","2022-06-07",-19.9978305899485
"fert","i02","410","2022-06-07",4.38876843211734
"fert","i02","411","2022-06-07",2.24783950491043
"fert","i02","412","2022-06-07",4.18044693275774
"ncas","i02","2101","2022-07-01",-7.93013882013838
"ncas","i02","2101","2023-04-14",7.0965667213981
"ncas","i02","2101","2023-04-26",-5.06206952107779
"ncas","i02","2101","2023-05-09",8.77319011920418
"ncas","i02","2101","2023-05-22",1.29391093685509
"ncas","i02","2101","2023-06-05",2.10836169540382
"ncas","i02","2101","2023-07-05",10.2567846724633
"ncas","i02","2101","2023-07-20",-5.80580066266569
"ncas","i02","2101","2023-08-02",6.04327154012507
"ncas","i02","2101","2023-08-17",3.1396876315007
"ncas","i02","2101","2023-09-27",-1.05247716477559
"ncas","i02","2102","2022-07-01",-1.70233957216682
"ncas","i02","2102","2023-04-14",-6.90124837126803
"ncas","i02","2102","2023-04-26",4.33555639414508
"ncas","i02","2102","2023-05-22",3.7461323187952
"ncas","i02","2102","2023-06-05",23.9503522980381
"ncas","i02","2102","2023-07-05",0.361786016125368
"ncas","i02","2102","2023-07-20",1.60324474800033
"ncas","i02","2102","2023-08-02",18.0864488134885
"ncas","i02","2102","2023-08-17",-2.73887644450073
"ncas","i02","2102","2023-09-27",9.05130361706955
"ncas","i02","2103","2022-07-01",17.2336332050707
"ncas","i02","2103","2023-04-14",-0.201851153916073
"ncas","i02","2103","2023-04-26",-11.0951519806383
"ncas","i02","2103","2023-05-09",17.5495601828215
"ncas","i02","2103","2023-05-22",-6.46955468427571
"ncas","i02","2103","2023-06-05",-3.57782590735196
"ncas","i02","2103","2023-07-05",0.463089952501238
"ncas","i02","2103","2023-07-20",10.1538834040024
"ncas","i02","2103","2023-08-02",10.4477360187055
"ncas","i02","2103","2023-08-17",10.1230299542546
"ncas","i02","2103","2023-09-27",-5.11856024442659
"ncas","i02","2103","2024-03-13",46.5504495849705
"ncas","i02","2103","2024-03-19",26.5259679733156
"ncas","i02","2103","2024-04-04",31.9797495699277
"ncas","i02","2103","2024-04-09",11.8425999595156
"ncas","i02","2103","2024-04-15",-34.2463021463627
"ncas","i02","2103","2024-04-22",28.2759983258783
"ncas","i02","2103","2024-04-25",-48.2767128755611
"ncas","i02","2103","2024-05-01",-18.2263826768769
"ncas","i02","2103","2024-05-03",59.7897212487969
"ncas","i02","2103","2024-05-06",-21.7071008960402
"ncas","i02","2103","2024-05-09",-24.2995503118439
"ncas","i02","2103","2024-05-22",32.2708499650259
"ncas","i02","2103","2024-05-23",35.0971289312834
"ncas","i02","2103","2024-05-30",29.2902807192424
"ncas","i02","2103","2024-05-31",41.3979954760892
"ncas","i02","2103","2024-06-04",-3.11974479389195
"ncas","i02","2103","2024-06-06",-24.3895429398701
"ncas","i02","2103","2024-06-11",6.76928476082571
"ncas","i02","2103","2024-06-13",62.0266062538382
"ncas","i02","2103","2024-06-25",23.9008451513917
"ncas","i02","2103","2024-06-26",8.57942051474268
"ncas","i02","2103","2024-07-01",41.3143180474059
"ncas","i02","2103","2024-07-03",-9.56033806055732
"ncas","i02","2103","2024-07-09",-34.5305864606213
"ncas","i02","2103","2024-07-11",-41.7631461276081
"ncas","i10","2103","2024-07-17",-34.3177489250064
"ncas","i02","2103","2024-07-19",-47.9349029817593
"ncas","i02","2103","2024-07-25",-0.894398088918515
"ncas","i10","2103","2024-07-30",79.5906843302993
"ncas","i02","2103","2024-08-08",-90.5759361939734
"ncas","i02","2103","2024-08-14",-15.7745577999191
"ncas","i02","2103","2024-08-20",-47.3236733997566
"ncas","i02","2103","2024-08-30",27.7932685046187
"ncas","i02","2103","2024-09-12",47.2189286600494
"ncas","i02","2103","2024-09-24",12.0187107046998
"ncas","i02","2103","2024-10-08",-9.89320473519271
"ncas","i02","2103","2024-11-04",6.23231201258358
"ncas","i02","2104","2022-07-01",11.7098939785388
"ncas","i02","2104","2023-04-14",20.5735328803836
"ncas","i02","2104","2023-04-26",6.19769730992679
"ncas","i02","2104","2023-05-09",0.605157247683424
"ncas","i02","2104","2023-05-22",-5.30503484110603
"ncas","i02","2104","2023-06-05",-17.4419012983409
"ncas","i02","2104","2023-07-05",10.7833803225289
"ncas","i02","2104","2023-07-20",-2.00405593500053
"ncas","i02","2104","2023-08-02",-0.970433202641365
"ncas","i02","2104","2023-08-17",-2.54676244287065
"ncas","i02","2104","2023-09-27",17.6816163682293
"ncas","i02","2104B","2022-07-01",3.72184081249906
"ncas","i02","2105","2023-04-14",-6.99852108944508
"ncas","i02","2105","2023-04-26",2.52037528855134
"ncas","i02","2105","2023-05-09",-1.30909855571943
"ncas","i02","2105","2023-05-22",-10.8688518695831
"ncas","i02","2105","2023-06-05",1.0222359735291
"ncas","i02","2105","2023-07-04",-1.84640654048874
"ncas","i02","2105","2023-07-20",-4.96661989017313
"ncas","i02","2105","2023-08-02",1.37865298741225
"ncas","i02","2105","2023-08-17",16.6700955699515
"ncas","i02","2105","2023-09-27",4.01235003101896
"ncas","i02","2105","2024-03-13",17.331984587958
"ncas","i02","2105","2024-03-19",13.3067861767048
"ncas","i02","2105","2024-04-04",47.1185250522464
"ncas","i02","2105","2024-04-09",-32.3397604610234
"ncas","i02","2105","2024-04-15",11.2127647266481
"ncas","i02","2105","2024-04-22",-11.4679468953866
"ncas","i02","2105","2024-04-25",-8.10973243153264
"ncas","i02","2105","2024-05-01",12.0187107046998
"ncas","i02","2105","2024-05-03",6.03592551652305
"ncas","i02","2105","2024-05-06",21.8476703706397
"ncas","i02","2105","2024-05-09",38.9447022571697
"ncas","i02","2105","2024-05-22",2.25350825713086
"ncas","i02","2105","2024-05-23",-16.5257272189631
"ncas","i02","2105","2024-05-30",35.0415603320172
"ncas","i02","2105","2024-05-31",-28.5404744334389
"ncas","i02","2105","2024-06-04",64.5519069267393
"ncas","i02","2105","2024-06-06",-32.0877391392724
"ncas","i02","2105","2024-06-11",32.2766085759869
"ncas","i02","2105","2024-06-13",-35.687560871213
"ncas","i02","2105","2024-06-25",-2.3900845151403
"ncas","i02","2105","2024-06-26",36.0561321140997
"ncas","i02","2105","2024-07-01",-1.70453538963628e-13
"ncas","i02","2105","2024-07-03",66.9223664238968
"ncas","i02","2105","2024-07-09",48.055767588369
"ncas","i02","2105","2024-07-11",-2.39311921089021
"ncas","i10","2105","2024-07-17",-41.8883615931033
"ncas","i02","2105","2024-07-19",-18.835328352568
"ncas","i02","2105","2024-07-25",2.25350825713078
"ncas","i10","2105","2024-07-30",-91.5833014986484
"ncas","i02","2105","2024-08-08",-32.7013077366181
"ncas","i02","2105","2024-08-14",-11.2675412856567
"ncas","i02","2105","2024-08-20",-6.81888255494547
"ncas","i02","2105","2024-08-30",24.2693561901805
"ncas","i02","2105","2024-09-12",-23.8002405565278
"ncas","i02","2105","2024-09-24",-0.953177131336915
"ncas","i02","2105","2024-10-08",-19.3726465616619
"ncas","i02","2105","2024-11-04",-18.3303294487769
"ncas","i02","2106","2022-07-01",10.4900202039412
"ncas","i02","2106","2023-04-14",9.86231766626827
"ncas","i02","2106","2023-04-26",4.70092014167254
"ncas","i02","2106","2023-05-22",-12.1106355942064
"ncas","i02","2106","2023-06-05",-7.73065954981412
"ncas","i02","2106","2023-07-04",1.38480490536639
"ncas","i02","2106","2023-07-20",-5.62968540002984
"ncas","i02","2106","2023-08-02",6.13116192442445
"ncas","i02","2106","2023-08-17",32.7593298105642
"ncas","i02","2106","2023-09-27",2.32293949164257
"ncas","i02","2106","2024-05-01",-12.7206919890816
"ncas","i02","2106","2024-05-22",30.9171583675926
"ncas","i02","2106","2024-06-06",36.3319531781675
"ncas","i02","2106","2024-07-03",64.5322819087588
"ncas","i10","2106","2024-07-17",1.69355697353408
"ncas","i02","2106","2024-08-08",-21.0826503649728
"ncas","i02","2106","2024-08-14",-27.35869946206
"ncas","i02","2106","2024-08-20",-39.811979209319
"ncas","i02","2106","2024-08-30",18.5234847137331
"ncas","i02","2106","2024-09-24",-11.2675412856566
"ncas","i02","2106","2024-10-08",-15.7052391152383
"ncas","i02","2106","2024-11-04",-1.47454820064939
"ncas","i02","2107","2022-07-01",10.4926384790013
"ncas","i02","2107","2023-04-14",-6.53133620282673
"ncas","i02","2107","2023-04-26",-1.52409614018117
"ncas","i02","2107","2023-05-09",-0.605157247683584
"ncas","i02","2107","2023-05-22",-15.4622356954187
"ncas","i02","2107","2023-06-05",3.45004641066076
"ncas","i02","2107","2023-07-04",0.0227162287416441
"ncas","i02","2107","2023-07-20",-5.16054495002741
"ncas","i02","2107","2023-08-02",-1.4817754539841
"ncas","i02","2107","2023-08-17",-3.76542287447513
"ncas","i02","2107","2023-09-27",7.60234742719374
"ncas","i02","2109","2022-07-01",3.41354774448826
"ncas","i02","2109","2023-04-14",-9.62466379316253
"ncas","i02","2109","2023-04-26",-5.64310514793489
"ncas","i02","2109","2023-05-09",5.83120024677581
"ncas","i02","2109","2023-05-22",-36.9429075196096
"ncas","i02","2109","2023-06-05",-13.3408824769292
"ncas","i02","2109","2023-07-04",18.7598746781885
"ncas","i02","2109","2023-07-20",-2.07989226961853
"ncas","i02","2109","2023-08-02",14.8226429067406
"ncas","i02","2109","2023-08-16",6.77103613784777
"ncas","i02","2109","2023-09-27",-30.5080734332889
"ncas","i02","2112","2022-07-01",-3.61156306819457
"ncas","i02","2112","2023-04-14",2.09374075178595
"ncas","i02","2112","2023-04-26",12.5937590496593
"ncas","i02","2112","2023-05-09",-0.201719082561318
"ncas","i02","2112","2023-05-22",13.5117368340775
"ncas","i02","2112","2023-06-05",-7.45765424100554
"ncas","i02","2112","2023-07-04",-2.16687914418582
"ncas","i02","2112","2023-07-20",6.74239391578949
"ncas","i02","2112","2023-08-02",-15.0616914979006
"ncas","i02","2112","2023-08-16",3.45062418563395
"ncas","i02","2112","2023-09-27",-9.11004970577394
"ncas","i02","2112","2024-03-13",-26.9349236446365
"ncas","i02","2201","2022-07-01",6.42862457837996
"ncas","i02","2201","2023-04-14",10.0513749774946
"ncas","i02","2201","2023-04-25",22.1549948958015
"ncas","i02","2201","2023-05-09",-5.33588657973806
"ncas","i02","2201","2023-05-22",10.7734302864965
"ncas","i02","2201","2023-06-05",-29.7020367184873
"ncas","i02","2201","2023-07-04",-11.6283418537343
"ncas","i02","2201","2023-07-20",-6.34131222104537
"ncas","i02","2201","2023-08-02",-1.59883320186198
"ncas","i02","2201","2023-08-16",0.843702371834063
"ncas","i02","2201","2023-09-14",2.06375032468259
"ncas","i02","2201","2023-09-27",16.260576441498
"ncas","i02","2202","2023-04-14",-0.68769349282964
"ncas","i02","2202","2023-04-25",-8.46647574004255
"ncas","i02","2202","2023-05-09",3.69818318028803
"ncas","i02","2202","2023-05-22",-29.5368987371077
"ncas","i02","2202","2023-06-05",-8.78023550623675
"ncas","i02","2202","2023-07-04",2.10402540859971
"ncas","i02","2202","2023-07-20",3.83330368361578
"ncas","i02","2202","2023-08-02",-1.0056758798854e-13
"ncas","i02","2202","2023-08-17",2.48786868492105
"ncas","i02","2202","2023-09-14",1.92870368301859
"ncas","i02","2202","2023-09-27",-0.633528952266238
"ncas","i02","2202c","2022-07-01",-1.61230494115828
"ncas","i02","2203","2022-07-01",-0.744542747792279
"ncas","i02","2203","2023-04-14",-8.81730387381607
"ncas","i02","2203","2023-04-25",17.6767872333234
"ncas","i02","2203","2023-05-22",-3.91450132105879
"ncas","i02","2203","2023-06-05",-25.8279920365941
"ncas","i02","2203","2023-07-04",3.63856391250965
"ncas","i02","2203","2023-07-20",0.336198470935204
"ncas","i02","2203","2023-08-02",-1.38480490536649
"ncas","i02","2203","2023-08-17",-2.7770103110646
"ncas","i02","2203","2023-09-14",-5.16592003077208
"ncas","i02","2203","2023-09-27",4.85705530070707
"ncas","i02","2203","2024-03-13",-8.15277057466305
"ncas","i02","2203","2024-04-04",-6.9055649822677
"ncas","i02","2203","2024-04-09",-26.3830897594524
"ncas","i02","2203","2024-04-15",-30.5517054688163
"ncas","i02","2203","2024-04-22",-26.8426547966069
"ncas","i02","2203","2024-04-25",-18.6883959926838
"ncas","i02","2203","2024-05-01",-9.19224282710937
"ncas","i02","2203","2024-05-06",39.1709408585653
"ncas","i02","2203","2024-05-23",34.5672774906274
"ncas","i02","2203","2024-05-30",-21.3768534926499
"ncas","i02","2203","2024-05-31",34.1734910022972
"ncas","i02","2203","2024-06-04",-1.69210449254824
"ncas","i02","2203","2024-06-11",22.6287402274691
"ncas","i02","2203","2024-06-13",-71.7383871025243
"ncas","i02","2203","2024-06-25",-86.0430425450127
"ncas","i02","2203","2024-06-26",38.8871313957384
"ncas","i02","2203","2024-07-03",52.5818593330624
"ncas","i02","2203","2024-07-09",-36.0561321141003
"ncas","i02","2203","2024-07-11",57.8400452663688
"ncas","i10","2203","2024-07-17",-0.731174554091222
"ncas","i02","2203","2024-07-19",0.657044662700538
"ncas","i02","2203","2024-07-25",-32.3346028222629
"ncas","i10","2203","2024-07-30",-7.50688591030289
"ncas","i02","2203","2024-08-08",-12.0246961183978
"ncas","i02","2203","2024-08-14",8.94489327623686
"ncas","i02","2203","2024-08-20",-10.1284540339677
"ncas","i02","2203","2024-08-30",37.7339301838251
"ncas","i02","2203","2024-09-12",-32.2466770437054
"ncas","i02","2203","2024-09-24",-27.4362657006033
"ncas","i02","2203","2024-10-08",-52.3726758290924
"ncas","i02","2203","2024-11-04",-5.82567403863061
"ncas","i02","2204","2022-07-01",1.55269312422612
"ncas","i02","2204","2023-04-14",-3.78817499763955
"ncas","i02","2204","2023-04-25",-11.1443345105748
"ncas","i02","2204","2023-05-09",6.11881217102196
"ncas","i02","2204","2023-05-22",-5.24338263561709
"ncas","i02","2204","2023-06-05",-0.421434860397198
"ncas","i02","2204","2023-07-04",-6.41710362751729
"ncas","i02","2204","2023-07-20",5.84985339427378
"ncas","i02","2204","2023-08-02",2.74886697873961
"ncas","i02","2204","2023-08-16",-0.454301277141466
"ncas","i02","2204","2023-09-14",8.2934258369801
"ncas","i02","2204","2023-09-27",3.80117371359675
"ncas","i02","2205","2022-07-01",1.87027373174353
"ncas","i02","2205","2023-04-14",0.327609654816816
"ncas","i02","2205","2023-04-25",5.42239210276827
"ncas","i02","2205","2023-05-09",12.2376243420441
"ncas","i02","2205","2023-05-22",-7.45921494143682
"ncas","i02","2205","2023-06-05",-10.2758645605988
"ncas","i02","2205","2023-06-21",-11.0874506757588
"ncas","i02","2205","2023-07-03",8.46946811754847
"ncas","i02","2205","2023-07-19",-0.255388405608284
"ncas","i02","2205","2023-08-01",-5.81235280909203
"ncas","i02","2205","2023-08-17",-0.927969445707195
"ncas","i02","2205","2023-09-13",-2.98663648925479
"ncas","i02","2205","2023-09-27",-15.9960857259611
"ncas","i02","2205","2024-03-13",10.4855697812901
"ncas","i02","2205","2024-03-19",-39.2557228349166
"ncas","i02","2205","2024-04-04",-53.7204999453336
"ncas","i02","2205","2024-04-09",-1.85371318088091
"ncas","i02","2205","2024-04-15",-14.1966845648149
"ncas","i02","2205","2024-04-22",-12.6455611889306
"ncas","i02","2205","2024-04-25",29.1685308927556
"ncas","i02","2205","2024-05-01",22.7887607991319
"ncas","i02","2205","2024-05-03",46.195124867165
"ncas","i02","2205","2024-05-06",21.4755134666091
"ncas","i02","2205","2024-05-09",-1.42969351277887
"ncas","i02","2205","2024-05-22",-51.2590894789458
"ncas","i02","2205","2024-05-23",-15.6780999821045
"ncas","i02","2205","2024-05-30",11.0224143931651
"ncas","i02","2205","2024-05-31",-4.23450616349612
"ncas","i02","2205","2024-06-04",-0.531804269087281
"ncas","i02","2205","2024-06-06",15.023388380875
"ncas","i02","2205","2024-06-11",-11.2005723901527
"ncas","i02","2205","2024-06-13",-81.1028204194729
"ncas","i02","2205","2024-06-25",38.2413522422262
"ncas","i02","2205","2024-06-26",4.13390366062146
"ncas","i02","2205","2024-07-01",20.6380707534764
"ncas","i02","2205","2024-07-03",-17.199970968664
"ncas","i02","2205","2024-07-09",65.3517394568064
"ncas","i02","2205","2024-07-11",-22.4667758260234
"ncas","i10","2205","2024-07-17",-13.7153577903799
"ncas","i02","2205","2024-07-19",17.206451067059
"ncas","i02","2205","2024-07-25",2.87657763733176
"ncas","i10","2205","2024-07-30",-4.00150167182011
"ncas","i02","2205","2024-08-08",9.16153718108196
"ncas","i02","2205","2024-08-14",-2.42971318691793
"ncas","i02","2205","2024-08-20",-3.55397019128663
"ncas","i02","2205","2024-08-30",17.6582429935519
"ncas","i02","2205","2024-09-12",6.13992201581767
"ncas","i02","2205","2024-09-24",-38.119381700367
"ncas","i02","2205","2024-10-08",-32.6126737308934
"ncas","i02","2205","2024-11-04",28.040588733656
"ncas","i02","2206","2022-07-01",-0.773906371756022
"ncas","i02","2206","2023-04-14",-4.70256030708052
"ncas","i02","2206","2023-04-25",0.764696322185261
"ncas","i02","2206","2023-05-09",6.9929281954537
"ncas","i02","2206","2023-05-22",15.7933236185188
"ncas","i02","2206","2023-06-05",-22.4432847809231
"ncas","i02","2206","2023-06-21",-16.2150187539742
"ncas","i02","2206","2023-07-03",-4.7302170070002
"ncas","i02","2206","2023-07-19",6.139456030657
"ncas","i02","2206","2023-08-01",-2.78190851423858
"ncas","i02","2206","2023-08-17",-8.14995733887403
"ncas","i02","2206","2023-09-13",3.90815548621513
"ncas","i02","2206","2023-09-27",-3.40082219272819
"ncas","i02","2206","2024-03-13",3.5945848383445
"ncas","i02","2207","2022-07-01",18.1229871980731
"ncas","i02","2207","2023-04-14",-5.24175447706978
"ncas","i02","2207","2023-04-25",3.99146461683186
"ncas","i02","2207","2023-05-09",-1.00859541280585
"ncas","i02","2207","2023-05-22",-34.8453863750319
"ncas","i02","2207","2023-06-05",-27.5745620806987
"ncas","i02","2207","2023-06-21",0.581962467984825
"ncas","i02","2207","2023-07-03",1.2139052185658
"ncas","i02","2207","2023-07-19",-10.2290224733233
"ncas","i02","2207","2023-08-01",6.10468209586598
"ncas","i02","2207","2023-08-17",-0.742068451398954
"ncas","i02","2207","2023-09-13",-1.32739399522433
"ncas","i02","2208","2022-07-01",-2.03632833016378
"ncas","i02","2208","2023-04-14",2.75192110046163
"ncas","i02","2208","2023-04-25",4.20815616752552
"ncas","i02","2208","2023-05-09",9.61527626874889
"ncas","i02","2208","2023-05-22",-13.1514355754352
"ncas","i02","2208","2023-06-05",-1.35433615057307
"ncas","i02","2208","2023-06-21",-21.6617079207961
"ncas","i02","2208","2023-07-03",13.7717380674835
"ncas","i02","2208","2023-07-19",-5.90591660283847
"ncas","i02","2208","2023-08-01",1.01605269931229
"ncas","i02","2208","2023-08-16",10.0914480900615
"ncas","i02","2208","2023-09-13",0.331848498806061
"ncas","i02","2208","2023-09-27",4.02537080022554
"ncas","i02","2208","2024-05-01",-8.68060586700754
"ncas","i02","2208","2024-05-22",-9.56802995031099
"ncas","i02","2208","2024-06-06",-2.26992411140218
"ncas","i02","2208","2024-07-03",-3.80437225148854
"ncas","i10","2208","2024-07-17",-38.7483134944599
"ncas","i02","2208","2024-08-08",-39.8369743388497
"ncas","i02","2208","2024-08-14",8.74709830385399
"ncas","i02","2208","2024-08-20",11.5893644491838
"ncas","i02","2208","2024-08-30",33.0514544379252
"ncas","i02","2208","2024-09-24",-40.4814766401063
"ncas","i02","2208","2024-10-08",39.8409909144399
"ncas","i02","2208","2024-11-04",24.7885908284438
"ncas","i02","2210","2022-07-01",-2.81398102060108
"ncas","i02","2210","2023-04-14",-13.4319958474914
"ncas","i02","2210","2023-04-25",-6.44332912155924
"ncas","i02","2210","2023-05-09",17.2133617118862
"ncas","i02","2210","2023-05-22",14.6488762597668
"ncas","i02","2210","2023-06-05",-3.49605691020299
"ncas","i02","2210","2023-06-21",-3.46018079124205
"ncas","i02","2210","2023-07-03",17.4322923919443
"ncas","i02","2210","2023-07-19",-4.03657923602473
"ncas","i02","2210","2023-08-01",6.7716807528646
"ncas","i02","2210","2023-08-16",-5.45565208350159
"ncas","i02","2210","2023-09-13",-11.6146974582129
"ncas","i02","2210","2023-09-27",35.8465437236847
"ncas","i02","2301","2023-04-14",-28.6286435495674
"ncas","i02","2301","2023-04-25",-3.54044549885941
"ncas","i02","2301","2023-05-09",4.32552259990006
"ncas","i02","2301","2023-05-22",10.385630125345
"ncas","i02","2301","2023-06-05",-13.0919161222051
"ncas","i02","2301","2023-06-21",18.1941047431425
"ncas","i02","2301","2023-07-03",16.7202206792363
"ncas","i02","2301","2023-07-19",7.53571378873062
"ncas","i02","2301","2023-08-01",18.0762549649993
"ncas","i02","2301","2023-08-16",2.43207794074534
"ncas","i02","2301","2023-09-13",-6.29988604289058
"ncas","i02","2301","2023-09-27",8.52982636368144
"ncas","i02","2301b","2022-07-01",2.82022175829079
"ncas","i02","2302","2022-07-01",7.93850222122821
"ncas","i02","2302","2023-04-14",-2.00991751990997
"ncas","i02","2302","2023-04-25",2.35562570035494
"ncas","i02","2302","2023-05-09",10.7262621611297
"ncas","i02","2302","2023-05-22",-7.97472705646606
"ncas","i02","2302","2023-06-05",-25.7451377857535
"ncas","i02","2302","2023-06-21",-6.9433332588672
"ncas","i02","2302","2023-07-03",12.0111631082744
"ncas","i02","2302","2023-07-19",2.16222372179126
"ncas","i02","2302","2023-08-01",1.44148248119416
"ncas","i02","2302","2023-08-16",6.22271528459071
"ncas","i02","2302","2023-09-13",1.60798737558832
"ncas","i02","2302","2023-09-27",12.7947395455222
"ncas","i02","2302","2024-03-13",-0.514590090758024
"ncas","i02","2305","2022-07-01",-3.85872080030422
"ncas","i02","2305","2023-04-14",3.10930204371893
"ncas","i02","2305","2023-04-25",0.571196337029674
"ncas","i02","2305","2023-05-09",14.4366044181244
"ncas","i02","2305","2023-05-22",-17.5598774981839
"ncas","i02","2305","2023-06-05",-3.72882712050286
"ncas","i02","2305","2023-06-21",-14.4061538485531
"ncas","i02","2305","2023-07-03",10.5787297391502
"ncas","i02","2305","2023-07-19",-11.0076844018466
"ncas","i02","2305","2023-08-01",-8.09885689150518
"ncas","i02","2305","2023-08-16",8.1902413704216
"ncas","i02","2305","2023-09-13",6.03180578574622
"ncas","i02","2305","2023-09-27",-5.66696086620813
"ncas","i02","2306","2022-07-01",16.381018202168
"ncas","i02","2306","2023-04-14",5.85013342503612
"ncas","i02","2306","2023-04-25",3.90129302349869
"ncas","i02","2306","2023-05-09",14.1137185591007
"ncas","i02","2306","2023-05-22",19.6565792890117
"ncas","i02","2306","2023-06-05",-31.3735799104368
"ncas","i02","2306","2023-07-03",17.5971887412296
"ncas","i02","2306","2023-07-19",-8.71441681812855
"ncas","i02","2306","2023-08-01",6.11997497074698
"ncas","i02","2306","2023-08-16",3.13325811296159
"ncas","i02","2306","2023-09-13",-1.51863870392041
"ncas","i02","2306","2023-09-27",3.18827080568249
"ncas","i02","2306","2024-03-13",20.0499514753169
"ncas","i02","2306","2024-03-19",-11.2252043287482
"ncas","i02","2306","2024-04-04",-25.0281208121462
"ncas","i02","2306","2024-04-09",-8.03135028689552
"ncas","i02","2306","2024-04-15",-3.60699094653454
"ncas","i02","2306","2024-04-22",10.4815300650778
"ncas","i02","2306","2024-04-25",-3.99343808981252
"ncas","i02","2306","2024-05-01",17.2608920765079
"ncas","i02","2306","2024-05-03",-11.9388999184252
"ncas","i02","2306","2024-05-06",-43.4497335586636
"ncas","i02","2306","2024-05-09",-28.7161212481939
"ncas","i02","2306","2024-05-22",23.4617739546783
"ncas","i02","2306","2024-05-23",-6.13559164476589
"ncas","i02","2306","2024-05-30",-50.1459902794668
"ncas","i02","2306","2024-05-31",18.7536931197277
"ncas","i02","2306","2024-06-04",47.1371965781281
"ncas","i02","2306","2024-06-11",-28.5769007620949
"ncas","i02","2306","2024-06-13",105.019418147673
"ncas","i02","2306","2024-06-25",144.090599025096
"ncas","i02","2306","2024-06-26",39.5086430538965
"ncas","i02","2306","2024-07-01",-23.2862519903562
"ncas","i02","2306","2024-07-03",37.1846672164356
"ncas","i02","2306","2024-07-09",-32.5482351332688
"ncas","i02","2306","2024-07-11",-24.7930384778278
"ncas","i10","2306","2024-07-17",-31.3984354858297
"ncas","i02","2306","2024-07-19",39.8397536295259
"ncas","i02","2306","2024-07-25",19.5808787296185
"ncas","i10","2306","2024-07-30",57.0726721437879
"ncas","i02","2306","2024-08-08",-29.2354209396356
"ncas","i02","2306","2024-08-14",25.859759580619
"ncas","i02","2306","2024-08-20",12.7698801237431
"ncas","i02","2306","2024-08-30",-48.0441811588857
"ncas","i02","2306","2024-09-12",-14.6847362368738
"ncas","i02","2306","2024-09-24",27.7327959188545
"ncas","i02","2306","2024-10-08",-25.2845554576429
"ncas","i02","2306","2024-11-04",17.4770221158903
"ncas","i02","2307","2022-07-01",33.1781561525569
"ncas","i02","2307","2023-04-14",0.189390476561074
"ncas","i02","2307","2023-04-25",-4.24058869575469
"ncas","i02","2307","2023-05-09",-0.806876330244797
"ncas","i02","2307","2023-05-22",12.276435329648
"ncas","i02","2307","2023-06-05",-20.1870985489285
"ncas","i02","2307","2023-06-21",1.47867282364758
"ncas","i02","2307","2023-07-03",5.08643445494859
"ncas","i02","2307","2023-07-19",-5.35376866027151
"ncas","i02","2307","2023-08-01",15.7738711647832
"ncas","i02","2307","2023-08-16",9.33981077004213
"ncas","i02","2307","2023-09-13",-0.801622374000262
"ncas","i02","2307","2023-09-27",10.6275693522753
"ncas","i02","2308","2022-07-01",-6.19125097404783
"ncas","i02","2308","2023-04-14",-16.0192160365441
"ncas","i02","2308","2023-04-25",3.50200112508549
"ncas","i02","2308","2023-05-09",5.6481343117125
"ncas","i02","2308","2023-05-22",18.8755616261691
"ncas","i02","2308","2023-06-05",-5.86878998581615
"ncas","i02","2308","2023-06-21",-8.94681951792375
"ncas","i02","2308","2023-07-03",11.5441033786932
"ncas","i02","2308","2023-07-19",0.56248245845596
"ncas","i02","2308","2023-08-01",4.22168685383164
"ncas","i02","2308","2023-08-16",-5.5997684975529
"ncas","i02","2308","2023-09-13",-3.66217944982937
"ncas","i02","2308","2023-09-27",-34.4333247013724
"ncas","i02","2310","2022-07-01",7.3814639933169
"ncas","i02","2310","2023-04-14",-5.53921962146598
"ncas","i02","2310","2023-04-25",-5.95834735972145
"ncas","i02","2310","2023-05-09",23.4702328144527
"ncas","i02","2310","2023-05-22",3.1652683551233
"ncas","i02","2310","2023-06-05",11.7745895253816
"ncas","i02","2310","2023-06-21",7.65052460930724
"ncas","i02","2310","2023-07-03",1.27785651779728
"ncas","i02","2310","2023-07-19",-3.75875617170907
"ncas","i02","2310","2023-08-01",1.74326912681539
"ncas","i02","2310","2023-08-16",-11.0124961522002
"ncas","i02","2310","2023-09-13",-10.1870497714827
"ncas","i02","2310","2023-09-27",11.2661553700381
"ncas","i02","2310","2024-05-01",-30.0467767617504
"ncas","i02","2310","2024-05-22",-67.0556837475535
"ncas","i02","2310","2024-06-06",49.9402897084725
"ncas","i02","2310","2024-07-03",30.7372689501027
"ncas","i10","2310","2024-07-17",-34.6583155384211
"ncas","i02","2310","2024-08-08",-14.0626898854082
"ncas","i02","2310","2024-08-20",9.82652352252043
"ncas","i02","2310","2024-08-30",14.7831451936868
"ncas","i02","2310","2024-09-24",-28.6191406465707
"ncas","i02","2310","2024-10-08",-21.5864187406511
"ncas","i02","2310","2024-11-04",-23.6094643300247
"ncas","i02","2311","2022-07-01",-2.01828961801238
"ncas","i02","2311","2023-04-14",-7.23958740866152
"ncas","i02","2311","2023-04-25",-15.8228943720886
"ncas","i02","2311","2023-05-09",-2.1658656302088
"ncas","i02","2311","2023-05-22",-1.38480490536649
"ncas","i02","2311","2023-06-05",-3.11520875754119
"ncas","i02","2311","2023-06-21",12.6651541851558
"ncas","i02","2311","2023-07-03",14.6211935864628
"ncas","i02","2311","2023-07-19",4.30012098751148
"ncas","i02","2311","2023-08-01",-1.49116998607517
"ncas","i02","2311","2023-08-16",-2.60362402380459
"ncas","i02","2311","2023-09-13",-3.95418379287816
"ncas","i02","2311","2023-09-27",-8.5049482858062
"ncas","i02","2311","2024-03-13",-29.7983328006412
"ncas","i02","2311","2024-03-19",36.4133549054567
"ncas","i02","2311","2024-04-04",34.5321069364334
"ncas","i02","2311","2024-04-09",-27.0435006054997
"ncas","i02","2311","2024-04-15",36.2817359242832
"ncas","i02","2311","2024-04-22",-14.9677032938764
"ncas","i02","2311","2024-04-25",11.1632423370491
"ncas","i02","2311","2024-05-01",-18.2389665115415
"ncas","i02","2311","2024-05-03",-35.3041012521156
"ncas","i02","2311","2024-05-06",-22.6018991145842
"ncas","i02","2311","2024-05-09",-104.958824380633
"ncas","i02","2311","2024-05-22",1.5983133458479
"ncas","i02","2311","2024-05-23",-15.2464200722094
"ncas","i02","2311","2024-05-30",3.42275453605367
"ncas","i02","2311","2024-05-31",-17.665618765794
"ncas","i02","2311","2024-06-04",25.5397602474871
"ncas","i02","2311","2024-06-06",-60.5773408332262
"ncas","i02","2311","2024-06-11",15.209395993372
"ncas","i02","2311","2024-06-13",59.0525528811723
"ncas","i02","2311","2024-06-25",9.58218164196103
"ncas","i02","2311","2024-06-26",1.08686591524293
"ncas","i02","2311","2024-07-01",-24.5595597662885
"ncas","i02","2311","2024-07-03",-3.58709518052789
"ncas","i02","2311","2024-07-09",14.8375252788266
"ncas","i02","2311","2024-07-11",33.2010575714566
"ncas","i10","2311","2024-07-17",11.9766752953802
"ncas","i02","2311","2024-07-19",-49.2741503304116
"ncas","i02","2311","2024-07-25",18.0280660570499
"ncas","i10","2311","2024-07-30",-4.79576571716382
"ncas","i02","2311","2024-08-08",-3.03484390067708
"ncas","i02","2311","2024-08-14",21.1606890723286
"ncas","i02","2311","2024-08-20",36.5673203641915
"ncas","i02","2311","2024-08-30",-1.41682990879469
"ncas","i02","2311","2024-09-12",-12.8599941433666
"ncas","i02","2311","2024-09-24",-1.50233883808796
"ncas","i02","2311","2024-10-08",8.92052027003408
"ncas","i02","2311","2024-11-04",-6.21511658158188
"ncas","i02","2312","2022-07-01",-4.55064390710594
"ncas","i02","2312","2023-04-14",-5.72844441669902
"ncas","i02","2312","2023-04-25",1.66842833931329
"ncas","i02","2312","2023-05-09",-3.34523286879947
"ncas","i02","2312","2023-05-22",-1.72004839500466
"ncas","i02","2312","2023-06-05",7.46434502070318
"ncas","i02","2312","2023-06-21",-6.92479878514572
"ncas","i02","2312","2023-07-03",6.55491842732622
"ncas","i02","2312","2023-07-19",24.7359432325918
"ncas","i02","2312","2023-08-01",2.08339573472234
"ncas","i02","2312","2023-08-16",1.72004839500462
"ncas","i02","2312","2023-09-13",12.4866247758885
"ncas","i02","2312","2023-09-27",-8.12150442821557
"ncas","i02","2402","2022-07-01",5.43159975870463
"ncas","i02","2402","2023-04-14",1.52158127250402
"ncas","i02","2402","2023-04-25",0.976108674243684
"ncas","i02","2402","2023-05-09",6.24747220476102
"ncas","i02","2402","2023-05-22",-0.412689331862325
"ncas","i02","2402","2023-06-05",-12.1698705123736
"ncas","i02","2402","2023-06-21",-3.81706482893226
"ncas","i02","2402","2023-07-03",3.38551806892386
"ncas","i02","2402","2023-07-19",-6.02548927616999
"ncas","i02","2402","2023-08-01",-9.27116141773442
"ncas","i02","2402","2023-08-17",2.03049902832063
"ncas","i02","2402","2023-09-13",-0.510702535581296
"ncas","i02","2402","2023-09-27",16.9265619989538
"ncas","i02","2403","2022-07-01",-13.19329912971
"ncas","i02","2403","2023-04-14",-0.396934245001044
"ncas","i02","2403","2023-04-25",-4.08443020325301
"ncas","i02","2403","2023-05-09",6.72282335077545
"ncas","i02","2403","2023-05-22",1.92472129307522
"ncas","i02","2403","2023-06-05",3.85348835966779
"ncas","i02","2403","2023-06-21",30.8593768045629
"ncas","i02","2403","2023-07-03",6.50979787915533
"ncas","i02","2403","2023-07-19",-1.83138587398881
"ncas","i02","2403","2023-08-01",-3.93131585780241
"ncas","i02","2403","2023-08-17",-0.903089895485366
"ncas","i02","2403","2023-09-13",2.30778170519136
"ncas","i02","2403","2023-09-27",9.19961270468349
"ncas","i02","2404","2022-07-01",-13.1518961094891
"ncas","i02","2404","2023-04-14",-7.65316790653294
"ncas","i02","2404","2023-04-25",-2.30188801114723
"ncas","i02","2404","2023-05-09",16.9110276991316
"ncas","i02","2404","2023-05-22",5.67067323916327
"ncas","i02","2404","2023-06-05",2.05837295260879
"ncas","i02","2404","2023-06-21",14.5747089105249
"ncas","i02","2404","2023-07-03",13.5138967382513
"ncas","i02","2404","2023-07-19",4.3946153397951
"ncas","i02","2404","2023-08-01",-5.29445154912408
"ncas","i02","2404","2023-08-16",-7.89513747489995
"ncas","i02","2404","2023-09-13",-3.98018533023062
"ncas","i02","2404","2023-09-27",6.05909904580462
"ncas","i02","2404","2024-03-13",12.7302933244452
"ncas","i02","2405","2022-07-01",41.5695716193498
"ncas","i02","2405","2023-04-14",7.32435889965854
"ncas","i02","2405","2023-04-25",5.97489053588792
"ncas","i02","2405","2023-05-09",-17.859621628828
"ncas","i02","2405","2023-05-22",21.4518934572443
"ncas","i02","2405","2023-06-05",3.99331475569721
"ncas","i02","2405","2023-06-21",-5.27509599937231
"ncas","i02","2405","2023-07-03",-5.04634982939708
"ncas","i02","2405","2023-07-19",3.53370546675461
"ncas","i02","2405","2023-08-01",-1.15431220893461
"ncas","i02","2405","2023-08-16",7.54172128431979
"ncas","i02","2405","2023-09-13",6.35786574575556
"ncas","i02","2405","2023-09-27",54.1224112174321
"ncas","i02","2405","2024-05-01",137.855599936328
"ncas","i02","2405","2024-05-22",186.208113875368
"ncas","i02","2405","2024-06-06",169.187788792751
"ncas","i10","2405","2024-07-17",-44.6153666254088
"ncas","i10","2405","2024-07-30",188.573444195625
"ncas","i02","2405","2024-08-08",163.713482660718
"ncas","i02","2405","2024-08-14",157.486179576035
"ncas","i02","2405","2024-08-20",215.344393042244
"ncas","i02","2405","2024-08-30",166.711487346232
"ncas","i02","2405","2024-09-24",321.731793366804
"ncas","i02","2405","2024-10-08",-19.1449963718917
"ncas","i02","2405","2024-11-04",241.125383513044
"ncas","i02","2406","2022-07-01",2.18220945164907
"ncas","i02","2406","2023-04-14",-6.59192300969281
"ncas","i02","2406","2023-04-25",2.78807687328344
"ncas","i02","2406","2023-05-09",7.70688615600386
"ncas","i02","2406","2023-05-22",-0.750698347977205
"ncas","i02","2406","2023-06-05",9.69065305567697
"ncas","i02","2406","2023-07-19",1.48903262076848
"ncas","i02","2406","2023-08-01",-0.505267872250333
"ncas","i02","2406","2023-08-16",6.20639068442733
"ncas","i02","2406","2023-09-13",4.58010631230732
"ncas","i02","2406","2023-09-27",-6.63337546989056
"ncas","i02","2406","2024-03-13",156.763442541727
"ncas","i02","2406","2024-03-19",161.35800145971
"ncas","i02","2406","2024-04-04",188.673738493216
"ncas","i02","2406","2024-04-09",165.631785830584
"ncas","i02","2406","2024-04-15",211.5313551789
"ncas","i02","2406","2024-04-22",185.625419208004
"ncas","i02","2406","2024-04-25",139.040476010779
"ncas","i02","2406","2024-05-01",0.0891386669096233
"ncas","i02","2406","2024-05-03",202.653667933408
"ncas","i02","2406","2024-05-06",192.995300624959
"ncas","i02","2406","2024-05-09",190.864677487753
"ncas","i02","2406","2024-05-22",47.0644453227181
"ncas","i02","2406","2024-05-23",169.893672089022
"ncas","i02","2406","2024-05-30",241.585757133661
"ncas","i02","2406","2024-05-31",159.417684187322
"ncas","i02","2406","2024-06-04",116.351027873674
"ncas","i02","2406","2024-06-06",-14.5861283048037
"ncas","i02","2406","2024-06-11",149.785068553606
"ncas","i02","2406","2024-06-26",116.755442494054
"ncas","i02","2406","2024-07-01",232.648541363876
"ncas","i02","2406","2024-07-03",21.3487302489055
"ncas","i02","2406","2024-07-09",125.589717436626
"ncas","i02","2406","2024-07-11",191.966027912338
"ncas","i10","2406","2024-07-17",32.0856083708307
"ncas","i02","2406","2024-07-19",-8.06412181274763
"ncas","i02","2406","2024-07-25",225.207765311332
"ncas","i10","2406","2024-07-30",-6.00825128880327
"ncas","i02","2406","2024-08-08",3.07631180585683
"ncas","i02","2406","2024-08-14",-26.7219178623453
"ncas","i02","2406","2024-08-20",-63.7597842251662
"ncas","i02","2406","2024-08-30",0.751169419043171
"ncas","i02","2406","2024-09-12",269.309200261429
"ncas","i02","2406","2024-09-24",-12.7698801237443
"ncas","i02","2406","2024-10-08",-43.1055213812218
"ncas","i02","2406","2024-11-04",52.5519309542828
"ncas","i02","2409","2022-07-01",-4.59207214939776
"ncas","i02","2409","2023-04-14",2.68999027167234
"ncas","i02","2409","2023-04-25",-1.176923095777
"ncas","i02","2409","2023-05-09",3.42599859315405
"ncas","i02","2409","2023-05-22",-26.9168465552881
"ncas","i02","2409","2023-06-05",-8.19229375866288
"ncas","i02","2409","2023-06-21",0.903748835931998
"ncas","i02","2409","2023-07-03",5.29245660001411
"ncas","i02","2409","2023-07-19",3.35864649011148
"ncas","i02","2409","2023-08-01",7.00643877010751
"ncas","i02","2409","2023-08-16",-10.6359808228212
"ncas","i02","2409","2023-09-13",-21.7343631588792
"ncas","i02","2409","2023-09-27",3.49034689946989
"ncas","i02","2410","2022-07-01",-1.86663609421915
"ncas","i02","2410","2023-04-14",3.06903241434672
"ncas","i02","2410","2023-04-25",-9.15978880483356
"ncas","i02","2410","2023-05-09",-1.97585119626181
"ncas","i02","2410","2023-05-22",9.74975565712307
"ncas","i02","2410","2023-06-05",-5.32680647247905
"ncas","i02","2410","2023-06-21",-0.394391017418232
"ncas","i02","2410","2023-07-03",-6.81944298889638
"ncas","i02","2410","2023-07-19",-4.5554755543042
"ncas","i02","2410","2023-08-01",0.0775660401288889
"ncas","i02","2410","2023-08-16",2.05189623809248
"ncas","i02","2410","2023-09-13",-4.58404197232997
"ncas","i02","2410","2023-09-27",1.51248091913672
"ncas","i02","2411","2023-04-14",-2.54148615094743
"ncas","i02","2411","2023-04-25",-5.53202949546677
"ncas","i02","2411","2023-05-22",-12.1652122126913
"ncas","i02","2411","2023-06-05",-1.73660061042771
"ncas","i02","2411","2023-06-21",-11.0732063328099
"ncas","i02","2411","2023-07-03",-10.2541664528723
"ncas","i02","2411","2023-07-19",-4.64442352414423
"ncas","i02","2411","2023-08-01",-10.3488890912829
"ncas","i02","2411","2023-08-16",9.335026734277
"ncas","i02","2411","2023-09-13",-3.14605826335712
"ncas","i02","2411","2023-09-27",9.04495021706457
"ncas","i02","2411","2024-03-13",4.41375230866084
"ncas","i02","2411","2024-03-19",-28.4338894075805
"ncas","i02","2411","2024-04-04",8.81991641521558
"ncas","i02","2411","2024-04-09",-20.6829672982997
"ncas","i02","2411","2024-04-15",-3.16726232782179
"ncas","i02","2411","2024-04-22",2.95587211613534
"ncas","i02","2411","2024-05-01",13.1160151017279
"ncas","i02","2411","2024-05-03",33.1612231367215
"ncas","i02","2411","2024-05-09",-21.760757681643
"ncas","i02","2411","2024-05-22",-24.0284017773294
"ncas","i02","2411","2024-05-23",4.05123493549308
"ncas","i02","2411","2024-05-31",-4.97190734640495
"ncas","i02","2411","2024-06-04",-0.73868521813462
"ncas","i02","2411","2024-06-06",-28.1195421636919
"ncas","i02","2411","2024-06-11",-23.3178504420541
"ncas","i02","2411","2024-06-13",38.2890986526286
"ncas","i02","2411","2024-06-25",-40.6314367573677
"ncas","i02","2411","2024-06-26",-31.1251187425234
"ncas","i02","2411","2024-07-01",-33.8360820180874
"ncas","i02","2411","2024-07-03",-69.2306247250437
"ncas","i02","2411","2024-07-09",9.88672482074553
"ncas","i02","2411","2024-07-11",-33.1117008780629
"ncas","i10","2411","2024-07-17",37.1430006585793
"ncas","i02","2411","2024-07-19",31.1105497415641
"ncas","i02","2411","2024-07-25",16.6067969482944
"ncas","i10","2411","2024-07-30",0.873852568512941
"ncas","i02","2411","2024-08-08",28.6443201875041
"ncas","i02","2411","2024-08-14",54.7901329457975
"ncas","i02","2411","2024-08-20",18.1538639129099
"ncas","i02","2411","2024-08-30",64.6005700377626
"ncas","i02","2411","2024-09-12",16.5706178216938
"ncas","i02","2411","2024-09-24",15.1041914657918
"ncas","i02","2411","2024-10-08",-32.004947830484
"ncas","i02","2411","2024-11-04",-21.7839131522692
"ncas","i02","2412","2023-04-14",-3.11937588877722
"ncas","i02","2412","2023-04-25",11.021160780644
"ncas","i02","2412","2023-05-09",3.47477279342571
"ncas","i02","2412","2023-05-22",6.59192300969269
"ncas","i02","2412","2023-06-05",9.13672523685417
"ncas","i02","2412","2023-06-21",-4.70256206603523
"ncas","i02","2412","2023-07-03",4.45549130550926
"ncas","i02","2412","2023-07-19",-7.38268760835588
"ncas","i02","2412","2023-08-01",4.43105039351698
"ncas","i02","2412","2023-08-16",14.539521499473
"ncas","i02","2412","2023-09-13",1.96281572737657
"ncas","i02","2412","2023-09-27",3.64901428580447
"ncas","i02","501","2023-09-26",3.68610353573371
"ncas","i02","501","2023-10-18",-14.6113480020972
"ncas","i02","501","2024-05-01",24.7207783783835
"ncas","i02","501","2024-05-22",-4.83458426442355
"ncas","i02","501","2024-06-06",68.7771389429766
"ncas","i02","501","2024-07-03",16.5767993884733
"ncas","i10","501","2024-07-17",14.1510143344551
"ncas","i10","501","2024-07-30",30.814824051518
"ncas","i02","501","2024-08-08",-19.5304048951375
"ncas","i02","501","2024-08-14",27.3708859651604
"ncas","i02","501","2024-08-20",5.20581356345278
"ncas","i02","501","2024-08-30",38.192500718973
"ncas","i02","501","2024-09-24",-2.37636810472271
"ncas","i02","501","2024-10-08",-11.2784630870554
"ncas","i02","501","2024-10-16",125.496794079735
"ncas","i02","501","2024-11-04",-64.6005700377632
"ncas","i02","502","2023-09-26",-0.737220707146801
"ncas","i02","502","2023-10-18",-4.46530207839904
"ncas","i02","503","2024-10-16",310.299064852319
"ncas","i02","504","2023-04-13",10.4498477810772
"ncas","i02","504","2023-04-26",-6.83594506288698
"ncas","i02","504","2023-05-10",-6.35207086990535
"ncas","i02","504","2023-05-23",7.03652240613671
"ncas","i02","504","2023-06-06",1.32288543825714
"ncas","i02","504","2023-07-05",7.84718495256374
"ncas","i02","504","2023-07-20",-4.47304022610273
"ncas","i02","504","2023-08-02",3.76914308231099
"ncas","i02","504","2023-08-17",4.3946153397952
"ncas","i02","504","2023-09-14",10.7604165827916
"ncas","i02","504","2023-09-26",14.6773940786491
"ncas","i02","504","2023-10-18",22.5922857690512
"ncas","i02","505","2024-10-16",13.4744245245397
"ncas","i02","506","2023-04-13",180.148624936777
"ncas","i02","506","2023-04-26",6.99322713932297
"ncas","i02","506","2023-05-10",-7.12460365694074
"ncas","i02","506","2023-05-23",14.3557885275385
"ncas","i02","506","2023-06-06",6.83604655717897
"ncas","i02","506","2023-07-05",2.05082693250543
"ncas","i02","506","2023-07-20",-0.796436397134593
"ncas","i02","506","2023-08-02",-5.20863440852874
"ncas","i02","506","2023-08-17",5.46049354903844
"ncas","i02","506","2023-09-14",-9.22238426342535
"ncas","i02","506","2023-09-26",0.603180578574577
"ncas","i02","506","2023-10-18",10.5240671056176
"ncas","i02","506","2024-05-01",-31.956601987839
"ncas","i02","506","2024-05-22",-60.7954219622826
"ncas","i02","506","2024-06-06",12.4113522080223
"ncas","i02","506","2024-07-03",-105.204142558569
"ncas","i10","506","2024-07-17",-22.0391144202249
"ncas","i10","506","2024-07-30",12.0187107046994
"ncas","i02","506","2024-08-08",-6.76052477139431
"ncas","i02","506","2024-08-14",45.9309301881967
"ncas","i02","506","2024-08-20",0.290080036385211
"ncas","i02","506","2024-08-30",-101.513570832499
"ncas","i02","506","2024-09-24",-4.51281885528723
"ncas","i02","506","2024-10-08",-68.504475867976
"ncas","i02","506","2024-11-04",27.0420990855748
"ncas","i02","507","2024-10-16",22.2947171073556
"ncas","i02","508","2023-09-26",-3.15552162093035
"ncas","i02","508","2023-10-18",-15.455053733144
"ncas","i02","508","2024-03-13",-35.3954230803353
"ncas","i02","508","2024-03-19",-4.19910266166987
"ncas","i02","508","2024-04-04",-43.1699649270917
"ncas","i02","508","2024-04-09",-20.4609661932141
"ncas","i02","508","2024-04-15",18.1561966358715
"ncas","i02","508","2024-04-22",-17.1876736522001
"ncas","i02","508","2024-04-25",-31.5491155998377
"ncas","i02","508","2024-05-01",27.0583511402923
"ncas","i02","508","2024-05-03",26.7338325840311
"ncas","i02","508","2024-05-06",-8.48513063431793
"ncas","i02","508","2024-05-09",18.5354452627303
"ncas","i02","508","2024-05-22",34.5537932760128
"ncas","i02","508","2024-05-23",-3.00467767617569
"ncas","i02","508","2024-05-30",-43.4329235215918
"ncas","i02","508","2024-05-31",-9.77964061581742
"ncas","i02","508","2024-06-04",-19.1637271221705
"ncas","i02","508","2024-06-06",17.3650264193175
"ncas","i02","508","2024-06-11",-19.1181987544694
"ncas","i02","508","2024-06-13",17.4515867292745
"ncas","i02","508","2024-06-25",-51.0837584042519
"ncas","i02","508","2024-06-26",11.8624553824737
"ncas","i02","508","2024-07-01",72.639628572962
"ncas","i02","508","2024-07-03",4.86031390035382
"ncas","i02","508","2024-07-09",25.360112953472
"ncas","i02","508","2024-07-11",-36.8073015331437
"ncas","i10","508","2024-07-17",-62.2422960836323
"ncas","i02","508","2024-07-19",23.5927712103862
"ncas","i02","508","2024-07-25",-22.535082571313
"ncas","i10","508","2024-07-30",-3.72262988360649
"ncas","i02","508","2024-08-08",66.1029088758502
"ncas","i02","508","2024-08-14",-6.760524771393
"ncas","i02","508","2024-08-20",23.678375525516
"ncas","i02","508","2024-08-30",-24.7092840969515
"ncas","i02","508","2024-09-12",-47.0886479828061
"ncas","i02","508","2024-09-24",4.50701651426205
"ncas","i02","508","2024-10-08",-20.9504168812463
"ncas","i02","508","2024-10-16",-6.76052477139463
"ncas","i02","508","2024-11-04",-24.0374214094001
"ncas","i02","509","2023-04-13",25.7704981827531
"ncas","i02","509","2023-04-26",-4.0602829722946
"ncas","i02","509","2023-05-10",-2.52204859092631
"ncas","i02","509","2023-05-23",2.48052670586851
"ncas","i02","509","2023-06-06",-0.169394700374255
"ncas","i02","509","2023-07-05",13.6584193186344
"ncas","i02","509","2023-07-20",3.25211528829953
"ncas","i02","509","2023-08-02",-3.80609761077741
"ncas","i02","509","2023-08-17",-0.665850809059958
"ncas","i02","509","2023-09-14",1.93476592938984
"ncas","i02","509","2023-09-26",-4.10597734369856
"ncas","i02","509","2023-10-18",-8.75663445556169
"ncas","i02","509","2024-03-13",59.3577275062305
"ncas","i02","509","2024-03-19",-0.894264710616267
"ncas","i02","509","2024-04-04",-14.5797667671619
"ncas","i02","509","2024-04-09",-37.9060239944145
"ncas","i02","509","2024-04-15",4.39551551164186
"ncas","i02","509","2024-04-22",20.5063015753323
"ncas","i02","509","2024-04-25",-17.4338316609229
"ncas","i02","509","2024-05-01",26.5142439621905
"ncas","i02","509","2024-05-03",-2.95682371168833
"ncas","i02","509","2024-05-06",-29.2054751642375
"ncas","i02","509","2024-05-09",42.0064624623792
"ncas","i02","509","2024-05-22",-19.1443553871451
"ncas","i02","509","2024-05-23",-0.751169419043884
"ncas","i02","509","2024-05-30",-24.7885908284436
"ncas","i02","509","2024-05-31",10.3990825308082
"ncas","i02","509","2024-06-04",-46.9869135315782
"ncas","i02","509","2024-06-06",8.2346768817569
"ncas","i02","509","2024-06-11",12.783641753096
"ncas","i02","509","2024-06-13",16.7305916059739
"ncas","i02","509","2024-06-25",38.1802832845027
"ncas","i02","509","2024-06-26",11.3387077851386
"ncas","i02","509","2024-07-01",-30.525707803079
"ncas","i02","509","2024-07-03",22.1155295530599
"ncas","i02","509","2024-07-09",-28.1630086667354
"ncas","i02","509","2024-07-11",-57.0888758473256
"ncas","i10","509","2024-07-17",9.06756396010011
"ncas","i02","509","2024-07-19",45.8991449397367
"ncas","i02","509","2024-07-25",1.38926135352995
"ncas","i10","509","2024-07-30",-51.0048639896675
"ncas","i02","509","2024-08-08",-1.50233883808818
"ncas","i02","509","2024-08-14",0.652668875696712
"ncas","i02","509","2024-08-20",32.0858301501519
"ncas","i02","509","2024-09-12",-3.75584709521902
"ncas","i02","509","2024-10-08",-50.1414013947951
"ncas","i02","509","2024-11-04",39.4468689737672
"ncas","i02","601","2023-09-26",33.0894628456352
"ncas","i02","601","2023-10-18",22.1161152275082
"ncas","i02","602","2023-09-26",5.62968540002978
"ncas","i02","602","2023-10-18",-3.63015633083928
"ncas","i02","602","2024-05-01",-39.4650733390261
"ncas","i02","602","2024-05-22",55.1279540320704
"ncas","i02","602","2024-06-06",37.4247510236013
"ncas","i02","602","2024-07-03",108.241500277298
"ncas","i10","602","2024-07-17",-16.4513509449708
"ncas","i10","602","2024-07-30",10.0012346917215
"ncas","i02","602","2024-08-14",27.7932685046182
"ncas","i02","602","2024-08-20",53.3330287521058
"ncas","i02","602","2024-08-30",-19.1937423842959
"ncas","i02","602","2024-09-24",-10.684431224376
"ncas","i02","602","2024-10-08",-49.6288529141419
"ncas","i02","602","2024-11-04",-8.12210156423168
"ncas","i02","603","2023-04-13",-8.62078939206512
"ncas","i02","603","2023-04-26",-2.94929729330022
"ncas","i02","603","2023-05-10",15.3481241400412
"ncas","i02","603","2023-05-23",10.1866910457704
"ncas","i02","603","2023-06-06",2.95793263063625
"ncas","i02","603","2023-07-05",10.5849132000284
"ncas","i02","603","2023-07-20",8.56169126919694
"ncas","i02","603","2023-08-02",-3.86953185877981
"ncas","i02","603","2023-08-17",-2.12916806617296
"ncas","i02","603","2023-09-14",-6.29531769753122
"ncas","i02","603","2023-09-26",0.194804097770625
"ncas","i02","603","2024-05-01",-31.1329158136276
"ncas","i02","603","2024-05-22",12.1542540379086
"ncas","i02","603","2024-06-06",-15.0872908703312
"ncas","i02","603","2024-07-03",62.1421973936185
"ncas","i10","603","2024-07-17",-36.6217155890521
"ncas","i10","603","2024-07-30",21.6016698854964
"ncas","i02","603","2024-08-08",-4.65524418463562
"ncas","i02","603","2024-08-14",52.7431854217344
"ncas","i02","603","2024-08-20",-50.6650305964205
"ncas","i02","603","2024-08-30",-42.2007574028547
"ncas","i02","603","2024-09-24",-10.5163718666131
"ncas","i02","603","2024-10-08",31.8511989681044
"ncas","i02","603","2024-10-16",-54.5491840410348
"ncas","i02","603","2024-11-04",-19.7908810362519
"ncas","i02","604","2023-09-26",4.70677859309376
"ncas","i02","604","2023-10-18",-4.22806443238935
"ncas","i02","604","2024-03-13",-13.6952824010206
"ncas","i02","604","2024-03-19",-10.5539141413039
"ncas","i02","604","2024-04-04",118.004191738652
"ncas","i02","604","2024-04-09",-12.0199119588491
"ncas","i02","604","2024-04-15",-42.2817259443432
"ncas","i02","604","2024-04-22",-2.95954843699251
"ncas","i02","604","2024-04-25",-3.13681071609174
"ncas","i02","604","2024-05-01",21.1313963773772
"ncas","i02","604","2024-05-03",16.6868164109896
"ncas","i02","604","2024-05-06",26.6300801778621
"ncas","i02","604","2024-05-09",27.2937011487877
"ncas","i02","604","2024-05-22",2.9735067566779
"ncas","i02","604","2024-05-23",-19.0724349231505
"ncas","i02","604","2024-05-30",-2.05469831238006
"ncas","i02","604","2024-05-31",42.1420409547082
"ncas","i02","604","2024-06-04",10.5163718666118
"ncas","i02","604","2024-06-06",-4.45609285308553
"ncas","i02","604","2024-06-11",16.6417862366289
"ncas","i02","604","2024-06-13",34.5749828223889
"ncas","i02","604","2024-06-25",-83.6529580298723
"ncas","i02","604","2024-06-26",4.64796596558983
"ncas","i02","604","2024-07-01",11.2675412856562
"ncas","i02","604","2024-07-03",-40.6314367573678
"ncas","i02","604","2024-07-09",32.3002850188812
"ncas","i02","604","2024-07-11",45.821334561668
"ncas","i10","604","2024-07-17",3.35691495998524
"ncas","i02","604","2024-07-19",-33.2935264723153
"ncas","i02","604","2024-07-25",18.6969360377523
"ncas","i10","604","2024-07-30",-34.9202848055869
"ncas","i02","604","2024-08-08",1.26274585728455
"ncas","i02","604","2024-08-14",-0.0731190186071758
"ncas","i02","604","2024-08-20",-12.7698801237443
"ncas","i02","604","2024-08-30",-8.26286360948147
"ncas","i02","604","2024-09-12",37.4978700422079
"ncas","i02","604","2024-09-24",-1.50233883808816
"ncas","i02","604","2024-10-08",12.7078197996242
"ncas","i02","604","2024-11-04",46.2427984892101
"ncas","i02","605","2024-10-16",-75.3463895796401
"ncas","i02","606","2023-04-13",22.413873917901
"ncas","i02","606","2023-04-26",-5.76141796830736
"ncas","i02","606","2023-05-10",0.661557075001741
"ncas","i02","606","2023-05-23",-10.3407506468651
"ncas","i02","606","2023-06-06",1.24138426421508
"ncas","i02","606","2023-07-05",2.84469542250764
"ncas","i02","606","2023-07-20",2.65478799044862
"ncas","i02","606","2023-08-02",-1.09982429632686
"ncas","i02","606","2023-08-17",2.87692133410829
"ncas","i02","606","2023-09-14",-2.4502752504112
"ncas","i02","606","2023-09-26",1.92550033353828
"ncas","i02","607","2023-04-13",273.684069386482
"ncas","i02","607","2023-04-26",8.88150315760648
"ncas","i02","607","2023-05-10",-7.08076852629027
"ncas","i02","607","2023-05-23",19.50054987774
"ncas","i02","607","2023-06-06",-5.04409718185252
"ncas","i02","607","2023-07-05",6.88019358001838
"ncas","i02","607","2023-07-20",-8.03073367110727
"ncas","i02","607","2023-08-02",-0.0649001824488203
"ncas","i02","607","2023-08-17",-6.73539915928214
"ncas","i02","607","2023-09-14",-0.457922055430462
"ncas","i02","607","2023-09-26",-2.1701503506966e-13
"ncas","i02","607","2023-10-18",0.223790870328161
"ncas","i02","607","2024-03-13",24.6143902905674
"ncas","i02","607","2024-03-19",-3.14481134723254
"ncas","i02","607","2024-04-09",36.4825241685643
"ncas","i02","607","2024-04-15",49.3866985462305
"ncas","i02","607","2024-04-22",20.2158657177704
"ncas","i02","607","2024-04-25",34.5219503142212
"ncas","i02","607","2024-05-01",-31.5214894040411
"ncas","i02","607","2024-05-03",-21.981172017984
"ncas","i02","607","2024-05-06",18.0287545689312
"ncas","i02","607","2024-05-09",-21.6857304719139
"ncas","i02","607","2024-05-22",21.0582773587704
"ncas","i02","607","2024-05-23",16.9879853229893
"ncas","i02","607","2024-05-30",-3.00467767617503
"ncas","i02","607","2024-05-31",-19.7722300367423
"ncas","i02","607","2024-06-04",29.5701524598536
"ncas","i02","607","2024-06-06",40.5631486283624
"ncas","i02","607","2024-06-11",-17.1386012173814
"ncas","i02","607","2024-06-13",-0.172411099636144
"ncas","i02","607","2024-06-25",-68.8384793130447
"ncas","i02","607","2024-06-26",8.41358360611524
"ncas","i02","607","2024-07-01",14.2722189618308
"ncas","i02","607","2024-07-03",-47.3459224234535
"ncas","i02","607","2024-07-09",19.8459684054577
"ncas","i02","607","2024-07-11",26.5460106167917
"ncas","i10","607","2024-07-17",-10.3944789843841
"ncas","i02","607","2024-07-19",-5.258185933307
"ncas","i02","607","2024-07-25",6.9134554981248
"ncas","i10","607","2024-07-30",41.5925350841909
"ncas","i02","607","2024-08-08",-37.8269056259394
"ncas","i02","607","2024-08-14",44.318995723581
"ncas","i02","607","2024-08-20",38.3096403712315
"ncas","i02","607","2024-08-30",-22.5350825713127
"ncas","i02","607","2024-09-12",-48.0799405096921
"ncas","i02","607","2024-09-24",21.7772810417372
"ncas","i02","607","2024-10-08",22.879895453412
"ncas","i02","607","2024-10-16",27.0682233698076
"ncas","i02","607","2024-11-04",20.4261185171885
"ncas","i02","608","2024-10-16",66.7923822975067
"ncas","i02","609","2024-10-16",-91.2053971093791
"ncas","i02","702","2023-09-26",29.5120638094097
"ncas","i02","702","2023-10-18",-1.22087691928512
"ncas","i02","702","2024-03-13",28.5673248510687
"ncas","i02","702","2024-04-04",-44.0924340828714
"ncas","i02","702","2024-04-09",-0.945091402676943
"ncas","i02","702","2024-04-15",28.0031270291168
"ncas","i02","702","2024-04-25",-22.7400147867279
"ncas","i02","702","2024-05-01",-10.4803926669805
"ncas","i02","702","2024-05-03",-4.50932731279025
"ncas","i02","702","2024-05-06",-21.5550688085968
"ncas","i02","702","2024-05-09",-18.6190536315336
"ncas","i02","702","2024-05-22",-22.6169972097948
"ncas","i02","702","2024-05-23",9.76520244756805
"ncas","i02","702","2024-05-30",-44.1394333126546
"ncas","i02","702","2024-06-04",16.6309698696165
"ncas","i02","702","2024-06-06",-2.3931192108901
"ncas","i02","702","2024-06-11",-8.26286360948171
"ncas","i02","702","2024-06-13",-25.1088620220226
"ncas","i02","702","2024-06-25",-7.17025354541737
"ncas","i02","702","2024-06-26",11.1186244330074
"ncas","i02","702","2024-07-01",28.3548367108432
"ncas","i02","702","2024-07-03",-31.0310247947767
"ncas","i02","702","2024-07-09",29.2956073427059
"ncas","i02","702","2024-07-11",-42.0654874664503
"ncas","i10","702","2024-07-17",13.1422787955793
"ncas","i02","702","2024-07-19",2.29642752560028
"ncas","i02","702","2024-07-25",-14.0686402094728
"ncas","i10","702","2024-07-30",6.46641844220993
"ncas","i02","702","2024-08-08",-14.6642635590219
"ncas","i02","702","2024-08-14",-2.9732693226212
"ncas","i02","702","2024-08-20",-25.9085055930244
"ncas","i02","702","2024-08-30",-19.0464846030575
"ncas","i02","702","2024-09-12",-67.1523754328426
"ncas","i02","702","2024-09-24",-42.0654874664506
"ncas","i02","702","2024-10-08",-24.6236723795508
"ncas","i02","702","2024-10-16",-12.8129615400928
"ncas","i02","702","2024-11-04",-3.00467767617532
"ncas","i02","703","2024-10-16",25.4911774052849
"ncas","i02","704","2023-09-26",-6.28718222228904
"ncas","i02","704","2023-10-18",16.4573774932246
"ncas","i02","704","2024-05-01",42.6168602908925
"ncas","i02","704","2024-05-22",1.20548934402365
"ncas","i02","704","2024-06-06",19.1535931578763
"ncas","i02","704","2024-07-03",-33.4611832119494
"ncas","i10","704","2024-07-17",14.7104303899874
"ncas","i10","704","2024-07-30",-7.14118817679654
"ncas","i02","704","2024-08-08",56.3377064282809
"ncas","i02","704","2024-08-14",-23.286251990357
"ncas","i02","704","2024-08-20",0.332395755174549
"ncas","i02","704","2024-08-30",25.9448490894212
"ncas","i02","704","2024-09-24",1.97865778354484
"ncas","i02","704","2024-10-08",-43.3983023219298
"ncas","i02","704","2024-10-16",-5.55177206416711
"ncas","i02","704","2024-11-04",23.5565104945037
"ncas","i02","705","2023-09-26",15.8839445382083
"ncas","i02","705","2023-10-18",-5.46285068790654
"ncas","i02","706","2023-04-13",13.1747370371012
"ncas","i02","706","2023-04-26",-3.83980274500273
"ncas","i02","706","2023-05-10",-9.71306751020086
"ncas","i02","706","2023-05-23",8.88913365795019
"ncas","i02","706","2023-06-06",-6.4866711653739
"ncas","i02","706","2023-07-05",10.3202903700277
"ncas","i02","706","2023-07-20",-1.06191519617952
"ncas","i02","706","2023-08-02",0.0644270851080219
"ncas","i02","706","2023-08-17",-3.27850488348961
"ncas","i02","706","2023-09-14",0.22224015936204
"ncas","i02","706","2023-10-18",17.9936164410934
"ncas","i02","706","2024-05-01",-56.8788838709421
"ncas","i02","706","2024-05-22",1.03135341435822
"ncas","i02","706","2024-06-06",-36.6813743344328
"ncas","i02","706","2024-07-03",-78.8727889995946
"ncas","i10","706","2024-07-17",0.107626826402562
"ncas","i10","706","2024-07-30",-60.180440999119
"ncas","i02","706","2024-08-08",25.7378945496078
"ncas","i02","706","2024-08-14",-50.0784600540588
"ncas","i02","706","2024-08-20",15.023388380875
"ncas","i02","706","2024-08-30",11.1195438081739
"ncas","i02","706","2024-09-24",-27.202208901985
"ncas","i02","706","2024-10-08",-27.2721906971776
"ncas","i02","706","2024-11-04",12.3913027073727
"ncas","i02","707","2023-04-13",12.7204357599598
"ncas","i02","707","2023-04-26",2.08090051695962
"ncas","i02","707","2023-05-10",-0.576166165355942
"ncas","i02","707","2023-05-23",-29.2506671251808
"ncas","i02","707","2023-06-06",-10.1235711143814
"ncas","i02","707","2023-07-05",-0.330778537500945
"ncas","i02","707","2023-07-20",4.91135778232997
"ncas","i02","707","2023-08-02",4.24314810264097
"ncas","i02","707","2023-08-17",7.76525487206229
"ncas","i02","707","2023-09-14",-7.31901565914477
"ncas","i02","707","2023-09-26",-2.14647899164989
"ncas","i02","707","2023-10-18",0.576294954130079
"ncas","i02","708","2023-04-13",-3.37480948733633
"ncas","i02","708","2023-04-26",-2.23311331963349
"ncas","i02","708","2023-05-10",22.185495033759
"ncas","i02","708","2023-05-23",-17.2531550166901
"ncas","i02","708","2023-06-06",-1.38299042371857
"ncas","i02","708","2023-07-05",-0.593487816585702
"ncas","i02","708","2023-08-02",-5.76493537063707
"ncas","i02","708","2023-08-17",-5.17683658137499
"ncas","i02","708","2023-09-14",13.6800841395102
"ncas","i02","708","2023-09-26",2.36891553304068
"ncas","i02","708","2023-10-18",3.41855602625423
"ncas","i02","708","2024-03-13",24.7132400937996
"ncas","i02","708","2024-03-19",-32.5397782483619
"ncas","i02","708","2024-04-04",9.73006511262239
"ncas","i02","708","2024-04-09",34.7495122895442
"ncas","i02","708","2024-04-15",-21.6073327958129
"ncas","i02","708","2024-04-22",25.4429200678455
"ncas","i02","708","2024-04-25",-23.0367940199783
"ncas","i02","708","2024-05-01",-11.5162454305779
"ncas","i02","708","2024-05-03",14.3956226259855
"ncas","i02","708","2024-05-06",8.28805465565355
"ncas","i02","708","2024-05-09",13.9670019360569
"ncas","i02","708","2024-05-23",-0.625795804319337
"ncas","i02","708","2024-05-30",29.8934921070965
"ncas","i02","708","2024-06-04",80.5771585047389
"ncas","i02","708","2024-06-06",-17.0367313353944
"ncas","i02","708","2024-06-11",57.4985829447915
"ncas","i02","708","2024-06-13",54.3255674667291
"ncas","i02","708","2024-06-25",51.8624742335832
"ncas","i02","708","2024-06-26",43.2725320862374
"ncas","i02","708","2024-07-01",36.0901715339207
"ncas","i02","708","2024-07-03",7.37097123725732
"ncas","i02","708","2024-07-09",-38.7869771136123
"ncas","i02","708","2024-07-11",78.1216195805502
"ncas","i10","708","2024-07-17",-7.87228462824037
"ncas","i02","708","2024-07-19",-8.0653449574624
"ncas","i02","708","2024-07-25",-30.8682747917407
"ncas","i10","708","2024-07-30",43.3682345655394
"ncas","i02","708","2024-08-08",34.5537932760117
"ncas","i02","708","2024-08-14",-21.7839131522689
"ncas","i02","708","2024-08-20",-24.9457718480343
"ncas","i02","708","2024-08-30",2.25450307371052
"ncas","i02","708","2024-09-12",6.00935535234975
"ncas","i02","708","2024-09-24",-64.5960809774896
"ncas","i02","708","2024-10-08",27.641957526262
"ncas","i02","708","2024-11-04",-92.6681269469994
"ncas","i02","709","2024-10-16",-17.2897674571197
"ncas","i02","801","2023-10-20",-5.08515159713288
"ncas","i02","801","2024-03-13",15.1262205048583
"ncas","i02","801","2024-03-19",13.4424120131163
"ncas","i02","801","2024-04-04",12.6139819890107
"ncas","i02","801","2024-04-09",44.7174899384689
"ncas","i02","801","2024-04-15",22.6359398803466
"ncas","i02","801","2024-04-22",1.20676988256471
"ncas","i02","801","2024-05-01",19.7234344868839
"ncas","i02","801","2024-05-03",4.80568912660298
"ncas","i02","801","2024-05-06",1.56553965629299
"ncas","i02","801","2024-05-09",-56.1196703768069
"ncas","i02","801","2024-05-22",-18.3224175820992
"ncas","i02","801","2024-05-23",-0.770143899170628
"ncas","i02","801","2024-05-30",30.8688205283432
"ncas","i02","801","2024-06-04",49.8929096088498
"ncas","i02","801","2024-06-06",-49.9960836222243
"ncas","i02","801","2024-06-11",-25.4732145069571
"ncas","i02","801","2024-06-13",19.8470269066496
"ncas","i02","801","2024-06-25",105.809103244502
"ncas","i02","801","2024-06-26",34.56319305319
"ncas","i02","801","2024-07-01",18.7792354760936
"ncas","i02","801","2024-07-03",-2.39008451514033
"ncas","i02","801","2024-07-09",-12.9055067841082
"ncas","i02","801","2024-07-11",50.3668173170124
"ncas","i10","801","2024-07-17",24.8128974929052
"ncas","i02","801","2024-07-19",-5.26969684822147
"ncas","i02","801","2024-07-25",-43.6995054058846
"ncas","i10","801","2024-07-30",103.09750943883
"ncas","i02","801","2024-08-08",25.8091038638769
"ncas","i02","801","2024-08-14",3.93624050166782
"ncas","i02","801","2024-08-20",-18.9515703165404
"ncas","i02","801","2024-08-30",8.43195154643739
"ncas","i02","801","2024-09-12",0.219963953384724
"ncas","i02","801","2024-09-24",35.3049626950557
"ncas","i02","801","2024-10-08",243.390899089709
"ncas","i02","801","2024-11-04",2.12721707634594
"ncas","i02","802","2023-09-26",-3.9151519358938
"ncas","i02","802","2023-10-20",4.64587898328503
"ncas","i02","803","2024-10-16",40.8348302488065
"ncas","i02","804","2023-09-26",-5.57000219137849
"ncas","i02","804","2023-10-20",14.0244205757481
"ncas","i02","804","2024-05-01",11.2990542685687
"ncas","i02","804","2024-05-22",-11.2809450500058
"ncas","i02","804","2024-06-06",-22.8893697932538
"ncas","i02","804","2024-07-03",-38.2413522422286
"ncas","i10","804","2024-07-17",-65.7986918388035
"ncas","i10","804","2024-07-30",-39.520190291563
"ncas","i02","804","2024-08-08",-70.6099253901134
"ncas","i02","804","2024-08-14",-7.4825129041003
"ncas","i02","804","2024-08-30",8.59148468630374
"ncas","i02","804","2024-09-24",-47.3236733997569
"ncas","i02","804","2024-10-08",31.7575879224872
"ncas","i02","804","2024-11-04",21.6749920198685
"ncas","i02","805","2023-04-13",204.889875990781
"ncas","i02","805","2023-04-26",9.18733870439803
"ncas","i02","805","2023-05-10",25.3595717224761
"ncas","i02","805","2023-05-23",0.0643018026929764
"ncas","i02","805","2023-06-06",-17.1336481664765
"ncas","i02","805","2023-07-05",12.4409941696308
"ncas","i02","805","2023-07-20",3.65033348686688
"ncas","i02","805","2023-08-02",-5.5293988285331
"ncas","i02","805","2023-08-17",2.73059303479535
"ncas","i02","805","2023-09-14",2.40487803198993
"ncas","i02","805","2023-09-26",-6.48206108201502
"ncas","i02","805","2023-10-20",8.27026292125952
"ncas","i02","805","2024-03-13",41.4794123000796
"ncas","i02","805","2024-03-19",-31.0298109901954
"ncas","i02","805","2024-04-04",20.1384792956742
"ncas","i02","805","2024-04-09",-3.49758486975094
"ncas","i02","805","2024-04-15",-27.7808068988494
"ncas","i02","805","2024-04-22",7.55634677650336
"ncas","i02","805","2024-04-25",26.0290678172627
"ncas","i02","805","2024-05-01",-9.01403302852502
"ncas","i02","805","2024-05-03",18.4078584303087
"ncas","i02","805","2024-05-06",-31.6441569414532
"ncas","i02","805","2024-05-09",-12.886082031195
"ncas","i02","805","2024-05-22",-6.54024521819913
"ncas","i02","805","2024-05-23",-21.8281479538723
"ncas","i02","805","2024-05-30",-3.00467767617551
"ncas","i02","805","2024-06-04",-49.577181656888
"ncas","i02","805","2024-06-06",-3.81035627548369
"ncas","i02","805","2024-06-11",-15.0233883808752
"ncas","i02","805","2024-06-13",-56.0280791649579
"ncas","i02","805","2024-06-25",-10.4620236915921
"ncas","i02","805","2024-06-26",62.5336697015839
"ncas","i02","805","2024-07-01",-10.6266307041947
"ncas","i02","805","2024-07-03",21.5107606362516
"ncas","i02","805","2024-07-09",-28.5444379236634
"ncas","i02","805","2024-07-11",14.0444672881494
"ncas","i10","805","2024-07-17",34.9802741632222
"ncas","i02","805","2024-07-19",54.8353675901934
"ncas","i02","805","2024-07-25",6.15899069478898
"ncas","i10","805","2024-07-30",-19.530404895138
"ncas","i02","805","2024-08-08",-42.1597577321875
"ncas","i02","805","2024-08-14",-16.7905817750796
"ncas","i02","805","2024-08-20",7.25187639663553
"ncas","i02","805","2024-08-30",-20.9698968894013
"ncas","i02","805","2024-09-12",-98.6009965913259
"ncas","i02","805","2024-09-24",-54.509937581375
"ncas","i02","805","2024-10-08",-20.7277281089466
"ncas","i02","805","2024-10-16",-11.3552055799131
"ncas","i02","805","2024-11-04",-18.779235476094
"ncas","i02","806","2024-10-16",27.057407546236
"ncas","i02","807","2023-04-26",8.88677344179039
"ncas","i02","807","2023-05-10",10.6827806985414
"ncas","i02","807","2023-06-06",-2.24766949496161
"ncas","i02","807","2023-07-05",-6.92402452683244
"ncas","i02","807","2023-07-20",0.132739399522424
"ncas","i02","807","2023-08-02",3.48842216767113
"ncas","i02","807","2023-08-17",-5.68939084501535
"ncas","i02","807","2023-09-14",-8.1622105162895
"ncas","i02","807","2023-09-26",7.20945318023359
"ncas","i02","807","2023-10-20",0.425102774090852
"ncas","i02","808","2024-10-16",-29.3602931532615
"ncas","i02","809","2023-04-13",15.3813432403596
"ncas","i02","809","2023-04-26",-0.607502981396108
"ncas","i02","809","2023-05-10",6.59430907317371
"ncas","i02","809","2023-05-23",-11.7939475734071
"ncas","i02","809","2023-06-06",3.92118630079342
"ncas","i02","809","2023-07-05",-8.68409802849597
"ncas","i02","809","2023-07-20",1.26102429546304
"ncas","i02","809","2023-08-02",-0.769071723174049
"ncas","i02","809","2023-08-17",13.5756906749582
"ncas","i02","809","2023-09-14",-5.10081155817192
"ncas","i02","809","2023-09-26",5.16854298117985
"ncas","i02","809","2024-05-01",30.2886704166129
"ncas","i02","809","2024-05-22",31.669832891694
"ncas","i02","809","2024-06-06",-9.01403302852521
"ncas","i02","809","2024-07-03",62.3399130233496
"ncas","i10","809","2024-07-17",24.4849147525164
"ncas","i10","809","2024-07-30",37.574640509165
"ncas","i02","809","2024-08-08",55.4607756132894
"ncas","i02","809","2024-08-14",24.4159988257703
"ncas","i02","809","2024-08-20",-38.7975387219983
"ncas","i02","809","2024-08-30",-53.6054280255695
"ncas","i02","809","2024-09-24",-8.26286360948157
"ncas","i02","809","2024-10-08",-24.2333182426439
"ncas","i02","809","2024-10-16",9.407796904756
"ncas","i02","809","2024-11-04",5.68063651069716
"oreiManure","rosemount","101","2020-11-02",-4.00489710755
"oreiManure","rosemount","101","2020-11-05",3.03573457390464
"oreiManure","rosemount","101","2020-11-19",1.7403597535699
"oreiManure","rosemount","101","2021-04-05",39.8018646415692
"oreiManure","rosemount","101","2021-04-22",-0.137176618293101
"oreiManure","rosemount","101","2021-04-29",21.2928582868271
"oreiManure","rosemount","101","2021-05-18",3.76627400984447
"oreiManure","rosemount","101","2021-06-01",22.132439408695
"oreiManure","rosemount","101","2021-06-15",10.6999501885778
"oreiManure","rosemount","101","2021-07-08",-0.0316738795331105
"oreiManure","rosemount","101","2021-07-16",1.52158127250403
"oreiManure","rosemount","101","2021-09-10",3.36198470935276
"oreiManure","rosemount","101","2021-10-14",0.456513341890957
"oreiManure","rosemount","101","2021-10-25",7.52644456418843
"oreiManure","rosemount","102","2020-11-02",-3.59059740676886
"oreiManure","rosemount","102","2020-11-05",39.2621671558336
"oreiManure","rosemount","102","2020-11-19",0.13581461314696
"oreiManure","rosemount","102","2021-04-05",4.09147839979535
"oreiManure","rosemount","102","2021-04-22",6.40914239447887
"oreiManure","rosemount","102","2021-04-29",11.4384778595396
"oreiManure","rosemount","102","2021-05-18",6.27385145273628
"oreiManure","rosemount","102","2021-06-01",-2.75438459262187
"oreiManure","rosemount","102","2021-06-15",-11.6523891585479
"oreiManure","rosemount","102","2021-07-08",3.01590289287304
"oreiManure","rosemount","102","2021-07-16",-1.4537796509761
"oreiManure","rosemount","102","2021-09-10",0.201060192858205
"oreiManure","rosemount","102","2021-10-14",1.58430754747813
"oreiManure","rosemount","102","2021-10-25",12.9190219523534
"oreiManure","rosemount","103","2020-11-02",7.25024476366784
"oreiManure","rosemount","103","2020-11-05",12.1429382956186
"oreiManure","rosemount","103","2020-11-19",11.9055754950332
"oreiManure","rosemount","103","2021-04-05",-6.62604474739296
"oreiManure","rosemount","103","2021-04-22",13.2375436652773
"oreiManure","rosemount","103","2021-04-29",-20.9818232926466
"oreiManure","rosemount","103","2021-05-18",-4.57229920471987
"oreiManure","rosemount","103","2021-06-01",6.85573862369669
"oreiManure","rosemount","103","2021-06-15",12.5454066753037
"oreiManure","rosemount","103","2021-07-08",4.61782848319425
"oreiManure","rosemount","103","2021-08-10",-13.3009519855646
"oreiManure","rosemount","103","2021-09-10",-2.54948878825738
"oreiManure","rosemount","103","2021-10-14",0.396292484872756
"oreiManure","rosemount","103","2021-10-25",-5.86924576106456
"oreiManure","rosemount","104","2020-11-02",3.38344755637833
"oreiManure","rosemount","104","2020-11-05",6.94845913582619
"oreiManure","rosemount","104","2020-11-19",-8.53347607736486
"oreiManure","rosemount","104","2021-04-05",-12.4756309026971
"oreiManure","rosemount","104","2021-04-22",-0.504839164595829
"oreiManure","rosemount","104","2021-04-29",4.69064151363042
"oreiManure","rosemount","104","2021-05-18",-13.9934849534973
"oreiManure","rosemount","104","2021-06-15",-1.70902774214542
"oreiManure","rosemount","104","2021-07-08",-4.47612768992644
"oreiManure","rosemount","104","2021-07-16",47.3085114118267
"oreiManure","rosemount","104","2021-08-10",-2.29326758371809
"oreiManure","rosemount","104","2021-09-10",-5.29245660001428
"oreiManure","rosemount","104","2021-10-14",3.1496458149517
"oreiManure","rosemount","104","2021-10-25",7.11214486340748
"oreiManure","rosemount","107","2020-11-02",-4.59541671281656
"oreiManure","rosemount","107","2020-11-05",14.4024819862035
"oreiManure","rosemount","107","2020-11-19",-2.37164219330319
"oreiManure","rosemount","107","2021-04-29",5.64400883716238
"oreiManure","rosemount","107","2021-06-01",-21.6699714840232
"oreiManure","rosemount","107","2021-06-15",1.77475957838169
"oreiManure","rosemount","107","2021-07-08",10.8723823097166
"oreiManure","rosemount","107","2021-07-16",31.7490904274398
"oreiManure","rosemount","107","2021-08-10",8.50842822467931
"oreiManure","rosemount","107","2021-09-10",-6.52836598244205
"oreiManure","rosemount","107","2021-10-14",11.8986619675955
"oreiManure","rosemount","108","2020-11-02",7.55759777216901
"oreiManure","rosemount","108","2020-11-05",5.74719605605731
"oreiManure","rosemount","108","2020-11-19",10.7856650841869
"oreiManure","rosemount","108","2021-04-05",-14.4591871833392
"oreiManure","rosemount","108","2021-04-22",7.65113415835229
"oreiManure","rosemount","108","2021-04-29",23.1056109486552
"oreiManure","rosemount","108","2021-05-18",17.8185189595698
"oreiManure","rosemount","108","2021-06-01",2.94413677588212
"oreiManure","rosemount","108","2021-06-15",13.8207417188254
"oreiManure","rosemount","108","2021-07-08",-5.9558900530576
"oreiManure","rosemount","108","2021-07-16",-32.7763814192114
"oreiManure","rosemount","108","2021-08-10",5.70863124518064
"oreiManure","rosemount","108","2021-09-10",4.22035780683115
"oreiManure","rosemount","108","2021-10-14",-5.73935459613435
"oreiManure","rosemount","108","2021-10-25",1.01272116792627
"oreiManure","rosemount","201","2020-11-02",-9.15284127652842
"oreiManure","rosemount","201","2020-11-19",-4.22423359200787
"oreiManure","rosemount","201","2021-04-05",1.26670475682669
"oreiManure","rosemount","201","2021-04-22",-2.54627915211698
"oreiManure","rosemount","201","2021-04-29",-5.18381779077835
"oreiManure","rosemount","201","2021-05-18",-6.34131222104531
"oreiManure","rosemount","201","2021-06-01",-0.0428077187245955
"oreiManure","rosemount","201","2021-06-15",-3.53347844677147
"oreiManure","rosemount","201","2021-07-08",1.35897417770687
"oreiManure","rosemount","201","2021-07-16",5.89019044619411
"oreiManure","rosemount","201","2021-09-10",1.87656180000986
"oreiManure","rosemount","201","2021-10-14",-0.148151286181561
"oreiManure","rosemount","201","2021-10-25",-2.34478642989097
"oreiManure","rosemount","202","2020-11-02",-9.09955907819292
"oreiManure","rosemount","202","2020-11-05",11.9131212624567
"oreiManure","rosemount","202","2020-11-19",2.5890463951015
"oreiManure","rosemount","202","2021-04-05",16.7977313089391
"oreiManure","rosemount","202","2021-04-22",-3.16321681879971
"oreiManure","rosemount","202","2021-04-29",24.7581019694002
"oreiManure","rosemount","202","2021-05-18",12.3860440727559
"oreiManure","rosemount","202","2021-06-01",-19.906955621005
"oreiManure","rosemount","202","2021-07-08",0.467613051500079
"oreiManure","rosemount","202","2021-07-16",3.06255871696007
"oreiManure","rosemount","202","2021-09-10",-1.33603729000037
"oreiManure","rosemount","202","2021-10-14",3.24361528079274
"oreiManure","rosemount","202","2021-10-25",-4.48235281613028
"oreiManure","rosemount","203","2020-11-02",-9.12819782942362
"oreiManure","rosemount","203","2020-11-05",8.43259603862397
"oreiManure","rosemount","203","2020-11-19",14.1077628698369
"oreiManure","rosemount","203","2021-04-05",-2.75999973646134
"oreiManure","rosemount","203","2021-04-22",6.6309001834898
"oreiManure","rosemount","203","2021-04-29",-14.959459458929
"oreiManure","rosemount","203","2021-05-18",-2.92112900862993
"oreiManure","rosemount","203","2021-06-01",8.29510700835257
"oreiManure","rosemount","203","2021-06-15",12.1231772243662
"oreiManure","rosemount","203","2021-07-08",0.0327256430156448
"oreiManure","rosemount","203","2021-07-16",103.723434250551
"oreiManure","rosemount","203","2021-08-10",7.91894532808314
"oreiManure","rosemount","203","2021-09-10",-3.57240820500963
"oreiManure","rosemount","203","2021-10-14",-3.79524966012106
"oreiManure","rosemount","203","2021-10-25",-4.6444002869216
"oreiManure","rosemount","204","2020-11-02",9.18152712540845
"oreiManure","rosemount","204","2020-11-05",-60.3773876365485
"oreiManure","rosemount","204","2020-11-19",19.1474445121202
"oreiManure","rosemount","204","2021-04-05",-19.312215665137
"oreiManure","rosemount","204","2021-04-22",7.51957752766881
"oreiManure","rosemount","204","2021-04-29",11.2354279567075
"oreiManure","rosemount","204","2021-05-18",11.0273098466771
"oreiManure","rosemount","204","2021-06-01",17.1368881303784
"oreiManure","rosemount","204","2021-06-15",10.2810591501337
"oreiManure","rosemount","204","2021-07-08",-0.272708311944674
"oreiManure","rosemount","204","2021-07-16",13.5010034073403
"oreiManure","rosemount","204","2021-08-10",-10.252706570552
"oreiManure","rosemount","204","2021-09-10",-2.96983803820579
"oreiManure","rosemount","204","2021-10-14",-7.97910273121111
"oreiManure","rosemount","204","2021-10-25",9.56575140930403
"oreiManure","rosemount","207","2020-11-02",-2.62389810494656
"oreiManure","rosemount","207","2020-11-05",-18.5581555956275
"oreiManure","rosemount","207","2020-11-19",-3.82348161092637
"oreiManure","rosemount","207","2021-04-05",-1.58263417756169
"oreiManure","rosemount","207","2021-04-22",-13.921071809168
"oreiManure","rosemount","207","2021-06-01",18.781416529033
"oreiManure","rosemount","207","2021-06-15",-17.4566240976855
"oreiManure","rosemount","207","2021-07-08",6.6088815874961
"oreiManure","rosemount","207","2021-07-16",-82.2672293499016
"oreiManure","rosemount","207","2021-08-10",-4.50488390562183
"oreiManure","rosemount","207","2021-09-10",-6.58471973926255
"oreiManure","rosemount","207","2021-10-14",-3.49960646105752
"oreiManure","rosemount","207","2021-10-25",7.48915782666306
"oreiManure","rosemount","208","2020-11-02",0.118642806428277
"oreiManure","rosemount","208","2020-11-05",-35.7277838286588
"oreiManure","rosemount","208","2020-11-19",5.21383856035407
"oreiManure","rosemount","208","2021-04-29",14.9892159716407
"oreiManure","rosemount","208","2021-05-18",0.806876330244701
"oreiManure","rosemount","208","2021-06-01",1.70410439079419
"oreiManure","rosemount","208","2021-06-15",-6.63891545987252
"oreiManure","rosemount","208","2021-07-08",-11.2846953265271
"oreiManure","rosemount","208","2021-07-16",-14.1092574713407
"oreiManure","rosemount","208","2021-08-10",4.94333797300113
"oreiManure","rosemount","208","2021-09-10",2.28461174024784
"oreiManure","rosemount","208","2021-10-14",-9.09643729311971
"oreiManure","rosemount","208","2021-10-25",6.87589475605519
"oreiManure","rosemount","301","2020-11-02",-8.62306761517179
"oreiManure","rosemount","301","2020-11-05",-0.229471536334005
"oreiManure","rosemount","301","2020-11-19",-10.9637399327468
"oreiManure","rosemount","301","2021-04-05",15.6872044470911
"oreiManure","rosemount","301","2021-04-22",9.59393315916386
"oreiManure","rosemount","301","2021-04-29",7.32900403026281
"oreiManure","rosemount","301","2021-05-18",30.4730665036824
"oreiManure","rosemount","301","2021-06-01",-2.33047783170957
"oreiManure","rosemount","301","2021-06-15",4.05041710370789
"oreiManure","rosemount","301","2021-07-08",6.21257339850154
"oreiManure","rosemount","301","2021-07-16",-6.33290035070573
"oreiManure","rosemount","301","2021-08-10",-39.1761743968712
"oreiManure","rosemount","301","2021-09-10",-2.86315847895752
"oreiManure","rosemount","301","2021-10-14",2.09262546467917
"oreiManure","rosemount","301","2021-10-25",-1.62559374317882
"oreiManure","rosemount","302","2020-11-19",9.29693221602686
"oreiManure","rosemount","302","2021-04-05",2.68038245529612
"oreiManure","rosemount","302","2021-04-22",16.3657761392539
"oreiManure","rosemount","302","2021-04-29",-11.2422964224371
"oreiManure","rosemount","302","2021-06-01",-6.13263683674091
"oreiManure","rosemount","302","2021-06-15",4.89552235501305
"oreiManure","rosemount","302","2021-07-16",3.37692939713598
"oreiManure","rosemount","302","2021-09-10",1.31135293752763
"oreiManure","rosemount","302","2021-10-14",0.488279275091773
"oreiManure","rosemount","302","2021-10-25",0.090495126800732
"oreiManure","rosemount","303","2020-11-02",-9.39079321770324
"oreiManure","rosemount","303","2020-11-05",17.9445643701919
"oreiManure","rosemount","303","2020-11-19",-2.20930868306613
"oreiManure","rosemount","303","2021-04-05",-3.44077784333457
"oreiManure","rosemount","303","2021-04-22",-3.62094415250327
"oreiManure","rosemount","303","2021-04-29",4.0723149544739
"oreiManure","rosemount","303","2021-06-01",-0.575866053040973
"oreiManure","rosemount","303","2021-06-15",8.3010416745511
"oreiManure","rosemount","303","2021-07-08",2.29366612250571
"oreiManure","rosemount","303","2021-07-16",-16.3625268058812
"oreiManure","rosemount","303","2021-08-10",8.74869091332248
"oreiManure","rosemount","303","2021-09-10",3.57240820500952
"oreiManure","rosemount","303","2021-10-14",0.129806120129169
"oreiManure","rosemount","304","2020-11-02",2.90866868517895
"oreiManure","rosemount","304","2020-11-05",32.1729383082032
"oreiManure","rosemount","304","2020-11-19",-1.09741294634435
"oreiManure","rosemount","304","2021-04-05",1.44713926083473
"oreiManure","rosemount","304","2021-04-22",4.012361548054
"oreiManure","rosemount","304","2021-04-29",1.37872128637082
"oreiManure","rosemount","304","2021-05-18",-1.8716863647888
"oreiManure","rosemount","304","2021-06-01",4.88928040120956
"oreiManure","rosemount","304","2021-06-15",3.23085483936066
"oreiManure","rosemount","304","2021-07-08",-3.5864765063818
"oreiManure","rosemount","304","2021-07-16",25.9015378030306
"oreiManure","rosemount","304","2021-08-10",-7.07636854404433
"oreiManure","rosemount","304","2021-09-10",-4.16375559646441
"oreiManure","rosemount","304","2021-10-14",4.18265793403248
"oreiManure","rosemount","304","2021-10-25",5.76952502923829
"oreiManure","rosemount","307","2020-11-02",-10.3924663250955
"oreiManure","rosemount","307","2020-11-05",-6.5436945259724
"oreiManure","rosemount","307","2020-11-19",2.51003677604863
"oreiManure","rosemount","307","2021-04-05",11.3999493347696
"oreiManure","rosemount","307","2021-04-29",-1.69979167724276
"oreiManure","rosemount","307","2021-05-18",9.88630525989041e-14
"oreiManure","rosemount","307","2021-06-15",14.4262052859702
"oreiManure","rosemount","307","2021-07-08",-7.18153075102163
"oreiManure","rosemount","307","2021-07-16",26.0237241740288
"oreiManure","rosemount","307","2021-08-10",-20.1752795145143
"oreiManure","rosemount","307","2021-09-10",-6.91421175552226
"oreiManure","rosemount","307","2021-10-14",6.9848862771469
"oreiManure","rosemount","307","2021-10-25",2.91048156203155
"oreiManure","rosemount","308","2020-11-02",-2.14777637385316
"oreiManure","rosemount","308","2020-11-05",-23.0715827616755
"oreiManure","rosemount","308","2020-11-19",-12.4709595901146
"oreiManure","rosemount","308","2021-04-05",8.04524842436348
"oreiManure","rosemount","308","2021-04-29",-3.2595507155276
"oreiManure","rosemount","308","2021-05-18",7.79980452569844
"oreiManure","rosemount","308","2021-06-01",-3.25048582175719
"oreiManure","rosemount","308","2021-06-15",-8.87169930920874
"oreiManure","rosemount","308","2021-07-08",-0.676833009440221
"oreiManure","rosemount","308","2021-07-16",-4.81556916785291
"oreiManure","rosemount","308","2021-08-10",22.6320676185748
"oreiManure","rosemount","308","2021-09-10",4.32725258149159
"oreiManure","rosemount","308","2021-10-14",0.831304772152791
"oreiManure","rosemount","308","2021-10-25",4.7112514007099
"oreiManure","rosemount","403","2020-11-02",4.12063133887927
"oreiManure","rosemount","403","2020-11-05",6.81353759920814
"oreiManure","rosemount","403","2020-11-19",-4.32106347623056
"oreiManure","rosemount","403","2021-04-05",-37.8970985636547
"oreiManure","rosemount","403","2021-04-22",0.343172303332067
"oreiManure","rosemount","403","2021-04-29",-13.4689768878603
"oreiManure","rosemount","403","2021-05-18",7.8670442198855
"oreiManure","rosemount","403","2021-06-01",1.53053684862859
"oreiManure","rosemount","403","2021-06-15",-4.23396528001142
"oreiManure","rosemount","403","2021-07-08",6.00400837950032
"oreiManure","rosemount","403","2021-08-10",5.43832026995991
"oreiManure","rosemount","403","2021-09-10",2.9866364892547
"oreiManure","rosemount","403","2021-10-14",1.9370413695572
"oreiManure","rosemount","403","2021-10-25",-4.66400502196314
"oreiManure","rosemount","404","2020-11-02",5.80019581093439
"oreiManure","rosemount","404","2020-11-05",-24.0341835364453
"oreiManure","rosemount","404","2020-11-19",-11.8926163859264
"oreiManure","rosemount","404","2021-04-05",8.77290163084232
"oreiManure","rosemount","404","2021-04-22",-9.8165237459153
"oreiManure","rosemount","404","2021-04-29",22.267806010583
"oreiManure","rosemount","404","2021-05-18",9.92382470575394
"oreiManure","rosemount","404","2021-06-01",-2.42016565626285
"oreiManure","rosemount","404","2021-06-15",11.9561854353596
"oreiManure","rosemount","404","2021-07-08",7.5274232676233
"oreiManure","rosemount","404","2021-07-16",-4.2541119734942
"oreiManure","rosemount","404","2021-08-10",13.5716357395472
"oreiManure","rosemount","404","2021-09-10",9.13656856978349
"oreiManure","rosemount","404","2021-10-14",0.909958968954795
"oreiManure","rosemount","404","2021-10-25",7.67149592419097
"oreiManure","rosemount","405","2020-11-02",9.11459341718243
"oreiManure","rosemount","405","2020-11-05",32.3811687883164
"oreiManure","rosemount","405","2020-11-19",5.16137665969639
"oreiManure","rosemount","405","2021-04-05",2.44776117750649
"oreiManure","rosemount","405","2021-04-22",0.175136816103066
"oreiManure","rosemount","405","2021-04-29",12.859827179364
"oreiManure","rosemount","405","2021-05-18",5.44641522915147
"oreiManure","rosemount","405","2021-06-01",-2.9752720150815
"oreiManure","rosemount","405","2021-06-15",0.56861863073002
"oreiManure","rosemount","405","2021-06-21",14.1379250030331
"oreiManure","rosemount","405","2021-07-08",-8.56664969796556
"oreiManure","rosemount","405","2021-07-16",-26.3963394911544
"oreiManure","rosemount","405","2021-08-10",4.22035780683118
"oreiManure","rosemount","405","2021-09-10",-6.04732893374522
"oreiManure","rosemount","405","2021-10-14",-2.51329831946384
"oreiManure","rosemount","405","2021-10-25",-5.34988811342837
"oreiManure","rosemount","406","2020-11-02",-6.20931938849105
"oreiManure","rosemount","406","2020-11-05",3.34320681475259
"oreiManure","rosemount","406","2020-11-19",3.78784367865455
"oreiManure","rosemount","406","2021-04-05",22.2508112243567
"oreiManure","rosemount","406","2021-04-22",8.75109626004688
"oreiManure","rosemount","406","2021-04-29",6.15918038590587
"oreiManure","rosemount","406","2021-05-18",-1.30294420471064
"oreiManure","rosemount","406","2021-06-01",-1.55259647606848
"oreiManure","rosemount","406","2021-06-15",2.26773052799254
"oreiManure","rosemount","406","2021-07-08",-5.04645045097134
"oreiManure","rosemount","406","2021-07-16",-23.6095014165007
"oreiManure","rosemount","406","2021-08-10",5.81996943335281
"oreiManure","rosemount","406","2021-09-10",-2.95793263063634
"oreiManure","rosemount","406","2021-10-14",5.02273125606862
"oreiManure","rosemount","406","2021-10-25",0.463198211650081
"oreiManure","rosemount","407","2020-11-02",5.23424875648849
"oreiManure","rosemount","407","2020-11-05",9.27414254066421
"oreiManure","rosemount","407","2020-11-19",9.11388228313587
"oreiManure","rosemount","407","2021-04-05",-24.1697533252028
"oreiManure","rosemount","407","2021-04-22",-7.15024692314884
"oreiManure","rosemount","407","2021-04-29",25.1959515975928
"oreiManure","rosemount","407","2021-05-18",1.18973003849714
"oreiManure","rosemount","407","2021-06-01",-2.61496398624389
"oreiManure","rosemount","407","2021-06-15",1.22400430188032
"oreiManure","rosemount","407","2021-07-08",10.8882780640492
"oreiManure","rosemount","407","2021-07-16",-39.3923627455095
"oreiManure","rosemount","407","2021-08-10",14.7252152396514
"oreiManure","rosemount","407","2021-09-10",-11.3110938186899
"oreiManure","rosemount","407","2021-10-14",-2.80926820895851
"oreiManure","rosemount","407","2021-10-25",3.00421700715208
"oreiManure","rosemount","408","2020-11-02",10.5135121935758
"oreiManure","rosemount","408","2020-11-05",1.58259595321724
"oreiManure","rosemount","408","2020-11-19",11.7384915221288
"oreiManure","rosemount","408","2021-04-05",-28.3736670961358
"oreiManure","rosemount","408","2021-04-22",-7.92014693427984
"oreiManure","rosemount","408","2021-04-29",29.9837023182015
"oreiManure","rosemount","408","2021-05-18",-17.4823204886346
"oreiManure","rosemount","408","2021-06-01",-10.7033657014918
"oreiManure","rosemount","408","2021-06-15",-2.29447890190086
"oreiManure","rosemount","408","2021-07-08",-2.54799427126557
"oreiManure","rosemount","408","2021-07-16",-99.0546975894995
"oreiManure","rosemount","408","2021-08-10",10.3202903700277
"oreiManure","rosemount","408","2021-09-10",3.18349010283521
"oreiManure","rosemount","408","2021-10-14",-3.92659507957531
"oreiManure","rosemount","408","2021-10-25",-14.4037661640862
