"experiment","site","plot","date","ch4.e.gmd"
"atat","r100","1101","2023-05-16",-0.00204601370423231
"atat","r100","1101","2023-05-31",-0.00571911908901586
"atat","v08","1101","2023-06-14",0.00011359997145631
"atat","r100","1101","2023-06-27",-0.0041946084598939
"atat","r100","1101","2023-07-10",-0.00208386643254216
"atat","r100","1101","2023-07-24",0.0023773552519095
"atat","r100","1101","2023-08-07",-0.00414365082741769
"atat","r100","1101","2023-08-21",0.00312728364333405
"atat","r100","1102","2023-05-16",-0.00070823551300348
"atat","r100","1102","2023-05-31",-0.000253468282704814
"atat","v08","1102","2023-06-14",-0.00410883378884901
"atat","r100","1102","2023-06-27",0.000622901437258293
"atat","r100","1102","2023-07-10",0.00611513550823552
"atat","r100","1102","2023-07-24",4.16076658408067e-05
"atat","r100","1102","2023-08-07",-0.00232910630085873
"atat","r100","1102","2023-08-21",0.00322529443340936
"ATAT","r100","1103","2022-09-02",0.0026843243863325
"ATAT","r100","1103","2022-09-08",-0.000862802946575622
"ATAT","r100","1103","2022-09-15",0.00237611231664235
"ATAT","r100","1103","2022-09-27",-0.00213823515868812
"ATAT","r100","1103","2022-10-11",-0.00134215384360048
"ATAT","r100","1103","2022-10-27",-0.00159968917902052
"atat","r100","1103","2023-05-16",0.000947408606940884
"atat","r100","1103","2023-05-31",0.00384328951864192
"atat","v08","1103","2023-06-14",0.00131628087174886
"atat","r100","1103","2023-06-27",-0.00440198662180019
"atat","r100","1103","2023-07-10",0.00294227488979175
"atat","r100","1103","2023-07-24",0.00106341808509589
"atat","r100","1103","2023-08-07",0.00116834463065213
"atat","r100","1103","2023-08-21",0.005333690942467
"atat","r100","1104","2023-05-16",-0.00126321147592126
"atat","r100","1104","2023-05-31",-0.00204261599506933
"atat","v08","1104","2023-06-14",-0.000543745541097379
"atat","r100","1104","2023-06-28",0.00198025738676103
"atat","r100","1104","2023-07-10",-0.00124284695107966
"atat","r100","1104","2023-07-24",0.000154360476484483
"atat","r100","1104","2023-08-07",0.00316229135726313
"atat","r100","1104","2023-08-21",0.00173124236511953
"ATAT","r100","1105","2022-09-27",-0.00467283606208617
"ATAT","r100","1105","2022-10-11",0.000696142072941511
"ATAT","r100","1105","2022-10-27",-0.00502672826779323
"atat","r100","1105","2023-05-16",-0.00434352203306458
"atat","r100","1105","2023-05-31",-0.0025801232086124
"atat","v08","1105","2023-06-14",0.000474481949802735
"atat","r100","1105","2023-06-27",-0.00698086020411133
"atat","r100","1105","2023-07-10",0.00149821802877854
"atat","r100","1105","2023-07-24",-0.000387141432867393
"atat","r100","1105","2023-08-07",0.000357373680668167
"atat","r100","1105","2023-08-21",-0.00110531004143111
"ATAT","r100","1106","2022-09-02",0.00325833503566127
"ATAT","r100","1106","2022-09-08",0.00287446665157013
"ATAT","r100","1106","2022-09-15",-0.000950050865528178
"ATAT","r100","1106","2022-09-27",0.00112855365516101
"ATAT","r100","1106","2022-10-11",-0.000225635647988375
"ATAT","r100","1106","2022-10-27",-0.0019458302972103
"atat","r100","1106","2023-05-16",-0.000180434337909007
"atat","r100","1106","2023-05-31",-0.00470076506684082
"atat","v08","1106","2023-06-14",0.00259869003328336
"atat","r100","1106","2023-06-27",-0.0034064786951342
"atat","r100","1106","2023-07-10",-0.0039473547281167
"atat","r100","1106","2023-07-24",-0.000932135213309779
"atat","r100","1106","2023-08-07",0.00276327510357763
"atat","r100","1106","2023-08-21",-0.00330167208795489
"ATAT","r100","1107","2022-09-27",-0.00378289080681027
"ATAT","r100","1107","2022-10-11",0.00570314127387176
"ATAT","r100","1107","2022-10-27",-0.00178367777244281
"atat","r100","1107","2023-05-16",0.00288924251710747
"atat","r100","1107","2023-05-31",-0.00367455828091753
"atat","v08","1107","2023-06-14",0.0029021553657541
"atat","r100","1107","2023-06-27",0.00355278227602834
"atat","r100","1107","2023-07-10",0.000470619789041196
"atat","r100","1107","2023-07-24",-0.0022208327082143
"atat","r100","1107","2023-08-07",-0.00300999122787686
"atat","r100","1107","2023-08-21",-0.0015894317247129
"atat","r100","1108","2023-05-16",0.00143522291779585
"atat","r100","1108","2023-05-31",0.00462776125890525
"atat","v08","1108","2023-06-14",0.00582326977358408
"atat","r100","1108","2023-06-27",0.00483182802369688
"atat","r100","1108","2023-07-10",-0.00314771339112656
"atat","r100","1108","2023-07-24",-0.00447088799589162
"atat","r100","1108","2023-08-07",0.00472855938102066
"atat","r100","1109","2023-05-16",-0.00252805304362993
"atat","r100","1109","2023-05-31",0.00478793291281708
"atat","v08","1109","2023-06-14",-0.00138461621192496
"atat","r100","1109","2023-06-27",-0.00111260220729903
"atat","r100","1109","2023-07-10",0.00169212555660471
"atat","r100","1109","2023-07-24",0.00295793281477957
"atat","r100","1109","2023-08-07",0.00151958446015227
"atat","r100","1109","2023-08-21",0.00509515123651408
"ATAT","r100","1110","2022-09-27",0.00379780356956135
"ATAT","r100","1110","2022-10-11",0.0023368039315259
"ATAT","r100","1110","2022-10-27",0.0055942621044795
"atat","r100","1110","2023-05-16",-0.000970851202188685
"atat","r100","1110","2023-05-31",0.00601998245575351
"atat","v08","1110","2023-06-14",0.00804621875374408
"atat","r100","1110","2023-06-27",-0.000717611458897908
"atat","r100","1110","2023-07-10",0.00683455641626517
"atat","r100","1110","2023-07-25",0.00728052921040361
"atat","r100","1110","2023-08-07",0.00798765421086415
"atat","r100","1110","2023-08-21",0.00406497566854147
"ATAT","r100","1201","2022-09-02",-0.0061218949732901
"ATAT","r100","1201","2022-09-08",0.00133052786572406
"ATAT","r100","1201","2022-09-15",-0.00229709856864279
"ATAT","r100","1201","2022-09-27",0.000372896389786568
"ATAT","r100","1201","2022-10-11",-0.0033662573194772
"ATAT","r100","1201","2022-10-27",0.000401175833128318
"atat","r100","1201","2023-05-16",0.000919150137118482
"atat","r100","1201","2023-05-31",-0.0010702375349602
"atat","R100","1201","2023-06-14",0.00455586496538151
"atat","r100","1201","2023-06-28",0.00292117653806772
"atat","r100","1201","2023-07-10",-0.000923205289503529
"atat","r100","1201","2023-07-24",0.000411770129556433
"atat","r100","1201","2023-08-07",-0.000849285475229273
"atat","r100","1201","2023-08-21",-0.00101307956582677
"atat","r100","1202","2023-05-16",0.00248523578237627
"atat","r100","1202","2023-05-31",0.00525805783440166
"atat","R100","1202","2023-06-14",0.00753213316862524
"atat","r100","1202","2023-06-27",0.00449084062126112
"atat","r100","1202","2023-07-10",-0.00494388823226442
"atat","r100","1202","2023-07-24",-0.000213099645186631
"atat","r100","1202","2023-08-07",-0.00190125316888095
"atat","r100","1202","2023-08-21",0.00272752190799512
"atat","r100","1203","2023-05-16",0.00101967620958927
"atat","r100","1203","2023-05-31",-0.000311230333239759
"atat","R100","1203","2023-06-14",-0.00031808191157928
"atat","r100","1203","2023-06-27",-0.001316280871749
"atat","r100","1203","2023-07-10",0.00503735328445694
"atat","r100","1203","2023-07-24",0.000228611210191348
"atat","r100","1203","2023-08-07",0.00122360122509825
"atat","r100","1203","2023-08-21",0.00163123662329206
"atat","r100","1204","2023-05-16",0.0001584768676818
"atat","r100","1204","2023-05-31",-0.00180229288529589
"atat","R100","1204","2023-06-14",-0.00053682215365703
"atat","r100","1204","2023-06-27",0.000774730312553537
"atat","r100","1204","2023-07-10",0.00789895454666713
"atat","r100","1204","2023-07-24",0.00197189910745364
"atat","r100","1204","2023-08-07",0.00104663105968458
"atat","r100","1204","2023-08-21",0.000154856573146975
"ATAT","r100","1205","2022-09-27",2.36618260882068e-05
"ATAT","r100","1205","2022-10-11",0.000784366315068646
"ATAT","r100","1205","2022-10-27",0.00381058433203673
"atat","r100","1205","2023-05-16",-0.00448345819370823
"atat","r100","1205","2023-05-31",-0.00427919211106672
"atat","R100","1205","2023-06-14",-0.00207721190138293
"atat","r100","1205","2023-06-27",-0.00283468239540165
"atat","r100","1205","2023-07-10",0.00618927800793457
"atat","r100","1205","2023-07-24",-0.00375818781896333
"atat","r100","1205","2023-08-07",0.00410369918839376
"atat","r100","1205","2023-08-21",0.00543799215389189
"ATAT","r100","1206","2022-09-27",-0.00157001684478829
"ATAT","r100","1206","2022-10-11",-0.00377226362248464
"ATAT","r100","1206","2022-10-27",0.00332134020493333
"atat","r100","1206","2023-05-16",-0.000598429191698219
"atat","r100","1206","2023-05-31",0.000981336511907638
"atat","R100","1206","2023-06-14",0.00100013906362872
"atat","r100","1206","2023-06-27",0.00424177035147793
"atat","r100","1206","2023-07-10",0.00230085461994423
"atat","r100","1206","2023-08-07",0.0024618807720093
"atat","r100","1207","2023-05-16",0.0020973042299469
"atat","r100","1207","2023-05-31",0.00241210969999762
"atat","R100","1207","2023-06-14",0.00369282115801393
"atat","r100","1207","2023-06-27",-0.00298137599024621
"atat","r100","1207","2023-07-10",0.00250067444581693
"atat","r100","1207","2023-07-25",0.00401158854254659
"atat","r100","1207","2023-08-07",0.000769337741252885
"atat","r100","1207","2023-08-21",-0.000619426292587763
"ATAT","r100","1208","2022-09-27",-0.00187115120663009
"ATAT","r100","1208","2022-10-11",0.000512008061905095
"ATAT","r100","1208","2022-10-27",0.00283766918343157
"atat","r100","1208","2023-05-16",0.00281770690591211
"atat","r100","1208","2023-05-31",0.000830361663921886
"atat","R100","1208","2023-06-14",0.00223034476453908
"atat","r100","1208","2023-06-27",-0.00495324288747992
"atat","r100","1208","2023-07-10",0.00043222759003856
"atat","r100","1208","2023-07-24",-0.00237735525190954
"atat","r100","1208","2023-08-07",0.000384668870626419
"atat","r100","1208","2023-08-21",0.00054199800601424
"ATAT","r100","1209","2022-09-02",0.00337292787904941
"ATAT","r100","1209","2022-09-08",0.000748750964715703
"ATAT","r100","1209","2022-09-15",-0.00102635932418605
"ATAT","r100","1209","2022-09-27",-0.00361196572223915
"ATAT","r100","1209","2022-10-11",-0.000469092546500131
"ATAT","r100","1209","2022-10-27",-0.00423712214674927
"atat","r100","1209","2023-05-16",0.00139370915832242
"atat","r100","1209","2023-05-31",0.00173078763532309
"atat","R100","1209","2023-06-14",-0.000153377758187726
"atat","r100","1209","2023-06-28",-1.86798398864249e-17
"atat","r100","1209","2023-07-10",0.000705003816494904
"atat","r100","1209","2023-07-25",0.00132774856412075
"atat","r100","1209","2023-08-07",0.00153867548250581
"atat","r100","1209","2023-08-21",-0.0027099900300714
"atat","r100","1210","2023-05-16",-0.0016490253055917
"atat","r100","1210","2023-05-31",0.000362660587921586
"atat","R100","1210","2023-06-14",-0.000297787061420913
"atat","r100","1210","2023-06-27",0.00281953825902698
"atat","r100","1210","2023-07-10",-0.000684264960655417
"atat","r100","1210","2023-07-24",0.00175824737886299
"atat","r100","1210","2023-08-07",0.00427234611631906
"atat","r100","1210","2023-08-21",0.00270130833848054
"ATAT","r100","1301","2022-09-02",0.000471020854179716
"ATAT","r100","1301","2022-09-08",-0.00015485657314697
"ATAT","r100","1301","2022-09-15",0.00211091645925046
"ATAT","r100","1301","2022-09-27",-0.000159998747251167
"ATAT","r100","1301","2022-10-11",0.000857221171084147
"ATAT","r100","1301","2022-10-27",-0.00103579894843567
"atat","r100","1301","2023-05-17",-0.000159998747251143
"atat","r100","1301","2023-05-31",0.00196267302381541
"atat","R100","1301","2023-06-14",0.00353095472067228
"atat","r100","1301","2023-06-28",0.0029679247290277
"atat","r100","1301","2023-07-10",0.00807715436724052
"atat","r100","1301","2023-07-25",0.00451028675447479
"atat","r100","1301","2023-08-07",0.00552159929475749
"atat","r100","1301","2023-08-21",0.00261749931973467
"atat","r100","1302","2023-05-17",-0.000239998120876693
"atat","r100","1302","2023-05-31",0.000905849087914782
"atat","R100","1302","2023-06-14",-0.00515148383166028
"atat","r100","1302","2023-06-27",0.00121159510255333
"atat","r100","1302","2023-07-10",0.00257463959292591
"atat","r100","1302","2023-07-25",0.00843746647604098
"atat","r100","1302","2023-08-07",-0.00161046646097098
"atat","r100","1302","2023-08-21",-0.00133288290506769
"atat","r100","1303","2023-05-17",-6.76432709671735e-05
"atat","r100","1303","2023-05-31",-0.00548658405265558
"atat","R100","1303","2023-06-14",-0.00165628890349563
"atat","r100","1303","2023-06-27",0.00256993589918472
"atat","r100","1303","2023-07-10",0.000832971633005426
"atat","r100","1303","2023-07-25",-0.00220229655119273
"atat","r100","1303","2023-08-07",0.00138249255527816
"atat","r100","1303","2023-08-21",0.00577003305939672
"ATAT","r100","1304","2022-09-27",-0.00165347342388772
"ATAT","r100","1304","2022-10-11",-0.00516855848073296
"ATAT","r100","1304","2022-10-27",0.00024322878715126
"atat","r100","1304","2023-05-17",7.99993736255288e-05
"atat","r100","1304","2023-05-31",0.00196267302381539
"atat","R100","1304","2023-06-14",0.00163064873735056
"atat","r100","1304","2023-06-27",0.00501358836589652
"atat","r100","1304","2023-07-10",-0.00363478530766015
"atat","r100","1304","2023-07-24",0.00241559756777281
"atat","r100","1304","2023-08-08",0.00119601909816318
"atat","r100","1304","2023-08-21",-0.00276961586851055
"ATAT","r100","1305","2022-09-27",-0.00176604571697632
"ATAT","r100","1305","2022-10-11",-7.24303996812709e-05
"ATAT","r100","1305","2022-10-27",0.000916785428493245
"atat","r100","1305","2023-05-17",-0.00350901079588638
"atat","r100","1305","2023-05-31",0.00286852211173019
"atat","R100","1305","2023-06-14",-0.00272070190367698
"atat","r100","1305","2023-06-27",-0.00243083072285896
"atat","r100","1305","2023-07-10",-0.00631134224441497
"atat","r100","1305","2023-07-24",-0.001585235903851
"atat","r100","1305","2023-08-07",-0.000152891076422878
"atat","r100","1305","2023-08-21",0.00439783176472664
"atat","r100","1306","2023-05-17",0.00289403697728559
"atat","r100","1306","2023-05-31",7.54874239928703e-05
"atat","R100","1306","2023-06-14",0.000364298111242611
"atat","r100","1306","2023-06-27",0.000987524981161421
"atat","r100","1306","2023-07-10",0.0023548672627696
"atat","r100","1306","2023-07-24",0.00113231135989348
"atat","r100","1306","2023-08-07",0.00305782152845746
"atat","r100","1306","2023-08-21",-0.00551703764328402
"ATAT","r100","1307","2022-09-02",0.00217835585371708
"ATAT","r100","1307","2022-09-08",0.000387141432867292
"ATAT","r100","1307","2022-09-15",0.00163096440473481
"ATAT","r100","1307","2022-09-27",0.00321063619754582
"ATAT","r100","1307","2022-10-11",0.00296130950010904
"atat","r100","1307","2023-05-17",0.00203531338534467
"atat","r100","1307","2023-05-31",-0.000528411967950366
"atat","R100","1307","2023-06-14",0.00374583137236043
"atat","r100","1307","2023-06-28",0.0020339052541153
"atat","r100","1307","2023-07-10",-0.00053174422062541
"atat","r100","1307","2023-07-24",-0.000336744196989578
"atat","r100","1307","2023-08-07",-0.00236981168455463
"atat","r100","1307","2023-08-21",0.000694622144180705
"atat","r100","1308","2023-05-16",0.000785222353594312
"atat","r100","1308","2023-05-31",0.00233800344319556
"atat","R100","1308","2023-06-14",-0.000840900920325888
"atat","r100","1308","2023-06-27",-0.00179841058960528
"atat","r100","1308","2023-07-10",-0.00602009520170634
"atat","r100","1308","2023-07-24",0.00451701440354914
"atat","r100","1308","2023-08-07",-0.000474149709390374
"atat","r100","1308","2023-08-21",0.00100334309714988
"ATAT","r100","1309","2022-09-27",-0.00486495893003703
"ATAT","r100","1309","2022-10-11",-0.00325408455056099
"ATAT","r100","1309","2022-10-27",-0.00112972530144242
"atat","r100","1309","2023-05-16",-7.71802382423503e-05
"atat","r100","1309","2023-05-31",0.00368353932025987
"atat","R100","1309","2023-06-14",0.000229336614634273
"atat","r100","1309","2023-06-27",-0.00541244589070914
"atat","r100","1309","2023-07-10",-0.00167648220807013
"atat","r100","1309","2023-07-24",-0.00275478397042363
"atat","r100","1309","2023-08-07",0.00138278544132426
"atat","r100","1309","2023-08-21",-0.00154360476484606
"atat","r100","1310","2023-05-16",0.00632877953586877
"atat","r100","1310","2023-05-31",-0.00872918981293405
"atat","R100","1310","2023-06-14",-0.0017688190494385
"atat","r100","1310","2023-06-28",0.00231364463766474
"atat","r100","1310","2023-07-10",0.00405161352520618
"atat","r100","1310","2023-07-24",-0.00114305605095695
"atat","r100","1310","2023-08-07",0.00605842144841454
"atat","r100","1310","2023-08-21",0.00455363405629582
"atat","r100","1401","2023-05-17",-0.00263997932964327
"atat","r100","1401","2023-06-01",0.00310224943615605
"atat","R100","1401","2023-06-15",-0.00260537366908753
"atat","r100","1401","2023-06-28",0.00509307704591889
"atat","r100","1401","2023-07-11",-0.000418927483845561
"atat","r100","1401","2023-07-25",0.000846283230389765
"atat","r100","1401","2023-08-08",-0.00100334309714993
"atat","r100","1401","2023-08-21",-0.000727105593082015
"atat","r100","1402","2023-05-17",0.00288826466016562
"atat","r100","1402","2023-06-01",-0.00227890380268028
"atat","R100","1402","2023-06-15",-0.000480701605051717
"atat","r100","1402","2023-06-28",-0.00093515036845551
"atat","r100","1402","2023-07-11",-0.000183223290374639
"atat","r100","1402","2023-07-25",-0.00151480005626213
"atat","r100","1402","2023-08-08",0.00353544402819645
"atat","r100","1402","2023-08-21",-0.000206422021996588
"atat","r100","1403","2023-05-17",0.0017390250374859
"atat","r100","1403","2023-06-01",0.002196016123378
"atat","R100","1403","2023-06-15",-0.00365375820569579
"atat","r100","1403","2023-06-28",0.000380424637368945
"atat","r100","1403","2023-07-11",0.00335613400088472
"atat","r100","1403","2023-07-25",-0.0015952326618762
"atat","r100","1403","2023-08-08",-7.74282865734926e-05
"atat","r100","1403","2023-08-21",-0.00438522512514158
"ATAT","r100","1404","2022-09-02",0.000453660107565027
"ATAT","r100","1404","2022-09-08",0.00251754111614933
"ATAT","r100","1404","2022-09-15",-7.79291973713075e-05
"ATAT","r100","1404","2022-09-27",-0.00175730221031701
"ATAT","r100","1404","2022-10-11",0.00149777831865305
"ATAT","r100","1404","2022-10-27",-0.00247545218999198
"atat","r100","1404","2023-05-17",0.00466303812142035
"atat","r100","1404","2023-06-01",0.00136304449037255
"atat","R100","1404","2023-06-15",-0.000158420590940928
"atat","r100","1404","2023-06-28",0.00229881343482674
"atat","r100","1404","2023-07-11",0.00456418441713345
"atat","r100","1404","2023-07-25",0.00265036428683545
"atat","r100","1404","2023-08-08",0.00311180759929531
"atat","r100","1404","2023-08-21",0.00569309928527144
"ATAT","r100","1405","2022-09-27",-0.000952661863612672
"ATAT","r100","1405","2022-10-11",1.5122379026128e-05
"ATAT","r100","1405","2022-10-27",0.00033409397250686
"atat","r100","1405","2023-06-01",0.00143115042546899
"atat","R100","1405","2023-06-15",0.000767842107155529
"atat","r100","1405","2023-06-28",-0.00166774760992871
"atat","r100","1405","2023-07-11",-0.000627493052054989
"atat","r100","1405","2023-07-25",0.00167897810893352
"atat","r100","1405","2023-08-08",0.00108749108219466
"atat","r100","1405","2023-08-21",0.000153867548250584
"ATAT","r100","1406","2022-09-27",-0.00167998684613661
"ATAT","r100","1406","2022-10-11",-0.00194194836106203
"ATAT","r100","1406","2022-10-27",0.00401230594900354
"atat","r100","1406","2023-05-17",-0.000239203819632668
"atat","r100","1406","2023-06-01",0.000207335387212528
"atat","R100","1406","2023-06-15",-0.00134642881094201
"atat","r100","1406","2023-06-28",-0.00152655927181618
"atat","r100","1406","2023-07-11",0.00285463266868345
"atat","r100","1406","2023-07-25",-0.00328152075327432
"atat","r100","1406","2023-08-08",0.00101307956582673
"atat","r100","1406","2023-08-21",-0.00076933774125298
"atat","r100","1407","2023-05-16",-0.00192950595605764
"atat","r100","1407","2023-06-01",-0.000153867548250653
"atat","R100","1407","2023-06-15",0.000793920130666298
"atat","r100","1407","2023-06-28",-0.00480055376755513
"atat","r100","1407","2023-07-11",0.00289273737008399
"atat","r100","1407","2023-07-25",0.000603899391943162
"atat","r100","1407","2023-08-08",0.00771887266861361
"atat","r100","1407","2023-08-21",0.000615470193002296
"ATAT","r100","1408","2022-09-02",0.00797511351706722
"ATAT","r100","1408","2022-09-08",0.00617441905938414
"ATAT","r100","1408","2022-09-15",-0.00178659249217705
"ATAT","r100","1408","2022-09-27",-0.000729119343531395
"ATAT","r100","1408","2022-10-11",-0.000438568893883437
"ATAT","r100","1408","2022-10-27",0.00371158084828929
"atat","r100","1408","2023-05-17",-2.24158078637099e-17
"atat","r100","1408","2023-06-01",0.000154360476484502
"atat","R100","1408","2023-06-15",-0.00103313062106341
"atat","r100","1408","2023-06-28",-0.00193570716433676
"atat","r100","1408","2023-07-11",0.00171444234216835
"atat","r100","1408","2023-07-25",0.00158523590385091
"atat","r100","1408","2023-08-08",-0.00292808197186331
"atat","r100","1408","2023-08-21",0.000615470193002286
"atat","r100","1409","2023-05-17",-0.00167442673742857
"atat","r100","1409","2023-06-01",0.00209056373748359
"atat","R100","1409","2023-06-15",-0.00592925300679817
"atat","r100","1409","2023-06-28",-0.0021679920240571
"atat","r100","1409","2023-07-11",0.00171444234216838
"atat","r100","1409","2023-07-25",0.00301949695971604
"atat","r100","1409","2023-08-08",0.00128231261433611
"atat","r100","1409","2023-08-21",0.00215414567550815
"ATAT","r100","1410","2022-09-27",-0.000399996868127809
"ATAT","r100","1410","2022-10-11",0.00116444930836325
"ATAT","r100","1410","2022-10-27",0.000983617641209613
"atat","r100","1410","2023-05-17",0.0037475265075781
"atat","r100","1410","2023-06-01",0.00594987927761131
"atat","R100","1410","2023-06-15",0.00302991504868017
"atat","r100","1410","2023-06-28",-0.00460467372855643
"atat","r100","1410","2023-07-11",-0.000125477088581924
"atat","r100","1410","2023-07-25",0.00211364787180124
"atat","r100","1410","2023-08-08",-0.000633682363763555
"atat","r100","1410","2023-08-21",0.000153867548250601
"eddyfluedddyflux","v08","1","2022-05-05",-0.00279441596726905
"eddyfluedddyflux","v08","13","2022-05-05",0.000879993109881003
"eddyfluedddyflux","v08","14","2022-05-05",-0.000398673032721065
"eddyfluedddyflux","v08","19","2022-05-05",0.000637876852353694
"eddyfluedddyflux","v08","20","2022-05-05",0.00135998935163431
"eddyfluedddyflux","v08","25","2022-05-05",0.00199336516360538
"eddyfluedddyflux","v08","28","2022-05-05",-0.00375997056040096
"eddyfluedddyflux","v08","29","2022-05-05",-8.74922820273521e-05
"eddyfluedddyflux","v08","32","2022-05-05",0.00210512864485536
"eddyfluedddyflux","i10","33","2022-05-04",0.00252247735009864
"eddyfluedddyflux","i10","36","2022-05-04",-0.000401329524693227
"eddyfluedddyflux","i10","37","2022-05-04",0.0046580923174594
"eddyfluedddyflux","v08","4","2022-05-05",0.00414619954029919
"eddyfluedddyflux","i10","40","2022-05-04",0.00167998684613654
"eddyfluedddyflux","i10","45","2022-05-04",0.00386514821473727
"eddyfluedddyflux","i10","46","2022-05-04",6.92790397052617e-05
"eddyfluedddyflux","v08","5","2022-05-05",-0.00160726377735858
"eddyfluedddyflux","i10","51","2022-05-04",0.00120033582137193
"eddyfluedddyflux","i10","52","2022-05-04",0.000263375363457065
"eddyfluedddyflux","i10","57","2022-05-04",-0.00030872026576447
"eddyfluedddyflux","i10","60","2022-05-04",-0.00114005180457824
"eddyfluedddyflux","i10","61","2022-05-04",0.0011558239640872
"eddyfluedddyflux","i10","64","2022-05-04",-0.00126321147592124
"eddyfluedddyflux","v08","8","2022-05-05",0.000318938426176846
"eddyflux","v08","1","2022-05-16",0.00378933004576073
"eddyflux","v08","1","2022-06-01",0.0014443301545115
"eddyflux","v08","1","2022-06-16",0.0478485271859729
"eddyflux","v08","1","2022-06-28",0.0348933189211111
"eddyflux","v08","1","2022-07-14",0.00422593414684337
"eddyflux","v08","1","2022-09-19",-0.00127450413558286
"eddyflux","v08","1","2022-10-03",0.000321063619754567
"eddyflux","v08","1","2022-10-21",-0.00346925102110687
"eddyflux","v08","1","2023-05-24",0.0046399636702819
"eddyflux","v08","1","2023-06-09",0.00381164291401024
"eddyflux","v08","1","2023-06-19",0.00413747313395073
"eddyflux","v08","1","2023-07-05",0.000797346065442094
"eddyflux","v08","1","2023-07-17",0.00311883446764275
"eddyflux","v08","1","2023-08-04",0.0054835394502592
"eddyflux","v08","1","2023-08-15",0.0024430591039366
"eddyflux","v08","1","2023-08-30",0.00631995051641854
"eddyflux","v08","1","2023-09-12",0.00874187448592058
"eddyflux","v08","1","2023-10-09",0.00904905915608712
"eddyflux","v08","1","2024-05-29",0.0084842683339498
"eddyflux","v08","1","2024-06-10",-0.000609420548427667
"eddyflux","v08","1","2024-06-27",0.00222366091765038
"eddyflux","v08","1","2024-07-16",0.0007441595356164
"eddyflux","v08","1","2024-08-19",0.000475130125938975
"eddyflux","v08","1","2024-09-06",0.00098946394697885
"eddyflux","v08","1","2024-10-07",-0.00110297254385542
"eddyflux","v08","1","2024-10-28",-0.000542732444827682
"eddyflux","v08","13","2022-05-16",-0.00343138934007666
"eddyflux","v08","13","2022-06-01",-0.001864931403828
"eddyflux","v08","13","2022-06-28",-0.00177149454196029
"eddyflux","v08","13","2022-07-14",0.0020527186483719
"eddyflux","v08","13","2022-08-03",-0.00083486447607392
"eddyflux","v08","13","2022-09-19",-0.000788889078292441
"eddyflux","v08","13","2022-10-03",0.00108217684944213
"eddyflux","v08","13","2022-10-21",-0.00144283672699531
"eddyflux","v08","13","2023-05-08",0.00254309075954048
"eddyflux","v08","13","2023-05-24",-0.0016689033109485
"eddyflux","v08","13","2023-06-09",-0.00711205820529152
"eddyflux","v08","13","2023-06-19",-0.00153796896659063
"eddyflux","v08","13","2023-07-05",-0.00217918460831436
"eddyflux","v08","13","2023-07-17",0.00234546273250055
"eddyflux","v08","13","2023-08-04",0.00503634142580239
"eddyflux","v08","13","2023-08-15",0.00175416134397267
"eddyflux","v08","13","2023-09-12",-0.00312618723116132
"eddyflux","i10","13","2023-10-23",0.00620624679030898
"eddyflux","v08","13","2024-05-29",-0.000940830185675224
"eddyflux","v08","13","2024-06-10",-0.000114872363476507
"eddyflux","v08","13","2024-06-27",0.00339335758803264
"eddyflux","v08","13","2024-07-16",-0.00152969273585404
"eddyflux","v08","13","2024-08-19",0.00611061975391417
"eddyflux","v08","13","2024-09-06",-0.000835591206695848
"eddyflux","v08","13","2024-10-07",0.00103648193791474
"eddyflux","v08","13","2024-10-28",-0.00124795395505002
"eddyflux","v08","14","2022-05-16",-0.000705929683561894
"eddyflux","v08","14","2022-06-01",-0.000399318105889739
"eddyflux","v08","14","2022-06-28",0.00273637318791721
"eddyflux","v08","14","2022-07-14",-0.00306928695352508
"eddyflux","v08","14","2022-08-03",0.000838241104034982
"eddyflux","v08","14","2022-09-19",8.21787027556167e-05
"eddyflux","v08","14","2022-10-03",-0.00187123216158081
"eddyflux","v08","14","2022-10-21",-0.00568140159749743
"eddyflux","v08","14","2023-05-08",-0.00137712460861781
"eddyflux","v08","14","2023-05-24",-0.000860003001916917
"eddyflux","v08","14","2023-06-19",0.00603940635273049
"eddyflux","v08","14","2023-07-05",0.00381853067119322
"eddyflux","v08","14","2023-07-17",0.00157238562176142
"eddyflux","v08","14","2023-08-04",0.000690199911844643
"eddyflux","v08","14","2023-08-15",0.00657244774986024
"eddyflux","v08","14","2023-08-30",0.00212407343084046
"eddyflux","v08","14","2023-09-12",-0.00402907230167939
"eddyflux","v08","14","2023-10-09",-0.00199307573357994
"eddyflux","i10","14","2023-10-23",-0.00504004965223349
"eddyflux","v08","14","2024-05-29",0.000825663751128997
"eddyflux","v08","14","2024-06-10",0.00152703057740958
"eddyflux","v08","14","2024-06-27",0.00230927063438955
"eddyflux","v08","14","2024-07-16",-0.00107486715906292
"eddyflux","v08","14","2024-08-19",0.00159795498693864
"eddyflux","v08","14","2024-10-07",-0.000110022299376659
"eddyflux","v08","14","2024-10-28",-0.00023759023793377
"eddyflux","v08","19","2022-05-16",0.0012699618653401
"eddyflux","v08","19","2022-06-01",0.00253304250628736
"eddyflux","v08","19","2022-06-16",-0.00396157465656648
"eddyflux","v08","19","2022-06-28",-0.00101469665110922
"eddyflux","v08","19","2022-07-14",-0.00336398835455469
"eddyflux","v08","19","2022-08-03",0.00661290780254786
"eddyflux","v08","19","2022-09-19",0.00253834058490448
"eddyflux","v08","19","2022-10-03",-0.000395717945066854
"eddyflux","v08","19","2022-10-21",-0.00228419753084212
"eddyflux","v08","19","2023-05-08",-0.00260537366908753
"eddyflux","v08","19","2023-05-24",-0.0017256058931511
"eddyflux","v08","19","2023-06-19",0.00294025379401245
"eddyflux","v08","19","2023-07-05",0.00311716789485161
"eddyflux","v08","19","2023-07-17",0.00210593445312289
"eddyflux","v08","19","2023-08-04",-0.00476509405315187
"eddyflux","v08","19","2023-08-15",0.00502827394841554
"eddyflux","v08","19","2023-08-30",-0.00758929037056973
"eddyflux","v08","19","2023-09-12",-0.0026628458891187
"eddyflux","i10","19","2023-10-23",0.0053632218299913
"eddyflux","v08","19","2024-05-29",0.00310698902764624
"eddyflux","v08","19","2024-06-10",0.0042146032334104
"eddyflux","v08","19","2024-06-27",-0.000382231516914842
"eddyflux","v08","19","2024-07-16",0.000760382656226444
"eddyflux","v08","19","2024-08-19",0.00726464878167816
"eddyflux","v08","19","2024-09-06",0.0023813981582209
"eddyflux","v08","19","2024-10-07",-0.000672207662934635
"eddyflux","v08","19","2024-10-28",-0.000360470783740599
"eddyflux","v08","20","2022-05-16",0.00267555638245753
"eddyflux","v08","20","2022-06-01",0.00467241355172061
"eddyflux","v08","20","2022-06-16",0.00189727674683677
"eddyflux","v08","20","2022-07-14",-0.00190318725108549
"eddyflux","v08","20","2022-08-03",-0.000172499322915658
"eddyflux","v08","20","2022-09-19",0.000163394331035308
"eddyflux","v08","20","2022-10-03",-0.000930391506888464
"eddyflux","v08","20","2022-10-21",0.00116544307077755
"eddyflux","v08","20","2023-05-08",-0.000237630886411353
"eddyflux","v08","20","2023-05-24",-0.00316841181881767
"eddyflux","v08","20","2023-06-09",0.00241220310983823
"eddyflux","v08","20","2023-06-19",0.000517441169858665
"eddyflux","v08","20","2023-07-05",0.000318184209009954
"eddyflux","v08","20","2023-07-17",0.00160414464204078
"eddyflux","v08","20","2023-08-04",0.00540984943718341
"eddyflux","v08","20","2023-08-15",-0.00338098492084633
"eddyflux","v08","20","2023-08-30",-0.0197486891795569
"eddyflux","v08","20","2023-09-12",-0.000362166885681057
"eddyflux","v08","20","2023-10-09",0.00360373856931062
"eddyflux","i10","20","2023-10-23",-1.33281791084694e-17
"eddyflux","v08","20","2024-05-29",-0.00129498112307565
"eddyflux","v08","20","2024-06-10",-0.000220499829464911
"eddyflux","v08","20","2024-06-27",-0.000188363404030399
"eddyflux","v08","20","2024-07-16",-0.00106598680636383
"eddyflux","v08","20","2024-08-19",-0.000421906785490696
"eddyflux","v08","20","2024-09-06",0.0011479769305698
"eddyflux","v08","20","2024-10-07",0.000916295897685377
"eddyflux","v08","20","2024-10-28",0.000309249260814744
"eddyflux","i02","2101","2023-10-27",-0.00225902556689141
"eddyflux","i02","2104","2023-10-27",-0.00233533695269377
"eddyflux","i02","2105","2023-10-27",-0.00259621823516517
"eddyflux","i02","2106","2023-10-27",0.000377729064161585
"eddyflux","i02","2107","2023-10-27",0.000385459068768943
"eddyflux","i02","2112","2023-10-27",0.00867661401205795
"eddyflux","i02","2112","2023-11-07",0.000827780387755095
"eddyflux","i02","2201","2023-10-27",0.000103236286286333
"eddyflux","i02","2201","2023-11-07",-0.000256532580230868
"eddyflux","i02","2202","2023-10-27",-2.80827405445261e-05
"eddyflux","i02","2202","2023-11-07",-0.00149060496499749
"eddyflux","i02","2203","2023-10-27",-0.00688133127615495
"eddyflux","i02","2203","2023-11-07",-0.000248675850695726
"eddyflux","i02","2204","2023-10-27",0.00281340060618022
"eddyflux","i02","2204","2023-11-07",0.00269588840717797
"eddyflux","i02","2205","2023-11-07",0.000351985430017288
"eddyflux","i02","2206","2023-11-07",-0.00297524899752243
"eddyflux","i02","2207","2023-11-07",0.00366651489601355
"eddyflux","i02","2208","2023-11-07",-0.00213674601927583
"eddyflux","i02","2210","2023-11-07",-0.00486089569550767
"eddyflux","i02","2301","2023-11-07",0.00524905459946413
"eddyflux","i02","2302","2023-11-07",0.00288623446125863
"eddyflux","i02","2305","2023-11-07",-0.000928801369975992
"eddyflux","i02","2306","2023-11-07",-6.89966731982769e-05
"eddyflux","i02","2307","2023-11-07",-0.00178461709732904
"eddyflux","i02","2308","2023-11-07",-0.00029231554205967
"eddyflux","i02","2310","2023-11-07",0.0003927502935898
"eddyflux","i02","2311","2023-11-07",-0.00354594519526072
"eddyflux","i02","2312","2023-11-07",0.00381072611891937
"eddyflux","i02","2402","2023-11-07",-0.000742174575752312
"eddyflux","i02","2403","2023-11-07",0.00135024839089893
"eddyflux","i02","2404","2023-11-07",0.00346348135351036
"eddyflux","i02","2405","2023-11-07",0.00834670718390142
"eddyflux","i02","2406","2023-11-07",0.00125925922999461
"eddyflux","i02","2409","2023-11-07",5.37287865402591e-05
"eddyflux","i02","2410","2023-11-07",-0.0037933367205114
"eddyflux","i02","2412","2023-11-07",-0.0021680877693439
"eddyflux","v08","25","2022-05-16",0.00287871812526406
"eddyflux","v08","25","2022-06-01",0.00297007105379422
"eddyflux","v08","25","2022-06-16",-0.00358457820153366
"eddyflux","v08","25","2022-06-28",-0.000244853640359258
"eddyflux","v08","25","2022-07-14",0.0028887915389118
"eddyflux","v08","25","2022-08-03",0.00420068414977506
"eddyflux","v08","25","2022-09-19",0.00190571197287512
"eddyflux","v08","25","2022-10-03",-0.00336182991658417
"eddyflux","v08","25","2022-10-21",-0.00337713326398407
"eddyflux","v08","25","2023-05-08",-0.00450019088296927
"eddyflux","v08","25","2023-05-24",0.00329433852328851
"eddyflux","v08","25","2023-06-09",0.00214047506992014
"eddyflux","v08","25","2023-06-19",-0.000699101409982324
"eddyflux","v08","25","2023-07-05",-7.81820910833882e-05
"eddyflux","v08","25","2023-07-17",-0.00253787691332145
"eddyflux","v08","25","2023-08-04",0.00770535556861585
"eddyflux","v08","25","2023-08-15",-0.00218909855033388
"eddyflux","v08","25","2023-08-30",-0.000951993910976021
"eddyflux","v08","25","2023-09-12",0
"eddyflux","v08","25","2023-10-09",-0.00296044789679338
"eddyflux","i10","25","2023-10-23",0.00204996191720585
"eddyflux","v08","25","2024-05-29",0.00274485082399495
"eddyflux","v08","25","2024-06-10",0.000608894891209228
"eddyflux","v08","25","2024-06-27",-0.00252811964620769
"eddyflux","v08","25","2024-07-16",0.00288413776940086
"eddyflux","v08","25","2024-08-19",0.00332441127063158
"eddyflux","v08","25","2024-09-06",0.00317960754088383
"eddyflux","v08","25","2024-10-07",-0.000948790344846995
"eddyflux","v08","25","2024-10-28",0.000599759536144515
"eddyflux","v08","28","2022-05-16",-0.000805292306160273
"eddyflux","v08","28","2022-06-01",-0.00275045111080343
"eddyflux","v08","28","2022-06-16",0.00334015118102654
"eddyflux","v08","28","2022-06-28",-0.00102635932418597
"eddyflux","v08","28","2022-07-14",0.00254370611338438
"eddyflux","v08","28","2022-08-03",0.00675798029649554
"eddyflux","v08","28","2022-09-19",0.000908855642875648
"eddyflux","v08","28","2022-10-03",-0.0031210696887023
"eddyflux","v08","28","2022-10-21",-0.00273615346526431
"eddyflux","v08","28","2023-05-08",0.000950523545645259
"eddyflux","v08","28","2023-05-24",0.00421949227769432
"eddyflux","v08","28","2023-06-09",0.00182888968153099
"eddyflux","v08","28","2023-06-19",0.00334291466352593
"eddyflux","v08","28","2023-07-05",0.000314771339112588
"eddyflux","v08","28","2023-07-17",-0.00602002101341809
"eddyflux","v08","28","2023-08-04",0.00237625452727256
"eddyflux","v08","28","2023-08-15",-0.00205271864837198
"eddyflux","v08","28","2023-09-12",0.000685189712306771
"eddyflux","v08","28","2023-10-09",0.00327676421449731
"eddyflux","i10","28","2023-10-23",-0.00745603602147944
"eddyflux","v08","28","2024-05-29",0.0030464365327007
"eddyflux","v08","28","2024-06-10",-0.00147293886082553
"eddyflux","v08","28","2024-07-16",-0.00265936850100689
"eddyflux","v08","28","2024-08-19",0.00312196015072906
"eddyflux","v08","28","2024-09-06",0.00250588612652459
"eddyflux","v08","28","2024-10-07",0.00132525392431119
"eddyflux","v08","28","2024-10-28",-0.000500400459667268
"eddyflux","v08","29","2022-05-16",0.00144643754562214
"eddyflux","v08","29","2022-06-01",0.00242682278676942
"eddyflux","v08","29","2022-06-16",0.000621423475539789
"eddyflux","v08","29","2022-06-28",-0.000778764650100261
"eddyflux","v08","29","2022-07-14",-0.00432714617039104
"eddyflux","v08","29","2022-08-03",-0.00461602644751744
"eddyflux","v08","29","2022-09-19",0.0029518368876928
"eddyflux","v08","29","2022-10-03",-0.00196881439767462
"eddyflux","v08","29","2022-10-21",0.00524498321328626
"eddyflux","v08","29","2023-05-08",0.000419281541407143
"eddyflux","v08","29","2023-05-24",0.00556256951333306
"eddyflux","v08","29","2023-06-19",0.00140272555268322
"eddyflux","v08","29","2023-07-05",0.00599875416103318
"eddyflux","v08","29","2023-07-17",-0.00437819710066771
"eddyflux","v08","29","2023-08-04",0.00231540714726902
"eddyflux","v08","29","2023-08-15",0.00313746526027469
"eddyflux","v08","29","2023-08-30",-0.000527296177858862
"eddyflux","v08","29","2023-09-12",-0.00276327510357768
"eddyflux","v08","29","2023-10-09",0.00605990060056793
"eddyflux","i10","29","2023-10-23",-0.00631201247907468
"eddyflux","v08","29","2024-05-29",0.00686145341527143
"eddyflux","v08","29","2024-06-10",-0.00142935865480986
"eddyflux","v08","29","2024-06-27",0.000908459297395372
"eddyflux","v08","29","2024-07-16",0.0040057037802627
"eddyflux","v08","29","2024-08-19",0.000597257893669175
"eddyflux","v08","29","2024-09-06",0.00298485856778612
"eddyflux","v08","29","2024-10-07",-0.00157836527203254
"eddyflux","v08","29","2024-10-28",-0.000245971806233192
"eddyflux","v08","32","2022-05-16",0.000806523177158579
"eddyflux","v08","32","2022-06-01",0.00253472945505408
"eddyflux","v08","32","2022-06-16",-0.00100981314775228
"eddyflux","v08","32","2022-07-14",0.00343709555586381
"eddyflux","v08","32","2022-08-03",-0.00576133177107691
"eddyflux","v08","32","2022-09-19",-0.00312728364333409
"eddyflux","v08","32","2022-10-03",-0.00316798954404559
"eddyflux","v08","32","2022-10-21",-0.000984354672835577
"eddyflux","v08","32","2023-05-08",0.00259711311509625
"eddyflux","v08","32","2023-05-24",0.00199775253334061
"eddyflux","v08","32","2023-06-09",-0.000457222420382731
"eddyflux","v08","32","2023-06-19",0.00410840726015464
"eddyflux","v08","32","2023-07-05",0.00556900083698764
"eddyflux","v08","32","2023-07-17",-0.00574638369462632
"eddyflux","v08","32","2023-08-04",0.00357318498435395
"eddyflux","v08","32","2023-08-15",-0.00496090237256983
"eddyflux","v08","32","2023-08-30",0.00276327510357765
"eddyflux","v08","32","2023-10-09",0.000408128263041373
"eddyflux","i10","32","2023-10-23",0.00872417357781708
"eddyflux","v08","32","2024-05-29",0.0132948633142548
"eddyflux","v08","32","2024-06-10",-0.00221523798357368
"eddyflux","v08","32","2024-06-27",0.000345176619215417
"eddyflux","v08","32","2024-07-16",-0.00156254341132429
"eddyflux","v08","32","2024-08-19",0.00713188078605165
"eddyflux","v08","32","2024-09-06",0.000868353056434787
"eddyflux","v08","32","2024-10-07",0.00350904827692128
"eddyflux","v08","32","2024-10-28",0.000785820900167521
"eddyflux","i10","33","2022-05-16",-0.00211778905068549
"eddyflux","i10","33","2022-06-08",-0.00109100876319809
"eddyflux","i10","33","2022-06-16",-0.000347198314298808
"eddyflux","i10","33","2022-06-28",-0.000519233186573466
"eddyflux","i10","33","2022-07-21",-0.00331875024441904
"eddyflux","i10","33","2022-08-01",0.00194582759271768
"eddyflux","i10","33","2022-08-31",0.0024638644217639
"eddyflux","i10","33","2022-09-21",0.00248279947659309
"eddyflux","i10","33","2022-10-07",-0.0010638317049112
"eddyflux","i10","33","2022-10-21",-0.0027907112290476
"eddyflux","i10","33","2023-05-08",0.000621423475539787
"eddyflux","i10","33","2023-05-25",0.000754705896128548
"eddyflux","i10","33","2023-06-09",-0.000230801322375895
"eddyflux","i10","33","2023-06-20",-0.000381018683652361
"eddyflux","i10","33","2023-07-06",-0.00268066070315056
"eddyflux","i10","33","2023-07-17",-0.00225994672376752
"eddyflux","i10","33","2023-08-15",-0.0013120640501192
"eddyflux","i10","33","2023-08-30",-0.00268144556060748
"eddyflux","i10","33","2023-09-12",0.00085522414942208
"eddyflux","i10","33","2023-10-02",5.596840295594e-05
"eddyflux","i10","33","2023-10-23",0.00151219654989016
"eddyflux","i10","33","2024-05-29",-0.000533880887773251
"eddyflux","i10","33","2024-06-10",0.000475755787609772
"eddyflux","i10","33","2024-06-27",0.00338895189453591
"eddyflux","i10","33","2024-07-16",0.00390006151975305
"eddyflux","i10","33","2024-07-29",-0.00375731709408187
"eddyflux","i10","33","2024-09-20",0.00173761202740511
"eddyflux","i10","33","2024-10-07",0.000876449921086647
"eddyflux","i10","33","2024-10-28",0.000105900748176347
"eddyflux","i10","36","2022-05-16",0.00422183291850096
"eddyflux","i10","36","2022-06-08",0.00510135654356992
"eddyflux","i10","36","2022-06-16",0.0294230647518937
"eddyflux","i10","36","2022-06-28",0.0043824337904938
"eddyflux","i10","36","2022-07-21",0.00554526784932403
"eddyflux","i10","36","2022-08-01",0.00527327877150262
"eddyflux","i10","36","2022-08-31",-0.000235392810206054
"eddyflux","i10","36","2022-09-21",0.00193985823336033
"eddyflux","i10","36","2022-10-07",0.00359152871476444
"eddyflux","i10","36","2022-10-21",0.00442938199967707
"eddyflux","i10","36","2023-05-08",0.00140727763950025
"eddyflux","i10","36","2023-05-25",0.00159375220774554
"eddyflux","i10","36","2023-06-09",0.00263997932964314
"eddyflux","i10","36","2023-06-20",-0.00102973384111579
"eddyflux","i10","36","2023-07-06",0.00274400906481891
"eddyflux","i10","36","2023-07-17",0.00529675802886098
"eddyflux","i10","36","2023-08-15",0.000776779344424725
"eddyflux","i10","36","2023-08-30",0.00717375748074515
"eddyflux","i10","36","2023-09-12",0.00181266833377413
"eddyflux","i10","36","2023-10-02",0.00740810350564555
"eddyflux","i10","36","2024-05-29",0.000317130751162079
"eddyflux","i10","36","2024-06-10",-0.000739258634215683
"eddyflux","i10","36","2024-06-27",0.00178656122360233
"eddyflux","i10","36","2024-07-16",-0.00163279328637556
"eddyflux","i10","36","2024-07-29",0.00242999300214141
"eddyflux","i10","36","2024-10-07",0.000405322982207715
"eddyflux","i10","36","2024-10-28",-0.000901846094225687
"eddyflux","i10","37","2022-05-16",-0.00145433225092968
"eddyflux","i10","37","2022-06-08",0.0045198934475349
"eddyflux","i10","37","2022-06-16",-0.00125091345733364
"eddyflux","i10","37","2022-06-28",0.000175297351619692
"eddyflux","i10","37","2022-07-21",0.00234292759078577
"eddyflux","i10","37","2022-08-01",0.000572889586310065
"eddyflux","i10","37","2022-08-31",-0.000298412238051068
"eddyflux","i10","37","2022-09-21",0.00196632336286509
"eddyflux","i10","37","2022-10-07",0.00233004261762139
"eddyflux","i10","37","2022-10-21",0.00669770694971408
"eddyflux","i10","37","2023-05-08",-0.00302943944325672
"eddyflux","i10","37","2023-05-25",-2.05478238750674e-17
"eddyflux","i10","37","2023-06-09",0.00629960943705354
"eddyflux","i10","37","2023-06-20",0.00114668307317151
"eddyflux","i10","37","2023-07-06",-0.00122648454841882
"eddyflux","i10","37","2023-07-17",-0.00154932881568252
"eddyflux","i10","37","2023-08-15",-0.00347496052688572
"eddyflux","i10","37","2023-08-30",0.00392362248038982
"eddyflux","i10","37","2023-09-12",-0.00455996429665643
"eddyflux","i10","37","2023-10-02",-0.00543878288979043
"eddyflux","i10","37","2023-10-23",0.000504065516630124
"eddyflux","i10","37","2024-05-29",-7.28675415570447e-05
"eddyflux","i10","37","2024-06-10",-0.000533369564196501
"eddyflux","i10","37","2024-06-27",0.000985190326345556
"eddyflux","i10","37","2024-07-16",0.00412988907164141
"eddyflux","i10","37","2024-07-29",-0.000145236406821819
"eddyflux","i10","37","2024-09-20",-0.00163259463927381
"eddyflux","i10","37","2024-10-07",-8.13651439176085e-05
"eddyflux","i10","37","2024-10-28",-0.000697225975565499
"eddyflux","v08","4","2022-05-16",-0.0012549861041099
"eddyflux","v08","4","2022-06-01",0.00456151818820984
"eddyflux","v08","4","2022-06-16",-0.000388389672212398
"eddyflux","v08","4","2022-07-14",-0.00244625722276607
"eddyflux","v08","4","2022-08-03",0.000103806640679875
"eddyflux","v08","4","2022-09-19",0.00376975493213922
"eddyflux","v08","4","2022-10-21",-0.00252642295184244
"eddyflux","v08","4","2023-05-08",0.00338379189546101
"eddyflux","v08","4","2023-06-09",0.00121925978768729
"eddyflux","v08","4","2023-06-19",0.000959557205705695
"eddyflux","v08","4","2023-07-05",-0.000776779344424841
"eddyflux","v08","4","2023-07-17",-0.000625456728666819
"eddyflux","v08","4","2023-08-04",-0.00335296441614027
"eddyflux","v08","4","2023-08-15",0.0051960481447513
"eddyflux","v08","4","2023-08-30",0.000833698732789154
"eddyflux","v08","4","2023-09-12",0.00118039252167243
"eddyflux","i10","4","2023-10-23",0.0170544119229015
"eddyflux","v08","4","2024-05-29",0.000240993708881062
"eddyflux","v08","4","2024-06-10",-2.82456834685284e-05
"eddyflux","v08","4","2024-06-27",0.00247082796953374
"eddyflux","v08","4","2024-07-16",0.00203741842425565
"eddyflux","v08","4","2024-08-19",0.0050175959030675
"eddyflux","v08","4","2024-10-07",0.000757723019284413
"eddyflux","v08","4","2024-10-28",0.000400325786004586
"eddyflux","i10","40","2022-05-16",0.0025266077297639
"eddyflux","i10","40","2022-06-08",-0.00015698249541891
"eddyflux","i10","40","2022-06-16",0.00499905411342505
"eddyflux","i10","40","2022-06-28",0.00266201549673995
"eddyflux","i10","40","2022-07-21",-0.003551406511434
"eddyflux","i10","40","2022-08-01",0.00225009877779099
"eddyflux","i10","40","2022-08-31",0.00445040882919588
"eddyflux","i10","40","2022-09-21",0.00258470830881075
"eddyflux","i10","40","2022-10-07",-0.00134543146102552
"eddyflux","i10","40","2022-10-21",-0.00164101023841319
"eddyflux","i10","40","2023-05-08",-0.00406546873633435
"eddyflux","i10","40","2023-05-25",0.00166890331094844
"eddyflux","i10","40","2023-06-09",0.00404958879537879
"eddyflux","i10","40","2023-06-20",0.000904793529283668
"eddyflux","i10","40","2023-07-06",-0.000877080671986347
"eddyflux","i10","40","2023-07-17",0.00521855308979915
"eddyflux","i10","40","2023-08-15",0.00549740834671618
"eddyflux","i10","40","2023-08-30",0.000773568965370234
"eddyflux","i10","40","2023-09-12",0.00274734726308693
"eddyflux","i10","40","2023-10-02",0.000976626493088767
"eddyflux","i10","40","2023-10-23",-0.00710192618271724
"eddyflux","i10","40","2024-05-29",0.000973781773910223
"eddyflux","i10","40","2024-06-10",0.00163801099371446
"eddyflux","i10","40","2024-06-27",-0.00134114072761438
"eddyflux","i10","40","2024-07-16",-0.00375519975837644
"eddyflux","i10","40","2024-07-29",-0.00210752480460294
"eddyflux","i10","40","2024-09-20",0.00361990920896845
"eddyflux","i10","40","2024-10-07",-0.000233520383736902
"eddyflux","i10","40","2024-10-28",-0.000342431321277458
"eddyflux","i10","45","2022-05-16",0.00117273136625023
"eddyflux","i10","45","2022-06-08",-0.00720401831212171
"eddyflux","i10","45","2022-06-16",0.00234546273250052
"eddyflux","i10","45","2022-06-28",-0.00540466773524031
"eddyflux","i10","45","2022-07-21",0.00131206405011918
"eddyflux","i10","45","2022-08-01",-0.000800038799193334
"eddyflux","i10","45","2022-08-31",-0.00200668619429989
"eddyflux","i10","45","2022-09-21",0.00271997870326864
"eddyflux","i10","45","2022-10-07",0.000486943006629915
"eddyflux","i10","45","2022-10-21",-0.000956815278530633
"eddyflux","i10","45","2023-05-08",-0.00196725053799345
"eddyflux","i10","45","2023-05-25",-0.000312728364333379
"eddyflux","i10","45","2023-06-09",-2.49256475283578e-06
"eddyflux","i10","45","2023-06-20",7.64455382113972e-05
"eddyflux","i10","45","2023-07-06",0.000894836858875186
"eddyflux","i10","45","2023-07-17",-0.00114386354901865
"eddyflux","i10","45","2023-08-15",-0.000920663149194143
"eddyflux","i10","45","2023-08-30",-0.00304712762102089
"eddyflux","i10","45","2023-09-12",0.00319997494502202
"eddyflux","i10","45","2023-10-02",0.00552159929475759
"eddyflux","i10","45","2023-10-23",-0.000988631016358861
"eddyflux","i10","45","2024-05-29",8.16302105526857e-05
"eddyflux","i10","45","2024-06-10",-0.000168725122977002
"eddyflux","i10","45","2024-06-27",0.0025447317647486
"eddyflux","i10","45","2024-07-16",3.78215493598019e-05
"eddyflux","i10","45","2024-07-29",-0.0021479845937236
"eddyflux","i10","45","2024-09-20",-0.000617399522501726
"eddyflux","i10","45","2024-10-07",-0.000896369883063139
"eddyflux","i10","45","2024-10-28",-0.000681128398136406
"eddyflux","i10","46","2022-05-16",0.00227943241126596
"eddyflux","i10","46","2022-06-08",-0.00368371621577481
"eddyflux","i10","46","2022-06-16",-0.00093742375548011
"eddyflux","i10","46","2022-06-28",-0.00291795481602281
"eddyflux","i10","46","2022-07-21",0.000236078504334462
"eddyflux","i10","46","2022-08-01",0.00563131400155381
"eddyflux","i10","46","2022-08-31",-0.00134216219316632
"eddyflux","i10","46","2022-09-21",0.00347974208631907
"eddyflux","i10","46","2022-10-07",0.0047342878512804
"eddyflux","i10","46","2023-05-08",-0.00132909554841696
"eddyflux","i10","46","2023-05-25",0.00150499561393828
"eddyflux","i10","46","2023-06-09",0.0015790143449015
"eddyflux","i10","46","2023-06-20",-0.000941239578082436
"eddyflux","i10","46","2023-07-06",-0.00166890331094852
"eddyflux","i10","46","2023-07-17",-0.000704828671901265
"eddyflux","i10","46","2023-08-15",-0.000464569719440866
"eddyflux","i10","46","2023-08-30",-0.002477705170351
"eddyflux","i10","46","2023-10-02",0.00190499067720146
"eddyflux","i10","46","2023-10-23",0.00429593251346339
"eddyflux","i10","46","2024-05-29",0.000542658097482394
"eddyflux","i10","46","2024-06-10",0.000514761203364999
"eddyflux","i10","46","2024-06-27",-8.47770156992313e-05
"eddyflux","i10","46","2024-07-16",-0.000157300405994778
"eddyflux","i10","46","2024-07-29",0.0011452216471767
"eddyflux","i10","46","2024-09-20",0.00140382703161477
"eddyflux","i10","46","2024-10-07",-0.00047364756564732
"eddyflux","i10","46","2024-10-28",0.000855528109938271
"eddyflux","v08","5","2022-05-16",0.00301084783602047
"eddyflux","v08","5","2022-06-01",-0.0024440984456337
"eddyflux","v08","5","2022-06-16",-0.00233033803327437
"eddyflux","v08","5","2022-06-28",0.00259996265624379
"eddyflux","v08","5","2022-07-14",-0.000892831729883978
"eddyflux","v08","5","2022-08-03",-0.00213867797770195
"eddyflux","v08","5","2022-09-19",-0.00167449292919888
"eddyflux","v08","5","2022-10-03",0.00550301857565446
"eddyflux","v08","5","2022-10-21",0.00128929733767121
"eddyflux","v08","5","2023-05-08",-0.00062538477572855
"eddyflux","v08","5","2023-05-24",0.00239203819632643
"eddyflux","v08","5","2023-06-09",-0.0011466830731716
"eddyflux","v08","5","2023-06-19",-0.00279071122904759
"eddyflux","v08","5","2023-07-05",-0.000556301103649554
"eddyflux","v08","5","2023-07-17",-5.46453511672364e-05
"eddyflux","v08","5","2023-08-04",-0.0108020363547365
"eddyflux","v08","5","2023-08-15",-0.00394212008706649
"eddyflux","v08","5","2023-09-12",-0.0026754361770105
"eddyflux","v08","5","2023-10-09",0.00540560785396596
"eddyflux","i10","5","2023-10-23",0.00335937777861786
"eddyflux","v08","5","2024-05-29",-0.00116535628857537
"eddyflux","v08","5","2024-06-10",-8.78133982203672e-05
"eddyflux","v08","5","2024-06-27",0.00390221421370566
"eddyflux","v08","5","2024-07-16",-0.00189236599036298
"eddyflux","v08","5","2024-08-19",0.00491125267964849
"eddyflux","v08","5","2024-09-06",-0.00224020623715397
"eddyflux","v08","5","2024-10-07",-0.000609870218295668
"eddyflux","v08","5","2024-10-28",-0.000759342786040796
"eddyflux","i02","504","2023-04-13",-0.00474514720714013
"eddyflux","i02","506","2023-04-13",-0.00129957414959448
"eddyflux","i02","509","2023-04-13",0.00508549981017509
"eddyflux","i10","51","2022-05-16",-0.000625456728666875
"eddyflux","i10","51","2022-06-08",0.00237714717784681
"eddyflux","i10","51","2022-06-28",0.00333574232347198
"eddyflux","i10","51","2022-07-21",-0.00102568024312385
"eddyflux","i10","51","2022-08-01",-0.0023071784439964
"eddyflux","i10","51","2022-08-31",0.00277290349480265
"eddyflux","i10","51","2022-09-21",-0.00364390225335589
"eddyflux","i10","51","2022-10-07",-0.00133483751251354
"eddyflux","i10","51","2022-10-21",0.00155871408973614
"eddyflux","i10","51","2023-05-08",0.00380907244636221
"eddyflux","i10","51","2023-05-25",6.34634834465581e-05
"eddyflux","i10","51","2023-06-09",0.00322640622590466
"eddyflux","i10","51","2023-06-20",-0.0104860733896555
"eddyflux","i10","51","2023-07-06",0.000351651772236074
"eddyflux","i10","51","2023-07-17",-0.00213867797770194
"eddyflux","i10","51","2023-08-15",0.000696854579161116
"eddyflux","i10","51","2023-08-30",-0.000774282865734741
"eddyflux","i10","51","2023-09-12",0.00197308834531077
"eddyflux","i10","51","2023-10-02",0.00351540601573543
"eddyflux","i10","51","2023-10-23",0.00683670124300808
"eddyflux","i10","51","2024-05-29",0.00248057250944958
"eddyflux","i10","51","2024-06-10",0.000630916712685514
"eddyflux","i10","51","2024-06-27",0.00013187430179663
"eddyflux","i10","51","2024-07-16",0.00179996764527063
"eddyflux","i10","51","2024-07-29",0.00331181344405774
"eddyflux","i10","51","2024-09-20",-0.00130052101541279
"eddyflux","i10","51","2024-10-07",0.000796578838852707
"eddyflux","i10","51","2024-10-28",-0.000244810793952267
"eddyflux","i10","52","2022-05-16",0.000744537518760736
"eddyflux","i10","52","2022-06-08",0.00468455470257596
"eddyflux","i10","52","2022-06-16",0.0020140129200174
"eddyflux","i10","52","2022-06-28",-0.00272516328783197
"eddyflux","i10","52","2022-07-21",0.00373775348542465
"eddyflux","i10","52","2022-08-01",-0.00374646900182446
"eddyflux","i10","52","2022-08-31",-0.00137971343037884
"eddyflux","i10","52","2022-09-21",0.00433530756179024
"eddyflux","i10","52","2022-10-07",-0.000285689784128953
"eddyflux","i10","52","2022-10-21",0.00191555011840084
"eddyflux","i10","52","2023-05-08",0.000905379996015035
"eddyflux","i10","52","2023-05-25",-0.00246268382593405
"eddyflux","i10","52","2023-06-09",0.00106931188682438
"eddyflux","i10","52","2023-06-20",-0.00345099955922356
"eddyflux","i10","52","2023-07-06",0.0016471692616442
"eddyflux","i10","52","2023-07-17",-0.00140727763950035
"eddyflux","i10","52","2023-08-15",0.00293284905320745
"eddyflux","i10","52","2023-08-30",-0.000425791838754058
"eddyflux","i10","52","2023-09-12",0.00267229339072575
"eddyflux","i10","52","2023-10-02",-0.0025924092290042
"eddyflux","i10","52","2023-10-23",0.00960883724485476
"eddyflux","i10","52","2024-05-29",0.00221351835909532
"eddyflux","i10","52","2024-06-10",7.94413687425656e-05
"eddyflux","i10","52","2024-06-27",0.00602973810190166
"eddyflux","i10","52","2024-07-16",0.00149660740318273
"eddyflux","i10","52","2024-07-29",-0.000807538897359812
"eddyflux","i10","52","2024-09-20",-0.000194888656247591
"eddyflux","i10","52","2024-10-07",-0.000402226284397732
"eddyflux","i10","52","2024-10-28",-6.16435795834425e-05
"eddyflux","i10","57","2022-05-16",-0.00336182991658413
"eddyflux","i10","57","2022-06-08",-0.00427586101238561
"eddyflux","i10","57","2022-06-16",0.000295546201204335
"eddyflux","i10","57","2022-06-28",0.0024353810635744
"eddyflux","i10","57","2022-07-21",0.00249953578233987
"eddyflux","i10","57","2022-08-01",0.000701672394607267
"eddyflux","i10","57","2022-08-31",0.00135949372856997
"eddyflux","i10","57","2022-09-21",0.000464061645611329
"eddyflux","i10","57","2022-10-07",0.00318340045172304
"eddyflux","i10","57","2022-10-21",0.00111165622592885
"eddyflux","i10","57","2023-05-08",0.00459103493474431
"eddyflux","i10","57","2023-05-25",-0.000789507172450809
"eddyflux","i10","57","2023-06-09",-0.00246273586912556
"eddyflux","i10","57","2023-06-20",0.00419460845989381
"eddyflux","i10","57","2023-07-06",0.00355278227602838
"eddyflux","i10","57","2023-07-17",-0.00465809231745947
"eddyflux","i10","57","2023-08-15",-0.0027874183166449
"eddyflux","i10","57","2023-08-30",-0.00155671434109176
"eddyflux","i10","57","2023-09-12",0.00670969287477863
"eddyflux","i10","57","2023-10-02",-0.00344001200766747
"eddyflux","i10","57","2023-10-23",0.00659622654138501
"eddyflux","i10","57","2024-05-29",-0.0015914587847405
"eddyflux","i10","57","2024-06-10",-0.00167294778969267
"eddyflux","i10","57","2024-06-27",0.00251169099332752
"eddyflux","i10","57","2024-07-16",-0.000521458492677648
"eddyflux","i10","57","2024-07-29",0.0003009450419802
"eddyflux","i10","57","2024-09-20",0.000780556255382226
"eddyflux","i10","57","2024-10-07",-0.0014240084393372
"eddyflux","i10","57","2024-10-28",0.00321430345286226
"eddyflux","i10","60","2022-05-16",-0.000469092546500134
"eddyflux","i10","60","2022-06-08",0.0025254027546537
"eddyflux","i10","60","2022-06-16",-0.00171862702523336
"eddyflux","i10","60","2022-06-28",0.00194483175274564
"eddyflux","i10","60","2022-07-21",-0.000151154822394438
"eddyflux","i10","60","2022-08-01",7.51274364078979e-06
"eddyflux","i10","60","2022-08-31",0.00109512915737033
"eddyflux","i10","60","2022-10-21",0.00109188620507392
"eddyflux","i10","60","2023-05-08",-0.00350681388170817
"eddyflux","i10","60","2023-05-25",-0.00299888324552389
"eddyflux","i10","60","2023-06-20",-0.000799888349469687
"eddyflux","i10","60","2023-07-06",-0.00462776125890529
"eddyflux","i10","60","2023-07-17",0.00281455527900064
"eddyflux","i10","60","2023-08-15",0.00172744218488107
"eddyflux","i10","60","2023-08-30",-0.00324157000617674
"eddyflux","i10","60","2023-09-12",-0.00262181522065577
"eddyflux","i10","60","2023-10-02",-0.0023154071472691
"eddyflux","i10","60","2023-10-23",0.00632160345056231
"eddyflux","i10","60","2024-05-29",-0.00034473013707564
"eddyflux","i10","60","2024-06-10",0.000967093827444506
"eddyflux","i10","60","2024-06-27",0.00613152520725153
"eddyflux","i10","60","2024-07-16",0.00350243073563838
"eddyflux","i10","60","2024-07-29",-0.000352799727143839
"eddyflux","i10","60","2024-09-20",0.00035279972714383
"eddyflux","i10","60","2024-10-07",-0.000153515815540232
"eddyflux","i10","60","2024-10-28",-0.00101953484916047
"eddyflux","i02","603","2023-04-13",1.65705807348549e-05
"eddyflux","i02","606","2023-04-13",-0.00330521938211293
"eddyflux","i02","607","2023-04-13",-0.00129546352441782
"eddyflux","i10","61","2022-05-16",-0.0012377874487493
"eddyflux","i10","61","2022-06-08",-0.00120692876070486
"eddyflux","i10","61","2022-06-16",-0.00369856323457371
"eddyflux","i10","61","2022-06-28",-0.00139586936036847
"eddyflux","i10","61","2022-07-21",0.000418364914174567
"eddyflux","i10","61","2022-08-01",0.00243721321233981
"eddyflux","i10","61","2022-08-31",-0.000636530242881134
"eddyflux","i10","61","2022-09-21",-0.00233166150584181
"eddyflux","i10","61","2022-10-07",0.000651527833488715
"eddyflux","i10","61","2022-10-21",-0.00279997807689431
"eddyflux","i10","61","2023-05-08",0.00227411351810946
"eddyflux","i10","61","2023-05-25",0.00290798021317
"eddyflux","i10","61","2023-06-09",0.00280545110536648
"eddyflux","i10","61","2023-06-20",0.0040262709018203
"eddyflux","i10","61","2023-07-06",-0.000944314017338009
"eddyflux","i10","61","2023-07-17",-0.000380177081946288
"eddyflux","i10","61","2023-08-15",0.00162599401804275
"eddyflux","i10","61","2023-08-30",0.00441341233468771
"eddyflux","i10","61","2023-09-12",0.00561861334570526
"eddyflux","i10","61","2023-10-02",-0.00366267227645074
"eddyflux","i10","61","2023-10-23",-0.0106554428745453
"eddyflux","i10","61","2024-05-29",-0.000360976970267252
"eddyflux","i10","61","2024-06-10",0.000890661799575635
"eddyflux","i10","61","2024-06-27",-0.000485099624822779
"eddyflux","i10","61","2024-07-16",-0.00193604470011849
"eddyflux","i10","61","2024-07-29",0.00122504255732497
"eddyflux","i10","61","2024-09-20",0.00119069907911044
"eddyflux","i10","61","2024-10-07",-9.01963850922147e-05
"eddyflux","i10","61","2024-10-28",0.00223099140208332
"eddyflux","i10","64","2022-05-16",-0.000851081218208673
"eddyflux","i10","64","2022-06-08",-0.00216923973111791
"eddyflux","i10","64","2022-06-16",0.00219622568219236
"eddyflux","i10","64","2022-06-28",0.000618939623271524
"eddyflux","i10","64","2022-07-21",0.00651648516204638
"eddyflux","i10","64","2022-08-01",0.000154856573146886
"eddyflux","i10","64","2022-08-31",-0.00100981314775227
"eddyflux","i10","64","2022-09-21",-0.00175998621976215
"eddyflux","i10","64","2022-10-07",0.000512215265327535
"eddyflux","i10","64","2022-10-21",-0.00194368005294046
"eddyflux","i10","64","2023-05-08",-0.000857221171084254
"eddyflux","i10","64","2023-05-25",-0.00141185936712364
"eddyflux","i10","64","2023-06-09",0.00216799202405711
"eddyflux","i10","64","2023-06-20",-0.00267164175807316
"eddyflux","i10","64","2023-07-06",0.00558255826100332
"eddyflux","i10","64","2023-07-17",0.00360808504931595
"eddyflux","i10","64","2023-08-15",0.00301970317636518
"eddyflux","i10","64","2023-08-30",-0.00403991913599703
"eddyflux","i10","64","2023-09-12",-0.00157334471891847
"eddyflux","i10","64","2023-10-02",0.00250913583705931
"eddyflux","i10","64","2023-10-23",-0.00519031283588361
"eddyflux","i10","64","2024-05-29",0.000168551605865801
"eddyflux","i10","64","2024-06-10",0.00053483535927847
"eddyflux","i10","64","2024-06-27",0.00459620769809261
"eddyflux","i10","64","2024-07-16",-0.00272177522611722
"eddyflux","i10","64","2024-07-29",-0.00143391309416051
"eddyflux","i10","64","2024-09-20",0.00238659904372506
"eddyflux","i10","64","2024-10-07",-0.000848890904145488
"eddyflux","i10","64","2024-10-28",-0.00129722577019956
"eddyflux","i02","706","2023-04-13",0.00312435320594881
"eddyflux","i02","707","2023-04-13",0.00114305605095684
"eddyflux","i02","708","2023-04-13",0.00152407473460921
"eddyflux","v08","8","2022-05-16",-0.00109811284109624
"eddyflux","v08","8","2022-06-01",0.000734995944690196
"eddyflux","v08","8","2022-06-16",0.000388389672212325
"eddyflux","v08","8","2022-06-28",-0.00072725956303378
"eddyflux","v08","8","2022-07-14",0.000306755516375386
"eddyflux","v08","8","2022-08-03",0.00170353735785996
"eddyflux","v08","8","2022-09-19",0.0020002781272576
"eddyflux","v08","8","2022-10-03",3.26012907566473e-05
"eddyflux","v08","8","2022-10-21",0.00478677822268468
"eddyflux","v08","8","2023-05-08",-0.00039346417389088
"eddyflux","v08","8","2023-06-09",0.000611042295187717
"eddyflux","v08","8","2023-06-19",0.000599226329627441
"eddyflux","v08","8","2023-07-05",0.00230841534273544
"eddyflux","v08","8","2023-07-17",-0.00515526646237692
"eddyflux","v08","8","2023-08-04",0.00249918993359801
"eddyflux","v08","8","2023-08-15",1.44393732460611e-05
"eddyflux","v08","8","2023-08-30",0.000541998006014206
"eddyflux","v08","8","2023-09-12",0.00291163488679202
"eddyflux","v08","8","2023-10-09",0.00199307573357995
"eddyflux","i10","8","2023-10-23",-0.00708239725969469
"eddyflux","v08","8","2024-05-29",-0.000282105861596036
"eddyflux","v08","8","2024-06-10",-0.000756113453298391
"eddyflux","v08","8","2024-06-27",0.000470059955179579
"eddyflux","v08","8","2024-07-16",0.00169163144125031
"eddyflux","v08","8","2024-08-19",0.000294900179103862
"eddyflux","v08","8","2024-10-07",8.91953578132518e-05
"eddyflux","v08","8","2024-10-28",-0.000595193143003686
"eddyflux","i02","805","2023-04-13",-0.00655352135881955
"eddyflux","i02","809","2023-04-13",0.000381018683652343
"eddyflux","i10","w","2024-05-29",-0.00163749820820851
"eddyflux","v08","w","2024-05-29",-0.00433879335233178
"eddyflux","v08","w","2024-06-10",5.15647192839346e-05
"eddyflux","i10","w","2024-06-27",0.000429633013329927
"eddyflux","v08","w","2024-06-27",0.00858240230629833
"eddyflux","i10","w","2024-07-16",0.00379348753338711
"eddyflux","v08","w","2024-09-06",0.000558419227150613
"eddyflux","i10","w","2024-09-20",-0.000235543511943071
"eddyflux","i10","w","2024-10-07",3.42664463581069e-05
"eddyflux","v08","w","2024-10-07",-0.000107946875640242
"eddyflux","i10","w","2024-10-28",-8.28940243186802e-05
"eddyflux","v08","w","2024-10-28",-0.000288016335775259
"eddyfux","i10","36","2024-09-20",0.000156674589860767
"eddyfux","i10","w","2024-09-20",0.00404318886550553
"fert","i02","101","2022-06-07",-0.000220592409292098
"fert","i02","103","2022-06-07",0.000233787592113841
"fert","i02","104","2022-06-07",-0.00350583342386681
"fert","i02","105","2022-06-07",7.79291973712426e-05
"fert","i02","106","2022-06-07",-0.00251779611985061
"fert","i02","107","2022-06-07",0.00128552128173632
"fert","i02","109","2022-06-07",-0.000930026310112268
"fert","i02","112","2022-06-07",0.00046606760665488
"fert","i02","201","2022-06-07",-0.000932135213309816
"fert","i02","202","2022-06-07",0.00314962938210066
"fert","i02","203","2022-06-07",0.000632657906574112
"fert","i02","204","2022-06-07",-0.00361121989920208
"fert","i02","206","2022-06-07",0.00261562663532477
"fert","i02","207","2022-06-07",0.00457201181070094
"fert","i02","208","2022-06-07",0.000157481469105029
"fert","i02","210","2022-06-07",0.00310711737769909
"fert","i02","301","2022-06-07",-0.000944730887006855
"fert","i02","302","2022-06-07",0.00220339937378855
"fert","i02","305","2022-06-07",-0.00296342979655835
"fert","i02","306","2022-06-07",-0.00230957073573372
"fert","i02","307","2022-06-07",-0.000470619789041228
"fert","i02","308","2022-06-07",0.00186040505724168
"fert","i02","310","2022-06-07",-0.000383640339467894
"fert","i02","311","2022-06-07",0.000721116908720787
"fert","i02","312","2022-06-07",0.00232731616293348
"fert","i02","403","2022-06-07",0.00194705386277321
"fert","i02","404","2022-06-07",-0.000769610447632411
"fert","i02","405","2022-06-07",-0.000181407333343059
"fert","i02","406","2022-06-07",0.00141496375360922
"fert","i02","409","2022-06-07",-0.00104975764947586
"fert","i02","410","2022-06-07",-0.000463572752031531
"fert","i02","411","2022-06-07",-0.00241288947423206
"fert","i02","412","2022-06-07",0.000554232317642666
"ncas","i02","2101","2022-07-01",0.00235357497786709
"ncas","i02","2101","2023-04-14",-0.00466317783089772
"ncas","i02","2101","2023-04-26",0.00403576671650281
"ncas","i02","2101","2023-05-09",-0.00425073719026195
"ncas","i02","2101","2023-05-22",0.00182312304214426
"ncas","i02","2101","2023-06-05",0.00337577926679135
"ncas","i02","2101","2023-07-05",0.00575580980711223
"ncas","i02","2101","2023-07-20",-0.00650873862657137
"ncas","i02","2101","2023-08-02",-0.001585235903851
"ncas","i02","2101","2023-08-17",-0.00329433852328853
"ncas","i02","2101","2023-09-27",0.00296588476962182
"ncas","i02","2102","2022-07-01",0.00218182492505042
"ncas","i02","2102","2023-04-14",-0.00275203937561184
"ncas","i02","2102","2023-04-26",-0.00484825987603588
"ncas","i02","2102","2023-05-22",-0.000508344247335409
"ncas","i02","2102","2023-06-05",-0.00289315480831421
"ncas","i02","2102","2023-07-05",0.000124563596958896
"ncas","i02","2102","2023-07-20",0.00329433852328845
"ncas","i02","2102","2023-08-02",-0.00251496191885779
"ncas","i02","2102","2023-08-17",-0.00125498610410993
"ncas","i02","2102","2023-09-27",0.000494314128270191
"ncas","i02","2103","2022-07-01",0.00125024495016829
"ncas","i02","2103","2023-04-14",0.000483590500990721
"ncas","i02","2103","2023-04-26",-0.004638961091545
"ncas","i02","2103","2023-05-09",-0.00631605737960604
"ncas","i02","2103","2023-05-22",-0.00288661148339502
"ncas","i02","2103","2023-06-05",-0.00352581390087113
"ncas","i02","2103","2023-07-05",0.000932135213309697
"ncas","i02","2103","2023-07-20",0.000156873263013695
"ncas","i02","2103","2023-08-02",0.000378623469547878
"ncas","i02","2103","2023-08-17",-0.00186238000953182
"ncas","i02","2103","2023-09-27",0.00021959366987028
"ncas","i02","2103","2024-03-13",0.000872796703070334
"ncas","i02","2103","2024-03-19",-0.000624829150377205
"ncas","i02","2103","2024-04-04",-0.000330486007128952
"ncas","i02","2103","2024-04-09",0.00194534609965781
"ncas","i02","2103","2024-04-15",0.0006054037229376
"ncas","i02","2103","2024-04-22",0.000448809664072652
"ncas","i02","2103","2024-04-25",0.000334224027315451
"ncas","i02","2103","2024-05-01",0.000630671990345324
"ncas","i02","2103","2024-05-03",-0.000318802784008203
"ncas","i02","2103","2024-05-06",0.000854734421963538
"ncas","i02","2103","2024-05-09",0.000446361594764992
"ncas","i02","2103","2024-05-22",0.000701913515807388
"ncas","i02","2103","2024-05-23",0.0043605263659978
"ncas","i02","2103","2024-05-30",0.000137412060143683
"ncas","i02","2103","2024-05-31",-0.000853762229680437
"ncas","i02","2103","2024-06-04",0.00288254917775893
"ncas","i02","2103","2024-06-06",-2.84212353849936e-05
"ncas","i02","2103","2024-06-11",-0.000239259975129746
"ncas","i02","2103","2024-06-13",-0.00124453041917683
"ncas","i02","2103","2024-06-25",0.0015154351915951
"ncas","i02","2103","2024-06-26",0.00311249248533404
"ncas","i02","2103","2024-07-01",0.00167579870393321
"ncas","i02","2103","2024-07-03",0.000841908439775042
"ncas","i02","2103","2024-07-09",0.00253170867632742
"ncas","i02","2103","2024-07-11",0.00324728573045725
"ncas","i10","2103","2024-07-17",0.000115903828115885
"ncas","i02","2103","2024-07-19",0.00232968303184271
"ncas","i02","2103","2024-07-25",-0.000319025795296204
"ncas","i10","2103","2024-07-30",-0.00113825860788009
"ncas","i02","2103","2024-08-08",-0.00115519126944443
"ncas","i02","2103","2024-08-14",1.76399863571718e-05
"ncas","i02","2103","2024-08-20",8.81999317859411e-05
"ncas","i02","2103","2024-08-30",-0.00231965820597073
"ncas","i02","2103","2024-09-12",0.00584561739133594
"ncas","i02","2103","2024-09-24",-0.000132299897678943
"ncas","i02","2103","2024-10-08",0.00593840152913439
"ncas","i02","2103","2024-11-04",-0.000340061689186722
"ncas","i02","2104","2022-07-01",-0.00425395376500316
"ncas","i02","2104","2023-04-14",0.000840900920325763
"ncas","i02","2104","2023-04-26",0.00443507270184913
"ncas","i02","2104","2023-05-09",0.000631605737960555
"ncas","i02","2104","2023-05-22",-0.00364624608428847
"ncas","i02","2104","2023-06-05",-0.000787681828918001
"ncas","i02","2104","2023-07-05",-0.00264104977104438
"ncas","i02","2104","2023-07-20",-0.0014118593671237
"ncas","i02","2104","2023-08-02",-0.00159523266187621
"ncas","i02","2104","2023-08-17",-0.00220339937378857
"ncas","i02","2104","2023-09-27",0.00840334018059538
"ncas","i02","2104B","2022-07-01",-0.00515273063897888
"ncas","i02","2105","2023-04-14",0.000832142014564771
"ncas","i02","2105","2023-04-26",0.000923151754286098
"ncas","i02","2105","2023-05-09",0.00229422004330744
"ncas","i02","2105","2023-05-22",0.00470973452553919
"ncas","i02","2105","2023-06-05",-0.00465107365646828
"ncas","i02","2105","2023-07-04",-0.00201313545091022
"ncas","i02","2105","2023-07-20",-0.000338047406309822
"ncas","i02","2105","2023-08-02",0.00145993287612314
"ncas","i02","2105","2023-08-17",-0.00155473267874311
"ncas","i02","2105","2023-09-27",0.00570300035308072
"ncas","i02","2105","2024-03-13",0.000887822675877671
"ncas","i02","2105","2024-03-19",0.000897990248622064
"ncas","i02","2105","2024-04-04",-0.000771483374935889
"ncas","i02","2105","2024-04-09",-0.00121812672859399
"ncas","i02","2105","2024-04-15",0.00052649124963568
"ncas","i02","2105","2024-04-22",0.000172406149024698
"ncas","i02","2105","2024-04-25",0.000318180503512039
"ncas","i02","2105","2024-05-01",-0.0010936791541459
"ncas","i02","2105","2024-05-03",0.000277377428855121
"ncas","i02","2105","2024-05-06",-0.00184161105135167
"ncas","i02","2105","2024-05-09",0.00213634094753864
"ncas","i02","2105","2024-05-22",-0.000352799727143844
"ncas","i02","2105","2024-05-23",0.00173753865618339
"ncas","i02","2105","2024-05-30",0.00148345581424637
"ncas","i02","2105","2024-05-31",-0.000647514083088689
"ncas","i02","2105","2024-06-04",0.00429899764192552
"ncas","i02","2105","2024-06-06",-0.000129927938029629
"ncas","i02","2105","2024-06-11",-0.00370476747936414
"ncas","i02","2105","2024-06-13",-0.00451386128030469
"ncas","i02","2105","2024-06-25",-0.00502338702399124
"ncas","i02","2105","2024-06-26",0.00142883889493254
"ncas","i02","2105","2024-07-01",-0.00339569737375943
"ncas","i02","2105","2024-07-03",0.000785781210456732
"ncas","i02","2105","2024-07-09",-0.00144100886362884
"ncas","i02","2105","2024-07-11",0.00265892673517331
"ncas","i10","2105","2024-07-17",0.00145943250826785
"ncas","i02","2105","2024-07-19",0.00233629959920994
"ncas","i02","2105","2024-07-25",-0.00106721917461011
"ncas","i10","2105","2024-07-30",-0.0014719257817181
"ncas","i02","2105","2024-08-08",-0.00136885591343509
"ncas","i02","2105","2024-08-14",0.0017287186630048
"ncas","i02","2105","2024-08-20",0.00316042142026425
"ncas","i02","2105","2024-08-30",-0.000119667277966979
"ncas","i02","2105","2024-09-12",0.00347022003767732
"ncas","i02","2105","2024-09-24",0.00100899316386534
"ncas","i02","2105","2024-10-08",0.00389938311021744
"ncas","i02","2105","2024-11-04",-0.000230725399245661
"ncas","i02","2106","2022-07-01",-0.00369475793813012
"ncas","i02","2106","2023-04-14",-0.0017638442191587
"ncas","i02","2106","2023-04-26",0.00117776085866276
"ncas","i02","2106","2023-05-22",-0.00250252734841569
"ncas","i02","2106","2023-06-05",0.00105024243855729
"ncas","i02","2106","2023-07-04",0.00402627090182031
"ncas","i02","2106","2023-07-20",0.000865621182559768
"ncas","i02","2106","2023-08-02",-0.00251247200521381
"ncas","i02","2106","2023-08-17",5.98914318068996e-05
"ncas","i02","2106","2023-09-27",0.00148773922254277
"ncas","i02","2106","2024-05-01",-0.00110635441556451
"ncas","i02","2106","2024-05-22",0.00247474251821001
"ncas","i02","2106","2024-06-06",6.73192255691106e-05
"ncas","i02","2106","2024-07-03",-0.000168381687955021
"ncas","i10","2106","2024-07-17",-0.00244862033681631
"ncas","i02","2106","2024-08-08",-0.000501387556161197
"ncas","i02","2106","2024-08-14",-0.00312379901214474
"ncas","i02","2106","2024-08-20",-0.00240785813775668
"ncas","i02","2106","2024-08-30",0.00104827775012469
"ncas","i02","2106","2024-09-24",0.000185219856750504
"ncas","i02","2106","2024-10-08",0.00312661591308577
"ncas","i02","2106","2024-11-04",8.2594756611378e-05
"ncas","i02","2107","2022-07-01",-0.000776906000098197
"ncas","i02","2107","2023-04-14",-0.00184053309825258
"ncas","i02","2107","2023-04-26",0.00203521995122756
"ncas","i02","2107","2023-05-09",0.000710556455205638
"ncas","i02","2107","2023-05-22",-0.00121541536142954
"ncas","i02","2107","2023-06-05",0.0013503117067165
"ncas","i02","2107","2023-07-04",0.000826852944411604
"ncas","i02","2107","2023-07-20",0.00361987039979552
"ncas","i02","2107","2023-08-02",-0.00377091708987424
"ncas","i02","2107","2023-08-17",-0.000394753586225445
"ncas","i02","2107","2023-09-27",0.00173569575963332
"ncas","i02","2109","2022-07-01",-0.000747919149252651
"ncas","i02","2109","2023-04-14",-0.000183291686277509
"ncas","i02","2109","2023-04-26",-0.000646434650138153
"ncas","i02","2109","2023-05-09",-0.000277419332475204
"ncas","i02","2109","2023-05-22",-0.00204336759515921
"ncas","i02","2109","2023-06-05",-0.00119149834061035
"ncas","i02","2109","2023-07-04",-0.00015790143449025
"ncas","i02","2109","2023-07-20",0.00216043566361158
"ncas","i02","2109","2023-08-02",0.00834451655474231
"ncas","i02","2109","2023-08-16",0.00244625722276598
"ncas","i02","2109","2023-09-27",0.00671655237034246
"ncas","i02","2112","2022-07-01",0.00189311734773962
"ncas","i02","2112","2023-04-14",0.000173568312699524
"ncas","i02","2112","2023-04-26",0.00153528229407799
"ncas","i02","2112","2023-05-09",0.00244747223459732
"ncas","i02","2112","2023-05-22",0.00310953130317184
"ncas","i02","2112","2023-06-05",0.00143426105586513
"ncas","i02","2112","2023-07-04",0.00295982235811385
"ncas","i02","2112","2023-07-20",0.00309058636440276
"ncas","i02","2112","2023-08-02",0.00394753586225373
"ncas","i02","2112","2023-08-16",-0.00152891076422883
"ncas","i02","2112","2023-09-27",0.00597026877363773
"ncas","i02","2112","2024-03-13",0.000928486073470088
"ncas","i02","2201","2022-07-01",-0.00133037672190927
"ncas","i02","2201","2023-04-14",0.00010219469661773
"ncas","i02","2201","2023-04-25",0.000840130929520092
"ncas","i02","2201","2023-05-09",-0.0013104069835032
"ncas","i02","2201","2023-05-22",-0.00190509341826151
"ncas","i02","2201","2023-06-05",-0.00301949695971611
"ncas","i02","2201","2023-07-04",-0.00229436555797889
"ncas","i02","2201","2023-07-20",-0.000633682363763586
"ncas","i02","2201","2023-08-02",0.00417722470927952
"ncas","i02","2201","2023-08-16",0.00312435320594878
"ncas","i02","2201","2023-09-14",-0.00204456673555887
"ncas","i02","2201","2023-09-27",-0.00396730459344769
"ncas","i02","2202","2023-04-14",0.00184770852267355
"ncas","i02","2202","2023-04-25",0.000434246799934972
"ncas","i02","2202","2023-05-09",0.000631605737960523
"ncas","i02","2202","2023-05-22",-0.00134077969893261
"ncas","i02","2202","2023-06-05",0.00233280072587023
"ncas","i02","2202","2023-07-04",0.00263810999477713
"ncas","i02","2202","2023-07-20",-0.0020930960413277
"ncas","i02","2202","2023-08-02",0.00978741973975221
"ncas","i02","2202","2023-08-17",-0.00402648657949889
"ncas","i02","2202","2023-09-14",-0.000981336511907765
"ncas","i02","2202","2023-09-27",-1.02043871299219e-16
"ncas","i02","2202c","2022-07-01",0.00287753836856425
"ncas","i02","2203","2022-07-01",-0.00259074437175049
"ncas","i02","2203","2023-04-14",-0.000383444395469305
"ncas","i02","2203","2023-04-25",0.00397273685680429
"ncas","i02","2203","2023-05-22",0.00197619616532578
"ncas","i02","2203","2023-06-05",-0.00316056872537265
"ncas","i02","2203","2023-07-04",0.00365086291879645
"ncas","i02","2203","2023-07-20",0.00213166936561694
"ncas","i02","2203","2023-08-02",0.00425855576154075
"ncas","i02","2203","2023-08-17",-0.000835096410816887
"ncas","i02","2203","2023-09-14",0.00301716872464854
"ncas","i02","2203","2023-09-27",-0.00793460918689518
"ncas","i02","2203","2024-03-13",0.00315585118468471
"ncas","i02","2203","2024-04-04",0.000804910572271863
"ncas","i02","2203","2024-04-09",0.00342366073618722
"ncas","i02","2203","2024-04-15",-0.000415592085801808
"ncas","i02","2203","2024-04-22",-0.00261474848200781
"ncas","i02","2203","2024-04-25",7.46494547160895e-05
"ncas","i02","2203","2024-05-01",-0.000492235120684223
"ncas","i02","2203","2024-05-06",0.00259850603674561
"ncas","i02","2203","2024-05-23",0.000898608245469542
"ncas","i02","2203","2024-05-30",0.00115323992709523
"ncas","i02","2203","2024-05-31",0.000445807363758455
"ncas","i02","2203","2024-06-04",-0.000476268046714443
"ncas","i02","2203","2024-06-11",-0.0036141469754539
"ncas","i02","2203","2024-06-13",-0.000840581210480884
"ncas","i02","2203","2024-06-25",-0.00376052436432864
"ncas","i02","2203","2024-06-26",-0.0019790785642881
"ncas","i02","2203","2024-07-03",0.0118709090008284
"ncas","i02","2203","2024-07-09",-0.00502739611179968
"ncas","i02","2203","2024-07-11",-0.00267245793311457
"ncas","i10","2203","2024-07-17",-0.00155535475412694
"ncas","i02","2203","2024-07-19",0.001021546309417
"ncas","i02","2203","2024-07-25",-0.000247659157583079
"ncas","i10","2203","2024-07-30",-0.00188649929806771
"ncas","i02","2203","2024-08-08",0.00173130141001128
"ncas","i02","2203","2024-08-14",-0.000457888179142659
"ncas","i02","2203","2024-08-20",-0.000349679519399398
"ncas","i02","2203","2024-08-30",-0.00038600985907727
"ncas","i02","2203","2024-09-12",-0.00169702422604626
"ncas","i02","2203","2024-09-24",-0.000799267472912912
"ncas","i02","2203","2024-10-08",0.0016713151373278
"ncas","i02","2203","2024-11-04",0.00127071039638886
"ncas","i02","2204","2022-07-01",0.00205101342241219
"ncas","i02","2204","2023-04-14",0.00375775507559891
"ncas","i02","2204","2023-04-25",-0.000644758543992337
"ncas","i02","2204","2023-05-09",7.8950717245028e-05
"ncas","i02","2204","2023-05-22",0.00269704864558474
"ncas","i02","2204","2023-06-05",-0.00161162456619748
"ncas","i02","2204","2023-07-04",0.00295176150881419
"ncas","i02","2204","2023-07-20",-0.00394753586225378
"ncas","i02","2204","2023-08-02",0.00158832567887784
"ncas","i02","2204","2023-08-16",-0.00411500178344483
"ncas","i02","2204","2023-09-14",-0.00135877363187226
"ncas","i02","2204","2023-09-27",0.000991826148361857
"ncas","i02","2205","2022-07-01",0.00136304449037253
"ncas","i02","2205","2023-04-14",-0.000384668870626512
"ncas","i02","2205","2023-04-25",-0.00432615958823905
"ncas","i02","2205","2023-05-09",0.00094740860694084
"ncas","i02","2205","2023-05-22",0.00335693614112502
"ncas","i02","2205","2023-06-05",0.000729514302544509
"ncas","i02","2205","2023-06-21",-0.00112877454477599
"ncas","i02","2205","2023-07-03",-0.0012972212594426
"ncas","i02","2205","2023-07-19",-0.00364376203923051
"ncas","i02","2205","2023-08-01",0.00613751067424708
"ncas","i02","2205","2023-08-17",0.00205402873553941
"ncas","i02","2205","2023-09-13",0.00303923869748034
"ncas","i02","2205","2023-09-27",-0.0054038091738464
"ncas","i02","2205","2024-03-13",0.00235852820932069
"ncas","i02","2205","2024-03-19",0.00236070632621186
"ncas","i02","2205","2024-04-04",-0.000556494659889527
"ncas","i02","2205","2024-04-09",-0.0011907944928173
"ncas","i02","2205","2024-04-15",0.00092348685324653
"ncas","i02","2205","2024-04-22",-0.00128471369991916
"ncas","i02","2205","2024-04-25",0.000952038465252834
"ncas","i02","2205","2024-05-01",0.00072417877332529
"ncas","i02","2205","2024-05-03",0.00148821425064901
"ncas","i02","2205","2024-05-06",0.000578995723470723
"ncas","i02","2205","2024-05-09",0.00151461823797367
"ncas","i02","2205","2024-05-22",0.00381670066543339
"ncas","i02","2205","2024-05-23",0.00025903618554167
"ncas","i02","2205","2024-05-30",0.000276989876641522
"ncas","i02","2205","2024-05-31",0.000361451795965683
"ncas","i02","2205","2024-06-04",0.00439852557802956
"ncas","i02","2205","2024-06-06",0.0010583991814315
"ncas","i02","2205","2024-06-11",-0.000108607788902675
"ncas","i02","2205","2024-06-13",-0.00294345183268806
"ncas","i02","2205","2024-06-25",0.00129092627432176
"ncas","i02","2205","2024-06-26",8.25747716249372e-05
"ncas","i02","2205","2024-07-01",-0.00150591462077847
"ncas","i02","2205","2024-07-03",0.00369442359167268
"ncas","i02","2205","2024-07-09",-0.0017375386561834
"ncas","i02","2205","2024-07-11",-0.000351909867173515
"ncas","i10","2205","2024-07-17",0.00627075837363193
"ncas","i02","2205","2024-07-19",0.00491879209628011
"ncas","i02","2205","2024-07-25",0.000123750219527701
"ncas","i10","2205","2024-07-30",-0.00287833587746094
"ncas","i02","2205","2024-08-08",0.000864264721242816
"ncas","i02","2205","2024-08-14",-0.00465186958137253
"ncas","i02","2205","2024-08-20",0.00344598828533267
"ncas","i02","2205","2024-08-30",0.000999627131090784
"ncas","i02","2205","2024-09-12",-0.000163770359329111
"ncas","i02","2205","2024-09-24",0.00108047301272066
"ncas","i02","2205","2024-10-08",-0.00174181454210815
"ncas","i02","2205","2024-11-04",0.000496420032004492
"ncas","i02","2206","2022-07-01",-0.00204456673555881
"ncas","i02","2206","2023-04-14",0.00037720100788092
"ncas","i02","2206","2023-04-25",-0.00244876957824853
"ncas","i02","2206","2023-05-09",-0.002052718648372
"ncas","i02","2206","2023-05-22",-0.000579350996236446
"ncas","i02","2206","2023-06-05",-0.00340761122593141
"ncas","i02","2206","2023-06-21",-0.000810678471527201
"ncas","i02","2206","2023-07-03",-0.00344007681508113
"ncas","i02","2206","2023-07-19",-0.00452464386653752
"ncas","i02","2206","2023-08-01",-0.00288661148339502
"ncas","i02","2206","2023-08-17",-0.00453543284419211
"ncas","i02","2206","2023-09-13",0.00755490882002388
"ncas","i02","2206","2023-09-27",0.00399313760398592
"ncas","i02","2206","2024-03-13",-0.00114127841537934
"ncas","i02","2207","2022-07-01",-9.98990578643474e-05
"ncas","i02","2207","2023-04-14",0.000923205289503447
"ncas","i02","2207","2023-04-25",-0.00193930395041437
"ncas","i02","2207","2023-05-09",-0.00126321147592124
"ncas","i02","2207","2023-05-22",-0.00500119663797756
"ncas","i02","2207","2023-06-05",-0.00130608784687275
"ncas","i02","2207","2023-06-21",0.00328174694029415
"ncas","i02","2207","2023-07-03",-0.00165038097487578
"ncas","i02","2207","2023-07-19",-0.000928130804588885
"ncas","i02","2207","2023-08-01",-0.00163637943439215
"ncas","i02","2207","2023-08-17",-0.00174262650034972
"ncas","i02","2207","2023-09-13",0.00350681388170806
"ncas","i02","2208","2022-07-01",0.00313714898592154
"ncas","i02","2208","2023-04-14",0.000153867548250523
"ncas","i02","2208","2023-04-25",-0.00380820493476744
"ncas","i02","2208","2023-05-09",-0.00165796506214661
"ncas","i02","2208","2023-05-22",0.000229336614634322
"ncas","i02","2208","2023-06-05",0.00689094714577229
"ncas","i02","2208","2023-06-21",-0.000835137340814034
"ncas","i02","2208","2023-07-03",0.00452481732025118
"ncas","i02","2208","2023-07-19",-0.00861102225054203
"ncas","i02","2208","2023-08-01",-0.000348763050533348
"ncas","i02","2208","2023-08-16",-0.00412805906341776
"ncas","i02","2208","2023-09-13",-0.00444196425016367
"ncas","i02","2208","2023-09-27",-0.00646779117144099
"ncas","i02","2208","2024-05-01",-0.00175964257529126
"ncas","i02","2208","2024-05-22",-0.00064123097542807
"ncas","i02","2208","2024-06-06",-0.00144677332931212
"ncas","i02","2208","2024-07-03",0.00815222625318804
"ncas","i10","2208","2024-07-17",0.00691454494528455
"ncas","i02","2208","2024-08-08",0.000451858599743356
"ncas","i02","2208","2024-08-14",-0.00435367377046676
"ncas","i02","2208","2024-08-20",-0.00077354484263911
"ncas","i02","2208","2024-08-30",0.000246959809000674
"ncas","i02","2208","2024-09-24",0.00013004758253613
"ncas","i02","2208","2024-10-08",0.0010413129470256
"ncas","i02","2208","2024-11-04",-0.000679139474751898
"ncas","i02","2210","2022-07-01",-0.00246180176099167
"ncas","i02","2210","2023-04-14",-0.00138480793425526
"ncas","i02","2210","2023-04-25",-0.00292860107791341
"ncas","i02","2210","2023-05-09",-0.00063160573796062
"ncas","i02","2210","2023-05-22",0.00336360368130323
"ncas","i02","2210","2023-06-05",-0.000775460228278638
"ncas","i02","2210","2023-06-21",0.0014060960903384
"ncas","i02","2210","2023-07-03",0.00301006545273579
"ncas","i02","2210","2023-07-19",0.000535118767479993
"ncas","i02","2210","2023-08-01",-0.00189311734773966
"ncas","i02","2210","2023-08-16",-0.000981953850809097
"ncas","i02","2210","2023-09-13",0.000389645986856405
"ncas","i02","2210","2023-09-27",-0.00196983693870429
"ncas","i02","2301","2023-04-14",0.000914145337370079
"ncas","i02","2301","2023-04-25",0.000196091745899565
"ncas","i02","2301","2023-05-09",0.000328742976236614
"ncas","i02","2301","2023-05-22",0.000617441905938415
"ncas","i02","2301","2023-06-05",0.000302898775638335
"ncas","i02","2301","2023-06-21",0.00475570771155279
"ncas","i02","2301","2023-07-03",0.000613511032750789
"ncas","i02","2301","2023-07-19",-0.00103814360312778
"ncas","i02","2301","2023-08-01",0.00463081429453819
"ncas","i02","2301","2023-08-16",-0.0111911345451339
"ncas","i02","2301","2023-09-13",0.00275424921723566
"ncas","i02","2301","2023-09-27",0.00400618067961545
"ncas","i02","2301b","2022-07-01",-0.00123238369199135
"ncas","i02","2302","2022-07-01",-0.00077710943144102
"ncas","i02","2302","2023-04-14",0.00155459330591666
"ncas","i02","2302","2023-04-25",-0.00227780083837712
"ncas","i02","2302","2023-05-09",-0.000554472068293142
"ncas","i02","2302","2023-05-22",0.00304490156113682
"ncas","i02","2302","2023-06-05",0.00243546892329502
"ncas","i02","2302","2023-06-21",-0.00158523590385099
"ncas","i02","2302","2023-07-03",-0.00192239194205726
"ncas","i02","2302","2023-07-19",-0.000615470193002355
"ncas","i02","2302","2023-08-01",-0.00215414567550816
"ncas","i02","2302","2023-08-16",0.00336324934074547
"ncas","i02","2302","2023-09-13",-0.00375418848268659
"ncas","i02","2302","2023-09-27",-0.000500772584951852
"ncas","i02","2302","2024-03-13",0.000944068981984275
"ncas","i02","2305","2022-07-01",-6.7978809189588e-06
"ncas","i02","2305","2023-04-14",-0.000219652530789086
"ncas","i02","2305","2023-04-25",0.00193216877311641
"ncas","i02","2305","2023-05-09",0.000554472068293053
"ncas","i02","2305","2023-05-22",-0.00184641057900702
"ncas","i02","2305","2023-06-05",-0.000981336511907752
"ncas","i02","2305","2023-06-21",0.00249958698832468
"ncas","i02","2305","2023-07-03",0.00434361299363615
"ncas","i02","2305","2023-07-19",-0.00361588738388872
"ncas","i02","2305","2023-08-01",-0.000613511032750917
"ncas","i02","2305","2023-08-16",0.00261574832025983
"ncas","i02","2305","2023-09-13",0.00432810591279896
"ncas","i02","2305","2023-09-27",-0.00577168324490908
"ncas","i02","2306","2022-07-01",-7.57246939096264e-05
"ncas","i02","2306","2023-04-14",0.00162078500308832
"ncas","i02","2306","2023-04-25",0.00295756484234428
"ncas","i02","2306","2023-05-09",-0.0010467553347793
"ncas","i02","2306","2023-05-22",-0.00192334435313229
"ncas","i02","2306","2023-06-05",-0.00520863225551028
"ncas","i02","2306","2023-07-03",0.00410202684482445
"ncas","i02","2306","2023-07-19",0.00507762909226916
"ncas","i02","2306","2023-08-01",-0.00183469291707451
"ncas","i02","2306","2023-08-16",0.000905401420718133
"ncas","i02","2306","2023-09-13",-0.0049746222569952
"ncas","i02","2306","2023-09-27",-0.00199656880199303
"ncas","i02","2306","2024-03-13",-0.00181249728225443
"ncas","i02","2306","2024-03-19",0.000239053325635534
"ncas","i02","2306","2024-04-04",3.93367315104616e-05
"ncas","i02","2306","2024-04-09",0.000880802464126949
"ncas","i02","2306","2024-04-15",-0.000797591155071478
"ncas","i02","2306","2024-04-22",-0.000830610376911787
"ncas","i02","2306","2024-04-25",0.000172264929004159
"ncas","i02","2306","2024-05-01",0.000996303730115238
"ncas","i02","2306","2024-05-03",-0.00100337257338258
"ncas","i02","2306","2024-05-06",0.00052498681173767
"ncas","i02","2306","2024-05-09",-0.000524287394580603
"ncas","i02","2306","2024-05-22",0.00343092455735948
"ncas","i02","2306","2024-05-23",-0.0004411998987988
"ncas","i02","2306","2024-05-30",-0.00208358288078577
"ncas","i02","2306","2024-05-31",-0.00108734680821847
"ncas","i02","2306","2024-06-04",-0.0022757551838834
"ncas","i02","2306","2024-06-11",0.00331477158148607
"ncas","i02","2306","2024-06-13",-0.000815517423874089
"ncas","i02","2306","2024-06-25",-0.00193196594767334
"ncas","i02","2306","2024-06-26",-0.0037452391252749
"ncas","i02","2306","2024-07-01",-0.000661499488394709
"ncas","i02","2306","2024-07-03",0.00517083454393133
"ncas","i02","2306","2024-07-09",0.00078362163112169
"ncas","i02","2306","2024-07-11",0.00158734382440366
"ncas","i10","2306","2024-07-17",-0.00383309138934467
"ncas","i02","2306","2024-07-19",0.00370458445014269
"ncas","i02","2306","2024-07-25",-0.00109273498491565
"ncas","i10","2306","2024-07-30",-0.000190753711458015
"ncas","i02","2306","2024-08-08",-0.00140128091823249
"ncas","i02","2306","2024-08-14",0.00168674557991673
"ncas","i02","2306","2024-08-20",-0.00149057884718272
"ncas","i02","2306","2024-08-30",-0.00217794904554405
"ncas","i02","2306","2024-09-12",-0.00151632532324208
"ncas","i02","2306","2024-09-24",-0.000444153133965623
"ncas","i02","2306","2024-10-08",-0.000339826283202066
"ncas","i02","2306","2024-11-04",0.000659622729776131
"ncas","i02","2307","2022-07-01",-0.00235937090403535
"ncas","i02","2307","2023-04-14",-0.000710169453174227
"ncas","i02","2307","2023-04-25",-0.00244876957824855
"ncas","i02","2307","2023-05-09",0.00434228944847916
"ncas","i02","2307","2023-05-22",-0.00173638064741675
"ncas","i02","2307","2023-06-05",0.000226462271978642
"ncas","i02","2307","2023-06-21",-0.00407632089561676
"ncas","i02","2307","2023-07-03",0.00702623206322197
"ncas","i02","2307","2023-07-19",8.4542046283618e-05
"ncas","i02","2307","2023-08-01",-0.000432042809346273
"ncas","i02","2307","2023-08-16",0.00115033318640776
"ncas","i02","2307","2023-09-13",-0.000784366315068722
"ncas","i02","2307","2023-09-27",0.00224613990224201
"ncas","i02","2308","2022-07-01",0.0030289877563834
"ncas","i02","2308","2023-04-14",0.00309492800979515
"ncas","i02","2308","2023-04-25",0.000811766495874844
"ncas","i02","2308","2023-05-09",0.00165796506214656
"ncas","i02","2308","2023-05-22",-0.00115033318640786
"ncas","i02","2308","2023-06-05",0.00416485816502719
"ncas","i02","2308","2023-06-21",-0.00117205337243142
"ncas","i02","2308","2023-07-03",0.00121159510255336
"ncas","i02","2308","2023-07-19",-0.002050994568318
"ncas","i02","2308","2023-08-01",0.00526707744788041
"ncas","i02","2308","2023-08-16",-0.00523416504444615
"ncas","i02","2308","2023-09-13",-0.00273637318791732
"ncas","i02","2308","2023-09-27",-0.00798627520797224
"ncas","i02","2310","2022-07-01",0.00241496825563017
"ncas","i02","2310","2023-04-14",0.000619426292587718
"ncas","i02","2310","2023-04-25",-0.004148851527044
"ncas","i02","2310","2023-05-09",-0.00249094080213583
"ncas","i02","2310","2023-05-22",0.000929139438881551
"ncas","i02","2310","2023-06-05",0.000455780760536002
"ncas","i02","2310","2023-06-21",0.00203816044780828
"ncas","i02","2310","2023-07-03",0.00498276365209
"ncas","i02","2310","2023-07-19",7.74282865734422e-05
"ncas","i02","2310","2023-08-01",-0.000233728077187314
"ncas","i02","2310","2023-08-16",0.00913653781566925
"ncas","i02","2310","2023-09-13",0.00456418441713344
"ncas","i02","2310","2023-09-27",-0.00137085489293861
"ncas","i02","2310","2024-05-01",-0.000370439713501025
"ncas","i02","2310","2024-05-22",-0.000766343102579854
"ncas","i02","2310","2024-06-06",-0.00152347982604118
"ncas","i02","2310","2024-07-03",-0.00140996629126301
"ncas","i10","2310","2024-07-17",-0.00224129086793045
"ncas","i02","2310","2024-08-08",-0.000440257478322786
"ncas","i02","2310","2024-08-20",-0.000166220564053614
"ncas","i02","2310","2024-08-30",0.000185698541522734
"ncas","i02","2310","2024-09-24",-0.00120329415248116
"ncas","i02","2310","2024-10-08",-0.000522816294426687
"ncas","i02","2310","2024-11-04",0.000153242989051201
"ncas","i02","2311","2022-07-01",-0.000305782152845782
"ncas","i02","2311","2023-04-14",-0.00234903594038688
"ncas","i02","2311","2023-04-25",0.000157210582589478
"ncas","i02","2311","2023-05-09",-0.0031788634494257
"ncas","i02","2311","2023-05-22",0.00433598404811419
"ncas","i02","2311","2023-06-05",0.0013716672611483
"ncas","i02","2311","2023-06-21",0.00430278316759533
"ncas","i02","2311","2023-07-03",-0.00151926920178687
"ncas","i02","2311","2023-07-19",0.000854457278867249
"ncas","i02","2311","2023-08-01",0.00189065786984698
"ncas","i02","2311","2023-08-16",0.000336737207092325
"ncas","i02","2311","2023-09-13",-0.00519372709535887
"ncas","i02","2311","2023-09-27",0.00372732181840654
"ncas","i02","2311","2024-03-13",-0.000973554873144203
"ncas","i02","2311","2024-03-19",-0.00100949003064028
"ncas","i02","2311","2024-04-04",0.000184946537589596
"ncas","i02","2311","2024-04-09",0.00197518290255307
"ncas","i02","2311","2024-04-15",0.00100156305871721
"ncas","i02","2311","2024-04-22",0.000526420121080114
"ncas","i02","2311","2024-04-25",0.00187621538906556
"ncas","i02","2311","2024-05-01",-0.00203923189616294
"ncas","i02","2311","2024-05-03",0.00205048466850452
"ncas","i02","2311","2024-05-06",-0.000766010865343906
"ncas","i02","2311","2024-05-09",0.00179012072147076
"ncas","i02","2311","2024-05-22",-0.00109133361815415
"ncas","i02","2311","2024-05-23",0.00152617604148029
"ncas","i02","2311","2024-05-30",-0.00343918872707828
"ncas","i02","2311","2024-05-31",-6.44665752399092e-05
"ncas","i02","2311","2024-06-04",0.000149939884036122
"ncas","i02","2311","2024-06-06",0.00113929674583537
"ncas","i02","2311","2024-06-11",-0.00163681267509162
"ncas","i02","2311","2024-06-13",0.00010183133463872
"ncas","i02","2311","2024-06-25",0.00227311130120837
"ncas","i02","2311","2024-06-26",-0.00095504582609001
"ncas","i02","2311","2024-07-01",-0.00383981632590834
"ncas","i02","2311","2024-07-03",-0.00400339707188245
"ncas","i02","2311","2024-07-09",0.00185435774618716
"ncas","i02","2311","2024-07-11",-0.000569687824984929
"ncas","i10","2311","2024-07-17",-0.000230354597430131
"ncas","i02","2311","2024-07-19",0.00165703659493299
"ncas","i02","2311","2024-07-25",0.000979019242824142
"ncas","i10","2311","2024-07-30",0.00110885982390295
"ncas","i02","2311","2024-08-08",0.00328061383963089
"ncas","i02","2311","2024-08-14",-0.000643667778939648
"ncas","i02","2311","2024-08-20",-0.000436620962135217
"ncas","i02","2311","2024-08-30",-0.000948965170404648
"ncas","i02","2311","2024-09-12",0.000781669964631436
"ncas","i02","2311","2024-09-24",0.000396899693036811
"ncas","i02","2311","2024-10-08",0.00302707013430083
"ncas","i02","2311","2024-11-04",-0.00106115585516309
"ncas","i02","2312","2022-07-01",0.00251416790447835
"ncas","i02","2312","2023-04-14",-0.000926823194358755
"ncas","i02","2312","2023-04-25",0.000734630873474526
"ncas","i02","2312","2023-05-09",0.00190751533488684
"ncas","i02","2312","2023-05-22",-0.00186427042661946
"ncas","i02","2312","2023-06-05",-0.0012408463978733
"ncas","i02","2312","2023-06-21",0.00224884146245892
"ncas","i02","2312","2023-07-03",0.00243851957537468
"ncas","i02","2312","2023-07-19",-0.00200946271003395
"ncas","i02","2312","2023-08-01",0.00504540552195492
"ncas","i02","2312","2023-08-16",0.0109525887563895
"ncas","i02","2312","2023-09-13",0.00322388908081858
"ncas","i02","2312","2023-09-27",-0.00174121655562402
"ncas","i02","2402","2022-07-01",-0.00210084287947406
"ncas","i02","2402","2023-04-14",-0.00209730422994697
"ncas","i02","2402","2023-04-25",0.000216798464700079
"ncas","i02","2402","2023-05-09",-0.000877080671986379
"ncas","i02","2402","2023-05-22",-0.00102397178519486
"ncas","i02","2402","2023-06-05",0.000170820656237453
"ncas","i02","2402","2023-06-21",0.00232182137748999
"ncas","i02","2402","2023-07-03",-0.00252270276097755
"ncas","i02","2402","2023-07-19",0.00222083270821423
"ncas","i02","2402","2023-08-01",-0.00364491363179124
"ncas","i02","2402","2023-08-17",0.00548353945025926
"ncas","i02","2402","2023-09-13",-0.000311475019599845
"ncas","i02","2402","2023-09-27",-0.00693709110861629
"ncas","i02","2403","2022-07-01",-0.00161046646097102
"ncas","i02","2403","2023-04-14",-0.00046606760665496
"ncas","i02","2403","2023-04-25",-0.000959161691566314
"ncas","i02","2403","2023-05-09",-0.00127575370470747
"ncas","i02","2403","2023-05-22",-0.00194822993428236
"ncas","i02","2403","2023-06-05",-0.00429457722925587
"ncas","i02","2403","2023-06-21",0.00281591008174608
"ncas","i02","2403","2023-07-03",-0.00186057355975755
"ncas","i02","2403","2023-07-19",-0.000153177721394816
"ncas","i02","2403","2023-08-01",0.000615470193002262
"ncas","i02","2403","2023-08-17",-0.00168318531370406
"ncas","i02","2403","2023-09-13",0.000923228895248024
"ncas","i02","2403","2023-09-27",-0.00552655020715532
"ncas","i02","2404","2022-07-01",0.00166579812371766
"ncas","i02","2404","2023-04-14",-0.000145249576470245
"ncas","i02","2404","2023-04-25",-0.00286661022558806
"ncas","i02","2404","2023-05-09",0.00132228651925217
"ncas","i02","2404","2023-05-22",0.00296861812838754
"ncas","i02","2404","2023-06-05",0.00242402678678908
"ncas","i02","2404","2023-06-21",0.00412376829768309
"ncas","i02","2404","2023-07-03",0.000535564155427228
"ncas","i02","2404","2023-07-19",0.000156364182166659
"ncas","i02","2404","2023-08-01",-0.00342008424703671
"ncas","i02","2404","2023-08-16",0.0034821272989522
"ncas","i02","2404","2023-09-13",-0.00023763088641133
"ncas","i02","2404","2023-09-27",-0.00354720724368828
"ncas","i02","2404","2024-03-13",0.000325477895188823
"ncas","i02","2405","2022-07-01",0.012089479765037
"ncas","i02","2405","2023-04-14",-0.00289273737008404
"ncas","i02","2405","2023-04-25",-0.000798392415802959
"ncas","i02","2405","2023-05-09",-0.000956815278530635
"ncas","i02","2405","2023-05-22",-0.00293805677977168
"ncas","i02","2405","2023-06-05",0.00198678965589103
"ncas","i02","2405","2023-06-21",0.00261634901382908
"ncas","i02","2405","2023-07-03",-0.0008278651825348
"ncas","i02","2405","2023-07-19",0.000604410293272879
"ncas","i02","2405","2023-08-01",0.00238934223816356
"ncas","i02","2405","2023-08-16",0.00330904036028005
"ncas","i02","2405","2023-09-13",0.00389782805094416
"ncas","i02","2405","2023-09-27",0.0522740288887514
"ncas","i02","2405","2024-05-01",0.00319896575035061
"ncas","i02","2405","2024-05-22",0.00282068496465052
"ncas","i02","2405","2024-06-06",0.000691661964039996
"ncas","i10","2405","2024-07-17",0.00681664793174778
"ncas","i10","2405","2024-07-30",0.00738198303322061
"ncas","i02","2405","2024-08-08",0.00407935440599302
"ncas","i02","2405","2024-08-14",0.00219772016982871
"ncas","i02","2405","2024-08-20",0.00306271888241909
"ncas","i02","2405","2024-08-30",0.0058642916067304
"ncas","i02","2405","2024-09-24",0.00920266587688497
"ncas","i02","2405","2024-10-08",0.00170262857613072
"ncas","i02","2405","2024-11-04",0.00489509621412073
"ncas","i02","2406","2022-07-01",-0.00331337548135346
"ncas","i02","2406","2023-04-14",-0.000156364182166758
"ncas","i02","2406","2023-04-25",0.000135023025836847
"ncas","i02","2406","2023-05-09",0.00342091018575618
"ncas","i02","2406","2023-05-22",0.00150070585521128
"ncas","i02","2406","2023-06-05",-0.0036568216986829
"ncas","i02","2406","2023-07-19",-0.00484776676037414
"ncas","i02","2406","2023-08-01",-0.00410220189890931
"ncas","i02","2406","2023-08-16",7.92102954704201e-05
"ncas","i02","2406","2023-09-13",-0.00208691352840482
"ncas","i02","2406","2023-09-27",-0.00468257354670423
"ncas","i02","2406","2024-03-13",0.00508421120763753
"ncas","i02","2406","2024-03-19",0.00717285907419352
"ncas","i02","2406","2024-04-04",0.00234072486822288
"ncas","i02","2406","2024-04-09",0.00400477618611073
"ncas","i02","2406","2024-04-15",0.00414944582185923
"ncas","i02","2406","2024-04-22",0.00337098344506429
"ncas","i02","2406","2024-04-25",0.00607479120937914
"ncas","i02","2406","2024-05-01",0.000695186109182288
"ncas","i02","2406","2024-05-03",0.00421324151456156
"ncas","i02","2406","2024-05-06",0.00211777510258384
"ncas","i02","2406","2024-05-09",0.00556684567006122
"ncas","i02","2406","2024-05-22",0.000406458182787404
"ncas","i02","2406","2024-05-23",0.00114982583345591
"ncas","i02","2406","2024-05-30",0.00662716743118488
"ncas","i02","2406","2024-05-31",0.00758836508314091
"ncas","i02","2406","2024-06-04",0.0060889888332965
"ncas","i02","2406","2024-06-06",-0.00196119125621884
"ncas","i02","2406","2024-06-11",0.0034429991793
"ncas","i02","2406","2024-06-26",0.00272526381999816
"ncas","i02","2406","2024-07-01",0.0058981332471344
"ncas","i02","2406","2024-07-03",-0.000199064397150736
"ncas","i02","2406","2024-07-09",0.00290821466532436
"ncas","i02","2406","2024-07-11",0.00165272051199283
"ncas","i10","2406","2024-07-17",-0.0014400322329679
"ncas","i02","2406","2024-07-19",0.00094902309932978
"ncas","i02","2406","2024-07-25",0.00458383344489244
"ncas","i10","2406","2024-07-30",0.000423288727219891
"ncas","i02","2406","2024-08-08",0.00155521475299648
"ncas","i02","2406","2024-08-14",-0.00226598491687928
"ncas","i02","2406","2024-08-20",-0.00137523852804376
"ncas","i02","2406","2024-08-30",0.00209915837650583
"ncas","i02","2406","2024-09-12",0.00711977258120004
"ncas","i02","2406","2024-09-24",0.00119951907228904
"ncas","i02","2406","2024-10-08",-0.00459876434845123
"ncas","i02","2406","2024-11-04",-0.00038742901297093
"ncas","i02","2409","2022-07-01",0.00230722850768165
"ncas","i02","2409","2023-04-14",-0.00214938381257558
"ncas","i02","2409","2023-04-25",-0.000166095646332504
"ncas","i02","2409","2023-05-09",0.00573105557411189
"ncas","i02","2409","2023-05-22",-0.00221788827317243
"ncas","i02","2409","2023-06-05",0.000137556529732517
"ncas","i02","2409","2023-06-21",0.00351470497103842
"ncas","i02","2409","2023-07-03",-0.00186427042661956
"ncas","i02","2409","2023-07-19",-0.00256342582786836
"ncas","i02","2409","2023-08-01",0.000858524351944916
"ncas","i02","2409","2023-08-16",-0.00211042719972952
"ncas","i02","2409","2023-09-13",-0.00191998496701326
"ncas","i02","2409","2023-09-27",0.000948762720279066
"ncas","i02","2410","2022-07-01",-9.82506345564679e-05
"ncas","i02","2410","2023-04-14",-0.00198694511259643
"ncas","i02","2410","2023-04-25",0.00173149612299809
"ncas","i02","2410","2023-05-09",0.00311997557139642
"ncas","i02","2410","2023-05-22",-0.000789507172450818
"ncas","i02","2410","2023-06-05",-0.00140727763950038
"ncas","i02","2410","2023-06-21",0.00663750048883798
"ncas","i02","2410","2023-07-03",0.00141320575715206
"ncas","i02","2410","2023-07-19",-0.00102267160490913
"ncas","i02","2410","2023-08-01",0.00107590624742472
"ncas","i02","2410","2023-08-16",-0.00171752267994178
"ncas","i02","2410","2023-09-13",-0.000947138041707806
"ncas","i02","2410","2023-09-27",-0.0083721336871426
"ncas","i02","2411","2023-04-14",0.00183973215190261
"ncas","i02","2411","2023-04-25",-6.99675579669874e-05
"ncas","i02","2411","2023-05-22",-0.000587762038177131
"ncas","i02","2411","2023-06-05",0.00180410529018798
"ncas","i02","2411","2023-06-21",-0.00469296022164278
"ncas","i02","2411","2023-07-03",0.00293284905320748
"ncas","i02","2411","2023-07-19",0.00185064948616353
"ncas","i02","2411","2023-08-01",0.00100101166450732
"ncas","i02","2411","2023-08-16",-0.0028253096118943
"ncas","i02","2411","2023-09-13",-0.00562304542192693
"ncas","i02","2411","2023-09-27",-0.00960883724485501
"ncas","i02","2411","2024-03-13",0.00252025879114453
"ncas","i02","2411","2024-03-19",0.000452143239838426
"ncas","i02","2411","2024-04-04",0.000428202498026368
"ncas","i02","2411","2024-04-09",0.00300586332709348
"ncas","i02","2411","2024-04-15",-0.000832441033368909
"ncas","i02","2411","2024-04-22",6.93647539994968e-05
"ncas","i02","2411","2024-05-01",0.000931782317193874
"ncas","i02","2411","2024-05-03",0.000330871152985558
"ncas","i02","2411","2024-05-09",0.000124009792418497
"ncas","i02","2411","2024-05-22",-0.00224003546026735
"ncas","i02","2411","2024-05-23",0.00100073215635357
"ncas","i02","2411","2024-05-31",0.0020201422621093
"ncas","i02","2411","2024-06-04",-0.00114635372774999
"ncas","i02","2411","2024-06-06",-0.00102620615613438
"ncas","i02","2411","2024-06-11",0.00120727752748506
"ncas","i02","2411","2024-06-13",-0.000672476242959015
"ncas","i02","2411","2024-06-25",0.00101029012773007
"ncas","i02","2411","2024-06-26",-0.00119668429142112
"ncas","i02","2411","2024-07-01",0.00112154489495661
"ncas","i02","2411","2024-07-03",0.00187518445694797
"ncas","i02","2411","2024-07-09",-0.000740230670936393
"ncas","i02","2411","2024-07-11",0.00112778034769013
"ncas","i10","2411","2024-07-17",0.00334913430766654
"ncas","i02","2411","2024-07-19",0.000607965528046672
"ncas","i02","2411","2024-07-25",0.000245229792825544
"ncas","i10","2411","2024-07-30",9.91426238661409e-05
"ncas","i02","2411","2024-08-08",-0.00440036830299584
"ncas","i02","2411","2024-08-14",0.0026101366886728
"ncas","i02","2411","2024-08-20",-0.00127979298130834
"ncas","i02","2411","2024-08-30",0.00100547922235994
"ncas","i02","2411","2024-09-12",0.00067495788436043
"ncas","i02","2411","2024-09-24",0.000590588148815382
"ncas","i02","2411","2024-10-08",-0.000418082737074126
"ncas","i02","2411","2024-11-04",-0.000529199590715761
"ncas","i02","2412","2023-04-14",0.00202615913165358
"ncas","i02","2412","2023-04-25",-0.00466847951024338
"ncas","i02","2412","2023-05-09",0.000719994362629933
"ncas","i02","2412","2023-05-22",-0.00226728064141724
"ncas","i02","2412","2023-06-05",0.00493953524750737
"ncas","i02","2412","2023-06-21",-0.00314424404284812
"ncas","i02","2412","2023-07-03",0.00192334435313223
"ncas","i02","2412","2023-07-19",-0.000881835610249689
"ncas","i02","2412","2023-08-01",0.00499033607757642
"ncas","i02","2412","2023-08-16",-0.00178903087212588
"ncas","i02","2412","2023-09-13",-0.00127154537977024
"ncas","i02","2412","2023-09-27",0.000504065516630059
"ncas","i02","501","2023-09-26",-0.00188862803467596
"ncas","i02","501","2023-10-18",-0.0156011636605964
"ncas","i02","501","2024-05-01",-0.00141968072479162
"ncas","i02","501","2024-05-22",-0.000262259639549561
"ncas","i02","501","2024-06-06",0.00148352825549722
"ncas","i02","501","2024-07-03",-0.000227444616237357
"ncas","i10","501","2024-07-17",0.00175540704873842
"ncas","i10","501","2024-07-30",0.00244113779034986
"ncas","i02","501","2024-08-08",9.70199249645477e-05
"ncas","i02","501","2024-08-14",0.000307357440249492
"ncas","i02","501","2024-08-20",0.00162282603573906
"ncas","i02","501","2024-08-30",-0.00018930814406429
"ncas","i02","501","2024-09-24",0.000450876766399512
"ncas","i02","501","2024-10-08",0.00205340919864741
"ncas","i02","501","2024-10-16",0.00159026161466902
"ncas","i02","501","2024-11-04",-0.00154349880625429
"ncas","i02","502","2023-09-26",-0.00149516386078516
"ncas","i02","502","2023-10-18",0.00564375622607907
"ncas","i02","503","2024-10-16",0.00907132932421805
"ncas","i02","504","2023-04-13",-0.00474514720714013
"ncas","i02","504","2023-04-26",0.000648610099070043
"ncas","i02","504","2023-05-10",0.00111352136852561
"ncas","i02","504","2023-05-23",0.00589316790129233
"ncas","i02","504","2023-06-06",0.00439955240499486
"ncas","i02","504","2023-07-05",-0.00288965997278448
"ncas","i02","504","2023-07-20",0.00446521316875328
"ncas","i02","504","2023-08-02",0.00593776166642655
"ncas","i02","504","2023-08-17",0.00703638819750159
"ncas","i02","504","2023-09-14",0.00309485388525481
"ncas","i02","504","2023-09-26",-0.000786928347781692
"ncas","i02","504","2023-10-18",0.00386091455857198
"ncas","i02","505","2024-10-16",0.00321518614091862
"ncas","i02","506","2023-04-13",-0.00129957414959448
"ncas","i02","506","2023-04-26",-0.00147009883260955
"ncas","i02","506","2023-05-10",0.00359637618983412
"ncas","i02","506","2023-05-23",-0.000699101409982298
"ncas","i02","506","2023-06-06",-0.00141647102600695
"ncas","i02","506","2023-07-05",-0.0082338610509028
"ncas","i02","506","2023-07-20",0.00163651314479704
"ncas","i02","506","2023-08-02",-0.00134771914318075
"ncas","i02","506","2023-08-17",-0.0035182699668645
"ncas","i02","506","2023-09-14",0.00113587040864375
"ncas","i02","506","2023-09-26",-0.00180993519989775
"ncas","i02","506","2023-10-18",0.0267376185780044
"ncas","i02","506","2024-05-01",0.000452993922858293
"ncas","i02","506","2024-05-22",0.000874609752038761
"ncas","i02","506","2024-06-06",-0.000468188731344355
"ncas","i02","506","2024-07-03",0.00148683529025955
"ncas","i10","506","2024-07-17",0.00125516925095694
"ncas","i10","506","2024-07-30",-0.00252251804907844
"ncas","i02","506","2024-08-08",0.00174635864936198
"ncas","i02","506","2024-08-14",-0.000728042204836811
"ncas","i02","506","2024-08-20",-0.00131155458221595
"ncas","i02","506","2024-08-30",-0.000759378927096888
"ncas","i02","506","2024-09-24",-0.00126137687845306
"ncas","i02","506","2024-10-08",0.00337503575985797
"ncas","i02","506","2024-11-04",0.000626219515680301
"ncas","i02","507","2024-10-16",5.58738273153045e-05
"ncas","i02","508","2023-09-26",-0.00577725064736371
"ncas","i02","508","2023-10-18",0.00721835126686454
"ncas","i02","508","2024-03-13",-0.00109459418867887
"ncas","i02","508","2024-03-19",0.0012959500681541
"ncas","i02","508","2024-04-04",-0.000663751992670326
"ncas","i02","508","2024-04-09",0.00119997940277708
"ncas","i02","508","2024-04-15",0.000283625112053091
"ncas","i02","508","2024-04-22",-0.000454574662781315
"ncas","i02","508","2024-04-25",0.0021344383492202
"ncas","i02","508","2024-05-01",0.000653046618229864
"ncas","i02","508","2024-05-03",0.0012573539890082
"ncas","i02","508","2024-05-06",0.000560019738116495
"ncas","i02","508","2024-05-09",0.000135079536539274
"ncas","i02","508","2024-05-22",0.0086347733218454
"ncas","i02","508","2024-05-23",0.00684431470659042
"ncas","i02","508","2024-05-30",0.00332791127890157
"ncas","i02","508","2024-05-31",0.00129580742722333
"ncas","i02","508","2024-06-04",0.00204355922707515
"ncas","i02","508","2024-06-06",-0.00340569840101277
"ncas","i02","508","2024-06-11",0.000302679078811693
"ncas","i02","508","2024-06-13",0.00576455278351118
"ncas","i02","508","2024-06-25",-0.00231694627576915
"ncas","i02","508","2024-06-26",-0.000211482095705767
"ncas","i02","508","2024-07-01",-0.00383029635900556
"ncas","i02","508","2024-07-03",0.000787087976128137
"ncas","i02","508","2024-07-09",4.65042681941715e-05
"ncas","i02","508","2024-07-11",0.000117084530960476
"ncas","i10","508","2024-07-17",0.00130744633111268
"ncas","i02","508","2024-07-19",0.00203279603728771
"ncas","i02","508","2024-07-25",-0.000291059774893676
"ncas","i10","508","2024-07-30",-0.00193913188030574
"ncas","i02","508","2024-08-08",0.000643859502037492
"ncas","i02","508","2024-08-14",0.00118187908593184
"ncas","i02","508","2024-08-20",-0.000157685241692259
"ncas","i02","508","2024-08-30",-0.000349531761543812
"ncas","i02","508","2024-09-12",0.000395787094846424
"ncas","i02","508","2024-09-24",-0.000979019242824154
"ncas","i02","508","2024-10-08",0.00478267227033358
"ncas","i02","508","2024-10-16",0.00101429921553852
"ncas","i02","508","2024-11-04",0.00048509962482278
"ncas","i02","509","2023-04-13",0.00508549981017509
"ncas","i02","509","2023-04-26",0.00161608662534524
"ncas","i02","509","2023-05-10",0.00249373431588127
"ncas","i02","509","2023-05-23",0.00211944473427269
"ncas","i02","509","2023-06-06",-0.0057476500332334
"ncas","i02","509","2023-07-05",0.00240823885992469
"ncas","i02","509","2023-07-20",-0.000545504381599109
"ncas","i02","509","2023-08-02",0.00199957734695392
"ncas","i02","509","2023-08-17",0.00117273136625023
"ncas","i02","509","2023-09-14",0.000605797551276712
"ncas","i02","509","2023-09-26",-0.00310349248637774
"ncas","i02","509","2023-10-18",0.00140056060650807
"ncas","i02","509","2024-03-13",-0.00276027139303717
"ncas","i02","509","2024-03-19",0.000299354130085007
"ncas","i02","509","2024-04-04",-0.000928297609093016
"ncas","i02","509","2024-04-09",0.00532688814573388
"ncas","i02","509","2024-04-15",-0.000950363927546272
"ncas","i02","509","2024-04-22",0.000968661267906625
"ncas","i02","509","2024-04-25",-0.000248477325273728
"ncas","i02","509","2024-05-01",-0.000730382943944664
"ncas","i02","509","2024-05-03",-0.000757322895388857
"ncas","i02","509","2024-05-06",-0.00228873863066132
"ncas","i02","509","2024-05-09",0.00358737483561986
"ncas","i02","509","2024-05-22",0.00197126337941841
"ncas","i02","509","2024-05-23",0.00104957918825292
"ncas","i02","509","2024-05-30",-0.000423359672572605
"ncas","i02","509","2024-05-31",-0.000998527694690732
"ncas","i02","509","2024-06-04",0.000988815938283349
"ncas","i02","509","2024-06-06",0.00104897054543765
"ncas","i02","509","2024-06-11",-0.00121783946646346
"ncas","i02","509","2024-06-13",0.00345182460307777
"ncas","i02","509","2024-06-25",0.000588642482884818
"ncas","i02","509","2024-06-26",-0.000386566327393129
"ncas","i02","509","2024-07-01",0.000629768951648314
"ncas","i02","509","2024-07-03",0.00260405011578156
"ncas","i02","509","2024-07-09",0.00093781222690653
"ncas","i02","509","2024-07-11",0.00159641876532587
"ncas","i10","509","2024-07-17",0.000849429980908207
"ncas","i02","509","2024-07-19",0.000383968388296871
"ncas","i02","509","2024-07-25",0.0041570523063913
"ncas","i10","509","2024-07-30",-0.00258087327102167
"ncas","i02","509","2024-08-08",-0.000705599454287685
"ncas","i02","509","2024-08-14",-0.000885268198869096
"ncas","i02","509","2024-08-20",0.000650035531081078
"ncas","i02","509","2024-09-12",0.00174635864936199
"ncas","i02","509","2024-10-08",-0.000709827760910378
"ncas","i02","509","2024-11-04",0.00264042835629269
"ncas","i02","601","2023-09-26",0.00948676099265772
"ncas","i02","601","2023-10-18",-0.0106277834258567
"ncas","i02","602","2023-09-26",0.00188862803467585
"ncas","i02","602","2023-10-18",-0.00328456645106447
"ncas","i02","602","2024-05-01",8.32827457611473e-06
"ncas","i02","602","2024-05-22",0.000143086914140637
"ncas","i02","602","2024-06-06",-0.000451449126623462
"ncas","i02","602","2024-07-03",0.000971032732780897
"ncas","i10","602","2024-07-17",0.00505603301161207
"ncas","i10","602","2024-07-30",0.000345600722318982
"ncas","i02","602","2024-08-14",0.00080261937925222
"ncas","i02","602","2024-08-20",-0.000582119549787331
"ncas","i02","602","2024-08-30",-0.000938813857298409
"ncas","i02","602","2024-09-24",-0.00272676229129059
"ncas","i02","602","2024-10-08",0.000165153965674383
"ncas","i02","602","2024-11-04",0.00237765043344863
"ncas","i02","603","2023-04-13",1.65705807348549e-05
"ncas","i02","603","2023-04-26",0.00652327167225174
"ncas","i02","603","2023-05-10",-0.00225266009883192
"ncas","i02","603","2023-05-23",0.00258818764261246
"ncas","i02","603","2023-06-06",-0.000848982620665323
"ncas","i02","603","2023-07-05",-0.00287408357437175
"ncas","i02","603","2023-07-20",-0.000155858394742611
"ncas","i02","603","2023-08-02",-0.000378623469547991
"ncas","i02","603","2023-08-17",0.00380328446409525
"ncas","i02","603","2023-09-14",0.00251472331210509
"ncas","i02","603","2023-09-26",0.0014208169446987
"ncas","i02","603","2024-05-01",0.00287760194820712
"ncas","i02","603","2024-05-22",0.000505509100447255
"ncas","i02","603","2024-06-06",0.000143164500206162
"ncas","i02","603","2024-07-03",-8.41908439775122e-05
"ncas","i10","603","2024-07-17",0.00314340411769225
"ncas","i10","603","2024-07-30",0.000259506396911233
"ncas","i02","603","2024-08-08",0.00113928302572929
"ncas","i02","603","2024-08-14",-0.00236084283364829
"ncas","i02","603","2024-08-20",0.00110025022476102
"ncas","i02","603","2024-08-30",-0.00202908136378823
"ncas","i02","603","2024-09-24",-0.000449819652108395
"ncas","i02","603","2024-10-08",-0.0011100672312296
"ncas","i02","603","2024-10-16",-0.00302754113545615
"ncas","i02","603","2024-11-04",0.00191683438993589
"ncas","i02","604","2023-09-26",0.00778741165553684
"ncas","i02","604","2023-10-18",0.00461343684729641
"ncas","i02","604","2024-03-13",0.00207646010310863
"ncas","i02","604","2024-03-19",-0.0005402543975974
"ncas","i02","604","2024-04-04",-0.00270733029695466
"ncas","i02","604","2024-04-09",0.00210492082188383
"ncas","i02","604","2024-04-15",0.000700123611302318
"ncas","i02","604","2024-04-22",0.0017405234544308
"ncas","i02","604","2024-04-25",0.00295295877217046
"ncas","i02","604","2024-05-01",0.00222032839867389
"ncas","i02","604","2024-05-03",-0.000172564891844127
"ncas","i02","604","2024-05-06",0.00278694278185658
"ncas","i02","604","2024-05-09",0.000234216733166053
"ncas","i02","604","2024-05-22",0.0016813081577894
"ncas","i02","604","2024-05-23",0.00370427549324796
"ncas","i02","604","2024-05-30",0.00147336557240443
"ncas","i02","604","2024-05-31",5.4606047465874e-05
"ncas","i02","604","2024-06-04",0.000899639304216785
"ncas","i02","604","2024-06-06",-0.0028819965200782
"ncas","i02","604","2024-06-11",-0.00100092476885013
"ncas","i02","604","2024-06-13",0.000373052123328248
"ncas","i02","604","2024-06-25",-0.00179607133818682
"ncas","i02","604","2024-06-26",0.0026566131511432
"ncas","i02","604","2024-07-01",-6.82981645847412e-18
"ncas","i02","604","2024-07-03",0.00182413495284596
"ncas","i02","604","2024-07-09",0.000476279631644179
"ncas","i02","604","2024-07-11",-0.00183455858114796
"ncas","i10","604","2024-07-17",0.00129440081689635
"ncas","i02","604","2024-07-19",0.00230346372119947
"ncas","i02","604","2024-07-25",-0.00125865870782521
"ncas","i10","604","2024-07-30",0.000648588923862921
"ncas","i02","604","2024-08-08",-0.000226707650036965
"ncas","i02","604","2024-08-14",0.00058767085991838
"ncas","i02","604","2024-08-20",0.00254897802861422
"ncas","i02","604","2024-08-30",0.000529199590715756
"ncas","i02","604","2024-09-12",-0.000118192386241197
"ncas","i02","604","2024-09-24",-0.000705599454287687
"ncas","i02","604","2024-10-08",0.00327809077123454
"ncas","i02","604","2024-11-04",0.000533885694797284
"ncas","i02","605","2024-10-16",0.000153537000409934
"ncas","i02","606","2023-04-13",-0.00330521938211293
"ncas","i02","606","2023-04-26",-0.00128854749081518
"ncas","i02","606","2023-05-10",0.0020196262955044
"ncas","i02","606","2023-05-23",-0.00045218996380987
"ncas","i02","606","2023-06-06",0.00321340495793017
"ncas","i02","606","2023-07-05",0.00380621878768144
"ncas","i02","606","2023-07-20",0.00124686715794063
"ncas","i02","606","2023-08-02",-0.00493762490580725
"ncas","i02","606","2023-08-17",-0.000648103360581807
"ncas","i02","606","2023-09-14",-0.003285990692608
"ncas","i02","606","2023-09-26",-0.00728499800034116
"ncas","i02","607","2023-04-13",-0.00129546352441782
"ncas","i02","607","2023-04-26",-0.00145337145181859
"ncas","i02","607","2023-05-10",-0.000750610310388997
"ncas","i02","607","2023-05-23",-0.00128801981712853
"ncas","i02","607","2023-06-06",0.00109100876319802
"ncas","i02","607","2023-07-05",-0.00209730422994702
"ncas","i02","607","2023-07-20",0.00514332702650523
"ncas","i02","607","2023-08-02",-0.00373398309979257
"ncas","i02","607","2023-08-17",-0.00114538091129101
"ncas","i02","607","2023-09-14",0.00283026266497259
"ncas","i02","607","2023-09-26",-0.000753620482793934
"ncas","i02","607","2023-10-18",-0.00563309211271532
"ncas","i02","607","2024-03-13",0.00226279850225414
"ncas","i02","607","2024-03-19",-0.00247986831434769
"ncas","i02","607","2024-04-09",0.00125110414707476
"ncas","i02","607","2024-04-15",-0.00181697588059221
"ncas","i02","607","2024-04-22",-0.000935709843488758
"ncas","i02","607","2024-04-25",0.00141050149724665
"ncas","i02","607","2024-05-01",0.00198397714334559
"ncas","i02","607","2024-05-03",0.0161359020756101
"ncas","i02","607","2024-05-06",0.00154989207337117
"ncas","i02","607","2024-05-09",0.00132512994351732
"ncas","i02","607","2024-05-22",0.02717552034206
"ncas","i02","607","2024-05-23",0.0119365724700249
"ncas","i02","607","2024-05-30",0.00324575748972328
"ncas","i02","607","2024-05-31",-0.000472416706867367
"ncas","i02","607","2024-06-04",-0.000378925355368475
"ncas","i02","607","2024-06-06",0.000317519754429444
"ncas","i02","607","2024-06-11",0.00107401566672672
"ncas","i02","607","2024-06-13",-0.00157373779889137
"ncas","i02","607","2024-06-25",0.00330809456421969
"ncas","i02","607","2024-06-26",-0.000544542771912743
"ncas","i02","607","2024-07-01",0.000811439372430821
"ncas","i02","607","2024-07-03",0.00193475071804557
"ncas","i02","607","2024-07-09",-0.00094685947785421
"ncas","i02","607","2024-07-11",0.00318666146985452
"ncas","i10","607","2024-07-17",0.00532051313022777
"ncas","i02","607","2024-07-19",0.00155231879943288
"ncas","i02","607","2024-07-25",-0.000280424809388485
"ncas","i10","607","2024-07-30",-0.00600405874900796
"ncas","i02","607","2024-08-08",-0.000101880119859257
"ncas","i02","607","2024-08-14",0.000343979733965232
"ncas","i02","607","2024-08-20",-0.00147293886082551
"ncas","i02","607","2024-08-30",0.00248723807636404
"ncas","i02","607","2024-09-12",-0.000970417432489072
"ncas","i02","607","2024-09-24",0.00199066885882266
"ncas","i02","607","2024-10-08",0.000156079934090083
"ncas","i02","607","2024-10-16",-0.000255109810751354
"ncas","i02","607","2024-11-04",-0.000474848892820771
"ncas","i02","608","2024-10-16",0.000325339660310562
"ncas","i02","609","2024-10-16",0.0026551086009116
"ncas","i02","702","2023-09-26",-0.0026808059214779
"ncas","i02","702","2023-10-18",-0.000955676649146862
"ncas","i02","702","2024-03-13",0.00039734637781133
"ncas","i02","702","2024-04-04",-0.000543891156028068
"ncas","i02","702","2024-04-09",0.000174080774388757
"ncas","i02","702","2024-04-15",-0.00033430158710371
"ncas","i02","702","2024-04-25",0.00137838650927534
"ncas","i02","702","2024-05-01",0.00115230422082366
"ncas","i02","702","2024-05-03",0.00223673836175466
"ncas","i02","702","2024-05-06",-0.00135298109320671
"ncas","i02","702","2024-05-09",0.00406792704526657
"ncas","i02","702","2024-05-22",0.00169141464831236
"ncas","i02","702","2024-05-23",0.00192275851293391
"ncas","i02","702","2024-05-30",0.0003340352795049
"ncas","i02","702","2024-06-04",-0.000723484654991126
"ncas","i02","702","2024-06-06",-0.00251530836113428
"ncas","i02","702","2024-06-11",0.00122597905182483
"ncas","i02","702","2024-06-13",0.0002983645371968
"ncas","i02","702","2024-06-25",-0.0038727788229653
"ncas","i02","702","2024-06-26",-0.00159827752323015
"ncas","i02","702","2024-07-01",-0.000850073182306165
"ncas","i02","702","2024-07-03",0.000533697706221445
"ncas","i02","702","2024-07-09",0.00291941774211525
"ncas","i02","702","2024-07-11",-0.00206828840038074
"ncas","i10","702","2024-07-17",0.00238466072312705
"ncas","i02","702","2024-07-19",-0.000126588527315045
"ncas","i02","702","2024-07-25",-0.00104506492729592
"ncas","i10","702","2024-07-30",-0.00106876782112778
"ncas","i02","702","2024-08-08",0.000980582946794046
"ncas","i02","702","2024-08-14",0.00194225401887179
"ncas","i02","702","2024-08-20",-0.00120810934265668
"ncas","i02","702","2024-08-30",0.00271820973581039
"ncas","i02","702","2024-09-12",0.000415812090844243
"ncas","i02","702","2024-09-24",-0.000696779461109088
"ncas","i02","702","2024-10-08",0.000162222141898753
"ncas","i02","702","2024-10-16",0.00229607492464029
"ncas","i02","702","2024-11-04",0.00207269839697004
"ncas","i02","703","2024-10-16",-0.000573308462952514
"ncas","i02","704","2023-09-26",0.00265933172283392
"ncas","i02","704","2023-10-18",-0.00538587680076385
"ncas","i02","704","2024-05-01",-0.000986595786876871
"ncas","i02","704","2024-05-22",0.00293590989022223
"ncas","i02","704","2024-06-06",0.000164086777134329
"ncas","i02","704","2024-07-03",0.00541627762921958
"ncas","i10","704","2024-07-17",-0.000285509428208167
"ncas","i10","704","2024-07-30",0.000967189201912719
"ncas","i02","704","2024-08-08",0.00165815871757603
"ncas","i02","704","2024-08-14",0.00123479904500341
"ncas","i02","704","2024-08-20",-3.91528894477248e-05
"ncas","i02","704","2024-08-30",-5.36181820915555e-05
"ncas","i02","704","2024-09-24",0.000195750050886164
"ncas","i02","704","2024-10-08",-0.000749990851863403
"ncas","i02","704","2024-10-16",-0.00246146823795164
"ncas","i02","704","2024-11-04",0.000424977466266756
"ncas","i02","705","2023-09-26",-0.00100813103326025
"ncas","i02","705","2023-10-18",-0.00467847583476161
"ncas","i02","706","2023-04-13",0.00312435320594881
"ncas","i02","706","2023-04-26",-0.00209227979315087
"ncas","i02","706","2023-05-10",0.00188909790719248
"ncas","i02","706","2023-05-23",-0.00105449403653137
"ncas","i02","706","2023-06-06",-0.000307735096501192
"ncas","i02","706","2023-07-05",-0.00108749108219478
"ncas","i02","706","2023-07-20",-0.00319509709222297
"ncas","i02","706","2023-08-02",0.00382023616198592
"ncas","i02","706","2023-08-17",-0.00341357786548839
"ncas","i02","706","2023-09-14",-0.00415361148128177
"ncas","i02","706","2023-10-18",0.00367004111419452
"ncas","i02","706","2024-05-01",0.00111971242210276
"ncas","i02","706","2024-05-22",-0.00177359059605372
"ncas","i02","706","2024-06-06",0.000650201214382556
"ncas","i02","706","2024-07-03",0.00788587571922644
"ncas","i10","706","2024-07-17",0.000335456655308298
"ncas","i10","706","2024-07-30",0.00156850698344776
"ncas","i02","706","2024-08-08",-0.000540308051388325
"ncas","i02","706","2024-08-14",0.00130428723827304
"ncas","i02","706","2024-08-20",0.00146411886764692
"ncas","i02","706","2024-08-30",0.00115831340801049
"ncas","i02","706","2024-09-24",0.000670653306016296
"ncas","i02","706","2024-10-08",0.000559646097706269
"ncas","i02","706","2024-11-04",0.00224354623296338
"ncas","i02","707","2023-04-13",0.00114305605095684
"ncas","i02","707","2023-04-26",-0.00324731461708493
"ncas","i02","707","2023-05-10",0.00121239434664463
"ncas","i02","707","2023-05-23",0.000231540714726888
"ncas","i02","707","2023-06-06",-2.20655608658395e-17
"ncas","i02","707","2023-07-05",0.000776779344424752
"ncas","i02","707","2023-07-20",0.000857221171084156
"ncas","i02","707","2023-08-02",0.0024910849917657
"ncas","i02","707","2023-08-17",-0.000857221171084215
"ncas","i02","707","2023-09-14",0.0050423356114502
"ncas","i02","707","2023-09-26",0.00403252413304063
"ncas","i02","707","2023-10-18",-0.00995472632159008
"ncas","i02","708","2023-04-13",0.00152407473460921
"ncas","i02","708","2023-04-26",0.00074098725179276
"ncas","i02","708","2023-05-10",-0.000601347595935775
"ncas","i02","708","2023-05-23",-0.000381046415173346
"ncas","i02","708","2023-06-06",0.00608085059518988
"ncas","i02","708","2023-07-05",0.00100656772545505
"ncas","i02","708","2023-08-02",0.00156007735898121
"ncas","i02","708","2023-08-17",0.000623433578970262
"ncas","i02","708","2023-09-14",6.93212378063421e-05
"ncas","i02","708","2023-09-26",0.00126432069011239
"ncas","i02","708","2023-10-18",-0.0031514562840081
"ncas","i02","708","2024-03-13",-0.000433692659074703
"ncas","i02","708","2024-03-19",0.000109485353109402
"ncas","i02","708","2024-04-04",-9.32942813210695e-06
"ncas","i02","708","2024-04-09",0.00139997261820379
"ncas","i02","708","2024-04-15",0.00093217406131829
"ncas","i02","708","2024-04-22",0.00326128932938529
"ncas","i02","708","2024-04-25",0.0025607212857316
"ncas","i02","708","2024-05-01",0.000265861324014694
"ncas","i02","708","2024-05-03",0.00787853505680031
"ncas","i02","708","2024-05-06",0.000105587478023805
"ncas","i02","708","2024-05-09",0.00368366617381085
"ncas","i02","708","2024-05-23",0.0180659366376786
"ncas","i02","708","2024-05-30",0.000391780573278924
"ncas","i02","708","2024-06-04",0.00154265389354276
"ncas","i02","708","2024-06-06",0.0034065449627653
"ncas","i02","708","2024-06-11",-0.000945600184554269
"ncas","i02","708","2024-06-13",0.00186893730080026
"ncas","i02","708","2024-06-25",-0.00305024971427222
"ncas","i02","708","2024-06-26",0.00421015530570704
"ncas","i02","708","2024-07-01",0.00308694354950309
"ncas","i02","708","2024-07-03",0.00183145904866139
"ncas","i02","708","2024-07-09",-0.00254142305437758
"ncas","i02","708","2024-07-11",-4.90345797018655e-18
"ncas","i10","708","2024-07-17",0.000417652269223462
"ncas","i02","708","2024-07-19",6.88732535061639e-05
"ncas","i02","708","2024-07-25",0.0001558257360577
"ncas","i10","708","2024-07-30",-0.000662737722944041
"ncas","i02","708","2024-08-08",0.00312227758522295
"ncas","i02","708","2024-08-14",0.000793799386073627
"ncas","i02","708","2024-08-20",-0.00164596491396184
"ncas","i02","708","2024-08-30",-0.000271584926253993
"ncas","i02","708","2024-09-12",-0.00032633974760805
"ncas","i02","708","2024-09-24",0.000178209543447199
"ncas","i02","708","2024-10-08",0.000809461716067987
"ncas","i02","708","2024-11-04",-0.00188263375127602
"ncas","i02","709","2024-10-16",-0.003492880378154
"ncas","i02","801","2023-10-20",0.0092416675215371
"ncas","i02","801","2024-03-13",0.00255118141270806
"ncas","i02","801","2024-03-19",0.000412720445479128
"ncas","i02","801","2024-04-04",0.00185783442304104
"ncas","i02","801","2024-04-09",0.00272822655140343
"ncas","i02","801","2024-04-15",-4.02759531393732e-05
"ncas","i02","801","2024-04-22",2.92671835304063e-05
"ncas","i02","801","2024-05-01",0.000152382073382378
"ncas","i02","801","2024-05-03",0.00226577524853809
"ncas","i02","801","2024-05-06",0.0013948960232821
"ncas","i02","801","2024-05-09",-0.00053053977853847
"ncas","i02","801","2024-05-22",-0.00145164963076889
"ncas","i02","801","2024-05-23",0.00196652622765611
"ncas","i02","801","2024-05-30",0.000902865707150541
"ncas","i02","801","2024-06-04",0.000733418732246783
"ncas","i02","801","2024-06-06",-0.000589984052101056
"ncas","i02","801","2024-06-11",0.00800938359649598
"ncas","i02","801","2024-06-13",0.0030808730237673
"ncas","i02","801","2024-06-25",-0.00335581368367532
"ncas","i02","801","2024-06-26",0.00107347697990095
"ncas","i02","801","2024-07-01",-0.000811439372430823
"ncas","i02","801","2024-07-03",0.0048550053360362
"ncas","i02","801","2024-07-09",0.000122914358088594
"ncas","i02","801","2024-07-11",0.00471224172360176
"ncas","i10","801","2024-07-17",0.000697213374167096
"ncas","i02","801","2024-07-19",-0.00142937180170078
"ncas","i02","801","2024-07-25",-0.00124402314145515
"ncas","i10","801","2024-07-30",0.00258002177868546
"ncas","i02","801","2024-08-08",-0.00254314488571524
"ncas","i02","801","2024-08-14",-0.00171479123088922
"ncas","i02","801","2024-08-20",-0.00299186023862745
"ncas","i02","801","2024-08-30",-0.000976278368449928
"ncas","i02","801","2024-09-12",0.00764837480185987
"ncas","i02","801","2024-09-24",0.00224027826736335
"ncas","i02","801","2024-10-08",0.00349314297075144
"ncas","i02","801","2024-11-04",-0.00220820345854488
"ncas","i02","802","2023-09-26",-0.0010215660628556
"ncas","i02","802","2023-10-20",0.00123978268545237
"ncas","i02","803","2024-10-16",-0.00307193883057261
"ncas","i02","804","2023-09-26",-0.00310650013044337
"ncas","i02","804","2023-10-20",-0.00270743437385754
"ncas","i02","804","2024-05-01",4.48186870122611e-05
"ncas","i02","804","2024-05-22",-0.000379486075450263
"ncas","i02","804","2024-06-06",4.96660586759436e-05
"ncas","i02","804","2024-07-03",-0.000336763375910046
"ncas","i10","804","2024-07-17",0.00208871070069817
"ncas","i10","804","2024-07-30",0.0035684954472883
"ncas","i02","804","2024-08-08",-0.00231083821279215
"ncas","i02","804","2024-08-14",-0.00158257601916178
"ncas","i02","804","2024-08-30",0.000616861231338729
"ncas","i02","804","2024-09-24",0.0023637581718637
"ncas","i02","804","2024-10-08",0.00159699684335125
"ncas","i02","804","2024-11-04",0.000748555923518059
"ncas","i02","805","2023-04-13",-0.00655352135881955
"ncas","i02","805","2023-04-26",0.00592341672523324
"ncas","i02","805","2023-05-10",-0.000261877178875344
"ncas","i02","805","2023-05-23",-0.0051930113863298
"ncas","i02","805","2023-06-06",-0.00121925978768732
"ncas","i02","805","2023-07-05",5.45160408382495e-05
"ncas","i02","805","2023-07-20",-0.00459782264490623
"ncas","i02","805","2023-08-02",0.0065512462879481
"ncas","i02","805","2023-08-17",0.00187553985000155
"ncas","i02","805","2023-09-14",0.00722093547947797
"ncas","i02","805","2023-09-26",-0.00279071122904766
"ncas","i02","805","2023-10-20",0.00106186522477013
"ncas","i02","805","2024-03-13",0.00295212823612127
"ncas","i02","805","2024-03-19",4.45778118647917e-05
"ncas","i02","805","2024-04-04",3.87287610332626e-05
"ncas","i02","805","2024-04-09",0.00083764575391424
"ncas","i02","805","2024-04-15",-0.00130163173614609
"ncas","i02","805","2024-04-22",0.00155313816861114
"ncas","i02","805","2024-04-25",0.00195600039957514
"ncas","i02","805","2024-05-01",0.00483335626187056
"ncas","i02","805","2024-05-03",0.0009147282606663
"ncas","i02","805","2024-05-06",-0.000816529096339979
"ncas","i02","805","2024-05-09",0.00544693484825086
"ncas","i02","805","2024-05-22",0.0052422846828023
"ncas","i02","805","2024-05-23",0.015560738613273
"ncas","i02","805","2024-05-30",-0.00283121781032931
"ncas","i02","805","2024-06-04",0.00289295776257945
"ncas","i02","805","2024-06-06",0.000500790772315208
"ncas","i02","805","2024-06-11",-0.00254015803543562
"ncas","i02","805","2024-06-13",0.00282446142254037
"ncas","i02","805","2024-06-25",-0.00163323710894351
"ncas","i02","805","2024-06-26",0.000629607528117201
"ncas","i02","805","2024-07-01",0.000388346411935345
"ncas","i02","805","2024-07-03",-0.000140318073295845
"ncas","i02","805","2024-07-09",0.00380141705997484
"ncas","i02","805","2024-07-11",0.00537830942621683
"ncas","i10","805","2024-07-17",0.00066447854387573
"ncas","i02","805","2024-07-19",-0.00322811750336611
"ncas","i02","805","2024-07-25",0.000402047617342246
"ncas","i10","805","2024-07-30",-0.00344861733283102
"ncas","i02","805","2024-08-08",0.000342644436193166
"ncas","i02","805","2024-08-14",-0.00136799499776625
"ncas","i02","805","2024-08-20",-0.00178926922913458
"ncas","i02","805","2024-08-30",0.00182341938657578
"ncas","i02","805","2024-09-12",0.00245642699104431
"ncas","i02","805","2024-09-24",0.00372925260177649
"ncas","i02","805","2024-10-08",0.000229662795390427
"ncas","i02","805","2024-10-16",-0.000295764578355786
"ncas","i02","805","2024-11-04",-0.00111131914050308
"ncas","i02","806","2024-10-16",-0.00140455013168288
"ncas","i02","807","2023-04-26",-0.0024079771481594
"ncas","i02","807","2023-05-10",-0.000387141432867433
"ncas","i02","807","2023-06-06",-0.0013507272528956
"ncas","i02","807","2023-07-05",-0.00131628087174903
"ncas","i02","807","2023-07-20",-0.00350681388170813
"ncas","i02","807","2023-08-02",-0.00599077069986477
"ncas","i02","807","2023-08-17",0.00271872770548672
"ncas","i02","807","2023-09-14",0.00237445980357384
"ncas","i02","807","2023-09-26",0.00519164429399111
"ncas","i02","807","2023-10-20",-0.0059897064059791
"ncas","i02","808","2024-10-16",0.00364224195948279
"ncas","i02","809","2023-04-13",0.000381018683652343
"ncas","i02","809","2023-04-26",0.000127489034703605
"ncas","i02","809","2023-05-10",-0.000696854579161263
"ncas","i02","809","2023-05-23",0.000384668870626404
"ncas","i02","809","2023-06-06",0.000753145154533763
"ncas","i02","809","2023-07-05",0.00174476399172436
"ncas","i02","809","2023-07-20",0.00179237153953969
"ncas","i02","809","2023-08-02",0.00571912436019813
"ncas","i02","809","2023-08-17",0.00330098481420562
"ncas","i02","809","2023-09-14",0.00629904982509419
"ncas","i02","809","2023-09-26",-0.0106202937969449
"ncas","i02","809","2024-05-01",0.000243242977374414
"ncas","i02","809","2024-05-22",0.0195860346162425
"ncas","i02","809","2024-06-06",0.001287719004075
"ncas","i02","809","2024-07-03",0.00233127282097305
"ncas","i10","809","2024-07-17",0.00295862171215628
"ncas","i10","809","2024-07-30",-0.000511225415863186
"ncas","i02","809","2024-08-08",0.00150430575853957
"ncas","i02","809","2024-08-14",0.00077826776461968
"ncas","i02","809","2024-08-20",-0.000235863377127362
"ncas","i02","809","2024-08-30",-0.00129356413519033
"ncas","i02","809","2024-09-24",0.00352799727143836
"ncas","i02","809","2024-10-08",0.0013310658440484
"ncas","i02","809","2024-10-16",0.00154577989709793
"ncas","i02","809","2024-11-04",0.000270490732132806
"oreiManure","rosemount","101","2020-11-02",-0.00170260151005898
"oreiManure","rosemount","101","2020-11-05",-0.004118935364463
"oreiManure","rosemount","101","2020-11-19",0.00174040144390832
"oreiManure","rosemount","101","2021-04-05",0.00229178488925601
"oreiManure","rosemount","101","2021-04-22",-0.00144961592716712
"oreiManure","rosemount","101","2021-04-29",-4.34762464979722e-05
"oreiManure","rosemount","101","2021-05-18",-0.00967122275266328
"oreiManure","rosemount","101","2021-06-01",0.0234441179395142
"oreiManure","rosemount","101","2021-06-15",0.00976116529403761
"oreiManure","rosemount","101","2021-07-08",-0.00931878892040077
"oreiManure","rosemount","101","2021-07-16",0.0013205248855221
"oreiManure","rosemount","101","2021-09-10",-0.000631605737960637
"oreiManure","rosemount","101","2021-10-14",-0.00323689963008432
"oreiManure","rosemount","101","2021-10-25",0.00291874544581539
"oreiManure","rosemount","102","2020-11-02",0.00429704190633929
"oreiManure","rosemount","102","2020-11-05",0.0369119976892256
"oreiManure","rosemount","102","2020-11-19",-0.00821266447405423
"oreiManure","rosemount","102","2021-04-05",0.00662843616937739
"oreiManure","rosemount","102","2021-04-22",0.00220786875519399
"oreiManure","rosemount","102","2021-04-29",-0.0076292722786216
"oreiManure","rosemount","102","2021-05-18",-0.0023763088641133
"oreiManure","rosemount","102","2021-06-01",0.00403187282767514
"oreiManure","rosemount","102","2021-06-15",-0.00906912256566881
"oreiManure","rosemount","102","2021-07-08",0.00283294205201387
"oreiManure","rosemount","102","2021-07-16",-0.00377657560436256
"oreiManure","rosemount","102","2021-09-10",-0.000393464173890908
"oreiManure","rosemount","102","2021-10-14",-0.00487516722814998
"oreiManure","rosemount","102","2021-10-25",0.00453977372865989
"oreiManure","rosemount","103","2020-11-02",0.00425650377514749
"oreiManure","rosemount","103","2020-11-05",0.00609919275122397
"oreiManure","rosemount","103","2020-11-19",-0.00307056458815602
"oreiManure","rosemount","103","2021-04-05",0.00081909835585765
"oreiManure","rosemount","103","2021-04-22",-0.00209388967257476
"oreiManure","rosemount","103","2021-04-29",0.00405305089801768
"oreiManure","rosemount","103","2021-05-18",0.0036317329932734
"oreiManure","rosemount","103","2021-06-01",-0.00416249051389798
"oreiManure","rosemount","103","2021-06-15",-0.00671952900980133
"oreiManure","rosemount","103","2021-07-08",-0.0100478874524114
"oreiManure","rosemount","103","2021-08-10",0.00453909267339209
"oreiManure","rosemount","103","2021-09-10",-0.00447398661056106
"oreiManure","rosemount","103","2021-10-14",0.0022159082753361
"oreiManure","rosemount","103","2021-10-25",0.00081076262383762
"oreiManure","rosemount","104","2020-11-02",-0.00454027069349069
"oreiManure","rosemount","104","2020-11-05",-0.0240007195275437
"oreiManure","rosemount","104","2020-11-19",0.00824204178926087
"oreiManure","rosemount","104","2021-04-05",0.0114179331241642
"oreiManure","rosemount","104","2021-04-22",-0.000539414141139259
"oreiManure","rosemount","104","2021-04-29",0.00255211442570662
"oreiManure","rosemount","104","2021-05-18",1.28084708475529e-05
"oreiManure","rosemount","104","2021-06-15",-0.00108052333539224
"oreiManure","rosemount","104","2021-07-08",0.00960981210323869
"oreiManure","rosemount","104","2021-07-16",0.00722816444622692
"oreiManure","rosemount","104","2021-08-10",-0.00507762909226921
"oreiManure","rosemount","104","2021-09-10",-0.000233033803327415
"oreiManure","rosemount","104","2021-10-14",-0.000164365078405901
"oreiManure","rosemount","104","2021-10-25",0.000891838886221323
"oreiManure","rosemount","107","2020-11-02",0.00974464039928963
"oreiManure","rosemount","107","2020-11-05",-0.0171024236219689
"oreiManure","rosemount","107","2020-11-19",-0.000737128343722634
"oreiManure","rosemount","107","2021-04-29",0.00486409635178317
"oreiManure","rosemount","107","2021-06-01",-0.0026117838049372
"oreiManure","rosemount","107","2021-06-15",0.00362747119738818
"oreiManure","rosemount","107","2021-07-08",0.00689771505416114
"oreiManure","rosemount","107","2021-07-16",0.00888209085114858
"oreiManure","rosemount","107","2021-08-10",0.00511613953222758
"oreiManure","rosemount","107","2021-09-10",-0.00193570716433685
"oreiManure","rosemount","107","2021-10-14",-0.000904007931232049
"oreiManure","rosemount","108","2020-11-02",0.00113705022761642
"oreiManure","rosemount","108","2020-11-05",-0.0193302651842151
"oreiManure","rosemount","108","2020-11-19",-0.00172579356593171
"oreiManure","rosemount","108","2021-04-05",0.00410600603787364
"oreiManure","rosemount","108","2021-04-22",-0.00553826542383745
"oreiManure","rosemount","108","2021-04-29",0.000882924954325131
"oreiManure","rosemount","108","2021-05-18",-0.00994779037287953
"oreiManure","rosemount","108","2021-06-01",0.00324649133118625
"oreiManure","rosemount","108","2021-06-15",-0.00348050976376878
"oreiManure","rosemount","108","2021-07-08",0.00049217901861965
"oreiManure","rosemount","108","2021-07-16",-0.0101031401918825
"oreiManure","rosemount","108","2021-08-10",-0.00237841144773876
"oreiManure","rosemount","108","2021-09-10",-0.00348427289580615
"oreiManure","rosemount","108","2021-10-14",-0.00484876981297207
"oreiManure","rosemount","108","2021-10-25",-0.0020878094339468
"oreiManure","rosemount","201","2020-11-02",0.00105045630647443
"oreiManure","rosemount","201","2020-11-19",-0.00647994926366963
"oreiManure","rosemount","201","2021-04-05",0.00684323428041374
"oreiManure","rosemount","201","2021-04-22",0.00339378191322507
"oreiManure","rosemount","201","2021-04-29",0.00140146959299435
"oreiManure","rosemount","201","2021-05-18",0.0016634162048792
"oreiManure","rosemount","201","2021-06-01",-0.00998610510358872
"oreiManure","rosemount","201","2021-06-15",0.0121543120506304
"oreiManure","rosemount","201","2021-07-08",-0.0111391397059469
"oreiManure","rosemount","201","2021-07-16",-0.00139721255324999
"oreiManure","rosemount","201","2021-09-10",0.00716104796481281
"oreiManure","rosemount","201","2021-10-14",0.000187132917966312
"oreiManure","rosemount","201","2021-10-25",0.00380087617984778
"oreiManure","rosemount","202","2020-11-02",0.000237208293949647
"oreiManure","rosemount","202","2020-11-05",0.0208421338720867
"oreiManure","rosemount","202","2020-11-19",-0.00463996367028204
"oreiManure","rosemount","202","2021-04-05",-0.00617840304669441
"oreiManure","rosemount","202","2021-04-22",-0.0016087257812432
"oreiManure","rosemount","202","2021-04-29",-0.0031684118188177
"oreiManure","rosemount","202","2021-05-18",-0.00166890331094857
"oreiManure","rosemount","202","2021-06-01",-0.0076083532561663
"oreiManure","rosemount","202","2021-07-08",-0.00219622568219235
"oreiManure","rosemount","202","2021-07-16",-0.00252223627967174
"oreiManure","rosemount","202","2021-09-10",0.00141185936712362
"oreiManure","rosemount","202","2021-10-14",-0.000635197651125301
"oreiManure","rosemount","202","2021-10-25",-0.00398368183421914
"oreiManure","rosemount","203","2020-11-02",0.00731581927308184
"oreiManure","rosemount","203","2020-11-05",-0.0139410120027978
"oreiManure","rosemount","203","2020-11-19",-0.00436343388843229
"oreiManure","rosemount","203","2021-04-05",-0.00101850703162675
"oreiManure","rosemount","203","2021-04-22",0.00858845182843512
"oreiManure","rosemount","203","2021-04-29",-0.00681005397536756
"oreiManure","rosemount","203","2021-05-18",-0.00143801610687943
"oreiManure","rosemount","203","2021-06-01",0.000742525916718983
"oreiManure","rosemount","203","2021-06-15",0.0224187321949491
"oreiManure","rosemount","203","2021-07-08",-0.0151203998356123
"oreiManure","rosemount","203","2021-07-16",0.00466959729072329
"oreiManure","rosemount","203","2021-08-10",0.00221316537808389
"oreiManure","rosemount","203","2021-09-10",-0.00271872770548677
"oreiManure","rosemount","203","2021-10-14",0.00617793925174421
"oreiManure","rosemount","203","2021-10-25",0.00370925348760359
"oreiManure","rosemount","204","2020-11-02",-0.00255166592335028
"oreiManure","rosemount","204","2020-11-05",0.0144954840710907
"oreiManure","rosemount","204","2020-11-19",0.00471675234912277
"oreiManure","rosemount","204","2021-04-05",-0.00354098505115039
"oreiManure","rosemount","204","2021-04-22",-0.000160531809877334
"oreiManure","rosemount","204","2021-04-29",-7.94715862356561e-05
"oreiManure","rosemount","204","2021-05-18",-0.00142111291041144
"oreiManure","rosemount","204","2021-06-01",1.7319655397619e-05
"oreiManure","rosemount","204","2021-06-15",0.00546247073927155
"oreiManure","rosemount","204","2021-07-08",-0.0249702606789652
"oreiManure","rosemount","204","2021-07-16",0.00111479353469745
"oreiManure","rosemount","204","2021-08-10",0.00101437970970661
"oreiManure","rosemount","204","2021-09-10",0.00203975998078897
"oreiManure","rosemount","204","2021-10-14",0.00262984125449325
"oreiManure","rosemount","204","2021-10-25",-0.000242412993801769
"oreiManure","rosemount","207","2020-11-02",-0.00178367777244281
"oreiManure","rosemount","207","2020-11-05",-0.0210798415044352
"oreiManure","rosemount","207","2020-11-19",-0.00448941089345561
"oreiManure","rosemount","207","2021-04-05",-0.00967853582168358
"oreiManure","rosemount","207","2021-04-22",-0.00138340109955406
"oreiManure","rosemount","207","2021-06-01",-0.0104334616157749
"oreiManure","rosemount","207","2021-06-15",-0.0199456490387146
"oreiManure","rosemount","207","2021-07-08",0.00215998308788985
"oreiManure","rosemount","207","2021-07-16",-0.0068233512363646
"oreiManure","rosemount","207","2021-08-10",-0.00346738635470828
"oreiManure","rosemount","207","2021-09-10",0.00180630012761332
"oreiManure","rosemount","207","2021-10-14",0.00180801586246411
"oreiManure","rosemount","207","2021-10-25",-0.00131492062724669
"oreiManure","rosemount","208","2020-11-02",0.00635566443755972
"oreiManure","rosemount","208","2020-11-05",0.00457031254578094
"oreiManure","rosemount","208","2020-11-19",-0.00179576435738227
"oreiManure","rosemount","208","2021-04-29",-0.00775993924167859
"oreiManure","rosemount","208","2021-05-18",0.0022106200828621
"oreiManure","rosemount","208","2021-06-01",-0.00205838830803141
"oreiManure","rosemount","208","2021-06-15",-0.00223822690902682
"oreiManure","rosemount","208","2021-07-08",-0.0133061847397955
"oreiManure","rosemount","208","2021-07-16",0.0024427470617849
"oreiManure","rosemount","208","2021-08-10",0.00525525431096014
"oreiManure","rosemount","208","2021-09-10",-0.000384313681892066
"oreiManure","rosemount","208","2021-10-14",-0.00592240318024504
"oreiManure","rosemount","208","2021-10-25",-0.00300562231400253
"oreiManure","rosemount","301","2020-11-02",0.000534256683314397
"oreiManure","rosemount","301","2020-11-05",-0.00781493820225186
"oreiManure","rosemount","301","2020-11-19",-0.00194747767195906
"oreiManure","rosemount","301","2021-04-05",-0.00100173653562461
"oreiManure","rosemount","301","2021-04-22",0.00374990345601109
"oreiManure","rosemount","301","2021-04-29",0.000229411604438291
"oreiManure","rosemount","301","2021-05-18",-0.00351097886401571
"oreiManure","rosemount","301","2021-06-01",0.0125091345733362
"oreiManure","rosemount","301","2021-06-15",0.00722481501764155
"oreiManure","rosemount","301","2021-07-08",0.0105889452534273
"oreiManure","rosemount","301","2021-07-16",0.00232113551231164
"oreiManure","rosemount","301","2021-08-10",0.000540261667696044
"oreiManure","rosemount","301","2021-09-10",0.00609820310450138
"oreiManure","rosemount","301","2021-10-14",0.00163806298605025
"oreiManure","rosemount","301","2021-10-25",-0.000181407333343079
"oreiManure","rosemount","302","2020-11-19",-0.00224744533828213
"oreiManure","rosemount","302","2021-04-05",-0.0018475446935598
"oreiManure","rosemount","302","2021-04-22",0.0201226170931506
"oreiManure","rosemount","302","2021-04-29",0.00737730443706964
"oreiManure","rosemount","302","2021-06-01",0.00228768082940613
"oreiManure","rosemount","302","2021-06-15",0.00295176150881419
"oreiManure","rosemount","302","2021-07-16",-3.58393936918382e-05
"oreiManure","rosemount","302","2021-09-10",0.00292602637340206
"oreiManure","rosemount","302","2021-10-14",0.000573322045117579
"oreiManure","rosemount","302","2021-10-25",-0.0026875121901321
"oreiManure","rosemount","303","2020-11-02",-0.00243228787151284
"oreiManure","rosemount","303","2020-11-05",0.0152479818780599
"oreiManure","rosemount","303","2020-11-19",0.000110052736391805
"oreiManure","rosemount","303","2021-04-05",-0.00235732410086806
"oreiManure","rosemount","303","2021-04-22",-0.00150588185620558
"oreiManure","rosemount","303","2021-04-29",-0.00269345559611188
"oreiManure","rosemount","303","2021-06-01",-0.00866708423213615
"oreiManure","rosemount","303","2021-06-15",-0.00314225837842635
"oreiManure","rosemount","303","2021-07-08",-0.0124360163888593
"oreiManure","rosemount","303","2021-07-16",-0.00531040859373693
"oreiManure","rosemount","303","2021-08-10",-0.0047215501705704
"oreiManure","rosemount","303","2021-09-10",0.00714636996870797
"oreiManure","rosemount","303","2021-10-14",0.001724687351599
"oreiManure","rosemount","304","2020-11-02",-0.00542424688614023
"oreiManure","rosemount","304","2020-11-05",0.00150901855363828
"oreiManure","rosemount","304","2020-11-19",0.00724807963583523
"oreiManure","rosemount","304","2021-04-05",-0.00533144592443068
"oreiManure","rosemount","304","2021-04-22",0.0012022093121042
"oreiManure","rosemount","304","2021-04-29",-0.004894913870422
"oreiManure","rosemount","304","2021-05-18",0.00203507226432919
"oreiManure","rosemount","304","2021-06-01",-0.0099903531232578
"oreiManure","rosemount","304","2021-06-15",-0.00661613215442245
"oreiManure","rosemount","304","2021-07-08",-0.00608110299482299
"oreiManure","rosemount","304","2021-07-16",-0.000266754595739236
"oreiManure","rosemount","304","2021-08-10",0.00276961586851042
"oreiManure","rosemount","304","2021-09-10",-0.000539845247743002
"oreiManure","rosemount","304","2021-10-14",0.00174812407765538
"oreiManure","rosemount","304","2021-10-25",0.000244322384222307
"oreiManure","rosemount","307","2020-11-02",8.1350029941992e-05
"oreiManure","rosemount","307","2020-11-05",7.92102954704388e-05
"oreiManure","rosemount","307","2020-11-19",-0.00190079037435465
"oreiManure","rosemount","307","2021-04-05",0.00559166759239691
"oreiManure","rosemount","307","2021-04-29",0.000818420539498776
"oreiManure","rosemount","307","2021-05-18",-0.00347383155878337
"oreiManure","rosemount","307","2021-06-15",-0.00953522793217714
"oreiManure","rosemount","307","2021-07-08",-0.00136531478855783
"oreiManure","rosemount","307","2021-07-16",0.00662078737015846
"oreiManure","rosemount","307","2021-08-10",0.007349116561835
"oreiManure","rosemount","307","2021-09-10",0.00135657632314688
"oreiManure","rosemount","307","2021-10-14",0.00644322078150199
"oreiManure","rosemount","307","2021-10-25",0.00195429824309599
"oreiManure","rosemount","308","2020-11-02",-0.000406750149710224
"oreiManure","rosemount","308","2020-11-05",-0.0266938695735388
"oreiManure","rosemount","308","2020-11-19",0.00520640191629041
"oreiManure","rosemount","308","2021-04-05",-0.00256500703014378
"oreiManure","rosemount","308","2021-04-29",0.000797346065442105
"oreiManure","rosemount","308","2021-05-18",0.00339488084153818
"oreiManure","rosemount","308","2021-06-01",0.00514540160715982
"oreiManure","rosemount","308","2021-06-15",0.00847649036300363
"oreiManure","rosemount","308","2021-07-08",-0.0112054936592255
"oreiManure","rosemount","308","2021-07-16",0.00266153754497347
"oreiManure","rosemount","308","2021-08-10",-0.00140272555268332
"oreiManure","rosemount","308","2021-09-10",0.00066627021992839
"oreiManure","rosemount","308","2021-10-14",0.00176850691969142
"oreiManure","rosemount","308","2021-10-25",-0.00610125224565296
"oreiManure","rosemount","403","2020-11-02",-0.00217949541517322
"oreiManure","rosemount","403","2020-11-05",0.00332683240975849
"oreiManure","rosemount","403","2020-11-19",-0.000885876399935497
"oreiManure","rosemount","403","2021-04-05",0.00218201752639612
"oreiManure","rosemount","403","2021-04-22",-0.00352514314699835
"oreiManure","rosemount","403","2021-04-29",-0.00182784648341983
"oreiManure","rosemount","403","2021-05-18",-0.000157901434490205
"oreiManure","rosemount","403","2021-06-01",-0.00438083197958346
"oreiManure","rosemount","403","2021-06-15",-0.00264104977104432
"oreiManure","rosemount","403","2021-07-08",0.0140202222982681
"oreiManure","rosemount","403","2021-08-10",-0.00407749002864044
"oreiManure","rosemount","403","2021-09-10",-0.00327302628959431
"oreiManure","rosemount","403","2021-10-14",-0.000314715227293499
"oreiManure","rosemount","403","2021-10-25",-0.00338243716338985
"oreiManure","rosemount","404","2020-11-02",0.00624287220354966
"oreiManure","rosemount","404","2020-11-05",-0.0116694036124258
"oreiManure","rosemount","404","2020-11-19",0.00453026777690229
"oreiManure","rosemount","404","2021-04-05",0.00397230358362668
"oreiManure","rosemount","404","2021-04-22",0.00377023028480262
"oreiManure","rosemount","404","2021-04-29",0.00143048855224151
"oreiManure","rosemount","404","2021-05-18",0.00357188803079009
"oreiManure","rosemount","404","2021-06-01",0.00153520879781779
"oreiManure","rosemount","404","2021-06-15",0.0164541524583792
"oreiManure","rosemount","404","2021-07-08",-0.00394124892575969
"oreiManure","rosemount","404","2021-07-16",-0.0019426498500096
"oreiManure","rosemount","404","2021-08-10",0.00158119100753516
"oreiManure","rosemount","404","2021-09-10",0.00587670541833913
"oreiManure","rosemount","404","2021-10-14",0.00467047975966618
"oreiManure","rosemount","404","2021-10-25",0.000911129823913816
"oreiManure","rosemount","405","2020-11-02",-0.00105399141098897
"oreiManure","rosemount","405","2020-11-05",-0.000950523545645333
"oreiManure","rosemount","405","2020-11-19",-0.00929249809573532
"oreiManure","rosemount","405","2021-04-05",-0.0064472685587258
"oreiManure","rosemount","405","2021-04-22",-0.00868953386252575
"oreiManure","rosemount","405","2021-04-29",-0.00135101696600593
"oreiManure","rosemount","405","2021-05-18",-0.00189481721388188
"oreiManure","rosemount","405","2021-06-01",0.00115221931919745
"oreiManure","rosemount","405","2021-06-15",-0.0109754627367834
"oreiManure","rosemount","405","2021-06-21",0.0111598846494535
"oreiManure","rosemount","405","2021-07-08",-0.00620859519461338
"oreiManure","rosemount","405","2021-07-16",-1.03260852904957e-05
"oreiManure","rosemount","405","2021-08-10",0.00263256174349789
"oreiManure","rosemount","405","2021-09-10",0.00131206405011903
"oreiManure","rosemount","405","2021-10-14",-0.00342709347327913
"oreiManure","rosemount","405","2021-10-25",0.000483205309055641
"oreiManure","rosemount","406","2020-11-02",0.00204240180339246
"oreiManure","rosemount","406","2020-11-05",-0.00722391652197792
"oreiManure","rosemount","406","2020-11-19",-0.0117441065647363
"oreiManure","rosemount","406","2021-04-05",-2.432606809342e-05
"oreiManure","rosemount","406","2021-04-22",0.00166758708576957
"oreiManure","rosemount","406","2021-04-29",-0.00214573282836233
"oreiManure","rosemount","406","2021-05-18",-0.0025660815679111
"oreiManure","rosemount","406","2021-06-01",-0.00131196917582503
"oreiManure","rosemount","406","2021-06-15",-0.000997913502244823
"oreiManure","rosemount","406","2021-07-08",0.00426806706870092
"oreiManure","rosemount","406","2021-07-16",1.66673627321811e-05
"oreiManure","rosemount","406","2021-08-10",0.0068953240716315
"oreiManure","rosemount","406","2021-09-10",0.00200668619429981
"oreiManure","rosemount","406","2021-10-14",-0.000398048677565362
"oreiManure","rosemount","406","2021-10-25",0.00261143429212645
"oreiManure","rosemount","407","2020-11-02",-0.00075812774887347
"oreiManure","rosemount","407","2020-11-05",0.00327548790781272
"oreiManure","rosemount","407","2020-11-19",-0.0162011397591232
"oreiManure","rosemount","407","2021-04-05",0.00332885461495388
"oreiManure","rosemount","407","2021-04-22",0.00839815914650287
"oreiManure","rosemount","407","2021-04-29",-0.00645000757411452
"oreiManure","rosemount","407","2021-05-18",0.00256641971486086
"oreiManure","rosemount","407","2021-06-01",-0.00135790730272121
"oreiManure","rosemount","407","2021-06-15",0.00709112081283398
"oreiManure","rosemount","407","2021-07-08",-0.000699975484524704
"oreiManure","rosemount","407","2021-07-16",-0.00260464373790198
"oreiManure","rosemount","407","2021-08-10",0.00683075805325008
"oreiManure","rosemount","407","2021-09-10",0.00459017157547653
"oreiManure","rosemount","407","2021-10-14",-0.00263884293600796
"oreiManure","rosemount","407","2021-10-25",0.000310478777994511
"oreiManure","rosemount","408","2020-11-02",-0.00452000123275727
"oreiManure","rosemount","408","2020-11-05",0.0142388135821343
"oreiManure","rosemount","408","2020-11-19",-0.00535103331732825
"oreiManure","rosemount","408","2021-04-05",-0.000341342032756082
"oreiManure","rosemount","408","2021-04-22",0.00340217124146345
"oreiManure","rosemount","408","2021-04-29",-0.00254309075954057
"oreiManure","rosemount","408","2021-05-18",-0.0106583468280852
"oreiManure","rosemount","408","2021-06-01",0.00882828065568454
"oreiManure","rosemount","408","2021-06-15",0.00554949661729984
"oreiManure","rosemount","408","2021-07-08",0.00104970803790079
"oreiManure","rosemount","408","2021-07-16",-0.00674031291068406
"oreiManure","rosemount","408","2021-08-10",-0.00318479531214165
"oreiManure","rosemount","408","2021-09-10",0.00247127135431482
"oreiManure","rosemount","408","2021-10-14",0.00399459362114841
"oreiManure","rosemount","408","2021-10-25",-0.00380946076183489
