project,exp,year,location,plot,crop,rep,lat,lon,seedyld,strawyld,hayyld,strawRFV,straw_N,straw_C,rootyld,spring_hay_RFV,fall_hay_RFV,ave_hay_RFV,N_leached,N2O_emitted,N_fert,stand_age,ETH_pot,tillage_planting_diesel,tillage_planting_hours,seed_costs,straw_diesel,straw_hours,grain_diesel,grain_hours,hay_diesel,hay_hours,fert_diesel,fert_hours,herb_diesel,herb_hours
IREE_nrate,A,2012,Lamberton,2314,iwg,3,44.23621,-95.304218,576,7920,NA,NA,,,,NA,NA,NA,NA,NA,0,1,NA,17.5188,0.2,NA,8.1979,0.220367643,22.9092,0.1683501684,0,0,0,0,0,0
IREE_nrate,A,2012,Lamberton,2402,iwg,4,44.23621,-95.304218,792,10700,NA,NA,,,,NA,NA,NA,NA,NA,0,1,NA,17.5188,0.2,NA,8.1979,0.220367643,22.9092,0.1683501684,0,0,0,0,0,0
IREE_nrate,A,2012,Lamberton,2101,iwg,1,44.23621,-95.304218,604.8,8310,NA,NA,,,,NA,NA,NA,NA,NA,0,1,NA,17.5188,0.2,NA,8.1979,0.220367643,22.9092,0.1683501684,0,0,0,0,0,0
IREE_nrate,A,2012,Lamberton,2302,iwg,3,44.23621,-95.304218,532.8,7320,NA,NA,,,,NA,NA,NA,NA,NA,0,1,NA,17.5188,0.2,NA,8.1979,0.220367643,22.9092,0.1683501684,0,0,0,0,0,0
IREE_nrate,A,2012,Lamberton,2202,iwg,2,44.23621,-95.304218,640.8,8760,NA,NA,,,,NA,NA,NA,NA,NA,0,1,NA,17.5188,0.2,NA,8.1979,0.220367643,22.9092,0.1683501684,0,0,0,0,0,0
IREE_nrate,A,2012,Lamberton,2414,iwg,4,44.23621,-95.304218,820.8,11070,NA,NA,,,,NA,NA,NA,NA,NA,0,1,NA,17.5188,0.2,NA,8.1979,0.220367643,22.9092,0.1683501684,0,0,0,0,0,0
IREE_nrate,A,2012,Lamberton,2113,iwg,1,44.23621,-95.304218,561.6,7760,NA,NA,,,,NA,NA,NA,NA,NA,0,1,NA,17.5188,0.2,NA,8.1979,0.220367643,22.9092,0.1683501684,0,0,0,0,0,0
IREE_nrate,A,2012,Lamberton,2208,iwg,2,44.23621,-95.304218,590.4,8080,NA,NA,,,,NA,NA,NA,NA,NA,0,1,NA,17.5188,0.2,NA,8.1979,0.220367643,22.9092,0.1683501684,0,0,0,0,0,0
IREE_nrate,A,2012,Morris,4202,iwg,2,45.58822,-95.874869,1024.1,12850,NA,NA,,,,NA,NA,NA,NA,NA,0,1,NA,17.5188,0.2,NA,8.1979,0.220367643,22.9092,0.1683501684,0,0,0,0,0,0
IREE_nrate,A,2012,Morris,4109,iwg,1,45.58822,-95.874869,924,11690,NA,NA,,,,NA,NA,NA,NA,NA,0,1,NA,17.5188,0.2,NA,8.1979,0.220367643,22.9092,0.1683501684,0,0,0,0,0,0
IREE_nrate,A,2012,Morris,4103,iwg,1,45.58822,-95.874869,900.9,11360,NA,NA,,,,NA,NA,NA,NA,NA,0,1,NA,17.5188,0.2,NA,8.1979,0.220367643,22.9092,0.1683501684,0,0,0,0,0,0
IREE_nrate,A,2012,Morris,4408,iwg,4,45.58822,-95.874869,1054.9,13250,NA,NA,,,,NA,NA,NA,NA,NA,0,1,NA,17.5188,0.2,NA,8.1979,0.220367643,22.9092,0.1683501684,0,0,0,0,0,0
IREE_nrate,A,2012,Morris,4301,iwg,3,45.58822,-95.874869,1001,12510,NA,NA,,,,NA,NA,NA,NA,NA,0,1,NA,17.5188,0.2,NA,8.1979,0.220367643,22.9092,0.1683501684,0,0,0,0,0,0
IREE_nrate,A,2012,Morris,4402,iwg,4,45.58822,-95.874869,1031.8,12960,NA,NA,,,,NA,NA,NA,NA,NA,0,1,NA,17.5188,0.2,NA,8.1979,0.220367643,22.9092,0.1683501684,0,0,0,0,0,0
IREE_nrate,A,2012,Morris,4208,iwg,2,45.58822,-95.874869,993.3,12470,NA,NA,,,,NA,NA,NA,NA,NA,0,1,NA,17.5188,0.2,NA,8.1979,0.220367643,22.9092,0.1683501684,0,0,0,0,0,0
IREE_nrate,A,2012,Morris,4307,iwg,3,45.58822,-95.874869,1193.5,13240,NA,NA,,,,NA,NA,NA,NA,NA,0,1,NA,17.5188,0.2,NA,8.1979,0.220367643,22.9092,0.1683501684,0,0,0,0,0,0
IREE_nrate,A,2012,Waseca,1102,iwg,1,44.06913,-93.525992,844.6,8710,NA,NA,,,,NA,NA,NA,NA,NA,0,1,NA,17.5188,0.2,NA,8.1979,0.220367643,22.9092,0.1683501684,0,0,0,0,0,0
IREE_nrate,A,2012,Waseca,1203,iwg,2,44.06913,-93.525992,902,8310,NA,NA,,,,NA,NA,NA,NA,NA,0,1,NA,17.5188,0.2,NA,8.1979,0.220367643,22.9092,0.1683501684,0,0,0,0,0,0
IREE_nrate,A,2012,Waseca,1302,iwg,3,44.06913,-93.525992,738,7740,NA,NA,,,,NA,NA,NA,NA,NA,0,1,NA,17.5188,0.2,NA,8.1979,0.220367643,22.9092,0.1683501684,0,0,0,0,0,0
IREE_nrate,A,2012,Waseca,1401,iwg,4,44.06913,-93.525992,852.8,9140,NA,NA,,,,NA,NA,NA,NA,NA,0,1,NA,17.5188,0.2,NA,8.1979,0.220367643,22.9092,0.1683501684,0,0,0,0,0,0
IREE_nrate,A,2012,Waseca,1305,iwg,3,44.06913,-93.525992,1025,12090,NA,NA,,,,NA,NA,NA,NA,NA,0,1,NA,17.5188,0.2,NA,8.1979,0.220367643,22.9092,0.1683501684,0,0,0,0,0,0
IREE_nrate,A,2012,Waseca,1111,iwg,1,44.06913,-93.525992,902,8400,NA,NA,,,,NA,NA,NA,NA,NA,0,1,NA,17.5188,0.2,NA,8.1979,0.220367643,22.9092,0.1683501684,0,0,0,0,0,0
IREE_nrate,A,2012,Waseca,1311,iwg,3,44.06913,-93.525992,828.2,7990,NA,NA,,,,NA,NA,NA,NA,NA,0,1,NA,17.5188,0.2,NA,8.1979,0.220367643,22.9092,0.1683501684,0,0,0,0,0,0
IREE_nrate,A,2012,Waseca,1410,iwg,4,44.06913,-93.525992,926.6,9570,NA,NA,,,,NA,NA,NA,NA,NA,0,1,NA,17.5188,0.2,NA,8.1979,0.220367643,22.9092,0.1683501684,0,0,0,0,0,0
IREE_nrate,A,2012,Waseca,1212,iwg,2,44.06913,-93.525992,926.6,8580,NA,NA,,,,NA,NA,NA,NA,NA,0,1,NA,17.5188,0.2,NA,8.1979,0.220367643,22.9092,0.1683501684,0,0,0,0,0,0
IREE_nrate,A,2013,Crookston,3114,iwg,1,45.58822,-95.874869,953,12600,NA,116.6024321,,,,NA,NA,NA,NA,NA,0,1,83.56523233,17.5188,0.2,NA,8.1979,0.220367643,22.9092,0.1683501684,0,0,0,0,0,0
IREE_nrate,A,2013,Crookston,3213,iwg,2,45.58822,-95.874869,640,8980,NA,124.5016765,,,,NA,NA,NA,NA,NA,0,1,81.76604078,17.5188,0.2,NA,8.1979,0.220367643,22.9092,0.1683501684,0,0,0,0,0,0
IREE_nrate,A,2013,Crookston,3303,iwg,3,45.58822,-95.874869,735,8440,NA,118.604306,,,,NA,NA,NA,NA,NA,0,1,84.57160559,17.5188,0.2,NA,8.1979,0.220367643,22.9092,0.1683501684,0,0,0,0,0,0
IREE_nrate,A,2013,Crookston,3417,iwg,4,45.58822,-95.874869,699,9300,NA,118.7540455,,,,NA,NA,NA,NA,NA,0,1,85.04415565,17.5188,0.2,NA,8.1979,0.220367643,22.9092,0.1683501684,0,0,0,0,0,0
IREE_nrate,A,2013,Crookston,3111,iwg,1,45.58822,-95.874869,822,11180,NA,121.8010589,,,,NA,NA,NA,NA,NA,40,1,82.40243752,17.5188,0.2,NA,8.1979,0.220367643,22.9092,0.1683501684,0,0,1.3476,0.02173913043,0.7861,0.02
IREE_nrate,A,2013,Crookston,3207,iwg,2,45.58822,-95.874869,964,12080,NA,124.8796123,,,,NA,NA,NA,NA,NA,40,1,79.53421525,17.5188,0.2,NA,8.1979,0.220367643,22.9092,0.1683501684,0,0,1.3476,0.02173913043,0.7861,0.02
IREE_nrate,A,2013,Crookston,3309,iwg,3,45.58822,-95.874869,647,9260,NA,117.9574265,,,,NA,NA,NA,NA,NA,40,1,78.4774552,17.5188,0.2,NA,8.1979,0.220367643,22.9092,0.1683501684,0,0,1.3476,0.02173913043,0.7861,0.02
IREE_nrate,A,2013,Crookston,3408,iwg,4,45.58822,-95.874869,804,10400,NA,118.3546577,,,,NA,NA,NA,NA,NA,40,1,79.37327088,17.5188,0.2,NA,8.1979,0.220367643,22.9092,0.1683501684,0,0,1.3476,0.02173913043,0.7861,0.02
IREE_nrate,A,2013,Crookston,3102,iwg,1,45.58822,-95.874869,964,12340,NA,120.8602778,,,,NA,NA,NA,NA,NA,80,1,80.54575145,17.5188,0.2,NA,8.1979,0.220367643,22.9092,0.1683501684,0,0,1.3476,0.02173913043,0.7861,0.02
IREE_nrate,A,2013,Crookston,3201,iwg,2,45.58822,-95.874869,884,11460,NA,133.7216866,,,,NA,NA,NA,NA,NA,80,1,72.56702942,17.5188,0.2,NA,8.1979,0.220367643,22.9092,0.1683501684,0,0,1.3476,0.02173913043,0.7861,0.02
IREE_nrate,A,2013,Crookston,3312,iwg,3,45.58822,-95.874869,852,11380,NA,126.4153125,,,,NA,NA,NA,NA,NA,80,1,76.89477303,17.5188,0.2,NA,8.1979,0.220367643,22.9092,0.1683501684,0,0,1.3476,0.02173913043,0.7861,0.02
IREE_nrate,A,2013,Crookston,3402,iwg,4,45.58822,-95.874869,993,12640,NA,121.3467475,,,,NA,NA,NA,NA,NA,80,1,83.72643237,17.5188,0.2,NA,8.1979,0.220367643,22.9092,0.1683501684,0,0,1.3476,0.02173913043,0.7861,0.02
IREE_nrate,A,2013,Crookston,3117,iwg,1,45.58822,-95.874869,936,12660,NA,127.244488,,,,NA,NA,NA,NA,NA,120,1,77.69704042,17.5188,0.2,NA,8.1979,0.220367643,22.9092,0.1683501684,0,0,1.3476,0.02173913043,0.7861,0.02
IREE_nrate,A,2013,Crookston,3216,iwg,2,45.58822,-95.874869,1014,12460,NA,100.2414228,,,,NA,NA,NA,NA,NA,120,1,90.74080627,17.5188,0.2,NA,8.1979,0.220367643,22.9092,0.1683501684,0,0,1.3476,0.02173913043,0.7861,0.02
IREE_nrate,A,2013,Crookston,3318,iwg,3,45.58822,-95.874869,735,10820,NA,121.3088693,,,,NA,NA,NA,NA,NA,120,1,77.07715795,17.5188,0.2,NA,8.1979,0.220367643,22.9092,0.1683501684,0,0,1.3476,0.02173913043,0.7861,0.02
IREE_nrate,A,2013,Crookston,3414,iwg,4,45.58822,-95.874869,628,9140,NA,134.0168393,,,,NA,NA,NA,NA,NA,120,1,72.66975295,17.5188,0.2,NA,8.1979,0.220367643,22.9092,0.1683501684,0,0,1.3476,0.02173913043,0.7861,0.02
IREE_nrate,A,2013,Crookston,3108,iwg,1,45.58822,-95.874869,822,11100,NA,126.5593431,,,,NA,NA,NA,NA,NA,160,1,78.18836258,17.5188,0.2,NA,8.1979,0.220367643,22.9092,0.1683501684,0,0,1.3476,0.02173913043,0.7861,0.02
IREE_nrate,A,2013,Crookston,3210,iwg,2,45.58822,-95.874869,767,10660,NA,122.425409,,,,NA,NA,NA,NA,NA,160,1,81.47760353,17.5188,0.2,NA,8.1979,0.220367643,22.9092,0.1683501684,0,0,1.3476,0.02173913043,0.7861,0.02
IREE_nrate,A,2013,Crookston,3306,iwg,3,45.58822,-95.874869,370,6960,NA,118.2168526,,,,NA,NA,NA,NA,NA,160,1,78.89964536,17.5188,0.2,NA,8.1979,0.220367643,22.9092,0.1683501684,0,0,1.3476,0.02173913043,0.7861,0.02
IREE_nrate,A,2013,Crookston,3411,iwg,4,45.58822,-95.874869,594,9020,NA,122.8438476,,,,NA,NA,NA,NA,NA,160,1,78.50755091,17.5188,0.2,NA,8.1979,0.220367643,22.9092,0.1683501684,0,0,1.3476,0.02173913043,0.7861,0.02
IREE_nrate,A,2013,Crookston,3105,iwg,1,45.58822,-95.874869,631,9720,NA,118.3986487,,,,NA,NA,NA,NA,NA,200,1,83.62293592,17.5188,0.2,NA,8.1979,0.220367643,22.9092,0.1683501684,0,0,1.3476,0.02173913043,0.7861,0.02
IREE_nrate,A,2013,Crookston,3204,iwg,2,45.58822,-95.874869,896,8240,NA,123.1891172,,,,NA,NA,NA,NA,NA,200,1,78.87006833,17.5188,0.2,NA,8.1979,0.220367643,22.9092,0.1683501684,0,0,1.3476,0.02173913043,0.7861,0.02
IREE_nrate,A,2013,Crookston,3315,iwg,3,45.58822,-95.874869,503,9760,NA,124.5835821,,,,NA,NA,NA,NA,NA,200,1,75.27715425,17.5188,0.2,NA,8.1979,0.220367643,22.9092,0.1683501684,0,0,1.3476,0.02173913043,0.7861,0.02
IREE_nrate,A,2013,Crookston,3405,iwg,4,45.58822,-95.874869,439,8760,NA,120.7395039,,,,NA,NA,NA,NA,NA,200,1,76.99892249,17.5188,0.2,NA,8.1979,0.220367643,22.9092,0.1683501684,0,0,1.3476,0.02173913043,0.7861,0.02
IREE_nrate,A,2013,Lamberton,2116,iwg,1,44.23621,-95.304218,839,10840,NA,118.0463124,,,,NA,NA,NA,NA,NA,0,2,83.4409959,0,0,0,8.1979,0.220367643,22.9092,0.1683501684,0,0,0,0,0.7861,0.02
IREE_nrate,A,2013,Lamberton,2211,iwg,2,44.23621,-95.304218,817,9700,NA,112.6072911,,,,NA,NA,NA,NA,NA,0,2,86.79568187,0,0,0,8.1979,0.220367643,22.9092,0.1683501684,0,0,0,0,0.7861,0.02
IREE_nrate,A,2013,Lamberton,2314,iwg,3,44.23621,-95.304218,785,11020,NA,114.4426546,,,,NA,NA,NA,NA,NA,0,2,83.89377771,0,0,0,8.1979,0.220367643,22.9092,0.1683501684,0,0,0,0,0.7861,0.02
IREE_nrate,A,2013,Lamberton,2402,iwg,4,44.23621,-95.304218,966,11240,NA,118.3001476,,,,NA,NA,NA,NA,NA,0,2,83.35384562,0,0,0,8.1979,0.220367643,22.9092,0.1683501684,0,0,0,0,0.7861,0.02
IREE_nrate,A,2013,Lamberton,2101,iwg,1,44.23621,-95.304218,1087,11820,NA,115.3302237,,,,NA,NA,NA,NA,NA,40,2,88.50296284,0,0,0,8.1979,0.220367643,22.9092,0.1683501684,0,0,1.3476,0.02173913043,0.7861,0.02
IREE_nrate,A,2013,Lamberton,2217,iwg,2,44.23621,-95.304218,981,12080,NA,117.232691,,,,NA,NA,NA,NA,NA,40,2,81.92304678,0,0,0,8.1979,0.220367643,22.9092,0.1683501684,0,0,1.3476,0.02173913043,0.7861,0.02
IREE_nrate,A,2013,Lamberton,2305,iwg,3,44.23621,-95.304218,1303,12760,NA,NA,,,,NA,NA,NA,NA,NA,40,2,NA,0,0,0,8.1979,0.220367643,22.9092,0.1683501684,0,0,1.3476,0.02173913043,0.7861,0.02
IREE_nrate,A,2013,Lamberton,2408,iwg,4,44.23621,-95.304218,1101,12220,NA,118.3046159,,,,NA,NA,NA,NA,NA,40,2,83.51460298,0,0,0,8.1979,0.220367643,22.9092,0.1683501684,0,0,1.3476,0.02173913043,0.7861,0.02
IREE_nrate,A,2013,Lamberton,2107,iwg,1,44.23621,-95.304218,1038,14860,NA,118.2958833,,,,NA,NA,NA,NA,NA,80,2,85.52615869,0,0,0,8.1979,0.220367643,22.9092,0.1683501684,0,0,1.3476,0.02173913043,0.7861,0.02
IREE_nrate,A,2013,Lamberton,2214,iwg,2,44.23621,-95.304218,1096,14600,NA,116.0146779,,,,NA,NA,NA,NA,NA,80,2,82.68218408,0,0,0,8.1979,0.220367643,22.9092,0.1683501684,0,0,1.3476,0.02173913043,0.7861,0.02
IREE_nrate,A,2013,Lamberton,2302,iwg,3,44.23621,-95.304218,1075,14080,NA,115.6451965,,,,NA,NA,NA,NA,NA,80,2,80.90966424,0,0,0,8.1979,0.220367643,22.9092,0.1683501684,0,0,1.3476,0.02173913043,0.7861,0.02
IREE_nrate,A,2013,Lamberton,2405,iwg,4,44.23621,-95.304218,923,13280,NA,116.4091743,,,,NA,NA,NA,NA,NA,80,2,82.48194749,0,0,0,8.1979,0.220367643,22.9092,0.1683501684,0,0,1.3476,0.02173913043,0.7861,0.02
IREE_nrate,A,2013,Lamberton,2104,iwg,1,44.23621,-95.304218,1352,12880,NA,111.8936118,,,,NA,NA,NA,NA,NA,120,2,88.87107952,0,0,0,8.1979,0.220367643,22.9092,0.1683501684,0,0,1.3476,0.02173913043,0.7861,0.02
IREE_nrate,A,2013,Lamberton,2202,iwg,2,44.23621,-95.304218,1241,14220,NA,NA,,,,NA,NA,NA,NA,NA,120,2,NA,0,0,0,8.1979,0.220367643,22.9092,0.1683501684,0,0,1.3476,0.02173913043,0.7861,0.02
IREE_nrate,A,2013,Lamberton,2311,iwg,3,44.23621,-95.304218,1118,10340,NA,119.4425183,,,,NA,NA,NA,NA,NA,120,2,79.76627665,0,0,0,8.1979,0.220367643,22.9092,0.1683501684,0,0,1.3476,0.02173913043,0.7861,0.02
IREE_nrate,A,2013,Lamberton,2414,iwg,4,44.23621,-95.304218,991,9660,NA,118.0169752,,,,NA,NA,NA,NA,NA,120,2,81.19620333,0,0,0,8.1979,0.220367643,22.9092,0.1683501684,0,0,1.3476,0.02173913043,0.7861,0.02
IREE_nrate,A,2013,Lamberton,2113,iwg,1,44.23621,-95.304218,848,9860,NA,137.4567117,,,,NA,NA,NA,NA,NA,160,2,73.53443765,0,0,0,8.1979,0.220367643,22.9092,0.1683501684,0,0,1.3476,0.02173913043,0.7861,0.02
IREE_nrate,A,2013,Lamberton,2205,iwg,2,44.23621,-95.304218,639,11280,NA,119.9913301,,,,NA,NA,NA,NA,NA,160,2,77.30869319,0,0,0,8.1979,0.220367643,22.9092,0.1683501684,0,0,1.3476,0.02173913043,0.7861,0.02
IREE_nrate,A,2013,Lamberton,2317,iwg,3,44.23621,-95.304218,762,12460,NA,127.8800883,,,,NA,NA,NA,NA,NA,160,2,76.51317264,0,0,0,8.1979,0.220367643,22.9092,0.1683501684,0,0,1.3476,0.02173913043,0.7861,0.02
IREE_nrate,A,2013,Lamberton,2411,iwg,4,44.23621,-95.304218,463,9120,NA,116.0906063,,,,NA,NA,NA,NA,NA,160,2,83.8830848,0,0,0,8.1979,0.220367643,22.9092,0.1683501684,0,0,1.3476,0.02173913043,0.7861,0.02
IREE_nrate,A,2013,Lamberton,2110,iwg,1,44.23621,-95.304218,515,9720,NA,119.0709855,,,,NA,NA,NA,NA,NA,200,2,79.08795042,0,0,0,8.1979,0.220367643,22.9092,0.1683501684,0,0,1.3476,0.02173913043,0.7861,0.02
IREE_nrate,A,2013,Lamberton,2208,iwg,2,44.23621,-95.304218,768,10540,NA,118.1231337,,,,NA,NA,NA,NA,NA,200,2,80.13762571,0,0,0,8.1979,0.220367643,22.9092,0.1683501684,0,0,1.3476,0.02173913043,0.7861,0.02
IREE_nrate,A,2013,Lamberton,2308,iwg,3,44.23621,-95.304218,532,11040,NA,123.5338334,,,,NA,NA,NA,NA,NA,200,2,76.35474035,0,0,0,8.1979,0.220367643,22.9092,0.1683501684,0,0,1.3476,0.02173913043,0.7861,0.02
IREE_nrate,A,2013,Lamberton,2417,iwg,4,44.23621,-95.304218,708,10840,NA,127.5391294,,,,NA,NA,NA,NA,NA,200,2,75.40551978,0,0,0,8.1979,0.220367643,22.9092,0.1683501684,0,0,1.3476,0.02173913043,0.7861,0.02
IREE_nrate,A,2013,Morris,4115,iwg,1,45.58822,-95.874869,852,11360,NA,120.2821674,,,,NA,NA,NA,NA,NA,0,2,83.21841137,0,0,0,8.1979,0.220367643,22.9092,0.1683501684,0,0,0,0,0.7861,0.02
IREE_nrate,A,2013,Morris,4202,iwg,2,45.58822,-95.874869,610,9100,NA,122.174873,,,,NA,NA,NA,NA,NA,0,2,81.25008612,0,0,0,8.1979,0.220367643,22.9092,0.1683501684,0,0,0,0,0.7861,0.02
IREE_nrate,A,2013,Morris,4313,iwg,3,45.58822,-95.874869,728,11360,NA,125.5483937,,,,NA,NA,NA,NA,NA,0,2,73.75633767,0,0,0,8.1979,0.220367643,22.9092,0.1683501684,0,0,0,0,0.7861,0.02
IREE_nrate,A,2013,Morris,4414,iwg,4,45.58822,-95.874869,744,10440,NA,115.2643985,,,,NA,NA,NA,NA,NA,0,2,86.59044826,0,0,0,8.1979,0.220367643,22.9092,0.1683501684,0,0,0,0,0.7861,0.02
IREE_nrate,A,2013,Morris,4109,iwg,1,45.58822,-95.874869,966,12100,NA,114.7561417,,,,NA,NA,NA,NA,NA,40,2,85.5621883,0,0,0,8.1979,0.220367643,22.9092,0.1683501684,0,0,1.3476,0.02173913043,0.7861,0.02
IREE_nrate,A,2013,Morris,4205,iwg,2,45.58822,-95.874869,985,12420,NA,124.0968643,,,,NA,NA,NA,NA,NA,40,2,79.38444143,0,0,0,8.1979,0.220367643,22.9092,0.1683501684,0,0,1.3476,0.02173913043,0.7861,0.02
IREE_nrate,A,2013,Morris,4304,iwg,3,45.58822,-95.874869,728,11360,NA,114.6201354,,,,NA,NA,NA,NA,NA,40,2,83.48576057,0,0,0,8.1979,0.220367643,22.9092,0.1683501684,0,0,1.3476,0.02173913043,0.7861,0.02
IREE_nrate,A,2013,Morris,4405,iwg,4,45.58822,-95.874869,936,12740,NA,113.7523165,,,,NA,NA,NA,NA,NA,40,2,87.48928845,0,0,0,8.1979,0.220367643,22.9092,0.1683501684,0,0,1.3476,0.02173913043,0.7861,0.02
IREE_nrate,A,2013,Morris,4103,iwg,1,45.58822,-95.874869,892,11140,NA,123.9574365,,,,NA,NA,NA,NA,NA,80,2,78.39333944,0,0,0,8.1979,0.220367643,22.9092,0.1683501684,0,0,1.3476,0.02173913043,0.7861,0.02
IREE_nrate,A,2013,Morris,4214,iwg,2,45.58822,-95.874869,865,12060,NA,119.6498828,,,,NA,NA,NA,NA,NA,80,2,79.08829989,0,0,0,8.1979,0.220367643,22.9092,0.1683501684,0,0,1.3476,0.02173913043,0.7861,0.02
IREE_nrate,A,2013,Morris,4310,iwg,3,45.58822,-95.874869,1035,11500,NA,121.6838667,,,,NA,NA,NA,NA,NA,80,2,79.97654074,0,0,0,8.1979,0.220367643,22.9092,0.1683501684,0,0,1.3476,0.02173913043,0.7861,0.02
IREE_nrate,A,2013,Morris,4408,iwg,4,45.58822,-95.874869,794,10360,NA,120.3689478,,,,NA,NA,NA,NA,NA,80,2,80.93257569,0,0,0,8.1979,0.220367643,22.9092,0.1683501684,0,0,1.3476,0.02173913043,0.7861,0.02
IREE_nrate,A,2013,Morris,4106,iwg,1,45.58822,-95.874869,548,10100,NA,123.239339,,,,NA,NA,NA,NA,NA,120,2,76.6049304,0,0,0,8.1979,0.220367643,22.9092,0.1683501684,0,0,1.3476,0.02173913043,0.7861,0.02
IREE_nrate,A,2013,Morris,4211,iwg,2,45.58822,-95.874869,728,11740,NA,117.7586814,,,,NA,NA,NA,NA,NA,120,2,81.88812825,0,0,0,8.1979,0.220367643,22.9092,0.1683501684,0,0,1.3476,0.02173913043,0.7861,0.02
IREE_nrate,A,2013,Morris,4301,iwg,3,45.58822,-95.874869,529,10440,NA,128.1037331,,,,NA,NA,NA,NA,NA,120,2,78.11363809,0,0,0,8.1979,0.220367643,22.9092,0.1683501684,0,0,1.3476,0.02173913043,0.7861,0.02
IREE_nrate,A,2013,Morris,4402,iwg,4,45.58822,-95.874869,958,10940,NA,129.6791291,,,,NA,NA,NA,NA,NA,120,2,75.86195547,0,0,0,8.1979,0.220367643,22.9092,0.1683501684,0,0,1.3476,0.02173913043,0.7861,0.02
IREE_nrate,A,2013,Morris,4118,iwg,1,45.58822,-95.874869,287,9060,NA,126.6919315,,,,NA,NA,NA,NA,NA,160,2,78.24807673,0,0,0,8.1979,0.220367643,22.9092,0.1683501684,0,0,1.3476,0.02173913043,0.7861,0.02
IREE_nrate,A,2013,Morris,4208,iwg,2,45.58822,-95.874869,636,11000,NA,124.436314,,,,NA,NA,NA,NA,NA,160,2,78.99536411,0,0,0,8.1979,0.220367643,22.9092,0.1683501684,0,0,1.3476,0.02173913043,0.7861,0.02
IREE_nrate,A,2013,Morris,4307,iwg,3,45.58822,-95.874869,632,12160,NA,123.8902149,,,,NA,NA,NA,NA,NA,160,2,76.87604684,0,0,0,8.1979,0.220367643,22.9092,0.1683501684,0,0,1.3476,0.02173913043,0.7861,0.02
IREE_nrate,A,2013,Morris,4411,iwg,4,45.58822,-95.874869,410,11400,NA,120.7866463,,,,NA,NA,NA,NA,NA,160,2,78.00848619,0,0,0,8.1979,0.220367643,22.9092,0.1683501684,0,0,1.3476,0.02173913043,0.7861,0.02
IREE_nrate,A,2013,Morris,4112,iwg,1,45.58822,-95.874869,331,9780,NA,125.230012,,,,NA,NA,NA,NA,NA,200,2,77.1451097,0,0,0,8.1979,0.220367643,22.9092,0.1683501684,0,0,1.3476,0.02173913043,0.7861,0.02
IREE_nrate,A,2013,Morris,4217,iwg,2,45.58822,-95.874869,484,11420,NA,122.8082386,,,,NA,NA,NA,NA,NA,200,2,77.34911167,0,0,0,8.1979,0.220367643,22.9092,0.1683501684,0,0,1.3476,0.02173913043,0.7861,0.02
IREE_nrate,A,2013,Morris,4316,iwg,3,45.58822,-95.874869,282,10000,NA,122.2391514,,,,NA,NA,NA,NA,NA,200,2,81.69544098,0,0,0,8.1979,0.220367643,22.9092,0.1683501684,0,0,1.3476,0.02173913043,0.7861,0.02
IREE_nrate,A,2013,Morris,4417,iwg,4,45.58822,-95.874869,580,10920,NA,126.7946309,,,,NA,NA,NA,NA,NA,200,2,77.07069052,0,0,0,8.1979,0.220367643,22.9092,0.1683501684,0,0,1.3476,0.02173913043,0.7861,0.02
IREE_nrate,A,2013,Roseau,5109,iwg,1,48.88007,-95.848093,523,7580,NA,124.8783859,,,,NA,NA,NA,NA,NA,0,1,79.92029861,17.5188,0.2,NA,8.1979,0.220367643,22.9092,0.1683501684,0,0,0,0,0.7861,0.02
IREE_nrate,A,2013,Roseau,5216,iwg,2,48.88007,-95.848093,590,9240,NA,124.8763381,,,,NA,NA,NA,NA,NA,0,1,79.40711883,17.5188,0.2,NA,8.1979,0.220367643,22.9092,0.1683501684,0,0,0,0,0.7861,0.02
IREE_nrate,A,2013,Roseau,5317,iwg,3,48.88007,-95.848093,607,9040,NA,127.7241877,,,,NA,NA,NA,NA,NA,0,1,79.87951454,17.5188,0.2,NA,8.1979,0.220367643,22.9092,0.1683501684,0,0,0,0,0.7861,0.02
IREE_nrate,A,2013,Roseau,5405,iwg,4,48.88007,-95.848093,540,7880,NA,130.373058,,,,NA,NA,NA,NA,NA,0,1,78.01551874,17.5188,0.2,NA,8.1979,0.220367643,22.9092,0.1683501684,0,0,0,0,0.7861,0.02
IREE_nrate,A,2013,Roseau,5115,iwg,1,48.88007,-95.848093,776,10140,NA,122.8565644,,,,NA,NA,NA,NA,NA,40,1,80.70964123,17.5188,0.2,NA,8.1979,0.220367643,22.9092,0.1683501684,0,0,1.3476,0.02173913043,0.7861,0.02
IREE_nrate,A,2013,Roseau,5201,iwg,2,48.88007,-95.848093,708,10320,NA,128.4036239,,,,NA,NA,NA,NA,NA,40,1,78.41309846,17.5188,0.2,NA,8.1979,0.220367643,22.9092,0.1683501684,0,0,1.3476,0.02173913043,0.7861,0.02
IREE_nrate,A,2013,Roseau,5311,iwg,3,48.88007,-95.848093,894,10400,NA,127.6118435,,,,NA,NA,NA,NA,NA,40,1,79.87506327,17.5188,0.2,NA,8.1979,0.220367643,22.9092,0.1683501684,0,0,1.3476,0.02173913043,0.7861,0.02
IREE_nrate,A,2013,Roseau,5411,iwg,4,48.88007,-95.848093,860,11020,NA,123.8825836,,,,NA,NA,NA,NA,NA,40,1,80.55973148,17.5188,0.2,NA,8.1979,0.220367643,22.9092,0.1683501684,0,0,1.3476,0.02173913043,0.7861,0.02
IREE_nrate,A,2013,Roseau,5106,iwg,1,48.88007,-95.848093,843,12680,NA,121.3984343,,,,NA,NA,NA,NA,NA,80,1,81.76823539,17.5188,0.2,NA,8.1979,0.220367643,22.9092,0.1683501684,0,0,1.3476,0.02173913043,0.7861,0.02
IREE_nrate,A,2013,Roseau,5207,iwg,2,48.88007,-95.848093,995,11320,NA,123.5372548,,,,NA,NA,NA,NA,NA,80,1,80.47709519,17.5188,0.2,NA,8.1979,0.220367643,22.9092,0.1683501684,0,0,1.3476,0.02173913043,0.7861,0.02
IREE_nrate,A,2013,Roseau,5305,iwg,3,48.88007,-95.848093,1113,13300,NA,130.7530502,,,,NA,NA,NA,NA,NA,80,1,76.36487689,17.5188,0.2,NA,8.1979,0.220367643,22.9092,0.1683501684,0,0,1.3476,0.02173913043,0.7861,0.02
IREE_nrate,A,2013,Roseau,5414,iwg,4,48.88007,-95.848093,1130,14600,NA,125.0342034,,,,NA,NA,NA,NA,NA,80,1,79.84175655,17.5188,0.2,NA,8.1979,0.220367643,22.9092,0.1683501684,0,0,1.3476,0.02173913043,0.7861,0.02
IREE_nrate,A,2013,Roseau,5118,iwg,1,48.88007,-95.848093,961,12140,NA,128.6579427,,,,NA,NA,NA,NA,NA,120,1,74.16684216,17.5188,0.2,NA,8.1979,0.220367643,22.9092,0.1683501684,0,0,1.3476,0.02173913043,0.7861,0.02
IREE_nrate,A,2013,Roseau,5213,iwg,2,48.88007,-95.848093,759,11840,NA,133.6903376,,,,NA,NA,NA,NA,NA,120,1,74.9669582,17.5188,0.2,NA,8.1979,0.220367643,22.9092,0.1683501684,0,0,1.3476,0.02173913043,0.7861,0.02
IREE_nrate,A,2013,Roseau,5308,iwg,3,48.88007,-95.848093,911,12060,NA,124.9526103,,,,NA,NA,NA,NA,NA,120,1,80.34176541,17.5188,0.2,NA,8.1979,0.220367643,22.9092,0.1683501684,0,0,1.3476,0.02173913043,0.7861,0.02
IREE_nrate,A,2013,Roseau,5402,iwg,4,48.88007,-95.848093,759,12260,NA,131.9298266,,,,NA,NA,NA,NA,NA,120,1,75.45551967,17.5188,0.2,NA,8.1979,0.220367643,22.9092,0.1683501684,0,0,1.3476,0.02173913043,0.7861,0.02
IREE_nrate,A,2013,Roseau,5103,iwg,1,48.88007,-95.848093,759,10540,NA,133.6317696,,,,NA,NA,NA,NA,NA,160,1,75.71730241,17.5188,0.2,NA,8.1979,0.220367643,22.9092,0.1683501684,0,0,1.3476,0.02173913043,0.7861,0.02
IREE_nrate,A,2013,Roseau,5204,iwg,2,48.88007,-95.848093,826,11740,NA,133.3074776,,,,NA,NA,NA,NA,NA,160,1,73.51776187,17.5188,0.2,NA,8.1979,0.220367643,22.9092,0.1683501684,0,0,1.3476,0.02173913043,0.7861,0.02
IREE_nrate,A,2013,Roseau,5314,iwg,3,48.88007,-95.848093,1029,11440,NA,137.8606274,,,,NA,NA,NA,NA,NA,160,1,73.08436673,17.5188,0.2,NA,8.1979,0.220367643,22.9092,0.1683501684,0,0,1.3476,0.02173913043,0.7861,0.02
IREE_nrate,A,2013,Roseau,5417,iwg,4,48.88007,-95.848093,809,12100,NA,127.7288459,,,,NA,NA,NA,NA,NA,160,1,76.36863483,17.5188,0.2,NA,8.1979,0.220367643,22.9092,0.1683501684,0,0,1.3476,0.02173913043,0.7861,0.02
IREE_nrate,A,2013,Roseau,5112,iwg,1,48.88007,-95.848093,742,10240,NA,134.0540148,,,,NA,NA,NA,NA,NA,200,1,73.14110138,17.5188,0.2,NA,8.1979,0.220367643,22.9092,0.1683501684,0,0,1.3476,0.02173913043,0.7861,0.02
IREE_nrate,A,2013,Roseau,5210,iwg,2,48.88007,-95.848093,826,10140,NA,133.6342679,,,,NA,NA,NA,NA,NA,200,1,72.71825708,17.5188,0.2,NA,8.1979,0.220367643,22.9092,0.1683501684,0,0,1.3476,0.02173913043,0.7861,0.02
IREE_nrate,A,2013,Roseau,5302,iwg,3,48.88007,-95.848093,793,10540,NA,136.7748871,,,,NA,NA,NA,NA,NA,200,1,73.98297886,17.5188,0.2,NA,8.1979,0.220367643,22.9092,0.1683501684,0,0,1.3476,0.02173913043,0.7861,0.02
IREE_nrate,A,2013,Roseau,5408,iwg,4,48.88007,-95.848093,641,10520,NA,137.898265,,,,NA,NA,NA,NA,NA,200,1,73.79767621,17.5188,0.2,NA,8.1979,0.220367643,22.9092,0.1683501684,0,0,1.3476,0.02173913043,0.7861,0.02
IREE_nrate,A,2013,Waseca,1102,iwg,1,44.06913,-93.525992,913,11760,NA,113.9213839,,,,NA,NA,NA,NA,NA,0,2,89.33998842,0,0,0,8.1979,0.220367643,22.9092,0.1683501684,0,0,0,0,0.7861,0.02
IREE_nrate,A,2013,Waseca,1203,iwg,2,44.06913,-93.525992,755,8660,NA,116.5352651,,,,NA,NA,NA,NA,NA,0,2,86.80442797,0,0,0,8.1979,0.220367643,22.9092,0.1683501684,0,0,0,0,0.7861,0.02
IREE_nrate,A,2013,Waseca,1302,iwg,3,44.06913,-93.525992,948,9960,NA,113.7865747,,,,NA,NA,NA,NA,NA,0,2,87.507,0,0,0,8.1979,0.220367643,22.9092,0.1683501684,0,0,0,0,0.7861,0.02
IREE_nrate,A,2013,Waseca,1401,iwg,4,44.06913,-93.525992,983,11080,NA,114.8588345,,,,NA,NA,NA,NA,NA,0,2,85.9631572,0,0,0,8.1979,0.220367643,22.9092,0.1683501684,0,0,0,0,0.7861,0.02
IREE_nrate,A,2013,Waseca,1105,iwg,1,44.06913,-93.525992,948,13720,NA,116.7977162,,,,NA,NA,NA,NA,NA,40,2,84.58624352,0,0,0,8.1979,0.220367643,22.9092,0.1683501684,0,0,1.3476,0.02173913043,0.7861,0.02
IREE_nrate,A,2013,Waseca,1209,iwg,2,44.06913,-93.525992,948,13820,NA,117.6308762,,,,NA,NA,NA,NA,NA,40,2,83.58338646,0,0,0,8.1979,0.220367643,22.9092,0.1683501684,0,0,1.3476,0.02173913043,0.7861,0.02
IREE_nrate,A,2013,Waseca,1305,iwg,3,44.06913,-93.525992,895,13000,NA,115.3742508,,,,NA,NA,NA,NA,NA,40,2,83.16856462,0,0,0,8.1979,0.220367643,22.9092,0.1683501684,0,0,1.3476,0.02173913043,0.7861,0.02
IREE_nrate,A,2013,Waseca,1404,iwg,4,44.06913,-93.525992,1001,12540,NA,117.7386796,,,,NA,NA,NA,NA,NA,40,2,82.23658015,0,0,0,8.1979,0.220367643,22.9092,0.1683501684,0,0,1.3476,0.02173913043,0.7861,0.02
IREE_nrate,A,2013,Waseca,1111,iwg,1,44.06913,-93.525992,1141,13800,NA,117.8674591,,,,NA,NA,NA,NA,NA,80,2,84.27976484,0,0,0,8.1979,0.220367643,22.9092,0.1683501684,0,0,1.3476,0.02173913043,0.7861,0.02
IREE_nrate,A,2013,Waseca,1215,iwg,2,44.06913,-93.525992,1141,11820,NA,119.1558629,,,,NA,NA,NA,NA,NA,80,2,83.08269009,0,0,0,8.1979,0.220367643,22.9092,0.1683501684,0,0,1.3476,0.02173913043,0.7861,0.02
IREE_nrate,A,2013,Waseca,1311,iwg,3,44.06913,-93.525992,983,12320,NA,115.0450176,,,,NA,NA,NA,NA,NA,80,2,84.34602712,0,0,0,8.1979,0.220367643,22.9092,0.1683501684,0,0,1.3476,0.02173913043,0.7861,0.02
IREE_nrate,A,2013,Waseca,1410,iwg,4,44.06913,-93.525992,966,12800,NA,121.2156272,,,,NA,NA,NA,NA,NA,80,2,78.13223981,0,0,0,8.1979,0.220367643,22.9092,0.1683501684,0,0,1.3476,0.02173913043,0.7861,0.02
IREE_nrate,A,2013,Waseca,1108,iwg,1,44.06913,-93.525992,808,11300,NA,117.2340795,,,,NA,NA,NA,NA,NA,120,2,83.03604625,0,0,0,8.1979,0.220367643,22.9092,0.1683501684,0,0,1.3476,0.02173913043,0.7861,0.02
IREE_nrate,A,2013,Waseca,1218,iwg,2,44.06913,-93.525992,808,9700,NA,116.881266,,,,NA,NA,NA,NA,NA,120,2,82.37143601,0,0,0,8.1979,0.220367643,22.9092,0.1683501684,0,0,1.3476,0.02173913043,0.7861,0.02
IREE_nrate,A,2013,Waseca,1317,iwg,3,44.06913,-93.525992,772,10740,NA,114.8860954,,,,NA,NA,NA,NA,NA,120,2,84.14697753,0,0,0,8.1979,0.220367643,22.9092,0.1683501684,0,0,1.3476,0.02173913043,0.7861,0.02
IREE_nrate,A,2013,Waseca,1416,iwg,4,44.06913,-93.525992,808,10640,NA,117.8009631,,,,NA,NA,NA,NA,NA,120,2,82.98238493,0,0,0,8.1979,0.220367643,22.9092,0.1683501684,0,0,1.3476,0.02173913043,0.7861,0.02
IREE_nrate,A,2013,Waseca,1114,iwg,1,44.06913,-93.525992,948,10580,NA,126.6039168,,,,NA,NA,NA,NA,NA,160,2,76.18606827,0,0,0,8.1979,0.220367643,22.9092,0.1683501684,0,0,1.3476,0.02173913043,0.7861,0.02
IREE_nrate,A,2013,Waseca,1206,iwg,2,44.06913,-93.525992,597,10140,NA,120.6488269,,,,NA,NA,NA,NA,NA,160,2,77.96669177,0,0,0,8.1979,0.220367643,22.9092,0.1683501684,0,0,1.3476,0.02173913043,0.7861,0.02
IREE_nrate,A,2013,Waseca,1314,iwg,3,44.06913,-93.525992,562,11160,NA,116.3890137,,,,NA,NA,NA,NA,NA,160,2,81.33664297,0,0,0,8.1979,0.220367643,22.9092,0.1683501684,0,0,1.3476,0.02173913043,0.7861,0.02
IREE_nrate,A,2013,Waseca,1413,iwg,4,44.06913,-93.525992,737,10320,NA,119.0637183,,,,NA,NA,NA,NA,NA,160,2,81.28505712,0,0,0,8.1979,0.220367643,22.9092,0.1683501684,0,0,1.3476,0.02173913043,0.7861,0.02
IREE_nrate,A,2013,Waseca,1117,iwg,1,44.06913,-93.525992,737,12220,NA,120.7598751,,,,NA,NA,NA,NA,NA,200,2,81.78233581,0,0,0,8.1979,0.220367643,22.9092,0.1683501684,0,0,1.3476,0.02173913043,0.7861,0.02
IREE_nrate,A,2013,Waseca,1212,iwg,2,44.06913,-93.525992,702,10360,NA,119.8120479,,,,NA,NA,NA,NA,NA,200,2,80.08346745,0,0,0,8.1979,0.220367643,22.9092,0.1683501684,0,0,1.3476,0.02173913043,0.7861,0.02
IREE_nrate,A,2013,Waseca,1308,iwg,3,44.06913,-93.525992,737,10360,NA,123.8278185,,,,NA,NA,NA,NA,NA,200,2,77.25241017,0,0,0,8.1979,0.220367643,22.9092,0.1683501684,0,0,1.3476,0.02173913043,0.7861,0.02
IREE_nrate,A,2013,Waseca,1407,iwg,4,44.06913,-93.525992,737,10540,NA,117.4702166,,,,NA,NA,NA,NA,NA,200,2,80.22879159,0,0,0,8.1979,0.220367643,22.9092,0.1683501684,0,0,1.3476,0.02173913043,0.7861,0.02
IREE_nrate,A,2014,Crookston,3114,iwg,1,45.58822,-95.874869,162,4886,NA,125.2659887,,,,NA,NA,NA,NA,NA,0,2,78.78320797,0,0,0,8.1979,0.220367643,22.9092,0.1683501684,0,0,0,0,0.7861,0.02
IREE_nrate,A,2014,Crookston,3213,iwg,2,45.58822,-95.874869,90,4530,NA,127.5987938,,,,NA,NA,NA,NA,NA,0,2,78.34530006,0,0,0,8.1979,0.220367643,22.9092,0.1683501684,0,0,0,0,0.7861,0.02
IREE_nrate,A,2014,Crookston,3303,iwg,3,45.58822,-95.874869,264,7370,NA,128.3062089,,,,NA,NA,NA,NA,NA,0,2,78.47412562,0,0,0,8.1979,0.220367643,22.9092,0.1683501684,0,0,0,0,0.7861,0.02
IREE_nrate,A,2014,Crookston,3417,iwg,4,45.58822,-95.874869,188,5232,NA,126.2271519,,,,NA,NA,NA,NA,NA,0,2,79.53403136,0,0,0,8.1979,0.220367643,22.9092,0.1683501684,0,0,0,0,0.7861,0.02
IREE_nrate,A,2014,Crookston,3111,iwg,1,45.58822,-95.874869,266,9474,NA,120.1083803,,,,NA,NA,NA,NA,NA,40,2,79.90885473,0,0,0,8.1979,0.220367643,22.9092,0.1683501684,0,0,1.3476,0.02173913043,0.7861,0.02
IREE_nrate,A,2014,Crookston,3207,iwg,2,45.58822,-95.874869,422,10884,NA,125.7330456,,,,NA,NA,NA,NA,NA,40,2,77.51104673,0,0,0,8.1979,0.220367643,22.9092,0.1683501684,0,0,1.3476,0.02173913043,0.7861,0.02
IREE_nrate,A,2014,Crookston,3309,iwg,3,45.58822,-95.874869,546,14414,NA,118.0301497,,,,NA,NA,NA,NA,NA,40,2,82.63309171,0,0,0,8.1979,0.220367643,22.9092,0.1683501684,0,0,1.3476,0.02173913043,0.7861,0.02
IREE_nrate,A,2014,Crookston,3408,iwg,4,45.58822,-95.874869,664,13880,NA,126.5232858,,,,NA,NA,NA,NA,NA,40,2,75.8695368,0,0,0,8.1979,0.220367643,22.9092,0.1683501684,0,0,1.3476,0.02173913043,0.7861,0.02
IREE_nrate,A,2014,Crookston,3102,iwg,1,45.58822,-95.874869,458,12988,NA,123.3882066,,,,NA,NA,NA,NA,NA,60,2,78.32961103,0,0,0,8.1979,0.220367643,22.9092,0.1683501684,0,0,1.3476,0.02173913043,0.7861,0.02
IREE_nrate,A,2014,Crookston,3201,iwg,2,45.58822,-95.874869,316,13844,NA,124.3781059,,,,NA,NA,NA,NA,NA,60,2,78.76168213,0,0,0,8.1979,0.220367643,22.9092,0.1683501684,0,0,1.3476,0.02173913043,0.7861,0.02
IREE_nrate,A,2014,Crookston,3312,iwg,3,45.58822,-95.874869,524,11496,NA,114.9150695,,,,NA,NA,NA,NA,NA,60,2,85.53103358,0,0,0,8.1979,0.220367643,22.9092,0.1683501684,0,0,1.3476,0.02173913043,0.7861,0.02
IREE_nrate,A,2014,Crookston,3402,iwg,4,45.58822,-95.874869,626,14758,NA,NA,,,,NA,NA,NA,NA,NA,60,2,NA,0,0,0,8.1979,0.220367643,22.9092,0.1683501684,0,0,1.3476,0.02173913043,0.7861,0.02
IREE_nrate,A,2014,Crookston,3117,iwg,1,45.58822,-95.874869,488,13948,NA,128.6117642,,,,NA,NA,NA,NA,NA,80,2,76.84545385,0,0,0,8.1979,0.220367643,22.9092,0.1683501684,0,0,1.3476,0.02173913043,0.7861,0.02
IREE_nrate,A,2014,Crookston,3216,iwg,2,45.58822,-95.874869,510,14586,NA,125.9949804,,,,NA,NA,NA,NA,NA,80,2,78.09524505,0,0,0,8.1979,0.220367643,22.9092,0.1683501684,0,0,1.3476,0.02173913043,0.7861,0.02
IREE_nrate,A,2014,Crookston,3318,iwg,3,45.58822,-95.874869,296,10490,NA,119.3767371,,,,NA,NA,NA,NA,NA,80,2,80.61014287,0,0,0,8.1979,0.220367643,22.9092,0.1683501684,0,0,1.3476,0.02173913043,0.7861,0.02
IREE_nrate,A,2014,Crookston,3414,iwg,4,45.58822,-95.874869,624,12948,NA,122.7947743,,,,NA,NA,NA,NA,NA,80,2,76.99544084,0,0,0,8.1979,0.220367643,22.9092,0.1683501684,0,0,1.3476,0.02173913043,0.7861,0.02
IREE_nrate,A,2014,Crookston,3108,iwg,1,45.58822,-95.874869,278,9474,NA,120.1745086,,,,NA,NA,NA,NA,NA,100,2,79.74855729,0,0,0,8.1979,0.220367643,22.9092,0.1683501684,0,0,1.3476,0.02173913043,0.7861,0.02
IREE_nrate,A,2014,Crookston,3210,iwg,2,45.58822,-95.874869,638,11230,NA,119.4694869,,,,NA,NA,NA,NA,NA,100,2,83.51480187,0,0,0,8.1979,0.220367643,22.9092,0.1683501684,0,0,1.3476,0.02173913043,0.7861,0.02
IREE_nrate,A,2014,Crookston,3306,iwg,3,45.58822,-95.874869,148,9714,NA,121.0360133,,,,NA,NA,NA,NA,NA,100,2,80.90392536,0,0,0,8.1979,0.220367643,22.9092,0.1683501684,0,0,1.3476,0.02173913043,0.7861,0.02
IREE_nrate,A,2014,Crookston,3411,iwg,4,45.58822,-95.874869,392,9816,NA,120.2920621,,,,NA,NA,NA,NA,NA,100,2,76.33783651,0,0,0,8.1979,0.220367643,22.9092,0.1683501684,0,0,1.3476,0.02173913043,0.7861,0.02
IREE_nrate,A,2014,Crookston,3105,iwg,1,45.58822,-95.874869,398,11132,NA,126.226027,,,,NA,NA,NA,NA,NA,120,2,75.96261012,0,0,0,8.1979,0.220367643,22.9092,0.1683501684,0,0,1.3476,0.02173913043,0.7861,0.02
IREE_nrate,A,2014,Crookston,3204,iwg,2,45.58822,-95.874869,314,11796,NA,121.6422308,,,,NA,NA,NA,NA,NA,120,2,80.48201325,0,0,0,8.1979,0.220367643,22.9092,0.1683501684,0,0,1.3476,0.02173913043,0.7861,0.02
IREE_nrate,A,2014,Crookston,3315,iwg,3,45.58822,-95.874869,517.2,10780,NA,114.7280298,,,,NA,NA,NA,NA,NA,120,2,80.06789553,0,0,0,8.1979,0.220367643,22.9092,0.1683501684,0,0,1.3476,0.02173913043,0.7861,0.02
IREE_nrate,A,2014,Lamberton,2116,iwg,1,44.23621,-95.304218,178,6396,NA,129.1897601,,,,NA,NA,NA,NA,NA,0,3,78.69144847,0,0,0,8.1979,0.220367643,22.9092,0.1683501684,0,0,0,0,0.7861,0.02
IREE_nrate,A,2014,Lamberton,2211,iwg,2,44.23621,-95.304218,180,10020,NA,127.861075,,,,NA,NA,NA,NA,NA,0,3,79.19707331,0,0,0,8.1979,0.220367643,22.9092,0.1683501684,0,0,0,0,0.7861,0.02
IREE_nrate,A,2014,Lamberton,2314,iwg,3,44.23621,-95.304218,196,7666,NA,131.5059699,,,,NA,NA,NA,NA,NA,0,3,74.31112768,0,0,0,8.1979,0.220367643,22.9092,0.1683501684,0,0,0,0,0.7861,0.02
IREE_nrate,A,2014,Lamberton,2402,iwg,4,44.23621,-95.304218,776,13078,NA,128.1296819,,,,NA,NA,NA,NA,NA,0,3,79.9525757,0,0,0,8.1979,0.220367643,22.9092,0.1683501684,0,0,0,0,0.7861,0.02
IREE_nrate,A,2014,Lamberton,2101,iwg,1,44.23621,-95.304218,368,12846,NA,131.6075665,,,,NA,NA,NA,NA,NA,40,3,76.82805329,0,0,0,8.1979,0.220367643,22.9092,0.1683501684,0,0,1.3476,0.02173913043,0.7861,0.02
IREE_nrate,A,2014,Lamberton,2217,iwg,2,44.23621,-95.304218,292,13168,NA,130.4793961,,,,NA,NA,NA,NA,NA,40,3,76.6024482,0,0,0,8.1979,0.220367643,22.9092,0.1683501684,0,0,1.3476,0.02173913043,0.7861,0.02
IREE_nrate,A,2014,Lamberton,2305,iwg,3,44.23621,-95.304218,314,9066,NA,127.7440352,,,,NA,NA,NA,NA,NA,40,3,73.7404368,0,0,0,8.1979,0.220367643,22.9092,0.1683501684,0,0,1.3476,0.02173913043,0.7861,0.02
IREE_nrate,A,2014,Lamberton,2408,iwg,4,44.23621,-95.304218,288,8548,NA,127.5639448,,,,NA,NA,NA,NA,NA,40,3,78.99267496,0,0,0,8.1979,0.220367643,22.9092,0.1683501684,0,0,1.3476,0.02173913043,0.7861,0.02
IREE_nrate,A,2014,Lamberton,2107,iwg,1,44.23621,-95.304218,464,11292,NA,121.2073279,,,,NA,NA,NA,NA,NA,60,3,78.37970508,0,0,0,8.1979,0.220367643,22.9092,0.1683501684,0,0,1.3476,0.02173913043,0.7861,0.02
IREE_nrate,A,2014,Lamberton,2214,iwg,2,44.23621,-95.304218,352,9338,NA,124.8184973,,,,NA,NA,NA,NA,NA,60,3,80.15278906,0,0,0,8.1979,0.220367643,22.9092,0.1683501684,0,0,1.3476,0.02173913043,0.7861,0.02
IREE_nrate,A,2014,Lamberton,2302,iwg,3,44.23621,-95.304218,762,12028,NA,120.966766,,,,NA,NA,NA,NA,NA,60,3,81.42698131,0,0,0,8.1979,0.220367643,22.9092,0.1683501684,0,0,1.3476,0.02173913043,0.7861,0.02
IREE_nrate,A,2014,Lamberton,2405,iwg,4,44.23621,-95.304218,420,11040,NA,128.0361888,,,,NA,NA,NA,NA,NA,60,3,75.63082979,0,0,0,8.1979,0.220367643,22.9092,0.1683501684,0,0,1.3476,0.02173913043,0.7861,0.02
IREE_nrate,A,2014,Lamberton,2104,iwg,1,44.23621,-95.304218,166,11006,NA,116.7736319,,,,NA,NA,NA,NA,NA,80,3,84.27712394,0,0,0,8.1979,0.220367643,22.9092,0.1683501684,0,0,1.3476,0.02173913043,0.7861,0.02
IREE_nrate,A,2014,Lamberton,2202,iwg,2,44.23621,-95.304218,516,14018,NA,125.5800732,,,,NA,NA,NA,NA,NA,80,3,79.02466146,0,0,0,8.1979,0.220367643,22.9092,0.1683501684,0,0,1.3476,0.02173913043,0.7861,0.02
IREE_nrate,A,2014,Lamberton,2311,iwg,3,44.23621,-95.304218,272,12924,NA,125.4833076,,,,NA,NA,NA,NA,NA,80,3,77.54923819,0,0,0,8.1979,0.220367643,22.9092,0.1683501684,0,0,1.3476,0.02173913043,0.7861,0.02
IREE_nrate,A,2014,Lamberton,2414,iwg,4,44.23621,-95.304218,418,10600,NA,124.0228916,,,,NA,NA,NA,NA,NA,80,3,78.64298286,0,0,0,8.1979,0.220367643,22.9092,0.1683501684,0,0,1.3476,0.02173913043,0.7861,0.02
IREE_nrate,A,2014,Lamberton,2113,iwg,1,44.23621,-95.304218,386,12980,NA,128.375419,,,,NA,NA,NA,NA,NA,100,3,75.67028851,0,0,0,8.1979,0.220367643,22.9092,0.1683501684,0,0,1.3476,0.02173913043,0.7861,0.02
IREE_nrate,A,2014,Lamberton,2205,iwg,2,44.23621,-95.304218,268,10868,NA,123.1056816,,,,NA,NA,NA,NA,NA,100,3,80.555546,0,0,0,8.1979,0.220367643,22.9092,0.1683501684,0,0,1.3476,0.02173913043,0.7861,0.02
IREE_nrate,A,2014,Lamberton,2317,iwg,3,44.23621,-95.304218,500,12886,NA,127.2788957,,,,NA,NA,NA,NA,NA,100,3,74.53607396,0,0,0,8.1979,0.220367643,22.9092,0.1683501684,0,0,1.3476,0.02173913043,0.7861,0.02
IREE_nrate,A,2014,Lamberton,2411,iwg,4,44.23621,-95.304218,440,13754,NA,137.5022379,,,,NA,NA,NA,NA,NA,100,3,66.11657041,0,0,0,8.1979,0.220367643,22.9092,0.1683501684,0,0,1.3476,0.02173913043,0.7861,0.02
IREE_nrate,A,2014,Lamberton,2110,iwg,1,44.23621,-95.304218,594,14944,NA,121.0602556,,,,NA,NA,NA,NA,NA,120,3,80.57552516,0,0,0,8.1979,0.220367643,22.9092,0.1683501684,0,0,1.3476,0.02173913043,0.7861,0.02
IREE_nrate,A,2014,Lamberton,2208,iwg,2,44.23621,-95.304218,502,13666,NA,123.3716313,,,,NA,NA,NA,NA,NA,120,3,77.24230871,0,0,0,8.1979,0.220367643,22.9092,0.1683501684,0,0,1.3476,0.02173913043,0.7861,0.02
IREE_nrate,A,2014,Lamberton,2308,iwg,3,44.23621,-95.304218,568,12630,NA,123.7774793,,,,NA,NA,NA,NA,NA,120,3,79.19806162,0,0,0,8.1979,0.220367643,22.9092,0.1683501684,0,0,1.3476,0.02173913043,0.7861,0.02
IREE_nrate,A,2014,Lamberton,2417,iwg,4,44.23621,-95.304218,380,15712,NA,134.4341252,,,,NA,NA,NA,NA,NA,120,3,75.73681776,0,0,0,8.1979,0.220367643,22.9092,0.1683501684,0,0,1.3476,0.02173913043,0.7861,0.02
IREE_nrate,A,2014,Roseau,5109,iwg,1,48.88007,-95.848093,18,4976,NA,130.1277865,,,,NA,NA,NA,NA,NA,0,2,76.59662414,0,0,0,8.1979,0.220367643,22.9092,0.1683501684,0,0,0,0,0.7861,0.02
IREE_nrate,A,2014,Roseau,5216,iwg,2,48.88007,-95.848093,32,4018,NA,128.0634632,,,,NA,NA,NA,NA,NA,0,2,79.64996342,0,0,0,8.1979,0.220367643,22.9092,0.1683501684,0,0,0,0,0.7861,0.02
IREE_nrate,A,2014,Roseau,5317,iwg,3,48.88007,-95.848093,52,5668,NA,131.9231791,,,,NA,NA,NA,NA,NA,0,2,75.82777685,0,0,0,8.1979,0.220367643,22.9092,0.1683501684,0,0,0,0,0.7861,0.02
IREE_nrate,A,2014,Roseau,5405,iwg,4,48.88007,-95.848093,14,3700,NA,130.4947576,,,,NA,NA,NA,NA,NA,0,2,76.72808314,0,0,0,8.1979,0.220367643,22.9092,0.1683501684,0,0,0,0,0.7861,0.02
IREE_nrate,A,2014,Roseau,5115,iwg,1,48.88007,-95.848093,178,10296,NA,130.2585796,,,,NA,NA,NA,NA,NA,40,2,75.51597615,0,0,0,8.1979,0.220367643,22.9092,0.1683501684,0,0,1.3476,0.02173913043,0.7861,0.02
IREE_nrate,A,2014,Roseau,5201,iwg,2,48.88007,-95.848093,316,10708,NA,129.2454748,,,,NA,NA,NA,NA,NA,40,2,78.49285296,0,0,0,8.1979,0.220367643,22.9092,0.1683501684,0,0,1.3476,0.02173913043,0.7861,0.02
IREE_nrate,A,2014,Roseau,5311,iwg,3,48.88007,-95.848093,138,7276,NA,128.5816792,,,,NA,NA,NA,NA,NA,40,2,77.56023375,0,0,0,8.1979,0.220367643,22.9092,0.1683501684,0,0,1.3476,0.02173913043,0.7861,0.02
IREE_nrate,A,2014,Roseau,5411,iwg,4,48.88007,-95.848093,100,7794,NA,128.6777403,,,,NA,NA,NA,NA,NA,40,2,76.67821199,0,0,0,8.1979,0.220367643,22.9092,0.1683501684,0,0,1.3476,0.02173913043,0.7861,0.02
IREE_nrate,A,2014,Roseau,5106,iwg,1,48.88007,-95.848093,254,10992,NA,128.2166326,,,,NA,NA,NA,NA,NA,60,2,74.33265736,0,0,0,8.1979,0.220367643,22.9092,0.1683501684,0,0,1.3476,0.02173913043,0.7861,0.02
IREE_nrate,A,2014,Roseau,5207,iwg,2,48.88007,-95.848093,252,10956,NA,125.066565,,,,NA,NA,NA,NA,NA,60,2,80.7873391,0,0,0,8.1979,0.220367643,22.9092,0.1683501684,0,0,1.3476,0.02173913043,0.7861,0.02
IREE_nrate,A,2014,Roseau,5305,iwg,3,48.88007,-95.848093,166,8980,NA,124.6709734,,,,NA,NA,NA,NA,NA,60,2,79.00868202,0,0,0,8.1979,0.220367643,22.9092,0.1683501684,0,0,1.3476,0.02173913043,0.7861,0.02
IREE_nrate,A,2014,Roseau,5414,iwg,4,48.88007,-95.848093,412,12262,NA,126.8240825,,,,NA,NA,NA,NA,NA,60,2,76.66466314,0,0,0,8.1979,0.220367643,22.9092,0.1683501684,0,0,1.3476,0.02173913043,0.7861,0.02
IREE_nrate,A,2014,Roseau,5118,iwg,1,48.88007,-95.848093,456,13780,NA,132.4323555,,,,NA,NA,NA,NA,NA,80,2,74.74131512,0,0,0,8.1979,0.220367643,22.9092,0.1683501684,0,0,1.3476,0.02173913043,0.7861,0.02
IREE_nrate,A,2014,Roseau,5213,iwg,2,48.88007,-95.848093,250,11568,NA,124.0489776,,,,NA,NA,NA,NA,NA,80,2,80.22861077,0,0,0,8.1979,0.220367643,22.9092,0.1683501684,0,0,1.3476,0.02173913043,0.7861,0.02
IREE_nrate,A,2014,Roseau,5308,iwg,3,48.88007,-95.848093,216,7190,NA,119.899921,,,,NA,NA,NA,NA,NA,80,2,79.06045806,0,0,0,8.1979,0.220367643,22.9092,0.1683501684,0,0,1.3476,0.02173913043,0.7861,0.02
IREE_nrate,A,2014,Roseau,5402,iwg,4,48.88007,-95.848093,152,13300,NA,132.113189,,,,NA,NA,NA,NA,NA,80,2,73.09974966,0,0,0,8.1979,0.220367643,22.9092,0.1683501684,0,0,1.3476,0.02173913043,0.7861,0.02
IREE_nrate,A,2014,Roseau,5103,iwg,1,48.88007,-95.848093,508,14328,NA,131.5116649,,,,NA,NA,NA,NA,NA,100,2,75.861365,0,0,0,8.1979,0.220367643,22.9092,0.1683501684,0,0,1.3476,0.02173913043,0.7861,0.02
IREE_nrate,A,2014,Roseau,5204,iwg,2,48.88007,-95.848093,186,9782,NA,123.9513658,,,,NA,NA,NA,NA,NA,100,2,79.39575059,0,0,0,8.1979,0.220367643,22.9092,0.1683501684,0,0,1.3476,0.02173913043,0.7861,0.02
IREE_nrate,A,2014,Roseau,5314,iwg,3,48.88007,-95.848093,282,12710,NA,NA,,,,NA,NA,NA,NA,NA,100,2,NA,0,0,0,8.1979,0.220367643,22.9092,0.1683501684,0,0,1.3476,0.02173913043,0.7861,0.02
IREE_nrate,A,2014,Roseau,5417,iwg,4,48.88007,-95.848093,230,9678,NA,130.7941231,,,,NA,NA,NA,NA,NA,100,2,72.45264778,0,0,0,8.1979,0.220367643,22.9092,0.1683501684,0,0,1.3476,0.02173913043,0.7861,0.02
IREE_nrate,A,2014,Roseau,5112,iwg,1,48.88007,-95.848093,396,12784,NA,NA,,,,NA,NA,NA,NA,NA,120,2,NA,0,0,0,8.1979,0.220367643,22.9092,0.1683501684,0,0,1.3476,0.02173913043,0.7861,0.02
IREE_nrate,A,2014,Roseau,5210,iwg,2,48.88007,-95.848093,278,11358,NA,123.9882373,,,,NA,NA,NA,NA,NA,120,2,79.75116371,0,0,0,8.1979,0.220367643,22.9092,0.1683501684,0,0,1.3476,0.02173913043,0.7861,0.02
IREE_nrate,A,2014,Roseau,5302,iwg,3,48.88007,-95.848093,344,13030,NA,131.0822602,,,,NA,NA,NA,NA,NA,120,2,74.27902895,0,0,0,8.1979,0.220367643,22.9092,0.1683501684,0,0,1.3476,0.02173913043,0.7861,0.02
IREE_nrate,A,2014,Roseau,5408,iwg,4,48.88007,-95.848093,184,12972,NA,123.3370837,,,,NA,NA,NA,NA,NA,120,2,75.98281676,0,0,0,8.1979,0.220367643,22.9092,0.1683501684,0,0,1.3476,0.02173913043,0.7861,0.02
IREE_nrate,A,2014,Waseca,1102,iwg,1,44.06913,-93.525992,22,5552,NA,127.9642478,,,,NA,NA,NA,NA,NA,0,3,76.12200893,0,0,0,8.1979,0.220367643,22.9092,0.1683501684,0,0,0,0,0.7861,0.02
IREE_nrate,A,2014,Waseca,1401,iwg,4,44.06913,-93.525992,64,6192,NA,127.8414834,,,,NA,NA,NA,NA,NA,0,3,78.06371116,0,0,0,8.1979,0.220367643,22.9092,0.1683501684,0,0,0,0,0.7861,0.02
IREE_nrate,A,2014,Waseca,1105,iwg,1,44.06913,-93.525992,24,8364,NA,129.8752135,,,,NA,NA,NA,NA,NA,40,3,77.25957878,0,0,0,8.1979,0.220367643,22.9092,0.1683501684,0,0,1.3476,0.02173913043,0.7861,0.02
IREE_nrate,A,2014,Waseca,1209,iwg,2,44.06913,-93.525992,22,6532,NA,132.5152165,,,,NA,NA,NA,NA,NA,40,3,75.74730602,0,0,0,8.1979,0.220367643,22.9092,0.1683501684,0,0,1.3476,0.02173913043,0.7861,0.02
IREE_nrate,A,2014,Waseca,1305,iwg,3,44.06913,-93.525992,74,7354,NA,129.2538874,,,,NA,NA,NA,NA,NA,40,3,77.41503854,0,0,0,8.1979,0.220367643,22.9092,0.1683501684,0,0,1.3476,0.02173913043,0.7861,0.02
IREE_nrate,A,2014,Waseca,1404,iwg,4,44.06913,-93.525992,20,8660,NA,133.3890256,,,,NA,NA,NA,NA,NA,40,3,75.86072715,0,0,0,8.1979,0.220367643,22.9092,0.1683501684,0,0,1.3476,0.02173913043,0.7861,0.02
IREE_nrate,A,2014,Waseca,1111,iwg,1,44.06913,-93.525992,20,10446,NA,133.3509534,,,,NA,NA,NA,NA,NA,60,3,72.38983062,0,0,0,8.1979,0.220367643,22.9092,0.1683501684,0,0,1.3476,0.02173913043,0.7861,0.02
IREE_nrate,A,2014,Waseca,1311,iwg,3,44.06913,-93.525992,32,7698,NA,137.5717519,,,,NA,NA,NA,NA,NA,60,3,72.19967142,0,0,0,8.1979,0.220367643,22.9092,0.1683501684,0,0,1.3476,0.02173913043,0.7861,0.02
IREE_nrate,A,2014,Waseca,1410,iwg,4,44.06913,-93.525992,40,8002,NA,134.574835,,,,NA,NA,NA,NA,NA,60,3,73.27111518,0,0,0,8.1979,0.220367643,22.9092,0.1683501684,0,0,1.3476,0.02173913043,0.7861,0.02
IREE_nrate,A,2014,Waseca,1108,iwg,1,44.06913,-93.525992,76,9164,NA,128.3930738,,,,NA,NA,NA,NA,NA,80,3,75.60733033,0,0,0,8.1979,0.220367643,22.9092,0.1683501684,0,0,1.3476,0.02173913043,0.7861,0.02
IREE_nrate,A,2014,Waseca,1218,iwg,2,44.06913,-93.525992,76,6938,NA,125.7075151,,,,NA,NA,NA,NA,NA,80,3,80.43815024,0,0,0,8.1979,0.220367643,22.9092,0.1683501684,0,0,1.3476,0.02173913043,0.7861,0.02
IREE_nrate,A,2014,Waseca,1317,iwg,3,44.06913,-93.525992,22,4212,NA,129.9827692,,,,NA,NA,NA,NA,NA,80,3,76.62405475,0,0,0,8.1979,0.220367643,22.9092,0.1683501684,0,0,1.3476,0.02173913043,0.7861,0.02
IREE_nrate,A,2014,Waseca,1416,iwg,4,44.06913,-93.525992,34,9344,NA,135.5375535,,,,NA,NA,NA,NA,NA,80,3,75.64458138,0,0,0,8.1979,0.220367643,22.9092,0.1683501684,0,0,1.3476,0.02173913043,0.7861,0.02
IREE_nrate,A,2014,Waseca,1114,iwg,1,44.06913,-93.525992,62,9086,NA,131.9266239,,,,NA,NA,NA,NA,NA,100,3,71.86099035,0,0,0,8.1979,0.220367643,22.9092,0.1683501684,0,0,1.3476,0.02173913043,0.7861,0.02
IREE_nrate,A,2014,Waseca,1206,iwg,2,44.06913,-93.525992,64,8782,NA,132.2734771,,,,NA,NA,NA,NA,NA,100,3,76.44359827,0,0,0,8.1979,0.220367643,22.9092,0.1683501684,0,0,1.3476,0.02173913043,0.7861,0.02
IREE_nrate,A,2014,Waseca,1314,iwg,3,44.06913,-93.525992,30,7194,NA,135.3699665,,,,NA,NA,NA,NA,NA,100,3,73.13629455,0,0,0,8.1979,0.220367643,22.9092,0.1683501684,0,0,1.3476,0.02173913043,0.7861,0.02
IREE_nrate,A,2014,Waseca,1413,iwg,4,44.06913,-93.525992,62,7762,NA,NA,,,,NA,NA,NA,NA,NA,100,3,NA,0,0,0,8.1979,0.220367643,22.9092,0.1683501684,0,0,1.3476,0.02173913043,0.7861,0.02
IREE_nrate,A,2014,Waseca,1117,iwg,1,44.06913,-93.525992,88,7628,NA,123.8056012,,,,NA,NA,NA,NA,NA,120,3,78.34096943,0,0,0,8.1979,0.220367643,22.9092,0.1683501684,0,0,1.3476,0.02173913043,0.7861,0.02
IREE_nrate,A,2014,Waseca,1212,iwg,2,44.06913,-93.525992,72,7170,NA,133.5473752,,,,NA,NA,NA,NA,NA,120,3,76.32161952,0,0,0,8.1979,0.220367643,22.9092,0.1683501684,0,0,1.3476,0.02173913043,0.7861,0.02
IREE_nrate,A,2014,Waseca,1308,iwg,3,44.06913,-93.525992,50,8630,NA,131.7934807,,,,NA,NA,NA,NA,NA,120,3,73.32572806,0,0,0,8.1979,0.220367643,22.9092,0.1683501684,0,0,1.3476,0.02173913043,0.7861,0.02
IREE_nrate,A,2014,Waseca,1407,iwg,4,44.06913,-93.525992,88,9530,NA,130.0918427,,,,NA,NA,NA,NA,NA,120,3,73.84027618,0,0,0,8.1979,0.220367643,22.9092,0.1683501684,0,0,1.3476,0.02173913043,0.7861,0.02
IREE_nrate,A,2015,Crookston,3114,iwg,1,45.58822,-95.874869,44.538,5584,NA,NA,,,,NA,NA,NA,NA,NA,0,3,NA,0,0,0,8.1979,0.220367643,22.9092,0.1683501684,0,0,0,0,0.7861,0.02
IREE_nrate,A,2015,Crookston,3213,iwg,2,45.58822,-95.874869,10.53,4406,NA,NA,,,,NA,NA,NA,NA,NA,0,3,NA,0,0,0,8.1979,0.220367643,22.9092,0.1683501684,0,0,0,0,0.7861,0.02
IREE_nrate,A,2015,Crookston,3303,iwg,3,45.58822,-95.874869,24.106,4120,NA,NA,,,,NA,NA,NA,NA,NA,0,3,NA,0,0,0,8.1979,0.220367643,22.9092,0.1683501684,0,0,0,0,0.7861,0.02
IREE_nrate,A,2015,Crookston,3417,iwg,4,45.58822,-95.874869,103.472,6494,NA,NA,,,,NA,NA,NA,NA,NA,0,3,NA,0,0,0,8.1979,0.220367643,22.9092,0.1683501684,0,0,0,0,0.7861,0.02
IREE_nrate,A,2015,Crookston,3111,iwg,1,45.58822,-95.874869,36.34,6852,NA,139.5502741,,,,NA,NA,NA,NA,NA,40,3,82.5706178,0,0,0,8.1979,0.220367643,22.9092,0.1683501684,0,0,1.3476,0.02173913043,0.7861,0.02
IREE_nrate,A,2015,Crookston,3207,iwg,2,45.58822,-95.874869,150.536,6572,NA,NA,,,,NA,NA,NA,NA,NA,40,3,NA,0,0,0,8.1979,0.220367643,22.9092,0.1683501684,0,0,1.3476,0.02173913043,0.7861,0.02
IREE_nrate,A,2015,Crookston,3309,iwg,3,45.58822,-95.874869,386.892,8626,NA,NA,,,,NA,NA,NA,NA,NA,40,3,NA,0,0,0,8.1979,0.220367643,22.9092,0.1683501684,0,0,1.3476,0.02173913043,0.7861,0.02
IREE_nrate,A,2015,Crookston,3408,iwg,4,45.58822,-95.874869,389.35,10702,NA,NA,,,,NA,NA,NA,NA,NA,40,3,NA,0,0,0,8.1979,0.220367643,22.9092,0.1683501684,0,0,1.3476,0.02173913043,0.7861,0.02
IREE_nrate,A,2015,Crookston,3102,iwg,1,45.58822,-95.874869,235.324,7202,NA,129.0913456,,,,NA,NA,NA,NA,NA,60,3,93.2562937,0,0,0,8.1979,0.220367643,22.9092,0.1683501684,0,0,1.3476,0.02173913043,0.7861,0.02
IREE_nrate,A,2015,Crookston,3201,iwg,2,45.58822,-95.874869,262.888,8068,NA,NA,,,,NA,NA,NA,NA,NA,60,3,NA,0,0,0,8.1979,0.220367643,22.9092,0.1683501684,0,0,1.3476,0.02173913043,0.7861,0.02
IREE_nrate,A,2015,Crookston,3312,iwg,3,45.58822,-95.874869,290.026,11614,NA,NA,,,,NA,NA,NA,NA,NA,60,3,NA,0,0,0,8.1979,0.220367643,22.9092,0.1683501684,0,0,1.3476,0.02173913043,0.7861,0.02
IREE_nrate,A,2015,Crookston,3402,iwg,4,45.58822,-95.874869,228.522,9184,NA,NA,,,,NA,NA,NA,NA,NA,60,3,NA,0,0,0,8.1979,0.220367643,22.9092,0.1683501684,0,0,1.3476,0.02173913043,0.7861,0.02
IREE_nrate,A,2015,Crookston,3117,iwg,1,45.58822,-95.874869,195.776,17118,NA,NA,,,,NA,NA,NA,NA,NA,80,3,NA,0,0,0,8.1979,0.220367643,22.9092,0.1683501684,0,0,1.3476,0.02173913043,0.7861,0.02
IREE_nrate,A,2015,Crookston,3216,iwg,2,45.58822,-95.874869,287.48,11522,NA,NA,,,,NA,NA,NA,NA,NA,80,3,NA,0,0,0,8.1979,0.220367643,22.9092,0.1683501684,0,0,1.3476,0.02173913043,0.7861,0.02
IREE_nrate,A,2015,Crookston,3318,iwg,3,45.58822,-95.874869,369.278,8712,NA,NA,,,,NA,NA,NA,NA,NA,80,3,NA,0,0,0,8.1979,0.220367643,22.9092,0.1683501684,0,0,1.3476,0.02173913043,0.7861,0.02
IREE_nrate,A,2015,Crookston,3414,iwg,4,45.58822,-95.874869,391.85,10182,NA,NA,,,,NA,NA,NA,NA,NA,80,3,NA,0,0,0,8.1979,0.220367643,22.9092,0.1683501684,0,0,1.3476,0.02173913043,0.7861,0.02
IREE_nrate,A,2015,Crookston,3108,iwg,1,45.58822,-95.874869,109.006,9218,NA,139.8017108,,,,NA,NA,NA,NA,NA,100,3,83.4272773,0,0,0,8.1979,0.220367643,22.9092,0.1683501684,0,0,1.3476,0.02173913043,0.7861,0.02
IREE_nrate,A,2015,Crookston,3210,iwg,2,45.58822,-95.874869,145.064,9692,NA,NA,,,,NA,NA,NA,NA,NA,100,3,NA,0,0,0,8.1979,0.220367643,22.9092,0.1683501684,0,0,1.3476,0.02173913043,0.7861,0.02
IREE_nrate,A,2015,Crookston,3306,iwg,3,45.58822,-95.874869,263.342,6806,NA,NA,,,,NA,NA,NA,NA,NA,100,3,NA,0,0,0,8.1979,0.220367643,22.9092,0.1683501684,0,0,1.3476,0.02173913043,0.7861,0.02
IREE_nrate,A,2015,Crookston,3411,iwg,4,45.58822,-95.874869,753.184,11238,NA,NA,,,,NA,NA,NA,NA,NA,100,3,NA,0,0,0,8.1979,0.220367643,22.9092,0.1683501684,0,0,1.3476,0.02173913043,0.7861,0.02
IREE_nrate,A,2015,Crookston,3105,iwg,1,45.58822,-95.874869,186.738,6888,NA,141.2089795,,,,NA,NA,NA,NA,NA,120,3,90.0975388,0,0,0,8.1979,0.220367643,22.9092,0.1683501684,0,0,1.3476,0.02173913043,0.7861,0.02
IREE_nrate,A,2015,Crookston,3204,iwg,2,45.58822,-95.874869,80.802,8270,NA,NA,,,,NA,NA,NA,NA,NA,120,3,NA,0,0,0,8.1979,0.220367643,22.9092,0.1683501684,0,0,1.3476,0.02173913043,0.7861,0.02
IREE_nrate,A,2015,Crookston,3315,iwg,3,45.58822,-95.874869,509.43,9942,NA,NA,,,,NA,NA,NA,NA,NA,120,3,NA,0,0,0,8.1979,0.220367643,22.9092,0.1683501684,0,0,1.3476,0.02173913043,0.7861,0.02
IREE_nrate,A,2015,Lamberton,2116,iwg,1,44.23621,-95.304218,38.696,8948,NA,NA,,,,NA,NA,NA,NA,NA,0,4,NA,0,0,0,8.1979,0.220367643,22.9092,0.1683501684,0,0,0,0,0.7861,0.02
IREE_nrate,A,2015,Lamberton,2211,iwg,2,44.23621,-95.304218,41.682,5200,NA,NA,,,,NA,NA,NA,NA,NA,0,4,NA,0,0,0,8.1979,0.220367643,22.9092,0.1683501684,0,0,0,0,0.7861,0.02
IREE_nrate,A,2015,Lamberton,2314,iwg,3,44.23621,-95.304218,57.308,5888,NA,NA,,,,NA,NA,NA,NA,NA,0,4,NA,0,0,0,8.1979,0.220367643,22.9092,0.1683501684,0,0,0,0,0.7861,0.02
IREE_nrate,A,2015,Lamberton,2402,iwg,4,44.23621,-95.304218,31.328,10828,NA,NA,,,,NA,NA,NA,NA,NA,0,4,NA,0,0,0,8.1979,0.220367643,22.9092,0.1683501684,0,0,0,0,0.7861,0.02
IREE_nrate,A,2015,Lamberton,2101,iwg,1,44.23621,-95.304218,26.53,10336,NA,NA,,,,NA,NA,NA,NA,NA,40,4,NA,0,0,0,8.1979,0.220367643,22.9092,0.1683501684,0,0,1.3476,0.02173913043,0.7861,0.02
IREE_nrate,A,2015,Lamberton,2217,iwg,2,44.23621,-95.304218,39.34,6472,NA,NA,,,,NA,NA,NA,NA,NA,40,4,NA,0,0,0,8.1979,0.220367643,22.9092,0.1683501684,0,0,1.3476,0.02173913043,0.7861,0.02
IREE_nrate,A,2015,Lamberton,2305,iwg,3,44.23621,-95.304218,395.646,15344,NA,NA,,,,NA,NA,NA,NA,NA,40,4,NA,0,0,0,8.1979,0.220367643,22.9092,0.1683501684,0,0,1.3476,0.02173913043,0.7861,0.02
IREE_nrate,A,2015,Lamberton,2408,iwg,4,44.23621,-95.304218,103.564,9940,NA,NA,,,,NA,NA,NA,NA,NA,40,4,NA,0,0,0,8.1979,0.220367643,22.9092,0.1683501684,0,0,1.3476,0.02173913043,0.7861,0.02
IREE_nrate,A,2015,Lamberton,2107,iwg,1,44.23621,-95.304218,218.146,12424,NA,NA,,,,NA,NA,NA,NA,NA,60,4,NA,0,0,0,8.1979,0.220367643,22.9092,0.1683501684,0,0,1.3476,0.02173913043,0.7861,0.02
IREE_nrate,A,2015,Lamberton,2214,iwg,2,44.23621,-95.304218,105.036,9704,NA,NA,,,,NA,NA,NA,NA,NA,60,4,NA,0,0,0,8.1979,0.220367643,22.9092,0.1683501684,0,0,1.3476,0.02173913043,0.7861,0.02
IREE_nrate,A,2015,Lamberton,2302,iwg,3,44.23621,-95.304218,352.586,11340,NA,NA,,,,NA,NA,NA,NA,NA,60,4,NA,0,0,0,8.1979,0.220367643,22.9092,0.1683501684,0,0,1.3476,0.02173913043,0.7861,0.02
IREE_nrate,A,2015,Lamberton,2405,iwg,4,44.23621,-95.304218,231.104,12248,NA,NA,,,,NA,NA,NA,NA,NA,60,4,NA,0,0,0,8.1979,0.220367643,22.9092,0.1683501684,0,0,1.3476,0.02173913043,0.7861,0.02
IREE_nrate,A,2015,Lamberton,2104,iwg,1,44.23621,-95.304218,145.162,12104,NA,NA,,,,NA,NA,NA,NA,NA,80,4,NA,0,0,0,8.1979,0.220367643,22.9092,0.1683501684,0,0,1.3476,0.02173913043,0.7861,0.02
IREE_nrate,A,2015,Lamberton,2202,iwg,2,44.23621,-95.304218,356.92,16052,NA,NA,,,,NA,NA,NA,NA,NA,80,4,NA,0,0,0,8.1979,0.220367643,22.9092,0.1683501684,0,0,1.3476,0.02173913043,0.7861,0.02
IREE_nrate,A,2015,Lamberton,2311,iwg,3,44.23621,-95.304218,222.78,8444,NA,NA,,,,NA,NA,NA,NA,NA,80,4,NA,0,0,0,8.1979,0.220367643,22.9092,0.1683501684,0,0,1.3476,0.02173913043,0.7861,0.02
IREE_nrate,A,2015,Lamberton,2414,iwg,4,44.23621,-95.304218,93.52,7980,NA,NA,,,,NA,NA,NA,NA,NA,80,4,NA,0,0,0,8.1979,0.220367643,22.9092,0.1683501684,0,0,1.3476,0.02173913043,0.7861,0.02
IREE_nrate,A,2015,Lamberton,2113,iwg,1,44.23621,-95.304218,196.524,10080,NA,NA,,,,NA,NA,NA,NA,NA,100,4,NA,0,0,0,8.1979,0.220367643,22.9092,0.1683501684,0,0,1.3476,0.02173913043,0.7861,0.02
IREE_nrate,A,2015,Lamberton,2317,iwg,3,44.23621,-95.304218,174.938,9360,NA,NA,,,,NA,NA,NA,NA,NA,100,4,NA,0,0,0,8.1979,0.220367643,22.9092,0.1683501684,0,0,1.3476,0.02173913043,0.7861,0.02
IREE_nrate,A,2015,Lamberton,2411,iwg,4,44.23621,-95.304218,164.93,8624,NA,NA,,,,NA,NA,NA,NA,NA,100,4,NA,0,0,0,8.1979,0.220367643,22.9092,0.1683501684,0,0,1.3476,0.02173913043,0.7861,0.02
IREE_nrate,A,2015,Lamberton,2110,iwg,1,44.23621,-95.304218,65.824,6748,NA,NA,,,,NA,NA,NA,NA,NA,120,4,NA,0,0,0,8.1979,0.220367643,22.9092,0.1683501684,0,0,1.3476,0.02173913043,0.7861,0.02
IREE_nrate,A,2015,Lamberton,2208,iwg,2,44.23621,-95.304218,211.4,12932,NA,NA,,,,NA,NA,NA,NA,NA,120,4,NA,0,0,0,8.1979,0.220367643,22.9092,0.1683501684,0,0,1.3476,0.02173913043,0.7861,0.02
IREE_nrate,A,2015,Lamberton,2308,iwg,3,44.23621,-95.304218,338.494,11452,NA,NA,,,,NA,NA,NA,NA,NA,120,4,NA,0,0,0,8.1979,0.220367643,22.9092,0.1683501684,0,0,1.3476,0.02173913043,0.7861,0.02
IREE_nrate,A,2015,Lamberton,2417,iwg,4,44.23621,-95.304218,147.546,8488,NA,NA,,,,NA,NA,NA,NA,NA,120,4,NA,0,0,0,8.1979,0.220367643,22.9092,0.1683501684,0,0,1.3476,0.02173913043,0.7861,0.02
IREE_nrate,A,2015,Morris,4115,iwg,1,45.58822,-95.874869,33.618,4452,NA,125.8617344,,,,NA,NA,NA,NA,NA,0,4,86.945849,0,0,0,8.1979,0.220367643,22.9092,0.1683501684,0,0,0,0,0.7861,0.02
IREE_nrate,A,2015,Morris,4202,iwg,2,45.58822,-95.874869,168.52,6208,NA,119.7177487,,,,NA,NA,NA,NA,NA,0,4,91.5686716,0,0,0,8.1979,0.220367643,22.9092,0.1683501684,0,0,0,0,0.7861,0.02
IREE_nrate,A,2015,Morris,4313,iwg,3,45.58822,-95.874869,36.634,4334,NA,126.5377416,,,,NA,NA,NA,NA,NA,0,4,91.0602677,0,0,0,8.1979,0.220367643,22.9092,0.1683501684,0,0,0,0,0.7861,0.02
IREE_nrate,A,2015,Morris,4414,iwg,4,45.58822,-95.874869,72.624,4520,NA,125.2607651,,,,NA,NA,NA,NA,NA,0,4,97.263188,0,0,0,8.1979,0.220367643,22.9092,0.1683501684,0,0,0,0,0.7861,0.02
IREE_nrate,A,2015,Morris,4109,iwg,1,45.58822,-95.874869,127.096,6564,NA,124.7526291,,,,NA,NA,NA,NA,NA,40,4,89.3630314,0,0,0,8.1979,0.220367643,22.9092,0.1683501684,0,0,1.3476,0.02173913043,0.7861,0.02
IREE_nrate,A,2015,Morris,4205,iwg,2,45.58822,-95.874869,91.156,6060,NA,122.2511391,,,,NA,NA,NA,NA,NA,40,4,90.9945737,0,0,0,8.1979,0.220367643,22.9092,0.1683501684,0,0,1.3476,0.02173913043,0.7861,0.02
IREE_nrate,A,2015,Morris,4304,iwg,3,45.58822,-95.874869,146.028,5672,NA,124.7915771,,,,NA,NA,NA,NA,NA,40,4,96.7469041,0,0,0,8.1979,0.220367643,22.9092,0.1683501684,0,0,1.3476,0.02173913043,0.7861,0.02
IREE_nrate,A,2015,Morris,4405,iwg,4,45.58822,-95.874869,102.496,7374,NA,126.0090262,,,,NA,NA,NA,NA,NA,40,4,91.8266969,0,0,0,8.1979,0.220367643,22.9092,0.1683501684,0,0,1.3476,0.02173913043,0.7861,0.02
IREE_nrate,A,2015,Morris,4103,iwg,1,45.58822,-95.874869,267.51,8428,NA,126.4044764,,,,NA,NA,NA,NA,NA,60,4,93.4183286,0,0,0,8.1979,0.220367643,22.9092,0.1683501684,0,0,1.3476,0.02173913043,0.7861,0.02
IREE_nrate,A,2015,Morris,4214,iwg,2,45.58822,-95.874869,270.278,9336,NA,120.408535,,,,NA,NA,NA,NA,NA,60,4,90.952678,0,0,0,8.1979,0.220367643,22.9092,0.1683501684,0,0,1.3476,0.02173913043,0.7861,0.02
IREE_nrate,A,2015,Morris,4310,iwg,3,45.58822,-95.874869,184.536,8636,NA,125.4162797,,,,NA,NA,NA,NA,NA,60,4,95.4825659,0,0,0,8.1979,0.220367643,22.9092,0.1683501684,0,0,1.3476,0.02173913043,0.7861,0.02
IREE_nrate,A,2015,Morris,4408,iwg,4,45.58822,-95.874869,25.31,6690,NA,121.0597807,,,,NA,NA,NA,NA,NA,60,4,96.2700974,0,0,0,8.1979,0.220367643,22.9092,0.1683501684,0,0,1.3476,0.02173913043,0.7861,0.02
IREE_nrate,A,2015,Morris,4106,iwg,1,45.58822,-95.874869,82.138,6952,NA,120.678764,,,,NA,NA,NA,NA,NA,80,4,92.0382294,0,0,0,8.1979,0.220367643,22.9092,0.1683501684,0,0,1.3476,0.02173913043,0.7861,0.02
IREE_nrate,A,2015,Morris,4211,iwg,2,45.58822,-95.874869,162.602,9828,NA,129.4065032,,,,NA,NA,NA,NA,NA,80,4,90.65394,0,0,0,8.1979,0.220367643,22.9092,0.1683501684,0,0,1.3476,0.02173913043,0.7861,0.02
IREE_nrate,A,2015,Morris,4301,iwg,3,45.58822,-95.874869,161.4,6952,NA,122.3471726,,,,NA,NA,NA,NA,NA,80,4,108.9121054,0,0,0,8.1979,0.220367643,22.9092,0.1683501684,0,0,1.3476,0.02173913043,0.7861,0.02
IREE_nrate,A,2015,Morris,4402,iwg,4,45.58822,-95.874869,153.75,7530,NA,123.4050135,,,,NA,NA,NA,NA,NA,80,4,104.5379018,0,0,0,8.1979,0.220367643,22.9092,0.1683501684,0,0,1.3476,0.02173913043,0.7861,0.02
IREE_nrate,A,2015,Morris,4118,iwg,1,45.58822,-95.874869,81.386,7998,NA,126.9224253,,,,NA,NA,NA,NA,NA,100,4,97.1350334,0,0,0,8.1979,0.220367643,22.9092,0.1683501684,0,0,1.3476,0.02173913043,0.7861,0.02
IREE_nrate,A,2015,Morris,4208,iwg,2,45.58822,-95.874869,146.406,10562,NA,132.461966,,,,NA,NA,NA,NA,NA,100,4,91.9200324,0,0,0,8.1979,0.220367643,22.9092,0.1683501684,0,0,1.3476,0.02173913043,0.7861,0.02
IREE_nrate,A,2015,Morris,4307,iwg,3,45.58822,-95.874869,135.566,9360,NA,127.7042875,,,,NA,NA,NA,NA,NA,100,4,102.5598188,0,0,0,8.1979,0.220367643,22.9092,0.1683501684,0,0,1.3476,0.02173913043,0.7861,0.02
IREE_nrate,A,2015,Morris,4411,iwg,4,45.58822,-95.874869,189.654,10502,NA,131.5073062,,,,NA,NA,NA,NA,NA,100,4,94.422437,0,0,0,8.1979,0.220367643,22.9092,0.1683501684,0,0,1.3476,0.02173913043,0.7861,0.02
IREE_nrate,A,2015,Morris,4112,iwg,1,45.58822,-95.874869,188.34,11132,NA,132.5779985,,,,NA,NA,NA,NA,NA,120,4,97.9772175,0,0,0,8.1979,0.220367643,22.9092,0.1683501684,0,0,1.3476,0.02173913043,0.7861,0.02
IREE_nrate,A,2015,Morris,4217,iwg,2,45.58822,-95.874869,67.456,8666,NA,118.686728,,,,NA,NA,NA,NA,NA,120,4,97.9295079,0,0,0,8.1979,0.220367643,22.9092,0.1683501684,0,0,1.3476,0.02173913043,0.7861,0.02
IREE_nrate,A,2015,Morris,4316,iwg,3,45.58822,-95.874869,68.136,11544,NA,120.216552,,,,NA,NA,NA,NA,NA,120,4,101.7366987,0,0,0,8.1979,0.220367643,22.9092,0.1683501684,0,0,1.3476,0.02173913043,0.7861,0.02
IREE_nrate,A,2015,Morris,4417,iwg,4,45.58822,-95.874869,215.172,8116,NA,121.5548731,,,,NA,NA,NA,NA,NA,120,4,104.8171569,0,0,0,8.1979,0.220367643,22.9092,0.1683501684,0,0,1.3476,0.02173913043,0.7861,0.02
IREE_nrate,A,2015,Roseau,5109,iwg,1,48.88007,-95.848093,56.82,4876,NA,123.7876569,,,,NA,NA,NA,NA,NA,0,3,88.4682572,0,0,0,8.1979,0.220367643,22.9092,0.1683501684,0,0,0,0,0.7861,0.02
IREE_nrate,A,2015,Roseau,5216,iwg,2,48.88007,-95.848093,71.594,3428,NA,119.5726389,,,,NA,NA,NA,NA,NA,0,3,90.7164943,0,0,0,8.1979,0.220367643,22.9092,0.1683501684,0,0,0,0,0.7861,0.02
IREE_nrate,A,2015,Roseau,5317,iwg,3,48.88007,-95.848093,159.058,5362,NA,119.9889267,,,,NA,NA,NA,NA,NA,0,3,93.1820893,0,0,0,8.1979,0.220367643,22.9092,0.1683501684,0,0,0,0,0.7861,0.02
IREE_nrate,A,2015,Roseau,5405,iwg,4,48.88007,-95.848093,70.002,4130,NA,116.5766489,,,,NA,NA,NA,NA,NA,0,3,92.9872403,0,0,0,8.1979,0.220367643,22.9092,0.1683501684,0,0,0,0,0.7861,0.02
IREE_nrate,A,2015,Roseau,5115,iwg,1,48.88007,-95.848093,92.144,5208,NA,125.3719422,,,,NA,NA,NA,NA,NA,40,3,88.9778725,0,0,0,8.1979,0.220367643,22.9092,0.1683501684,0,0,1.3476,0.02173913043,0.7861,0.02
IREE_nrate,A,2015,Roseau,5201,iwg,2,48.88007,-95.848093,283.356,8020,NA,120.3882944,,,,NA,NA,NA,NA,NA,40,3,94.0907737,0,0,0,8.1979,0.220367643,22.9092,0.1683501684,0,0,1.3476,0.02173913043,0.7861,0.02
IREE_nrate,A,2015,Roseau,5311,iwg,3,48.88007,-95.848093,94.738,4034,NA,117.1872955,,,,NA,NA,NA,NA,NA,40,3,95.3199543,0,0,0,8.1979,0.220367643,22.9092,0.1683501684,0,0,1.3476,0.02173913043,0.7861,0.02
IREE_nrate,A,2015,Roseau,5411,iwg,4,48.88007,-95.848093,55.158,4836,NA,117.867129,,,,NA,NA,NA,NA,NA,40,3,96.4384606,0,0,0,8.1979,0.220367643,22.9092,0.1683501684,0,0,1.3476,0.02173913043,0.7861,0.02
IREE_nrate,A,2015,Roseau,5106,iwg,1,48.88007,-95.848093,224.348,10498,NA,117.5560214,,,,NA,NA,NA,NA,NA,60,3,94.0890473,0,0,0,8.1979,0.220367643,22.9092,0.1683501684,0,0,1.3476,0.02173913043,0.7861,0.02
IREE_nrate,A,2015,Roseau,5207,iwg,2,48.88007,-95.848093,157.958,8192,NA,123.357351,,,,NA,NA,NA,NA,NA,60,3,93.3813727,0,0,0,8.1979,0.220367643,22.9092,0.1683501684,0,0,1.3476,0.02173913043,0.7861,0.02
IREE_nrate,A,2015,Roseau,5305,iwg,3,48.88007,-95.848093,478.022,10104,NA,119.3795794,,,,NA,NA,NA,NA,NA,60,3,101.1565222,0,0,0,8.1979,0.220367643,22.9092,0.1683501684,0,0,1.3476,0.02173913043,0.7861,0.02
IREE_nrate,A,2015,Roseau,5414,iwg,4,48.88007,-95.848093,208.946,6544,NA,114.4692358,,,,NA,NA,NA,NA,NA,60,3,100.4801111,0,0,0,8.1979,0.220367643,22.9092,0.1683501684,0,0,1.3476,0.02173913043,0.7861,0.02
IREE_nrate,A,2015,Roseau,5118,iwg,1,48.88007,-95.848093,183.714,7588,NA,121.7961433,,,,NA,NA,NA,NA,NA,80,3,100.1868835,0,0,0,8.1979,0.220367643,22.9092,0.1683501684,0,0,1.3476,0.02173913043,0.7861,0.02
IREE_nrate,A,2015,Roseau,5213,iwg,2,48.88007,-95.848093,230.852,7030,NA,120.3038535,,,,NA,NA,NA,NA,NA,80,3,97.420187,0,0,0,8.1979,0.220367643,22.9092,0.1683501684,0,0,1.3476,0.02173913043,0.7861,0.02
IREE_nrate,A,2015,Roseau,5308,iwg,3,48.88007,-95.848093,398.422,11996,NA,114.9312617,,,,NA,NA,NA,NA,NA,80,3,101.6087986,0,0,0,8.1979,0.220367643,22.9092,0.1683501684,0,0,1.3476,0.02173913043,0.7861,0.02
IREE_nrate,A,2015,Roseau,5402,iwg,4,48.88007,-95.848093,438.176,11418,NA,120.3155372,,,,NA,NA,NA,NA,NA,80,3,99.6952623,0,0,0,8.1979,0.220367643,22.9092,0.1683501684,0,0,1.3476,0.02173913043,0.7861,0.02
IREE_nrate,A,2015,Roseau,5103,iwg,1,48.88007,-95.848093,362.06,11764,NA,119.0188545,,,,NA,NA,NA,NA,NA,100,3,96.6291592,0,0,0,8.1979,0.220367643,22.9092,0.1683501684,0,0,1.3476,0.02173913043,0.7861,0.02
IREE_nrate,A,2015,Roseau,5204,iwg,2,48.88007,-95.848093,231.416,7980,NA,121.3293934,,,,NA,NA,NA,NA,NA,100,3,96.8583461,0,0,0,8.1979,0.220367643,22.9092,0.1683501684,0,0,1.3476,0.02173913043,0.7861,0.02
IREE_nrate,A,2015,Roseau,5314,iwg,3,48.88007,-95.848093,216.844,7810,NA,113.9210075,,,,NA,NA,NA,NA,NA,100,3,107.717733,0,0,0,8.1979,0.220367643,22.9092,0.1683501684,0,0,1.3476,0.02173913043,0.7861,0.02
IREE_nrate,A,2015,Roseau,5417,iwg,4,48.88007,-95.848093,323.028,7764,NA,110.4159815,,,,NA,NA,NA,NA,NA,100,3,108.7863687,0,0,0,8.1979,0.220367643,22.9092,0.1683501684,0,0,1.3476,0.02173913043,0.7861,0.02
IREE_nrate,A,2015,Roseau,5112,iwg,1,48.88007,-95.848093,95.658,6150,NA,122.1883598,,,,NA,NA,NA,NA,NA,120,3,100.6569926,0,0,0,8.1979,0.220367643,22.9092,0.1683501684,0,0,1.3476,0.02173913043,0.7861,0.02
IREE_nrate,A,2015,Roseau,5210,iwg,2,48.88007,-95.848093,282.51,9344,NA,124.6265047,,,,NA,NA,NA,NA,NA,120,3,94.0590991,0,0,0,8.1979,0.220367643,22.9092,0.1683501684,0,0,1.3476,0.02173913043,0.7861,0.02
IREE_nrate,A,2015,Roseau,5302,iwg,3,48.88007,-95.848093,423.842,9308,NA,111.700668,,,,NA,NA,NA,NA,NA,120,3,108.6734971,0,0,0,8.1979,0.220367643,22.9092,0.1683501684,0,0,1.3476,0.02173913043,0.7861,0.02
IREE_nrate,A,2015,Roseau,5408,iwg,4,48.88007,-95.848093,317.266,6292,NA,117.8618239,,,,NA,NA,NA,NA,NA,120,3,103.8566706,0,0,0,8.1979,0.220367643,22.9092,0.1683501684,0,0,1.3476,0.02173913043,0.7861,0.02
IREE_nrate,A,2015,Waseca,1102,iwg,1,44.06913,-93.525992,7.836,5080,NA,NA,,,,NA,NA,NA,NA,NA,0,4,NA,0,0,0,8.1979,0.220367643,22.9092,0.1683501684,0,0,0,0,0.7861,0.02
IREE_nrate,A,2015,Waseca,1203,iwg,2,44.06913,-93.525992,27.32,4400,NA,NA,,,,NA,NA,NA,NA,NA,0,4,NA,0,0,0,8.1979,0.220367643,22.9092,0.1683501684,0,0,0,0,0.7861,0.02
IREE_nrate,A,2015,Waseca,1302,iwg,3,44.06913,-93.525992,32.514,NA,NA,NA,,,,NA,NA,NA,NA,NA,0,4,NA,0,0,0,8.1979,0.220367643,22.9092,0.1683501684,0,0,0,0,0.7861,0.02
IREE_nrate,A,2015,Waseca,1401,iwg,4,44.06913,-93.525992,17.496,4160,NA,NA,,,,NA,NA,NA,NA,NA,0,4,NA,0,0,0,8.1979,0.220367643,22.9092,0.1683501684,0,0,0,0,0.7861,0.02
IREE_nrate,A,2015,Waseca,1105,iwg,1,44.06913,-93.525992,91.882,7680,NA,NA,,,,NA,NA,NA,NA,NA,40,4,NA,0,0,0,8.1979,0.220367643,22.9092,0.1683501684,0,0,1.3476,0.02173913043,0.7861,0.02
IREE_nrate,A,2015,Waseca,1209,iwg,2,44.06913,-93.525992,66.202,5800,NA,NA,,,,NA,NA,NA,NA,NA,40,4,NA,0,0,0,8.1979,0.220367643,22.9092,0.1683501684,0,0,1.3476,0.02173913043,0.7861,0.02
IREE_nrate,A,2015,Waseca,1305,iwg,3,44.06913,-93.525992,111.618,6040,NA,NA,,,,NA,NA,NA,NA,NA,40,4,NA,0,0,0,8.1979,0.220367643,22.9092,0.1683501684,0,0,1.3476,0.02173913043,0.7861,0.02
IREE_nrate,A,2015,Waseca,1404,iwg,4,44.06913,-93.525992,119.512,7480,NA,NA,,,,NA,NA,NA,NA,NA,40,4,NA,0,0,0,8.1979,0.220367643,22.9092,0.1683501684,0,0,1.3476,0.02173913043,0.7861,0.02
IREE_nrate,A,2015,Waseca,1111,iwg,1,44.06913,-93.525992,43.776,7360,NA,NA,,,,NA,NA,NA,NA,NA,60,4,NA,0,0,0,8.1979,0.220367643,22.9092,0.1683501684,0,0,1.3476,0.02173913043,0.7861,0.02
IREE_nrate,A,2015,Waseca,1215,iwg,2,44.06913,-93.525992,89.298,4920,NA,NA,,,,NA,NA,NA,NA,NA,60,4,NA,0,0,0,8.1979,0.220367643,22.9092,0.1683501684,0,0,1.3476,0.02173913043,0.7861,0.02
IREE_nrate,A,2015,Waseca,1311,iwg,3,44.06913,-93.525992,83.598,7640,NA,NA,,,,NA,NA,NA,NA,NA,60,4,NA,0,0,0,8.1979,0.220367643,22.9092,0.1683501684,0,0,1.3476,0.02173913043,0.7861,0.02
IREE_nrate,A,2015,Waseca,1410,iwg,4,44.06913,-93.525992,125.114,7960,NA,NA,,,,NA,NA,NA,NA,NA,60,4,NA,0,0,0,8.1979,0.220367643,22.9092,0.1683501684,0,0,1.3476,0.02173913043,0.7861,0.02
IREE_nrate,A,2015,Waseca,1108,iwg,1,44.06913,-93.525992,72.46,7320,NA,NA,,,,NA,NA,NA,NA,NA,80,4,NA,0,0,0,8.1979,0.220367643,22.9092,0.1683501684,0,0,1.3476,0.02173913043,0.7861,0.02
IREE_nrate,A,2015,Waseca,1218,iwg,2,44.06913,-93.525992,46.858,6800,NA,NA,,,,NA,NA,NA,NA,NA,80,4,NA,0,0,0,8.1979,0.220367643,22.9092,0.1683501684,0,0,1.3476,0.02173913043,0.7861,0.02
IREE_nrate,A,2015,Waseca,1317,iwg,3,44.06913,-93.525992,31.65,6400,NA,NA,,,,NA,NA,NA,NA,NA,80,4,NA,0,0,0,8.1979,0.220367643,22.9092,0.1683501684,0,0,1.3476,0.02173913043,0.7861,0.02
IREE_nrate,A,2015,Waseca,1416,iwg,4,44.06913,-93.525992,115.602,8560,NA,NA,,,,NA,NA,NA,NA,NA,80,4,NA,0,0,0,8.1979,0.220367643,22.9092,0.1683501684,0,0,1.3476,0.02173913043,0.7861,0.02
IREE_nrate,A,2015,Waseca,1114,iwg,1,44.06913,-93.525992,57.32,5344,NA,NA,,,,NA,NA,NA,NA,NA,100,4,NA,0,0,0,8.1979,0.220367643,22.9092,0.1683501684,0,0,1.3476,0.02173913043,0.7861,0.02
IREE_nrate,A,2015,Waseca,1206,iwg,2,44.06913,-93.525992,49.282,7120,NA,NA,,,,NA,NA,NA,NA,NA,100,4,NA,0,0,0,8.1979,0.220367643,22.9092,0.1683501684,0,0,1.3476,0.02173913043,0.7861,0.02
IREE_nrate,A,2015,Waseca,1314,iwg,3,44.06913,-93.525992,181.284,8160,NA,NA,,,,NA,NA,NA,NA,NA,100,4,NA,0,0,0,8.1979,0.220367643,22.9092,0.1683501684,0,0,1.3476,0.02173913043,0.7861,0.02
IREE_nrate,A,2015,Waseca,1413,iwg,4,44.06913,-93.525992,39.346,8920,NA,NA,,,,NA,NA,NA,NA,NA,100,4,NA,0,0,0,8.1979,0.220367643,22.9092,0.1683501684,0,0,1.3476,0.02173913043,0.7861,0.02
IREE_nrate,A,2015,Waseca,1117,iwg,1,44.06913,-93.525992,70.85,8116,NA,NA,,,,NA,NA,NA,NA,NA,120,4,NA,0,0,0,8.1979,0.220367643,22.9092,0.1683501684,0,0,1.3476,0.02173913043,0.7861,0.02
IREE_nrate,A,2015,Waseca,1212,iwg,2,44.06913,-93.525992,34.572,5920,NA,NA,,,,NA,NA,NA,NA,NA,120,4,NA,0,0,0,8.1979,0.220367643,22.9092,0.1683501684,0,0,1.3476,0.02173913043,0.7861,0.02
IREE_nrate,A,2015,Waseca,1308,iwg,3,44.06913,-93.525992,105.99,10320,NA,NA,,,,NA,NA,NA,NA,NA,120,4,NA,0,0,0,8.1979,0.220367643,22.9092,0.1683501684,0,0,1.3476,0.02173913043,0.7861,0.02
IREE_nrate,A,2015,Waseca,1407,iwg,4,44.06913,-93.525992,160.068,8480,NA,NA,,,,NA,NA,NA,NA,NA,120,4,NA,0,0,0,8.1979,0.220367643,22.9092,0.1683501684,0,0,1.3476,0.02173913043,0.7861,0.02
IREE_legume,B,2013,Crookston,3114,iwg,1,45.58822,-95.874869,747,9060,NA,NA,,,,NA,NA,NA,1.17,NA,0,1,NA,17.5188,0.2,NA,8.1979,0.220367643,22.9092,0.1683501684,0,0,0,0,0.7861,0.02
IREE_legume,B,2013,Crookston,3209,iwg,2,45.58822,-95.874869,1097,11860,NA,NA,,,,NA,NA,NA,1.17,NA,0,1,NA,17.5188,0.2,NA,8.1979,0.220367643,22.9092,0.1683501684,0,0,0,0,0.7861,0.02
IREE_legume,B,2013,Crookston,3318,iwg,3,45.58822,-95.874869,928,11220,NA,NA,,,,NA,NA,NA,1.17,NA,0,1,NA,17.5188,0.2,NA,8.1979,0.220367643,22.9092,0.1683501684,0,0,0,0,0.7861,0.02
IREE_legume,B,2013,Crookston,3411,iwg,4,45.58822,-95.874869,905,11440,NA,NA,,,,NA,NA,NA,1.17,NA,0,1,NA,17.5188,0.2,NA,8.1979,0.220367643,22.9092,0.1683501684,0,0,0,0,0.7861,0.02
IREE_legume,B,2013,Crookston,3119,iwg,1,45.58822,-95.874869,955,11460,NA,NA,,,,NA,NA,NA,NA,NA,80,1,NA,17.5188,0.2,NA,8.1979,0.220367643,22.9092,0.1683501684,0,0,1.3476,0.02173913043,0.7861,0.02
IREE_legume,B,2013,Crookston,3219,iwg,2,45.58822,-95.874869,918,12400,NA,NA,,,,NA,NA,NA,NA,NA,80,1,NA,17.5188,0.2,NA,8.1979,0.220367643,22.9092,0.1683501684,0,0,1.3476,0.02173913043,0.7861,0.02
IREE_legume,B,2013,Crookston,3303,iwg,3,45.58822,-95.874869,1172,12800,NA,NA,,,,NA,NA,NA,NA,NA,80,1,NA,17.5188,0.2,NA,8.1979,0.220367643,22.9092,0.1683501684,0,0,1.3476,0.02173913043,0.7861,0.02
IREE_legume,B,2013,Crookston,3401,iwg,4,45.58822,-95.874869,877,10340,NA,NA,,,,NA,NA,NA,NA,NA,80,1,NA,17.5188,0.2,NA,8.1979,0.220367643,22.9092,0.1683501684,0,0,1.3476,0.02173913043,0.7861,0.02
IREE_legume,B,2013,Crookston,3104,iwg,1,45.58822,-95.874869,902,9000,NA,NA,,,,NA,NA,NA,11.96,NA,160,1,NA,17.5188,0.2,NA,8.1979,0.220367643,22.9092,0.1683501684,0,0,1.3476,0.02173913043,0.7861,0.02
IREE_legume,B,2013,Crookston,3214,iwg,2,45.58822,-95.874869,943,11420,NA,NA,,,,NA,NA,NA,11.96,NA,160,1,NA,17.5188,0.2,NA,8.1979,0.220367643,22.9092,0.1683501684,0,0,1.3476,0.02173913043,0.7861,0.02
IREE_legume,B,2013,Crookston,3313,iwg,3,45.58822,-95.874869,788,11180,NA,NA,,,,NA,NA,NA,11.96,NA,160,1,NA,17.5188,0.2,NA,8.1979,0.220367643,22.9092,0.1683501684,0,0,1.3476,0.02173913043,0.7861,0.02
IREE_legume,B,2013,Crookston,3421,iwg,4,45.58822,-95.874869,891,11780,NA,NA,,,,NA,NA,NA,11.96,NA,160,1,NA,17.5188,0.2,NA,8.1979,0.220367643,22.9092,0.1683501684,0,0,1.3476,0.02173913043,0.7861,0.02
IREE_legume,B,2013,Lamberton,2121,iwg,1,44.23621,-95.304218,807,10640,NA,NA,,,,NA,NA,NA,1.01,NA,0,2,NA,0,0,0,8.1979,0.220367643,22.9092,0.1683501684,0,0,0,0,0.7861,0.02
IREE_legume,B,2013,Lamberton,2223,iwg,2,44.23621,-95.304218,1034,11220,NA,NA,,,,NA,NA,NA,1.01,NA,0,2,NA,0,0,0,8.1979,0.220367643,22.9092,0.1683501684,0,0,0,0,0.7861,0.02
IREE_legume,B,2013,Lamberton,2324,iwg,3,44.23621,-95.304218,963,11060,NA,NA,,,,NA,NA,NA,1.01,NA,0,2,NA,0,0,0,8.1979,0.220367643,22.9092,0.1683501684,0,0,0,0,0.7861,0.02
IREE_legume,B,2013,Lamberton,2407,iwg,4,44.23621,-95.304218,901,9840,NA,NA,,,,NA,NA,NA,1.01,NA,0,2,NA,0,0,0,8.1979,0.220367643,22.9092,0.1683501684,0,0,0,0,0.7861,0.02
IREE_legume,B,2013,Lamberton,2116,iwg,1,44.23621,-95.304218,1026,12260,NA,NA,,,,NA,NA,NA,NA,NA,80,2,NA,0,0,0,8.1979,0.220367643,22.9092,0.1683501684,0,0,1.3476,0.02173913043,0.7861,0.02
IREE_legume,B,2013,Lamberton,2203,iwg,2,44.23621,-95.304218,984,13600,NA,NA,,,,NA,NA,NA,NA,NA,80,2,NA,0,0,0,8.1979,0.220367643,22.9092,0.1683501684,0,0,1.3476,0.02173913043,0.7861,0.02
IREE_legume,B,2013,Lamberton,2319,iwg,3,44.23621,-95.304218,1166,12820,NA,NA,,,,NA,NA,NA,NA,NA,80,2,NA,0,0,0,8.1979,0.220367643,22.9092,0.1683501684,0,0,1.3476,0.02173913043,0.7861,0.02
IREE_legume,B,2013,Lamberton,2417,iwg,4,44.23621,-95.304218,1268,14140,NA,NA,,,,NA,NA,NA,NA,NA,80,2,NA,0,0,0,8.1979,0.220367643,22.9092,0.1683501684,0,0,1.3476,0.02173913043,0.7861,0.02
IREE_legume,B,2013,Lamberton,2111,iwg,1,44.23621,-95.304218,489,11120,NA,NA,,,,NA,NA,NA,15.45,NA,160,2,NA,0,0,0,8.1979,0.220367643,22.9092,0.1683501684,0,0,1.3476,0.02173913043,0.7861,0.02
IREE_legume,B,2013,Lamberton,2213,iwg,2,44.23621,-95.304218,691,10760,NA,NA,,,,NA,NA,NA,15.45,NA,160,2,NA,0,0,0,8.1979,0.220367643,22.9092,0.1683501684,0,0,1.3476,0.02173913043,0.7861,0.02
IREE_legume,B,2013,Lamberton,2304,iwg,3,44.23621,-95.304218,748,10960,NA,NA,,,,NA,NA,NA,15.45,NA,160,2,NA,0,0,0,8.1979,0.220367643,22.9092,0.1683501684,0,0,1.3476,0.02173913043,0.7861,0.02
IREE_legume,B,2013,Lamberton,2422,iwg,4,44.23621,-95.304218,698,11420,NA,NA,,,,NA,NA,NA,15.45,NA,160,2,NA,0,0,0,8.1979,0.220367643,22.9092,0.1683501684,0,0,1.3476,0.02173913043,0.7861,0.02
IREE_legume,B,2013,Morris,4119,iwg,1,45.58822,-95.874869,761,10100,NA,NA,,,,NA,NA,NA,NA,NA,80,2,NA,0,0,0,8.1979,0.220367643,22.9092,0.1683501684,0,0,1.3476,0.02173913043,0.7861,0.02
IREE_legume,B,2013,Morris,4207,iwg,2,45.58822,-95.874869,802,9460,NA,NA,,,,NA,NA,NA,NA,NA,80,2,NA,0,0,0,8.1979,0.220367643,22.9092,0.1683501684,0,0,1.3476,0.02173913043,0.7861,0.02
IREE_legume,B,2013,Morris,4309,iwg,3,45.58822,-95.874869,887,11260,NA,NA,,,,NA,NA,NA,NA,NA,80,2,NA,0,0,0,8.1979,0.220367643,22.9092,0.1683501684,0,0,1.3476,0.02173913043,0.7861,0.02
IREE_legume,B,2013,Morris,4417,iwg,4,45.58822,-95.874869,826,10160,NA,NA,,,,NA,NA,NA,NA,NA,80,2,NA,0,0,0,8.1979,0.220367643,22.9092,0.1683501684,0,0,1.3476,0.02173913043,0.7861,0.02
IREE_legume,B,2013,Roseau,5102,iwg,1,48.88007,-95.848093,913,10640,NA,NA,,,,NA,NA,NA,NA,NA,80,1,NA,17.5188,0.2,NA,8.1979,0.220367643,22.9092,0.1683501684,0,0,1.3476,0.02173913043,0.7861,0.02
IREE_legume,B,2013,Roseau,5212,iwg,2,48.88007,-95.848093,1104,11160,NA,NA,,,,NA,NA,NA,NA,NA,80,1,NA,17.5188,0.2,NA,8.1979,0.220367643,22.9092,0.1683501684,0,0,1.3476,0.02173913043,0.7861,0.02
IREE_legume,B,2013,Roseau,5311,iwg,3,48.88007,-95.848093,979,12260,NA,NA,,,,NA,NA,NA,NA,NA,80,1,NA,17.5188,0.2,NA,8.1979,0.220367643,22.9092,0.1683501684,0,0,1.3476,0.02173913043,0.7861,0.02
IREE_legume,B,2013,Roseau,5416,iwg,4,48.88007,-95.848093,742,10000,NA,NA,,,,NA,NA,NA,NA,NA,80,1,NA,17.5188,0.2,NA,8.1979,0.220367643,22.9092,0.1683501684,0,0,1.3476,0.02173913043,0.7861,0.02
IREE_legume,B,2013,Waseca,1125,iwg,1,44.06913,-93.525992,747,11180,NA,NA,,,,NA,NA,NA,1.36,NA,0,2,NA,0,0,0,8.1979,0.220367643,22.9092,0.1683501684,0,0,0,0,0.7861,0.02
IREE_legume,B,2013,Waseca,1217,iwg,2,44.06913,-93.525992,534,9920,NA,NA,,,,NA,NA,NA,1.36,NA,0,2,NA,0,0,0,8.1979,0.220367643,22.9092,0.1683501684,0,0,0,0,0.7861,0.02
IREE_legume,B,2013,Waseca,1313,iwg,3,44.06913,-93.525992,943,10900,NA,NA,,,,NA,NA,NA,1.36,NA,0,2,NA,0,0,0,8.1979,0.220367643,22.9092,0.1683501684,0,0,0,0,0.7861,0.02
IREE_legume,B,2013,Waseca,1416,iwg,4,44.06913,-93.525992,765,9300,NA,NA,,,,NA,NA,NA,1.36,NA,0,2,NA,0,0,0,8.1979,0.220367643,22.9092,0.1683501684,0,0,0,0,0.7861,0.02
IREE_legume,B,2013,Waseca,1105,iwg,1,44.06913,-93.525992,1049,11540,NA,NA,,,,NA,NA,NA,NA,NA,80,2,NA,0,0,0,8.1979,0.220367643,22.9092,0.1683501684,0,0,1.3476,0.02173913043,0.7861,0.02
IREE_legume,B,2013,Waseca,1207,iwg,2,44.06913,-93.525992,943,11600,NA,NA,,,,NA,NA,NA,NA,NA,80,2,NA,0,0,0,8.1979,0.220367643,22.9092,0.1683501684,0,0,1.3476,0.02173913043,0.7861,0.02
IREE_legume,B,2013,Waseca,1308,iwg,3,44.06913,-93.525992,836,10960,NA,NA,,,,NA,NA,NA,NA,NA,80,2,NA,0,0,0,8.1979,0.220367643,22.9092,0.1683501684,0,0,1.3476,0.02173913043,0.7861,0.02
IREE_legume,B,2013,Waseca,1411,iwg,4,44.06913,-93.525992,889,10980,NA,NA,,,,NA,NA,NA,NA,NA,80,2,NA,0,0,0,8.1979,0.220367643,22.9092,0.1683501684,0,0,1.3476,0.02173913043,0.7861,0.02
IREE_legume,B,2013,Waseca,1115,iwg,1,44.06913,-93.525992,711,11360,NA,NA,,,,NA,NA,NA,5.66,NA,160,2,NA,0,0,0,8.1979,0.220367643,22.9092,0.1683501684,0,0,1.3476,0.02173913043,0.7861,0.02
IREE_legume,B,2013,Waseca,1222,iwg,2,44.06913,-93.525992,747,9940,NA,NA,,,,NA,NA,NA,5.66,NA,160,2,NA,0,0,0,8.1979,0.220367643,22.9092,0.1683501684,0,0,1.3476,0.02173913043,0.7861,0.02
IREE_legume,B,2013,Waseca,1303,iwg,3,44.06913,-93.525992,551,10020,NA,NA,,,,NA,NA,NA,5.66,NA,160,2,NA,0,0,0,8.1979,0.220367643,22.9092,0.1683501684,0,0,1.3476,0.02173913043,0.7861,0.02
IREE_legume,B,2013,Waseca,1421,iwg,4,44.06913,-93.525992,587,11040,NA,NA,,,,NA,NA,NA,5.66,NA,160,2,NA,0,0,0,8.1979,0.220367643,22.9092,0.1683501684,0,0,1.3476,0.02173913043,0.7861,0.02
IREE_legume,B,2014,Crookston,3114,iwg,1,45.58822,-95.874869,336,8580,NA,NA,,,,NA,NA,NA,0.16,NA,0,2,NA,0,0,0,8.1979,0.220367643,22.9092,0.1683501684,0,0,0,0,0.7861,0.02
IREE_legume,B,2014,Crookston,3209,iwg,2,45.58822,-95.874869,332,8774,NA,NA,,,,NA,NA,NA,0.16,NA,0,2,NA,0,0,0,8.1979,0.220367643,22.9092,0.1683501684,0,0,0,0,0.7861,0.02
IREE_legume,B,2014,Crookston,3318,iwg,3,45.58822,-95.874869,258,8464,NA,NA,,,,NA,NA,NA,0.16,NA,0,2,NA,0,0,0,8.1979,0.220367643,22.9092,0.1683501684,0,0,0,0,0.7861,0.02
IREE_legume,B,2014,Crookston,3411,iwg,4,45.58822,-95.874869,374,8718,NA,NA,,,,NA,NA,NA,0.16,NA,0,2,NA,0,0,0,8.1979,0.220367643,22.9092,0.1683501684,0,0,0,0,0.7861,0.02
IREE_legume,B,2014,Crookston,3119,iwg,1,45.58822,-95.874869,384,10396,NA,NA,,,,NA,NA,NA,NA,NA,60,2,NA,0,0,0,8.1979,0.220367643,22.9092,0.1683501684,0,0,1.3476,0.02173913043,0.7861,0.02
IREE_legume,B,2014,Crookston,3219,iwg,2,45.58822,-95.874869,420,10022,NA,NA,,,,NA,NA,NA,NA,NA,60,2,NA,0,0,0,8.1979,0.220367643,22.9092,0.1683501684,0,0,1.3476,0.02173913043,0.7861,0.02
IREE_legume,B,2014,Crookston,3303,iwg,3,45.58822,-95.874869,410,8592,NA,NA,,,,NA,NA,NA,NA,NA,60,2,NA,0,0,0,8.1979,0.220367643,22.9092,0.1683501684,0,0,1.3476,0.02173913043,0.7861,0.02
IREE_legume,B,2014,Crookston,3401,iwg,4,45.58822,-95.874869,430,12252,NA,NA,,,,NA,NA,NA,NA,NA,60,2,NA,0,0,0,8.1979,0.220367643,22.9092,0.1683501684,0,0,1.3476,0.02173913043,0.7861,0.02
IREE_legume,B,2014,Crookston,3104,iwg,1,45.58822,-95.874869,380,11450,NA,NA,,,,NA,NA,NA,15.54,NA,120,2,NA,0,0,0,8.1979,0.220367643,22.9092,0.1683501684,0,0,1.3476,0.02173913043,0.7861,0.02
IREE_legume,B,2014,Crookston,3214,iwg,2,45.58822,-95.874869,738,13322,NA,NA,,,,NA,NA,NA,15.54,NA,120,2,NA,0,0,0,8.1979,0.220367643,22.9092,0.1683501684,0,0,1.3476,0.02173913043,0.7861,0.02
IREE_legume,B,2014,Crookston,3313,iwg,3,45.58822,-95.874869,674,14298,NA,NA,,,,NA,NA,NA,15.54,NA,120,2,NA,0,0,0,8.1979,0.220367643,22.9092,0.1683501684,0,0,1.3476,0.02173913043,0.7861,0.02
IREE_legume,B,2014,Crookston,3421,iwg,4,45.58822,-95.874869,1008,14808,NA,NA,,,,NA,NA,NA,15.54,NA,120,2,NA,0,0,0,8.1979,0.220367643,22.9092,0.1683501684,0,0,1.3476,0.02173913043,0.7861,0.02
IREE_legume,B,2014,Lamberton,2121,iwg,1,44.23621,-95.304218,88,5390,NA,NA,,,,NA,NA,NA,0.02,NA,0,3,NA,0,0,0,8.1979,0.220367643,22.9092,0.1683501684,0,0,0,0,0.7861,0.02
IREE_legume,B,2014,Lamberton,2223,iwg,2,44.23621,-95.304218,268,8586,NA,NA,,,,NA,NA,NA,0.02,NA,0,3,NA,0,0,0,8.1979,0.220367643,22.9092,0.1683501684,0,0,0,0,0.7861,0.02
IREE_legume,B,2014,Lamberton,2324,iwg,3,44.23621,-95.304218,46,6368,NA,NA,,,,NA,NA,NA,0.02,NA,0,3,NA,0,0,0,8.1979,0.220367643,22.9092,0.1683501684,0,0,0,0,0.7861,0.02
IREE_legume,B,2014,Lamberton,2407,iwg,4,44.23621,-95.304218,100,8996,NA,NA,,,,NA,NA,NA,0.02,NA,0,3,NA,0,0,0,8.1979,0.220367643,22.9092,0.1683501684,0,0,0,0,0.7861,0.02
IREE_legume,B,2014,Lamberton,2116,iwg,1,44.23621,-95.304218,272,11182,NA,NA,,,,NA,NA,NA,NA,NA,60,3,NA,0,0,0,8.1979,0.220367643,22.9092,0.1683501684,0,0,1.3476,0.02173913043,0.7861,0.02
IREE_legume,B,2014,Lamberton,2203,iwg,2,44.23621,-95.304218,574,13596,NA,NA,,,,NA,NA,NA,NA,NA,60,3,NA,0,0,0,8.1979,0.220367643,22.9092,0.1683501684,0,0,1.3476,0.02173913043,0.7861,0.02
IREE_legume,B,2014,Lamberton,2319,iwg,3,44.23621,-95.304218,200,10740,NA,NA,,,,NA,NA,NA,NA,NA,60,3,NA,0,0,0,8.1979,0.220367643,22.9092,0.1683501684,0,0,1.3476,0.02173913043,0.7861,0.02
IREE_legume,B,2014,Lamberton,2417,iwg,4,44.23621,-95.304218,124,10274,NA,NA,,,,NA,NA,NA,NA,NA,60,3,NA,0,0,0,8.1979,0.220367643,22.9092,0.1683501684,0,0,1.3476,0.02173913043,0.7861,0.02
IREE_legume,B,2014,Lamberton,2111,iwg,1,44.23621,-95.304218,264,10102,NA,NA,,,,NA,NA,NA,18.62,NA,120,3,NA,0,0,0,8.1979,0.220367643,22.9092,0.1683501684,0,0,1.3476,0.02173913043,0.7861,0.02
IREE_legume,B,2014,Lamberton,2213,iwg,2,44.23621,-95.304218,542,15120,NA,NA,,,,NA,NA,NA,18.62,NA,120,3,NA,0,0,0,8.1979,0.220367643,22.9092,0.1683501684,0,0,1.3476,0.02173913043,0.7861,0.02
IREE_legume,B,2014,Lamberton,2304,iwg,3,44.23621,-95.304218,134,12192,NA,NA,,,,NA,NA,NA,18.62,NA,120,3,NA,0,0,0,8.1979,0.220367643,22.9092,0.1683501684,0,0,1.3476,0.02173913043,0.7861,0.02
IREE_legume,B,2014,Lamberton,2422,iwg,4,44.23621,-95.304218,NA,9980,NA,NA,,,,NA,NA,NA,18.62,NA,120,3,NA,0,0,0,8.1979,0.220367643,22.9092,0.1683501684,0,0,1.3476,0.02173913043,0.7861,0.02
IREE_legume,B,2014,Roseau,5102,iwg,1,48.88007,-95.848093,176,8106,NA,NA,,,,NA,NA,NA,NA,NA,60,2,NA,0,0,0,8.1979,0.220367643,22.9092,0.1683501684,0,0,1.3476,0.02173913043,0.7861,0.02
IREE_legume,B,2014,Roseau,5212,iwg,2,48.88007,-95.848093,228,11894,NA,NA,,,,NA,NA,NA,NA,NA,60,2,NA,0,0,0,8.1979,0.220367643,22.9092,0.1683501684,0,0,1.3476,0.02173913043,0.7861,0.02
IREE_legume,B,2014,Roseau,5311,iwg,3,48.88007,-95.848093,430,12440,NA,NA,,,,NA,NA,NA,NA,NA,60,2,NA,0,0,0,8.1979,0.220367643,22.9092,0.1683501684,0,0,1.3476,0.02173913043,0.7861,0.02
IREE_legume,B,2014,Roseau,5416,iwg,4,48.88007,-95.848093,316,13278,NA,NA,,,,NA,NA,NA,NA,NA,60,2,NA,0,0,0,8.1979,0.220367643,22.9092,0.1683501684,0,0,1.3476,0.02173913043,0.7861,0.02
IREE_legume,B,2014,Waseca,1125,iwg,1,44.06913,-93.525992,24,5098,NA,NA,,,,NA,NA,NA,0.11,NA,0,3,NA,0,0,0,8.1979,0.220367643,22.9092,0.1683501684,0,0,0,0,0.7861,0.02
IREE_legume,B,2014,Waseca,1217,iwg,2,44.06913,-93.525992,40,7062,NA,NA,,,,NA,NA,NA,0.11,NA,0,3,NA,0,0,0,8.1979,0.220367643,22.9092,0.1683501684,0,0,0,0,0.7861,0.02
IREE_legume,B,2014,Waseca,1313,iwg,3,44.06913,-93.525992,14,5224,NA,NA,,,,NA,NA,NA,0.11,NA,0,3,NA,0,0,0,8.1979,0.220367643,22.9092,0.1683501684,0,0,0,0,0.7861,0.02
IREE_legume,B,2014,Waseca,1416,iwg,4,44.06913,-93.525992,NA,4224,NA,NA,,,,NA,NA,NA,0.11,NA,0,3,NA,0,0,0,8.1979,0.220367643,22.9092,0.1683501684,0,0,0,0,0.7861,0.02
IREE_legume,B,2014,Waseca,1105,iwg,1,44.06913,-93.525992,328,11586,NA,NA,,,,NA,NA,NA,NA,NA,60,3,NA,0,0,0,8.1979,0.220367643,22.9092,0.1683501684,0,0,1.3476,0.02173913043,0.7861,0.02
IREE_legume,B,2014,Waseca,1207,iwg,2,44.06913,-93.525992,50,6102,NA,NA,,,,NA,NA,NA,NA,NA,60,3,NA,0,0,0,8.1979,0.220367643,22.9092,0.1683501684,0,0,1.3476,0.02173913043,0.7861,0.02
IREE_legume,B,2014,Waseca,1308,iwg,3,44.06913,-93.525992,26,7786,NA,NA,,,,NA,NA,NA,NA,NA,60,3,NA,0,0,0,8.1979,0.220367643,22.9092,0.1683501684,0,0,1.3476,0.02173913043,0.7861,0.02
IREE_legume,B,2014,Waseca,1411,iwg,4,44.06913,-93.525992,38,7936,NA,NA,,,,NA,NA,NA,NA,NA,60,3,NA,0,0,0,8.1979,0.220367643,22.9092,0.1683501684,0,0,1.3476,0.02173913043,0.7861,0.02
IREE_legume,B,2014,Waseca,1115,iwg,1,44.06913,-93.525992,96,7444,NA,NA,,,,NA,NA,NA,4.01,NA,120,3,NA,0,0,0,8.1979,0.220367643,22.9092,0.1683501684,0,0,1.3476,0.02173913043,0.7861,0.02
IREE_legume,B,2014,Waseca,1222,iwg,2,44.06913,-93.525992,154,8844,NA,NA,,,,NA,NA,NA,4.01,NA,120,3,NA,0,0,0,8.1979,0.220367643,22.9092,0.1683501684,0,0,1.3476,0.02173913043,0.7861,0.02
IREE_legume,B,2014,Waseca,1303,iwg,3,44.06913,-93.525992,142,11696,NA,NA,,,,NA,NA,NA,4.01,NA,120,3,NA,0,0,0,8.1979,0.220367643,22.9092,0.1683501684,0,0,1.3476,0.02173913043,0.7861,0.02
IREE_legume,B,2014,Waseca,1421,iwg,4,44.06913,-93.525992,116,9018,NA,NA,,,,NA,NA,NA,4.01,NA,120,3,NA,0,0,0,8.1979,0.220367643,22.9092,0.1683501684,0,0,1.3476,0.02173913043,0.7861,0.02
IREE_legume,B,2015,Crookston,3114,iwg,1,45.58822,-95.874869,26.95,5420,NA,NA,,,,NA,NA,NA,0.03,NA,0,3,NA,0,0,0,8.1979,0.220367643,22.9092,0.1683501684,0,0,0,0,0.7861,0.02
IREE_legume,B,2015,Crookston,3209,iwg,2,45.58822,-95.874869,109.37,5790,NA,NA,,,,NA,NA,NA,0.03,NA,0,3,NA,0,0,0,8.1979,0.220367643,22.9092,0.1683501684,0,0,0,0,0.7861,0.02
IREE_legume,B,2015,Crookston,3318,iwg,3,45.58822,-95.874869,49.904,5344,NA,NA,,,,NA,NA,NA,0.03,NA,0,3,NA,0,0,0,8.1979,0.220367643,22.9092,0.1683501684,0,0,0,0,0.7861,0.02
IREE_legume,B,2015,Crookston,3411,iwg,4,45.58822,-95.874869,65.404,6416,NA,NA,,,,NA,NA,NA,0.03,NA,0,3,NA,0,0,0,8.1979,0.220367643,22.9092,0.1683501684,0,0,0,0,0.7861,0.02
IREE_legume,B,2015,Crookston,3119,iwg,1,45.58822,-95.874869,208.092,8502,NA,NA,,,,NA,NA,NA,NA,NA,60,3,NA,0,0,0,8.1979,0.220367643,22.9092,0.1683501684,0,0,1.3476,0.02173913043,0.7861,0.02
IREE_legume,B,2015,Crookston,3219,iwg,2,45.58822,-95.874869,61.296,6026,NA,NA,,,,NA,NA,NA,NA,NA,60,3,NA,0,0,0,8.1979,0.220367643,22.9092,0.1683501684,0,0,1.3476,0.02173913043,0.7861,0.02
IREE_legume,B,2015,Crookston,3303,iwg,3,45.58822,-95.874869,242.226,11956,NA,NA,,,,NA,NA,NA,NA,NA,60,3,NA,0,0,0,8.1979,0.220367643,22.9092,0.1683501684,0,0,1.3476,0.02173913043,0.7861,0.02
IREE_legume,B,2015,Crookston,3401,iwg,4,45.58822,-95.874869,116.926,7912,NA,NA,,,,NA,NA,NA,NA,NA,60,3,NA,0,0,0,8.1979,0.220367643,22.9092,0.1683501684,0,0,1.3476,0.02173913043,0.7861,0.02
IREE_legume,B,2015,Crookston,3104,iwg,1,45.58822,-95.874869,494.384,14764,NA,NA,,,,NA,NA,NA,9.93,NA,120,3,NA,0,0,0,8.1979,0.220367643,22.9092,0.1683501684,0,0,1.3476,0.02173913043,0.7861,0.02
IREE_legume,B,2015,Crookston,3214,iwg,2,45.58822,-95.874869,199.99,8938,NA,NA,,,,NA,NA,NA,9.93,NA,120,3,NA,0,0,0,8.1979,0.220367643,22.9092,0.1683501684,0,0,1.3476,0.02173913043,0.7861,0.02
IREE_legume,B,2015,Crookston,3313,iwg,3,45.58822,-95.874869,441.02,13040,NA,NA,,,,NA,NA,NA,9.93,NA,120,3,NA,0,0,0,8.1979,0.220367643,22.9092,0.1683501684,0,0,1.3476,0.02173913043,0.7861,0.02
IREE_legume,B,2015,Crookston,3421,iwg,4,45.58822,-95.874869,221.462,11720,NA,NA,,,,NA,NA,NA,9.93,NA,120,3,NA,0,0,0,8.1979,0.220367643,22.9092,0.1683501684,0,0,1.3476,0.02173913043,0.7861,0.02
IREE_legume,B,2015,Lamberton,2121,iwg,1,44.23621,-95.304218,89.054,5168,NA,NA,,,,NA,NA,NA,0.09,NA,0,4,NA,0,0,0,8.1979,0.220367643,22.9092,0.1683501684,0,0,0,0,0.7861,0.02
IREE_legume,B,2015,Lamberton,2223,iwg,2,44.23621,-95.304218,81.48,4888,NA,NA,,,,NA,NA,NA,0.09,NA,0,4,NA,0,0,0,8.1979,0.220367643,22.9092,0.1683501684,0,0,0,0,0.7861,0.02
IREE_legume,B,2015,Lamberton,2324,iwg,3,44.23621,-95.304218,58.584,4784,NA,NA,,,,NA,NA,NA,0.09,NA,0,4,NA,0,0,0,8.1979,0.220367643,22.9092,0.1683501684,0,0,0,0,0.7861,0.02
IREE_legume,B,2015,Lamberton,2407,iwg,4,44.23621,-95.304218,25.56,4452,NA,NA,,,,NA,NA,NA,0.09,NA,0,4,NA,0,0,0,8.1979,0.220367643,22.9092,0.1683501684,0,0,0,0,0.7861,0.02
IREE_legume,B,2015,Lamberton,2116,iwg,1,44.23621,-95.304218,231.24,9300,NA,NA,,,,NA,NA,NA,NA,NA,60,4,NA,0,0,0,8.1979,0.220367643,22.9092,0.1683501684,0,0,1.3476,0.02173913043,0.7861,0.02
IREE_legume,B,2015,Lamberton,2203,iwg,2,44.23621,-95.304218,212.504,10864,NA,NA,,,,NA,NA,NA,NA,NA,60,4,NA,0,0,0,8.1979,0.220367643,22.9092,0.1683501684,0,0,1.3476,0.02173913043,0.7861,0.02
IREE_legume,B,2015,Lamberton,2319,iwg,3,44.23621,-95.304218,23.004,9364,NA,NA,,,,NA,NA,NA,NA,NA,60,4,NA,0,0,0,8.1979,0.220367643,22.9092,0.1683501684,0,0,1.3476,0.02173913043,0.7861,0.02
IREE_legume,B,2015,Lamberton,2417,iwg,4,44.23621,-95.304218,17.156,8760,NA,NA,,,,NA,NA,NA,NA,NA,60,4,NA,0,0,0,8.1979,0.220367643,22.9092,0.1683501684,0,0,1.3476,0.02173913043,0.7861,0.02
IREE_legume,B,2015,Lamberton,2111,iwg,1,44.23621,-95.304218,61.918,9272,NA,NA,,,,NA,NA,NA,9.5,NA,120,4,NA,0,0,0,8.1979,0.220367643,22.9092,0.1683501684,0,0,1.3476,0.02173913043,0.7861,0.02
IREE_legume,B,2015,Lamberton,2213,iwg,2,44.23621,-95.304218,267.786,8432,NA,NA,,,,NA,NA,NA,9.5,NA,120,4,NA,0,0,0,8.1979,0.220367643,22.9092,0.1683501684,0,0,1.3476,0.02173913043,0.7861,0.02
IREE_legume,B,2015,Lamberton,2304,iwg,3,44.23621,-95.304218,97.942,9132,NA,NA,,,,NA,NA,NA,9.5,NA,120,4,NA,0,0,0,8.1979,0.220367643,22.9092,0.1683501684,0,0,1.3476,0.02173913043,0.7861,0.02
IREE_legume,B,2015,Lamberton,2422,iwg,4,44.23621,-95.304218,30.818,7692,NA,NA,,,,NA,NA,NA,9.5,NA,120,4,NA,0,0,0,8.1979,0.220367643,22.9092,0.1683501684,0,0,1.3476,0.02173913043,0.7861,0.02
IREE_legume,B,2015,Morris,4119,iwg,1,45.58822,-95.874869,115.942,6734,NA,NA,,,,NA,NA,NA,NA,NA,60,4,NA,0,0,0,8.1979,0.220367643,22.9092,0.1683501684,0,0,1.3476,0.02173913043,0.7861,0.02
IREE_legume,B,2015,Morris,4207,iwg,2,45.58822,-95.874869,312.15,9074,NA,NA,,,,NA,NA,NA,NA,NA,60,4,NA,0,0,0,8.1979,0.220367643,22.9092,0.1683501684,0,0,1.3476,0.02173913043,0.7861,0.02
IREE_legume,B,2015,Morris,4309,iwg,3,45.58822,-95.874869,284.396,8500,NA,NA,,,,NA,NA,NA,NA,NA,60,4,NA,0,0,0,8.1979,0.220367643,22.9092,0.1683501684,0,0,1.3476,0.02173913043,0.7861,0.02
IREE_legume,B,2015,Morris,4417,iwg,4,45.58822,-95.874869,378.618,8392,NA,NA,,,,NA,NA,NA,NA,NA,60,4,NA,0,0,0,8.1979,0.220367643,22.9092,0.1683501684,0,0,1.3476,0.02173913043,0.7861,0.02
IREE_legume,B,2015,Roseau,5102,iwg,1,48.88007,-95.848093,261.036,9418,NA,NA,,,,NA,NA,NA,NA,NA,60,3,NA,0,0,0,8.1979,0.220367643,22.9092,0.1683501684,0,0,1.3476,0.02173913043,0.7861,0.02
IREE_legume,B,2015,Roseau,5212,iwg,2,48.88007,-95.848093,297.288,10112,NA,NA,,,,NA,NA,NA,NA,NA,60,3,NA,0,0,0,8.1979,0.220367643,22.9092,0.1683501684,0,0,1.3476,0.02173913043,0.7861,0.02
IREE_legume,B,2015,Roseau,5311,iwg,3,48.88007,-95.848093,396.068,10836,NA,NA,,,,NA,NA,NA,NA,NA,60,3,NA,0,0,0,8.1979,0.220367643,22.9092,0.1683501684,0,0,1.3476,0.02173913043,0.7861,0.02
IREE_legume,B,2015,Roseau,5416,iwg,4,48.88007,-95.848093,116.656,5794,NA,NA,,,,NA,NA,NA,NA,NA,60,3,NA,0,0,0,8.1979,0.220367643,22.9092,0.1683501684,0,0,1.3476,0.02173913043,0.7861,0.02
IREE_legume,B,2015,Waseca,1125,iwg,1,44.06913,-93.525992,17.472,NA,NA,NA,,,,NA,NA,NA,0.1,NA,0,4,NA,0,0,0,8.1979,0.220367643,22.9092,0.1683501684,0,0,0,0,0.7861,0.02
IREE_legume,B,2015,Waseca,1217,iwg,2,44.06913,-93.525992,38.418,6060,NA,NA,,,,NA,NA,NA,0.1,NA,0,4,NA,0,0,0,8.1979,0.220367643,22.9092,0.1683501684,0,0,0,0,0.7861,0.02
IREE_legume,B,2015,Waseca,1313,iwg,3,44.06913,-93.525992,20.316,4244,NA,NA,,,,NA,NA,NA,0.1,NA,0,4,NA,0,0,0,8.1979,0.220367643,22.9092,0.1683501684,0,0,0,0,0.7861,0.02
IREE_legume,B,2015,Waseca,1416,iwg,4,44.06913,-93.525992,52.4,4616,NA,NA,,,,NA,NA,NA,0.1,NA,0,4,NA,0,0,0,8.1979,0.220367643,22.9092,0.1683501684,0,0,0,0,0.7861,0.02
IREE_legume,B,2015,Waseca,1105,iwg,1,44.06913,-93.525992,122.792,8172,NA,NA,,,,NA,NA,NA,NA,NA,60,4,NA,0,0,0,8.1979,0.220367643,22.9092,0.1683501684,0,0,1.3476,0.02173913043,0.7861,0.02
IREE_legume,B,2015,Waseca,1207,iwg,2,44.06913,-93.525992,134.594,7700,NA,NA,,,,NA,NA,NA,NA,NA,60,4,NA,0,0,0,8.1979,0.220367643,22.9092,0.1683501684,0,0,1.3476,0.02173913043,0.7861,0.02
IREE_legume,B,2015,Waseca,1308,iwg,3,44.06913,-93.525992,84.222,NA,NA,NA,,,,NA,NA,NA,NA,NA,60,4,NA,0,0,0,8.1979,0.220367643,22.9092,0.1683501684,0,0,1.3476,0.02173913043,0.7861,0.02
IREE_legume,B,2015,Waseca,1411,iwg,4,44.06913,-93.525992,371.082,11156,NA,NA,,,,NA,NA,NA,NA,NA,60,4,NA,0,0,0,8.1979,0.220367643,22.9092,0.1683501684,0,0,1.3476,0.02173913043,0.7861,0.02
IREE_legume,B,2015,Waseca,1115,iwg,1,44.06913,-93.525992,44.126,5088,NA,NA,,,,NA,NA,NA,1.83,NA,120,4,NA,0,0,0,8.1979,0.220367643,22.9092,0.1683501684,0,0,1.3476,0.02173913043,0.7861,0.02
IREE_legume,B,2015,Waseca,1222,iwg,2,44.06913,-93.525992,179.872,NA,NA,NA,,,,NA,NA,NA,1.83,NA,120,4,NA,0,0,0,8.1979,0.220367643,22.9092,0.1683501684,0,0,1.3476,0.02173913043,0.7861,0.02
IREE_legume,B,2015,Waseca,1303,iwg,3,44.06913,-93.525992,430.664,9444,NA,NA,,,,NA,NA,NA,1.83,NA,120,4,NA,0,0,0,8.1979,0.220367643,22.9092,0.1683501684,0,0,1.3476,0.02173913043,0.7861,0.02
IREE_legume,B,2015,Waseca,1421,iwg,4,44.06913,-93.525992,344.626,11392,NA,NA,,,,NA,NA,NA,1.83,NA,120,4,NA,0,0,0,8.1979,0.220367643,22.9092,0.1683501684,0,0,1.3476,0.02173913043,0.7861,0.02
Northern_nrate,C,2015,Roseau,11106,iwg,1,48.88007,-95.848093,1644.9528,12431.09504,NA,NA,,,,NA,NA,NA,NA,NA,80,1,NA,17.5188,0.2,NA,8.1979,0.220367643,22.9092,0.1683501684,0,0,1.3476,0.02173913043,0.7861,0.02
Defoliation,D,2015,Saint Paul,104,iwg,1,44.988667,-93.175662,34.99562555,8898,5644.515556,53.01,,,,165.545,108.3,136.9225,NA,NA,40,1,NA,17.5188,0.2,NA,8.1979,0.220367643,22.9092,0.1683501684,24.9306,0.6698303606,1.3476,0.02173913043,0.7861,0.02
Defoliation,D,2016,Saint Paul,104,iwg,1,44.988667,-93.175662,71.7847769,12533.97569,5589.12,75.37,,,,143.825,82.885,113.355,NA,NA,56,2,NA,0,0,0,8.1979,0.220367643,22.9092,0.1683501684,24.9306,0.6698303606,1.3476,0.02173913043,0.7861,0.02
Defoliation,D,2017,Saint Paul,104,iwg,1,44.988667,-93.175662,369.1819773,4975.318593,2589.56,65.06,,,,NA,108.15,108.15,NA,NA,56,3,NA,0,0,0,8.1979,0.220367643,22.9092,0.1683501684,12.4653,0.3349151803,1.3476,0.02173913043,0.7861,0.02
Defoliation,D,2018,Saint Paul,104,iwg,1,44.988667,-93.175662,170.2974628,5119,NA,NA,,,,99.09,,99.09,NA,NA,56,4,NA,0,0,0,8.1979,0.220367643,22.9092,0.1683501684,12.4653,0.3349151803,1.3476,0.02173913043,0.7861,0.02
Defoliation,D,2015,Saint Paul,110,iwg,1,44.988667,-93.175662,626.6987843,10190,NA,61.76,,,,NA,NA,NA,NA,NA,40,1,NA,17.5188,0.2,NA,8.1979,0.220367643,22.9092,0.1683501684,0,0,1.3476,0.02173913043,0.7861,0.02
Defoliation,D,2016,Saint Paul,110,iwg,1,44.988667,-93.175662,717.5940278,7128.100676,NA,73.21,,,,NA,NA,NA,NA,NA,56,2,NA,0,0,0,8.1979,0.220367643,22.9092,0.1683501684,0,0,1.3476,0.02173913043,0.7861,0.02
Defoliation,D,2017,Saint Paul,110,iwg,1,44.988667,-93.175662,528.6276005,5836.431426,NA,79.79,,,,NA,NA,NA,NA,NA,56,3,NA,0,0,0,8.1979,0.220367643,22.9092,0.1683501684,0,0,1.3476,0.02173913043,0.7861,0.02
Defoliation,D,2018,Saint Paul,110,iwg,1,44.988667,-93.175662,255.9418699,8563,NA,68.23,,,,NA,NA,NA,NA,NA,56,4,NA,0,0,0,8.1979,0.220367643,22.9092,0.1683501684,0,0,1.3476,0.02173913043,0.7861,0.02
Defoliation,D,2015,Saint Paul,201,iwg,2,44.988667,-93.175662,131.2335958,9998,6414.86,65.1,,,,176.675,109.66,143.1675,NA,NA,40,1,NA,17.5188,0.2,NA,8.1979,0.220367643,22.9092,0.1683501684,24.9306,0.6698303606,1.3476,0.02173913043,0.7861,0.02
Defoliation,D,2016,Saint Paul,201,iwg,2,44.988667,-93.175662,216.2729659,10696.93497,5136.48,62.91,,,,154.92,86.915,120.9175,NA,NA,56,2,NA,0,0,0,8.1979,0.220367643,22.9092,0.1683501684,24.9306,0.6698303606,1.3476,0.02173913043,0.7861,0.02
Defoliation,D,2017,Saint Paul,201,iwg,2,44.988667,-93.175662,150.2187227,4162.045361,2605.96,65.99,,,,NA,107.22,107.22,NA,NA,56,3,NA,0,0,0,8.1979,0.220367643,22.9092,0.1683501684,12.4653,0.3349151803,1.3476,0.02173913043,0.7861,0.02
Defoliation,D,2018,Saint Paul,201,iwg,2,44.988667,-93.175662,288.9545057,4880,NA,NA,,,,100.83,,100.83,NA,NA,56,4,NA,0,0,0,8.1979,0.220367643,22.9092,0.1683501684,12.4653,0.3349151803,1.3476,0.02173913043,0.7861,0.02
Defoliation,D,2015,Saint Paul,210,iwg,2,44.988667,-93.175662,0,18753,NA,52.07,,,,NA,NA,NA,NA,NA,40,1,NA,17.5188,0.2,NA,8.1979,0.220367643,22.9092,0.1683501684,0,0,1.3476,0.02173913043,0.7861,0.02
Defoliation,D,2016,Saint Paul,210,iwg,2,44.988667,-93.175662,229.6300889,4104.637839,NA,80.53,,,,NA,NA,NA,NA,NA,56,2,NA,0,0,0,8.1979,0.220367643,22.9092,0.1683501684,0,0,1.3476,0.02173913043,0.7861,0.02
Defoliation,D,2017,Saint Paul,210,iwg,2,44.988667,-93.175662,248.7659296,5166.677,NA,78.17,,,,NA,NA,NA,NA,NA,56,3,NA,0,0,0,8.1979,0.220367643,22.9092,0.1683501684,0,0,1.3476,0.02173913043,0.7861,0.02
Defoliation,D,2018,Saint Paul,210,iwg,2,44.988667,-93.175662,95.6792037,6793,NA,58.92,,,,NA,NA,NA,NA,NA,56,4,NA,0,0,0,8.1979,0.220367643,22.9092,0.1683501684,0,0,1.3476,0.02173913043,0.7861,0.02
Defoliation,D,2015,Saint Paul,306,iwg,3,44.988667,-93.175662,295.2755906,10620,7623.54,62.5,,,,143.52,105.435,124.4775,NA,NA,40,1,NA,17.5188,0.2,NA,8.1979,0.220367643,22.9092,0.1683501684,24.9306,0.6698303606,1.3476,0.02173913043,0.7861,0.02
Defoliation,D,2016,Saint Paul,306,iwg,3,44.988667,-93.175662,100.7217848,12921.47646,4880.64,77.37,,,,163.455,90.265,126.86,NA,NA,56,2,NA,0,0,0,8.1979,0.220367643,22.9092,0.1683501684,24.9306,0.6698303606,1.3476,0.02173913043,0.7861,0.02
Defoliation,D,2017,Saint Paul,306,iwg,3,44.988667,-93.175662,169.9256343,5118.837398,3127.48,69.53,,,,NA,108.46,108.46,NA,NA,56,3,NA,0,0,0,8.1979,0.220367643,22.9092,0.1683501684,12.4653,0.3349151803,1.3476,0.02173913043,0.7861,0.02
Defoliation,D,2018,Saint Paul,306,iwg,3,44.988667,-93.175662,177.4715661,5406,NA,NA,,,,98.4,,98.4,NA,NA,56,4,NA,0,0,0,8.1979,0.220367643,22.9092,0.1683501684,12.4653,0.3349151803,1.3476,0.02173913043,0.7861,0.02
Defoliation,D,2015,Saint Paul,309,iwg,3,44.988667,-93.175662,1272.533409,12773,NA,75.21,,,,NA,NA,NA,NA,NA,40,1,NA,17.5188,0.2,NA,8.1979,0.220367643,22.9092,0.1683501684,0,0,1.3476,0.02173913043,0.7861,0.02
Defoliation,D,2016,Saint Paul,309,iwg,3,44.988667,-93.175662,397.0686954,8017.91727,NA,77.67,,,,NA,NA,NA,NA,NA,56,2,NA,0,0,0,8.1979,0.220367643,22.9092,0.1683501684,0,0,1.3476,0.02173913043,0.7861,0.02
Defoliation,D,2017,Saint Paul,309,iwg,3,44.988667,-93.175662,514.2757199,7175.940278,NA,84.79,,,,NA,NA,NA,NA,NA,56,3,NA,0,0,0,8.1979,0.220367643,22.9092,0.1683501684,0,0,1.3476,0.02173913043,0.7861,0.02
Defoliation,D,2018,Saint Paul,309,iwg,3,44.988667,-93.175662,220.0621685,8635,NA,61.56,,,,NA,NA,NA,NA,NA,56,4,NA,0,0,0,8.1979,0.220367643,22.9092,0.1683501684,0,0,1.3476,0.02173913043,0.7861,0.02
Defoliation,D,2015,Saint Paul,406,iwg,4,44.988667,-93.175662,1083.566982,10668,NA,59.04,,,,NA,NA,NA,NA,NA,40,1,NA,17.5188,0.2,NA,8.1979,0.220367643,22.9092,0.1683501684,0,0,1.3476,0.02173913043,0.7861,0.02
Defoliation,D,2016,Saint Paul,406,iwg,4,44.988667,-93.175662,138.7348454,2774.696907,NA,77.52,,,,NA,NA,NA,NA,NA,56,2,NA,0,0,0,8.1979,0.220367643,22.9092,0.1683501684,0,0,1.3476,0.02173913043,0.7861,0.02
Defoliation,D,2017,Saint Paul,406,iwg,4,44.988667,-93.175662,370.7569144,6506.185852,NA,70.34,,,,NA,NA,NA,NA,NA,56,3,NA,0,0,0,8.1979,0.220367643,22.9092,0.1683501684,0,0,1.3476,0.02173913043,0.7861,0.02
Defoliation,D,2018,Saint Paul,406,iwg,4,44.988667,-93.175662,275.0777106,10429,NA,66.49,,,,NA,NA,NA,NA,NA,56,4,NA,0,0,0,8.1979,0.220367643,22.9092,0.1683501684,0,0,1.3476,0.02173913043,0.7861,0.02
Defoliation,D,2015,Saint Paul,411,iwg,4,44.988667,-93.175662,310.5861767,9233,5950.74,64.42,,,,NA,105.96,105.96,NA,NA,40,1,NA,17.5188,0.2,NA,8.1979,0.220367643,22.9092,0.1683501684,24.9306,0.6698303606,1.3476,0.02173913043,0.7861,0.02
Defoliation,D,2016,Saint Paul,411,iwg,4,44.988667,-93.175662,260.5205599,8644.616055,4860.96,61.34,,,,142.27,95.075,118.6725,NA,NA,56,2,NA,0,0,0,8.1979,0.220367643,22.9092,0.1683501684,24.9306,0.6698303606,1.3476,0.02173913043,0.7861,0.02
Defoliation,D,2017,Saint Paul,411,iwg,4,44.988667,-93.175662,226.8153981,5070.997796,3396.44,68.57,,,,NA,109.825,109.825,NA,NA,56,3,NA,0,0,0,8.1979,0.220367643,22.9092,0.1683501684,12.4653,0.3349151803,1.3476,0.02173913043,0.7861,0.02
Defoliation,D,2018,Saint Paul,411,iwg,4,44.988667,-93.175662,203.8057743,9472,NA,NA,,,,103.585,,103.585,NA,NA,56,4,NA,0,0,0,8.1979,0.220367643,22.9092,0.1683501684,12.4653,0.3349151803,1.3476,0.02173913043,0.7861,0.02
Maintenance,F,2017,Rosemount,101,iwg,1,44.686258,-93.070315,360.673768,5424.1931,NA,NA,,,2237.888791,NA,NA,NA,NA,NA,40,1,NA,17.5188,0.2,NA,8.1979,0.220367643,22.9092,0.1683501684,0,0,1.3476,0.02173913043,0,0
Maintenance,F,2017,Rosemount,207,iwg,2,44.686258,-93.070315,291.703867,7698.16955,NA,NA,,,2232.422204,NA,NA,NA,NA,NA,40,1,NA,17.5188,0.2,NA,8.1979,0.220367643,22.9092,0.1683501684,0,0,1.3476,0.02173913043,0,0
Maintenance,F,2017,Rosemount,301,iwg,3,44.686258,-93.070315,486.073588,5031.225892,NA,NA,,,2184.349583,NA,NA,NA,NA,NA,40,1,NA,17.5188,0.2,NA,8.1979,0.220367643,22.9092,0.1683501684,0,0,1.3476,0.02173913043,0,0
Maintenance,F,2017,Rosemount,405,iwg,4,44.686258,-93.070315,243.335365,2157.288932,NA,NA,,,7825.103085,NA,NA,NA,NA,NA,40,1,NA,17.5188,0.2,NA,8.1979,0.220367643,22.9092,0.1683501684,0,0,1.3476,0.02173913043,0,0
Maintenance,F,2017,Rosemount,103,iwg,1,44.686258,-93.070315,237.662516,4166.182106,856.3016,NA,,,NA,NA,NA,NA,NA,NA,40,1,NA,17.5188,0.2,NA,8.1979,0.220367643,22.9092,0.1683501684,12.4653,0.3349151803,1.3476,0.02173913043,0,0
Maintenance,F,2017,Rosemount,209,iwg,2,44.686258,-93.070315,600.426281,5767.310893,630.582,NA,,,NA,NA,NA,NA,NA,NA,40,1,NA,17.5188,0.2,NA,8.1979,0.220367643,22.9092,0.1683501684,12.4653,0.3349151803,1.3476,0.02173913043,0,0
Maintenance,F,2017,Rosemount,302,iwg,3,44.686258,-93.070315,323.650964,2418.968499,477.415,NA,,,NA,NA,NA,NA,NA,NA,40,1,NA,17.5188,0.2,NA,8.1979,0.220367643,22.9092,0.1683501684,12.4653,0.3349151803,1.3476,0.02173913043,0,0
Maintenance,F,2017,Rosemount,406,iwg,4,44.686258,-93.070315,316.48526,3371.290561,836.5959,NA,,,NA,NA,NA,NA,NA,NA,40,1,NA,17.5188,0.2,NA,8.1979,0.220367643,22.9092,0.1683501684,12.4653,0.3349151803,1.3476,0.02173913043,0,0
Maintenance,F,2018,Rosemount,101,iwg,1,44.686258,-93.070315,34.86652424,2545.616346,NA,NA,,,8597.336645,NA,NA,NA,NA,NA,40,2,NA,0,0,0,8.1979,0.220367643,22.9092,0.1683501684,0,0,1.3476,0.02173913043,0,0
Maintenance,F,2018,Rosemount,207,iwg,2,44.686258,-93.070315,18.52633055,3215.60967,NA,NA,,,8610.249195,NA,NA,NA,NA,NA,40,2,NA,0,0,0,8.1979,0.220367643,22.9092,0.1683501684,0,0,1.3476,0.02173913043,0,0
Maintenance,F,2018,Rosemount,301,iwg,3,44.686258,-93.070315,41.44523765,2210.619684,NA,NA,,,6760.52653,NA,NA,NA,NA,NA,40,2,NA,0,0,0,8.1979,0.220367643,22.9092,0.1683501684,0,0,1.3476,0.02173913043,0,0
Maintenance,F,2018,Rosemount,405,iwg,4,44.686258,-93.070315,74.8218926,2368.265172,NA,NA,,,8545.282935,NA,NA,NA,NA,NA,40,2,NA,0,0,0,8.1979,0.220367643,22.9092,0.1683501684,0,0,1.3476,0.02173913043,0,0
Maintenance,F,2018,Rosemount,103,iwg,1,44.686258,-93.070315,20.95669849,1726.934664,596.097,NA,,,NA,NA,NA,NA,NA,NA,40,2,NA,0,0,0,8.1979,0.220367643,22.9092,0.1683501684,12.4653,0.3349151803,1.3476,0.02173913043,0,0
Maintenance,F,2018,Rosemount,209,iwg,2,44.686258,-93.070315,57.21456359,2392.150852,713.8833,NA,,,NA,NA,NA,NA,NA,NA,40,2,NA,0,0,0,8.1979,0.220367643,22.9092,0.1683501684,12.4653,0.3349151803,1.3476,0.02173913043,0,0
Maintenance,F,2018,Rosemount,302,iwg,3,44.686258,-93.070315,34.20966804,679.547596,533.8449,NA,,,NA,NA,NA,NA,NA,NA,40,2,NA,0,0,0,8.1979,0.220367643,22.9092,0.1683501684,12.4653,0.3349151803,1.3476,0.02173913043,0,0
Maintenance,F,2018,Rosemount,406,iwg,4,44.686258,-93.070315,71.65704,2303.176694,832.5652,NA,,,NA,NA,NA,NA,NA,NA,40,2,NA,0,0,0,8.1979,0.220367643,22.9092,0.1683501684,12.4653,0.3349151803,1.3476,0.02173913043,0,0
Maintenance,F,2019,Rosemount,101,iwg,1,44.686258,-93.070315,249.3539592,3830.068788,NA,NA,,,1451.047714,NA,NA,NA,NA,NA,40,3,NA,0,0,0,8.1979,0.220367643,22.9092,0.1683501684,0,0,1.3476,0.02173913043,0,0
Maintenance,F,2019,Rosemount,207,iwg,2,44.686258,-93.070315,179.5020795,2565.620603,NA,NA,,,3356.455752,NA,NA,NA,NA,NA,40,3,NA,0,0,0,8.1979,0.220367643,22.9092,0.1683501684,0,0,1.3476,0.02173913043,0,0
Maintenance,F,2019,Rosemount,301,iwg,3,44.686258,-93.070315,187.515128,2302.579552,NA,NA,,,1463.960263,NA,NA,NA,NA,NA,40,3,NA,0,0,0,8.1979,0.220367643,22.9092,0.1683501684,0,0,1.3476,0.02173913043,0,0
Maintenance,F,2019,Rosemount,405,iwg,4,44.686258,-93.070315,216.1212155,3397.439409,NA,NA,,,4292.615567,NA,NA,NA,NA,NA,40,3,NA,0,0,0,8.1979,0.220367643,22.9092,0.1683501684,0,0,1.3476,0.02173913043,0,0
Maintenance,F,2019,Rosemount,103,iwg,1,44.686258,-93.070315,173.8423676,2672.21045,692.834,NA,,,NA,NA,NA,NA,NA,NA,40,3,NA,0,0,0,8.1979,0.220367643,22.9092,0.1683501684,12.4653,0.3349151803,1.3476,0.02173913043,0,0
Maintenance,F,2019,Rosemount,209,iwg,2,44.686258,-93.070315,99.7752625,2656.087616,986.6279,NA,,,NA,NA,NA,NA,NA,NA,40,3,NA,0,0,0,8.1979,0.220367643,22.9092,0.1683501684,12.4653,0.3349151803,1.3476,0.02173913043,0,0
Maintenance,F,2019,Rosemount,302,iwg,3,44.686258,-93.070315,58.88417262,1285.646726,370.3773,NA,,,NA,NA,NA,NA,NA,NA,40,3,NA,0,0,0,8.1979,0.220367643,22.9092,0.1683501684,12.4653,0.3349151803,1.3476,0.02173913043,0,0
Maintenance,F,2019,Rosemount,406,iwg,4,44.686258,-93.070315,202.1295813,2370.056598,687.4597,NA,,,NA,NA,NA,NA,NA,NA,40,3,NA,0,0,0,8.1979,0.220367643,22.9092,0.1683501684,12.4653,0.3349151803,1.3476,0.02173913043,0,0
Rotation,G,2017,Rosemount,101,iwg,1,44.686258,-93.070315,524.887818,2579.7,NA,NA,,,2436.4481,NA,NA,NA,NA,439.2159826,50,1,NA,17.5188,0.2,NA,8.1979,0.220367643,22.9092,0.1683501684,0,0,1.3476,0.02173913043,0,0
Rotation,G,2017,Rosemount,201,iwg,2,44.686258,-93.070315,166.602618,3672.4,NA,NA,,,4222.393633,NA,NA,NA,NA,96.08186931,50,1,NA,17.5188,0.2,NA,8.1979,0.220367643,22.9092,0.1683501684,0,0,1.3476,0.02173913043,0,0
Rotation,G,2017,Rosemount,306,iwg,3,44.686258,-93.070315,403.07085,3188.7,NA,NA,,,6716.990711,NA,NA,NA,NA,585.5958549,50,1,NA,17.5188,0.2,NA,8.1979,0.220367643,22.9092,0.1683501684,0,0,1.3476,0.02173913043,0,0
Rotation,G,2017,Rosemount,404,iwg,4,44.686258,-93.070315,546.38493,3690.3,NA,NA,,,3012.7786,NA,NA,NA,NA,470.9320756,50,1,NA,17.5188,0.2,NA,8.1979,0.220367643,22.9092,0.1683501684,0,0,1.3476,0.02173913043,0,0
Rotation,G,2018,Rosemount,101,iwg,1,44.686258,-93.070315,474.72789,3582.9,NA,NA,,,8877.377558,NA,NA,NA,NA,140.982636,50,2,NA,0,0,0,8.1979,0.220367643,22.9092,0.1683501684,0,0,1.3476,0.02173913043,0,0
Rotation,G,2018,Rosemount,201,iwg,2,44.686258,-93.070315,496.225002,5033.9,NA,NA,,,6848.493269,NA,NA,NA,NA,0,50,2,NA,0,0,0,8.1979,0.220367643,22.9092,0.1683501684,0,0,1.3476,0.02173913043,0,0
Rotation,G,2018,Rosemount,306,iwg,3,44.686258,-93.070315,575.943459,4138.2,NA,NA,,,5903.456076,NA,NA,NA,NA,0,50,2,NA,0,0,0,8.1979,0.220367643,22.9092,0.1683501684,0,0,1.3476,0.02173913043,0,0
Rotation,G,2018,Rosemount,404,iwg,4,44.686258,-93.070315,575.943459,4174,NA,NA,,,7646.650215,NA,NA,NA,NA,180.604631,50,2,NA,0,0,0,8.1979,0.220367643,22.9092,0.1683501684,0,0,1.3476,0.02173913043,0,0
Rotation,G,2019,Rosemount,101,iwg,1,44.686258,-93.070315,355.598061,5210.06395,NA,NA,,,9811.923305,NA,NA,NA,NA,1736.530787,50,3,NA,0,0,0,8.1979,0.220367643,22.9092,0.1683501684,0,0,1.3476,0.02173913043,0,0
Rotation,G,2019,Rosemount,201,iwg,2,44.686258,-93.070315,569.673468,6189.973972,NA,NA,,,6873.511333,NA,NA,NA,NA,0,50,3,NA,0,0,0,8.1979,0.220367643,22.9092,0.1683501684,0,0,1.3476,0.02173913043,0,0
Rotation,G,2019,Rosemount,306,iwg,3,44.686258,-93.070315,274.088178,5702.7061,NA,NA,,,5312.706951,NA,NA,NA,NA,119.7030694,50,3,NA,0,0,0,8.1979,0.220367643,22.9092,0.1683501684,0,0,1.3476,0.02173913043,0,0
Rotation,G,2019,Rosemount,404,iwg,4,44.686258,-93.070315,179.1426,4596.799116,NA,NA,,,16066.43931,NA,NA,NA,NA,276.5866377,50,3,NA,0,0,0,8.1979,0.220367643,22.9092,0.1683501684,0,0,1.3476,0.02173913043,0,0
Northern_nrate,C,2015,LOW,21107,iwg,1,48.874925,-95.15718,1067.9024,6545.06944,NA,NA,,,,NA,NA,NA,NA,NA,0,1,NA,17.5188,0.2,NA,8.1979,0.220367643,22.9092,0.1683501684,0,0,0,0,0.7861,0.02
Northern_nrate,C,2015,LOW,21202,iwg,2,48.874925,-95.15718,610.572,3861.13728,NA,NA,,,,NA,NA,NA,NA,NA,0,1,NA,17.5188,0.2,NA,8.1979,0.220367643,22.9092,0.1683501684,0,0,0,0,0.7861,0.02
Northern_nrate,C,2015,LOW,21319,iwg,3,48.874925,-95.15718,711.1368,4407.95264,NA,NA,,,,NA,NA,NA,NA,NA,0,1,NA,17.5188,0.2,NA,8.1979,0.220367643,22.9092,0.1683501684,0,0,0,0,0.7861,0.02
Northern_nrate,C,2015,LOW,21413,iwg,4,48.874925,-95.15718,723.1088,6105.70688,NA,NA,,,,NA,NA,NA,NA,NA,0,1,NA,17.5188,0.2,NA,8.1979,0.220367643,22.9092,0.1683501684,0,0,0,0,0.7861,0.02
Northern_nrate,C,2015,LOW,21112,iwg,1,48.874925,-95.15718,737.4752,6091.37984,NA,NA,,,,NA,NA,NA,NA,NA,20,1,NA,17.5188,0.2,NA,8.1979,0.220367643,22.9092,0.1683501684,0,0,1.3476,0.02173913043,0.7861,0.02
Northern_nrate,C,2015,LOW,21206,iwg,2,48.874925,-95.15718,859.5896,6494.9248,NA,NA,,,,NA,NA,NA,NA,NA,20,1,NA,17.5188,0.2,NA,8.1979,0.220367643,22.9092,0.1683501684,0,0,1.3476,0.02173913043,0.7861,0.02
Northern_nrate,C,2015,LOW,21304,iwg,3,48.874925,-95.15718,967.3376,5317.71968,NA,NA,,,,NA,NA,NA,NA,NA,20,1,NA,17.5188,0.2,NA,8.1979,0.220367643,22.9092,0.1683501684,0,0,1.3476,0.02173913043,0.7861,0.02
Northern_nrate,C,2015,LOW,21411,iwg,4,48.874925,-95.15718,936.2104,6272.85568,NA,NA,,,,NA,NA,NA,NA,NA,20,1,NA,17.5188,0.2,NA,8.1979,0.220367643,22.9092,0.1683501684,0,0,1.3476,0.02173913043,0.7861,0.02
Northern_nrate,C,2015,LOW,21417,iwg,4,48.874925,-95.15718,577.0504,5241.3088,NA,NA,,,,NA,NA,NA,NA,NA,20,1,NA,17.5188,0.2,NA,8.1979,0.220367643,22.9092,0.1683501684,0,0,1.3476,0.02173913043,0.7861,0.02
Northern_nrate,C,2015,LOW,21119,iwg,1,48.874925,-95.15718,612.9664,4429.4432,NA,NA,,,,NA,NA,NA,NA,NA,40,1,NA,17.5188,0.2,NA,8.1979,0.220367643,22.9092,0.1683501684,0,0,1.3476,0.02173913043,0.7861,0.02
Northern_nrate,C,2015,LOW,21204,iwg,2,48.874925,-95.15718,672.8264,5525.46176,NA,NA,,,,NA,NA,NA,NA,NA,40,1,NA,17.5188,0.2,NA,8.1979,0.220367643,22.9092,0.1683501684,0,0,1.3476,0.02173913043,0.7861,0.02
Northern_nrate,C,2015,LOW,21302,iwg,3,48.874925,-95.15718,1209.172,7715.11104,NA,NA,,,,NA,NA,NA,NA,NA,40,1,NA,17.5188,0.2,NA,8.1979,0.220367643,22.9092,0.1683501684,0,0,1.3476,0.02173913043,0.7861,0.02
Northern_nrate,C,2015,LOW,21113,iwg,1,48.874925,-95.15718,768.6024,6031.68384,NA,NA,,,,NA,NA,NA,NA,NA,60,1,NA,17.5188,0.2,NA,8.1979,0.220367643,22.9092,0.1683501684,0,0,1.3476,0.02173913043,0.7861,0.02
Northern_nrate,C,2015,LOW,21214,iwg,2,48.874925,-95.15718,869.1672,5114.75328,NA,NA,,,,NA,NA,NA,NA,NA,60,1,NA,17.5188,0.2,NA,8.1979,0.220367643,22.9092,0.1683501684,0,0,1.3476,0.02173913043,0.7861,0.02
Northern_nrate,C,2015,LOW,21307,iwg,3,48.874925,-95.15718,696.7704,4766.12864,NA,NA,,,,NA,NA,NA,NA,NA,60,1,NA,17.5188,0.2,NA,8.1979,0.220367643,22.9092,0.1683501684,0,0,1.3476,0.02173913043,0.7861,0.02
Northern_nrate,C,2015,LOW,21405,iwg,4,48.874925,-95.15718,1427.0624,7378.4256,NA,NA,,,,NA,NA,NA,NA,NA,60,1,NA,17.5188,0.2,NA,8.1979,0.220367643,22.9092,0.1683501684,0,0,1.3476,0.02173913043,0.7861,0.02
Northern_nrate,C,2015,LOW,21106,iwg,1,48.874925,-95.15718,826.068,7027.41312,NA,NA,,,,NA,NA,NA,NA,NA,80,1,NA,17.5188,0.2,NA,8.1979,0.220367643,22.9092,0.1683501684,0,0,1.3476,0.02173913043,0.7861,0.02
Northern_nrate,C,2015,LOW,21207,iwg,2,48.874925,-95.15718,871.5616,7705.55968,NA,NA,,,,NA,NA,NA,NA,NA,80,1,NA,17.5188,0.2,NA,8.1979,0.220367643,22.9092,0.1683501684,0,0,1.3476,0.02173913043,0.7861,0.02
Northern_nrate,C,2015,LOW,21309,iwg,3,48.874925,-95.15718,826.068,4981.03424,NA,NA,,,,NA,NA,NA,NA,NA,80,1,NA,17.5188,0.2,NA,8.1979,0.220367643,22.9092,0.1683501684,0,0,1.3476,0.02173913043,0.7861,0.02
Northern_nrate,C,2015,LOW,21419,iwg,4,48.874925,-95.15718,878.7448,7201.72544,NA,NA,,,,NA,NA,NA,NA,NA,80,1,NA,17.5188,0.2,NA,8.1979,0.220367643,22.9092,0.1683501684,0,0,1.3476,0.02173913043,0.7861,0.02
Northern_nrate,C,2015,Roseau,11107,iwg,1,48.88007,-95.848093,727.8976,7500.20544,NA,NA,,,,NA,NA,NA,NA,NA,0,1,NA,17.5188,0.2,NA,8.1979,0.220367643,22.9092,0.1683501684,0,0,0,0,0.7861,0.02
Northern_nrate,C,2015,Roseau,11202,iwg,2,48.88007,-95.848093,1034.3808,7994.48832,NA,NA,,,,NA,NA,NA,NA,NA,0,1,NA,17.5188,0.2,NA,8.1979,0.220367643,22.9092,0.1683501684,0,0,0,0,0.7861,0.02
Northern_nrate,C,2015,Roseau,11319,iwg,3,48.88007,-95.848093,1570.7264,11210.9088,NA,NA,,,,NA,NA,NA,NA,NA,0,1,NA,17.5188,0.2,NA,8.1979,0.220367643,22.9092,0.1683501684,0,0,0,0,0.7861,0.02
Northern_nrate,C,2015,Roseau,11413,iwg,4,48.88007,-95.848093,1391.1464,9329.29088,NA,NA,,,,NA,NA,NA,NA,NA,0,1,NA,17.5188,0.2,NA,8.1979,0.220367643,22.9092,0.1683501684,0,0,0,0,0.7861,0.02
Northern_nrate,C,2015,Roseau,11112,iwg,1,48.88007,-95.848093,1065.508,8837.39584,NA,NA,,,,NA,NA,NA,NA,NA,20,1,NA,17.5188,0.2,NA,8.1979,0.220367643,22.9092,0.1683501684,0,0,1.3476,0.02173913043,0.7861,0.02
Northern_nrate,C,2015,Roseau,11206,iwg,2,48.88007,-95.848093,1460.584,9931.02656,NA,NA,,,,NA,NA,NA,NA,NA,20,1,NA,17.5188,0.2,NA,8.1979,0.220367643,22.9092,0.1683501684,0,0,1.3476,0.02173913043,0.7861,0.02
Northern_nrate,C,2015,Roseau,11304,iwg,3,48.88007,-95.848093,1678.4744,9732.83584,NA,NA,,,,NA,NA,NA,NA,NA,20,1,NA,17.5188,0.2,NA,8.1979,0.220367643,22.9092,0.1683501684,0,0,1.3476,0.02173913043,0.7861,0.02
Northern_nrate,C,2015,Roseau,11411,iwg,4,48.88007,-95.848093,993.676,8080.45056,NA,NA,,,,NA,NA,NA,NA,NA,20,1,NA,17.5188,0.2,NA,8.1979,0.220367643,22.9092,0.1683501684,0,0,1.3476,0.02173913043,0.7861,0.02
Northern_nrate,C,2015,Roseau,11119,iwg,1,48.88007,-95.848093,1841.2936,10642.60288,NA,NA,,,,NA,NA,NA,NA,NA,40,1,NA,17.5188,0.2,NA,8.1979,0.220367643,22.9092,0.1683501684,0,0,1.3476,0.02173913043,0.7861,0.02
Northern_nrate,C,2015,Roseau,11204,iwg,2,48.88007,-95.848093,1431.8512,8875.60128,NA,NA,,,,NA,NA,NA,NA,NA,40,1,NA,17.5188,0.2,NA,8.1979,0.220367643,22.9092,0.1683501684,0,0,1.3476,0.02173913043,0.7861,0.02
Northern_nrate,C,2015,Roseau,11302,iwg,3,48.88007,-95.848093,1570.7264,10482.6176,NA,NA,,,,NA,NA,NA,NA,NA,40,1,NA,17.5188,0.2,NA,8.1979,0.220367643,22.9092,0.1683501684,0,0,1.3476,0.02173913043,0.7861,0.02
Northern_nrate,C,2015,Roseau,11415,iwg,4,48.88007,-95.848093,871.5616,8331.17376,NA,NA,,,,NA,NA,NA,NA,NA,40,1,NA,17.5188,0.2,NA,8.1979,0.220367643,22.9092,0.1683501684,0,0,1.3476,0.02173913043,0.7861,0.02
Northern_nrate,C,2015,Roseau,11113,iwg,1,48.88007,-95.848093,871.5616,7674.51776,NA,NA,,,,NA,NA,NA,NA,NA,60,1,NA,17.5188,0.2,NA,8.1979,0.220367643,22.9092,0.1683501684,0,0,1.3476,0.02173913043,0.7861,0.02
Northern_nrate,C,2015,Roseau,11214,iwg,2,48.88007,-95.848093,1213.9608,9747.16288,NA,NA,,,,NA,NA,NA,NA,NA,60,1,NA,17.5188,0.2,NA,8.1979,0.220367643,22.9092,0.1683501684,0,0,1.3476,0.02173913043,0.7861,0.02
Northern_nrate,C,2015,Roseau,11307,iwg,3,48.88007,-95.848093,1115.7904,10100.5632,NA,NA,,,,NA,NA,NA,NA,NA,60,1,NA,17.5188,0.2,NA,8.1979,0.220367643,22.9092,0.1683501684,0,0,1.3476,0.02173913043,0.7861,0.02
Northern_nrate,C,2015,Roseau,11405,iwg,4,48.88007,-95.848093,1400.724,9778.2048,NA,NA,,,,NA,NA,NA,NA,NA,60,1,NA,17.5188,0.2,NA,8.1979,0.220367643,22.9092,0.1683501684,0,0,1.3476,0.02173913043,0.7861,0.02
Northern_nrate,C,2015,Roseau,11207,iwg,2,48.88007,-95.848093,955.3656,8698.90112,NA,NA,,,,NA,NA,NA,NA,NA,80,1,NA,17.5188,0.2,NA,8.1979,0.220367643,22.9092,0.1683501684,0,0,1.3476,0.02173913043,0.7861,0.02
Northern_nrate,C,2015,Roseau,11309,iwg,3,48.88007,-95.848093,981.704,10210.40384,NA,NA,,,,NA,NA,NA,NA,NA,80,1,NA,17.5188,0.2,NA,8.1979,0.220367643,22.9092,0.1683501684,0,0,1.3476,0.02173913043,0.7861,0.02
Northern_nrate,C,2015,Roseau,11419,iwg,4,48.88007,-95.848093,885.928,8985.44192,NA,NA,,,,NA,NA,NA,NA,NA,80,1,NA,17.5188,0.2,NA,8.1979,0.220367643,22.9092,0.1683501684,0,0,1.3476,0.02173913043,0.7861,0.02
Northern_nrate,C,2016,LOW,21107,iwg,1,48.874925,-95.15718,42.994224,4117.891232,NA,NA,,,,NA,NA,NA,NA,NA,0,2,NA,0,0,0,8.1979,0.220367643,22.9092,0.1683501684,0,0,0,0,0.7861,0.02
Northern_nrate,C,2016,LOW,21202,iwg,2,48.874925,-95.15718,38.217088,3506.417824,NA,NA,,,,NA,NA,NA,NA,NA,0,2,NA,0,0,0,8.1979,0.220367643,22.9092,0.1683501684,0,0,0,0,0.7861,0.02
Northern_nrate,C,2016,LOW,21319,iwg,3,48.874925,-95.15718,66.879904,7872.720128,NA,NA,,,,NA,NA,NA,NA,NA,0,2,NA,0,0,0,8.1979,0.220367643,22.9092,0.1683501684,0,0,0,0,0.7861,0.02
Northern_nrate,C,2016,LOW,21413,iwg,4,48.874925,-95.15718,71.65704,4925.227216,NA,NA,,,,NA,NA,NA,NA,NA,0,2,NA,0,0,0,8.1979,0.220367643,22.9092,0.1683501684,0,0,0,0,0.7861,0.02
Northern_nrate,C,2016,LOW,21112,iwg,1,48.874925,-95.15718,23.88568,3296.22384,NA,NA,,,,NA,NA,NA,NA,NA,20,2,NA,0,0,0,8.1979,0.220367643,22.9092,0.1683501684,0,0,1.3476,0.02173913043,0.7861,0.02
Northern_nrate,C,2016,LOW,21206,iwg,2,48.874925,-95.15718,14.331408,5957.088592,NA,NA,,,,NA,NA,NA,NA,NA,20,2,NA,0,0,0,8.1979,0.220367643,22.9092,0.1683501684,0,0,1.3476,0.02173913043,0.7861,0.02
Northern_nrate,C,2016,LOW,21304,iwg,3,48.874925,-95.15718,23.88568,8369.542272,NA,NA,,,,NA,NA,NA,NA,NA,20,2,NA,0,0,0,8.1979,0.220367643,22.9092,0.1683501684,0,0,1.3476,0.02173913043,0.7861,0.02
Northern_nrate,C,2016,LOW,21411,iwg,4,48.874925,-95.15718,14.331408,4786.690272,NA,NA,,,,NA,NA,NA,NA,NA,20,2,NA,0,0,0,8.1979,0.220367643,22.9092,0.1683501684,0,0,1.3476,0.02173913043,0.7861,0.02
Northern_nrate,C,2016,LOW,21119,iwg,1,48.874925,-95.15718,171.976896,9544.717728,NA,NA,,,,NA,NA,NA,NA,NA,40,2,NA,0,0,0,8.1979,0.220367643,22.9092,0.1683501684,0,0,1.3476,0.02173913043,0.7861,0.02
Northern_nrate,C,2016,LOW,21204,iwg,2,48.874925,-95.15718,257.965344,7256.469584,NA,NA,,,,NA,NA,NA,NA,NA,40,2,NA,0,0,0,8.1979,0.220367643,22.9092,0.1683501684,0,0,1.3476,0.02173913043,0.7861,0.02
Northern_nrate,C,2016,LOW,21302,iwg,3,48.874925,-95.15718,71.65704,10739.00173,NA,NA,,,,NA,NA,NA,NA,NA,40,2,NA,0,0,0,8.1979,0.220367643,22.9092,0.1683501684,0,0,1.3476,0.02173913043,0.7861,0.02
Northern_nrate,C,2016,LOW,21415,iwg,4,48.874925,-95.15718,33.439952,7266.023856,NA,NA,,,,NA,NA,NA,NA,NA,40,2,NA,0,0,0,8.1979,0.220367643,22.9092,0.1683501684,0,0,1.3476,0.02173913043,0.7861,0.02
Northern_nrate,C,2016,LOW,21113,iwg,1,48.874925,-95.15718,167.19976,11130.72688,NA,NA,,,,NA,NA,NA,NA,NA,60,2,NA,0,0,0,8.1979,0.220367643,22.9092,0.1683501684,0,0,1.3476,0.02173913043,0.7861,0.02
Northern_nrate,C,2016,LOW,21214,iwg,2,48.874925,-95.15718,57.325632,7132.264048,NA,NA,,,,NA,NA,NA,NA,NA,60,2,NA,0,0,0,8.1979,0.220367643,22.9092,0.1683501684,0,0,1.3476,0.02173913043,0.7861,0.02
Northern_nrate,C,2016,LOW,21307,iwg,3,48.874925,-95.15718,109.874128,9086.112672,NA,NA,,,,NA,NA,NA,NA,NA,60,2,NA,0,0,0,8.1979,0.220367643,22.9092,0.1683501684,0,0,1.3476,0.02173913043,0.7861,0.02
Northern_nrate,C,2016,LOW,21405,iwg,4,48.874925,-95.15718,105.096992,8149.794016,NA,NA,,,,NA,NA,NA,NA,NA,60,2,NA,0,0,0,8.1979,0.220367643,22.9092,0.1683501684,0,0,1.3476,0.02173913043,0.7861,0.02
Northern_nrate,C,2016,LOW,21106,iwg,1,48.874925,-95.15718,243.633936,10304.28235,NA,NA,,,,NA,NA,NA,NA,NA,80,2,NA,0,0,0,8.1979,0.220367643,22.9092,0.1683501684,0,0,1.3476,0.02173913043,0.7861,0.02
Northern_nrate,C,2016,LOW,21207,iwg,2,48.874925,-95.15718,71.65704,8302.662368,NA,NA,,,,NA,NA,NA,NA,NA,80,2,NA,0,0,0,8.1979,0.220367643,22.9092,0.1683501684,0,0,1.3476,0.02173913043,0.7861,0.02
Northern_nrate,C,2016,LOW,21309,iwg,3,48.874925,-95.15718,195.862576,9024.009904,NA,NA,,,,NA,NA,NA,NA,NA,80,2,NA,0,0,0,8.1979,0.220367643,22.9092,0.1683501684,0,0,1.3476,0.02173913043,0.7861,0.02
Northern_nrate,C,2016,LOW,21419,iwg,4,48.874925,-95.15718,95.54272,7643.4176,NA,NA,,,,NA,NA,NA,NA,NA,80,2,NA,0,0,0,8.1979,0.220367643,22.9092,0.1683501684,0,0,1.3476,0.02173913043,0.7861,0.02
Northern_nrate,C,2016,Roseau,11107,iwg,1,48.88007,-95.848093,143.31408,6028.745632,NA,NA,,,,NA,NA,NA,NA,NA,0,2,NA,0,0,0,8.1979,0.220367643,22.9092,0.1683501684,0,0,0,0,0.7861,0.02
Northern_nrate,C,2016,Roseau,11202,iwg,2,48.88007,-95.848093,143.31408,5211.855376,NA,NA,,,,NA,NA,NA,NA,NA,0,2,NA,0,0,0,8.1979,0.220367643,22.9092,0.1683501684,0,0,0,0,0.7861,0.02
Northern_nrate,C,2016,Roseau,11319,iwg,3,48.88007,-95.848093,143.31408,6745.316032,NA,NA,,,,NA,NA,NA,NA,NA,0,2,NA,0,0,0,8.1979,0.220367643,22.9092,0.1683501684,0,0,0,0,0.7861,0.02
Northern_nrate,C,2016,Roseau,11413,iwg,4,48.88007,-95.848093,71.65704,3926.805792,NA,NA,,,,NA,NA,NA,NA,NA,0,2,NA,0,0,0,8.1979,0.220367643,22.9092,0.1683501684,0,0,0,0,0.7861,0.02
Northern_nrate,C,2016,Roseau,11112,iwg,1,48.88007,-95.848093,76.434176,5187.969696,NA,NA,,,,NA,NA,NA,NA,NA,20,2,NA,0,0,0,8.1979,0.220367643,22.9092,0.1683501684,0,0,1.3476,0.02173913043,0.7861,0.02
Northern_nrate,C,2016,Roseau,11206,iwg,2,48.88007,-95.848093,171.976896,8116.354064,NA,NA,,,,NA,NA,NA,NA,NA,20,2,NA,0,0,0,8.1979,0.220367643,22.9092,0.1683501684,0,0,1.3476,0.02173913043,0.7861,0.02
Northern_nrate,C,2016,Roseau,11304,iwg,3,48.88007,-95.848093,143.31408,5078.095568,NA,NA,,,,NA,NA,NA,NA,NA,20,2,NA,0,0,0,8.1979,0.220367643,22.9092,0.1683501684,0,0,1.3476,0.02173913043,0.7861,0.02
Northern_nrate,C,2016,Roseau,11411,iwg,4,48.88007,-95.848093,100.319856,4815.353088,NA,NA,,,,NA,NA,NA,NA,NA,20,2,NA,0,0,0,8.1979,0.220367643,22.9092,0.1683501684,0,0,1.3476,0.02173913043,0.7861,0.02
Northern_nrate,C,2016,Roseau,11119,iwg,1,48.88007,-95.848093,315.290976,11097.28693,NA,NA,,,,NA,NA,NA,NA,NA,40,2,NA,0,0,0,8.1979,0.220367643,22.9092,0.1683501684,0,0,1.3476,0.02173913043,0.7861,0.02
Northern_nrate,C,2016,Roseau,11204,iwg,2,48.88007,-95.848093,205.416848,6965.064288,NA,NA,,,,NA,NA,NA,NA,NA,40,2,NA,0,0,0,8.1979,0.220367643,22.9092,0.1683501684,0,0,1.3476,0.02173913043,0.7861,0.02
Northern_nrate,C,2016,Roseau,11302,iwg,3,48.88007,-95.848093,157.645488,7906.16008,NA,NA,,,,NA,NA,NA,NA,NA,40,2,NA,0,0,0,8.1979,0.220367643,22.9092,0.1683501684,0,0,1.3476,0.02173913043,0.7861,0.02
Northern_nrate,C,2016,Roseau,11415,iwg,4,48.88007,-95.848093,124.205536,7227.806768,NA,NA,,,,NA,NA,NA,NA,NA,40,2,NA,0,0,0,8.1979,0.220367643,22.9092,0.1683501684,0,0,1.3476,0.02173913043,0.7861,0.02
Northern_nrate,C,2016,Roseau,11113,iwg,1,48.88007,-95.848093,171.976896,9941.220016,NA,NA,,,,NA,NA,NA,NA,NA,60,2,NA,0,0,0,8.1979,0.220367643,22.9092,0.1683501684,0,0,1.3476,0.02173913043,0.7861,0.02
Northern_nrate,C,2016,Roseau,11214,iwg,2,48.88007,-95.848093,305.736704,10433.26502,NA,NA,,,,NA,NA,NA,NA,NA,60,2,NA,0,0,0,8.1979,0.220367643,22.9092,0.1683501684,0,0,1.3476,0.02173913043,0.7861,0.02
Northern_nrate,C,2016,Roseau,11307,iwg,3,48.88007,-95.848093,148.091216,10280.39667,NA,NA,,,,NA,NA,NA,NA,NA,60,2,NA,0,0,0,8.1979,0.220367643,22.9092,0.1683501684,0,0,1.3476,0.02173913043,0.7861,0.02
Northern_nrate,C,2016,Roseau,11405,iwg,4,48.88007,-95.848093,229.302528,6950.73288,NA,NA,,,,NA,NA,NA,NA,NA,60,2,NA,0,0,0,8.1979,0.220367643,22.9092,0.1683501684,0,0,1.3476,0.02173913043,0.7861,0.02
Northern_nrate,C,2016,Roseau,11106,iwg,1,48.88007,-95.848093,272.296752,13495.4092,NA,NA,,,,NA,NA,NA,NA,NA,80,2,NA,0,0,0,8.1979,0.220367643,22.9092,0.1683501684,0,0,1.3476,0.02173913043,0.7861,0.02
Northern_nrate,C,2016,Roseau,11207,iwg,2,48.88007,-95.848093,281.851024,8020.811344,NA,NA,,,,NA,NA,NA,NA,NA,80,2,NA,0,0,0,8.1979,0.220367643,22.9092,0.1683501684,0,0,1.3476,0.02173913043,0.7861,0.02
Northern_nrate,C,2016,Roseau,11309,iwg,3,48.88007,-95.848093,76.434176,9888.67152,NA,NA,,,,NA,NA,NA,NA,NA,80,2,NA,0,0,0,8.1979,0.220367643,22.9092,0.1683501684,0,0,1.3476,0.02173913043,0.7861,0.02
Northern_nrate,C,2016,Roseau,11419,iwg,4,48.88007,-95.848093,324.845248,9945.997152,NA,NA,,,,NA,NA,NA,NA,NA,80,2,NA,0,0,0,8.1979,0.220367643,22.9092,0.1683501684,0,0,1.3476,0.02173913043,0.7861,0.02
Northern_nrate,C,2017,LOW,21107,iwg,1,48.874925,-95.15718,85.988448,1910.8544,NA,NA,,,,NA,NA,NA,NA,NA,0,3,NA,0,0,0,8.1979,0.220367643,22.9092,0.1683501684,0,0,0,0,0.7861,0.02
Northern_nrate,C,2017,LOW,21202,iwg,2,48.874925,-95.15718,332.010952,2961.82432,NA,NA,,,,NA,NA,NA,NA,NA,0,3,NA,0,0,0,8.1979,0.220367643,22.9092,0.1683501684,0,0,0,0,0.7861,0.02
Northern_nrate,C,2017,LOW,21319,iwg,3,48.874925,-95.15718,145.702648,3152.90976,NA,NA,,,,NA,NA,NA,NA,NA,0,3,NA,0,0,0,8.1979,0.220367643,22.9092,0.1683501684,0,0,0,0,0.7861,0.02
Northern_nrate,C,2017,LOW,21413,iwg,4,48.874925,-95.15718,131.37124,2388.568,NA,NA,,,,NA,NA,NA,NA,NA,0,3,NA,0,0,0,8.1979,0.220367643,22.9092,0.1683501684,0,0,0,0,0.7861,0.02
Northern_nrate,C,2017,LOW,21112,iwg,1,48.874925,-95.15718,150.479784,3869.48016,NA,NA,,,,NA,NA,NA,NA,NA,20,3,NA,0,0,0,8.1979,0.220367643,22.9092,0.1683501684,0,0,1.3476,0.02173913043,0.7861,0.02
Northern_nrate,C,2017,LOW,21206,iwg,2,48.874925,-95.15718,81.211312,3582.852,NA,NA,,,,NA,NA,NA,NA,NA,20,3,NA,0,0,0,8.1979,0.220367643,22.9092,0.1683501684,0,0,1.3476,0.02173913043,0.7861,0.02
Northern_nrate,C,2017,LOW,21304,iwg,3,48.874925,-95.15718,193.474008,3343.9952,NA,NA,,,,NA,NA,NA,NA,NA,20,3,NA,0,0,0,8.1979,0.220367643,22.9092,0.1683501684,0,0,1.3476,0.02173913043,0.7861,0.02
Northern_nrate,C,2017,LOW,21411,iwg,4,48.874925,-95.15718,138.536944,4203.87968,NA,NA,,,,NA,NA,NA,NA,NA,20,3,NA,0,0,0,8.1979,0.220367643,22.9092,0.1683501684,0,0,1.3476,0.02173913043,0.7861,0.02
Northern_nrate,C,2017,LOW,21119,iwg,1,48.874925,-95.15718,238.8568,3773.93744,NA,NA,,,,NA,NA,NA,NA,NA,40,3,NA,0,0,0,8.1979,0.220367643,22.9092,0.1683501684,0,0,1.3476,0.02173913043,0.7861,0.02
Northern_nrate,C,2017,LOW,21203,iwg,2,48.874925,-95.15718,561.31348,8981.01568,NA,NA,,,,NA,NA,NA,NA,NA,40,3,NA,0,0,0,8.1979,0.220367643,22.9092,0.1683501684,0,0,1.3476,0.02173913043,0.7861,0.02
Northern_nrate,C,2017,LOW,21302,iwg,3,48.874925,-95.15718,315.290976,5923.64864,NA,NA,,,,NA,NA,NA,NA,NA,40,3,NA,0,0,0,8.1979,0.220367643,22.9092,0.1683501684,0,0,1.3476,0.02173913043,0.7861,0.02
Northern_nrate,C,2017,LOW,21415,iwg,4,48.874925,-95.15718,169.588328,4442.73648,NA,NA,,,,NA,NA,NA,NA,NA,40,3,NA,0,0,0,8.1979,0.220367643,22.9092,0.1683501684,0,0,1.3476,0.02173913043,0.7861,0.02
Northern_nrate,C,2017,LOW,21114,iwg,1,48.874925,-95.15718,496.822144,12086.15408,NA,NA,,,,NA,NA,NA,NA,NA,60,3,NA,0,0,0,8.1979,0.220367643,22.9092,0.1683501684,0,0,1.3476,0.02173913043,0.7861,0.02
Northern_nrate,C,2017,LOW,21214,iwg,2,48.874925,-95.15718,303.348136,7117.93264,NA,NA,,,,NA,NA,NA,NA,NA,60,3,NA,0,0,0,8.1979,0.220367643,22.9092,0.1683501684,0,0,1.3476,0.02173913043,0.7861,0.02
Northern_nrate,C,2017,LOW,21307,iwg,3,48.874925,-95.15718,343.953792,5684.79184,NA,NA,,,,NA,NA,NA,NA,NA,60,3,NA,0,0,0,8.1979,0.220367643,22.9092,0.1683501684,0,0,1.3476,0.02173913043,0.7861,0.02
Northern_nrate,C,2017,LOW,21405,iwg,4,48.874925,-95.15718,417.9994,7022.38992,NA,NA,,,,NA,NA,NA,NA,NA,60,3,NA,0,0,0,8.1979,0.220367643,22.9092,0.1683501684,0,0,1.3476,0.02173913043,0.7861,0.02
Northern_nrate,C,2017,LOW,21106,iwg,1,48.874925,-95.15718,300.959568,6831.30448,NA,NA,,,,NA,NA,NA,NA,NA,80,3,NA,0,0,0,8.1979,0.220367643,22.9092,0.1683501684,0,0,1.3476,0.02173913043,0.7861,0.02
Northern_nrate,C,2017,LOW,21207,iwg,2,48.874925,-95.15718,191.08544,4538.2792,NA,NA,,,,NA,NA,NA,NA,NA,80,3,NA,0,0,0,8.1979,0.220367643,22.9092,0.1683501684,0,0,1.3476,0.02173913043,0.7861,0.02
Northern_nrate,C,2017,LOW,21309,iwg,3,48.874925,-95.15718,382.17088,7930.04576,NA,NA,,,,NA,NA,NA,NA,NA,80,3,NA,0,0,0,8.1979,0.220367643,22.9092,0.1683501684,0,0,1.3476,0.02173913043,0.7861,0.02
Northern_nrate,C,2017,LOW,21419,iwg,4,48.874925,-95.15718,324.845248,5923.64864,NA,NA,,,,NA,NA,NA,NA,NA,80,3,NA,0,0,0,8.1979,0.220367643,22.9092,0.1683501684,0,0,1.3476,0.02173913043,0.7861,0.02
Northern_nrate,C,2017,Roseau,11107,iwg,1,48.88007,-95.848093,0,907.65584,NA,NA,,,,NA,NA,NA,NA,NA,0,3,NA,0,0,0,8.1979,0.220367643,22.9092,0.1683501684,0,0,0,0,0.7861,0.02
Northern_nrate,C,2017,Roseau,11202,iwg,2,48.88007,-95.848093,97.931288,1050.96992,NA,NA,,,,NA,NA,NA,NA,NA,0,3,NA,0,0,0,8.1979,0.220367643,22.9092,0.1683501684,0,0,0,0,0.7861,0.02
Northern_nrate,C,2017,Roseau,11319,iwg,3,48.88007,-95.848093,31.051384,1815.31168,NA,NA,,,,NA,NA,NA,NA,NA,0,3,NA,0,0,0,8.1979,0.220367643,22.9092,0.1683501684,0,0,0,0,0.7861,0.02
Northern_nrate,C,2017,Roseau,11413,iwg,4,48.88007,-95.848093,97.931288,3487.30928,NA,NA,,,,NA,NA,NA,NA,NA,0,3,NA,0,0,0,8.1979,0.220367643,22.9092,0.1683501684,0,0,0,0,0.7861,0.02
Northern_nrate,C,2017,Roseau,11112,iwg,1,48.88007,-95.848093,78.822744,,NA,NA,,,,NA,NA,NA,NA,NA,20,3,NA,0,0,0,8.1979,0.220367643,22.9092,0.1683501684,0,0,1.3476,0.02173913043,0.7861,0.02
Northern_nrate,C,2017,Roseau,11206,iwg,2,48.88007,-95.848093,143.31408,3057.36704,NA,NA,,,,NA,NA,NA,NA,NA,20,3,NA,0,0,0,8.1979,0.220367643,22.9092,0.1683501684,0,0,1.3476,0.02173913043,0.7861,0.02
Northern_nrate,C,2017,Roseau,11304,iwg,3,48.88007,-95.848093,81.211312,2770.73888,NA,NA,,,,NA,NA,NA,NA,NA,20,3,NA,0,0,0,8.1979,0.220367643,22.9092,0.1683501684,0,0,1.3476,0.02173913043,0.7861,0.02
Northern_nrate,C,2017,Roseau,11411,iwg,4,48.88007,-95.848093,69.268472,1242.05536,NA,NA,,,,NA,NA,NA,NA,NA,20,3,NA,0,0,0,8.1979,0.220367643,22.9092,0.1683501684,0,0,1.3476,0.02173913043,0.7861,0.02
Northern_nrate,C,2017,Roseau,11119,iwg,1,48.88007,-95.848093,42.994224,1815.31168,NA,NA,,,,NA,NA,NA,NA,NA,40,3,NA,0,0,0,8.1979,0.220367643,22.9092,0.1683501684,0,0,1.3476,0.02173913043,0.7861,0.02
Northern_nrate,C,2017,Roseau,11203,iwg,2,48.88007,-95.848093,90.765584,1910.8544,NA,NA,,,,NA,NA,NA,NA,NA,40,3,NA,0,0,0,8.1979,0.220367643,22.9092,0.1683501684,0,0,1.3476,0.02173913043,0.7861,0.02
Northern_nrate,C,2017,Roseau,11302,iwg,3,48.88007,-95.848093,112.262696,5302.62096,NA,NA,,,,NA,NA,NA,NA,NA,40,3,NA,0,0,0,8.1979,0.220367643,22.9092,0.1683501684,0,0,1.3476,0.02173913043,0.7861,0.02
Northern_nrate,C,2017,Roseau,11415,iwg,4,48.88007,-95.848093,16.719976,,NA,NA,,,,NA,NA,NA,NA,NA,40,3,NA,0,0,0,8.1979,0.220367643,22.9092,0.1683501684,0,0,1.3476,0.02173913043,0.7861,0.02
Northern_nrate,C,2017,Roseau,11114,iwg,1,48.88007,-95.848093,95.54272,,NA,NA,,,,NA,NA,NA,NA,NA,60,3,NA,0,0,0,8.1979,0.220367643,22.9092,0.1683501684,0,0,1.3476,0.02173913043,0.7861,0.02
Northern_nrate,C,2017,Roseau,11214,iwg,2,48.88007,-95.848093,229.302528,4490.50784,NA,NA,,,,NA,NA,NA,NA,NA,60,3,NA,0,0,0,8.1979,0.220367643,22.9092,0.1683501684,0,0,1.3476,0.02173913043,0.7861,0.02
Northern_nrate,C,2017,Roseau,11307,iwg,3,48.88007,-95.848093,162.422624,3200.68112,NA,NA,,,,NA,NA,NA,NA,NA,60,3,NA,0,0,0,8.1979,0.220367643,22.9092,0.1683501684,0,0,1.3476,0.02173913043,0.7861,0.02
Northern_nrate,C,2017,Roseau,11405,iwg,4,48.88007,-95.848093,226.91396,4824.90736,NA,NA,,,,NA,NA,NA,NA,NA,60,3,NA,0,0,0,8.1979,0.220367643,22.9092,0.1683501684,0,0,1.3476,0.02173913043,0.7861,0.02
Northern_nrate,C,2017,Roseau,11106,iwg,1,48.88007,-95.848093,128.982672,6496.90496,NA,NA,,,,NA,NA,NA,NA,NA,80,3,NA,0,0,0,8.1979,0.220367643,22.9092,0.1683501684,0,0,1.3476,0.02173913043,0.7861,0.02
Northern_nrate,C,2017,Roseau,11207,iwg,2,48.88007,-95.848093,365.450904,6831.30448,NA,NA,,,,NA,NA,NA,NA,NA,80,3,NA,0,0,0,8.1979,0.220367643,22.9092,0.1683501684,0,0,1.3476,0.02173913043,0.7861,0.02
Northern_nrate,C,2017,Roseau,11309,iwg,3,48.88007,-95.848093,343.953792,7691.18896,NA,NA,,,,NA,NA,NA,NA,NA,80,3,NA,0,0,0,8.1979,0.220367643,22.9092,0.1683501684,0,0,1.3476,0.02173913043,0.7861,0.02
Northern_nrate,C,2017,Roseau,11419,iwg,4,48.88007,-95.848093,346.34236,11082.95552,NA,NA,,,,NA,NA,NA,NA,NA,80,3,NA,0,0,0,8.1979,0.220367643,22.9092,0.1683501684,0,0,1.3476,0.02173913043,0.7861,0.02
Legume,E,2017,Lamberton,108,iwg,1,44.23621,-95.304218,277.736,1990.64,NA,NA,3.82,43.3502966,,NA,NA,NA,NA,NA,45,1,NA,17.5188,0.2,NA,8.1979,0.220367643,22.9092,0.1683501684,0,0,1.3476,0.02173913043,0,0
Legume,E,2017,Lamberton,206,iwg,2,44.23621,-95.304218,330.184,2395.92,NA,NA,3.98,42.8336821,,NA,NA,NA,NA,NA,45,1,NA,17.5188,0.2,NA,8.1979,0.220367643,22.9092,0.1683501684,0,0,1.3476,0.02173913043,0,0
Legume,E,2017,Lamberton,301,iwg,3,44.23621,-95.304218,344.488,2395.92,NA,NA,4.18,43.5853258,,NA,NA,NA,NA,NA,45,1,NA,17.5188,0.2,NA,8.1979,0.220367643,22.9092,0.1683501684,0,0,1.3476,0.02173913043,0,0
Legume,E,2017,Lamberton,406,iwg,4,44.23621,-95.304218,373.096,2920.4,NA,NA,3.86,43.115598,,NA,NA,NA,NA,NA,45,1,NA,17.5188,0.2,NA,8.1979,0.220367643,22.9092,0.1683501684,0,0,1.3476,0.02173913043,0,0
Legume,E,2017,Lamberton,102,iwg,1,44.23621,-95.304218,NA,2515.12,NA,NA,3.8,43.4499941,,NA,NA,NA,NA,NA,90,1,NA,17.5188,0.2,NA,8.1979,0.220367643,22.9092,0.1683501684,0,0,1.3476,0.02173913043,0,0
Legume,E,2017,Lamberton,203,iwg,2,44.23621,-95.304218,296.808,1704.56,NA,NA,3.82,43.1055845,,NA,NA,NA,NA,NA,90,1,NA,17.5188,0.2,NA,8.1979,0.220367643,22.9092,0.1683501684,0,0,1.3476,0.02173913043,0,0
Legume,E,2017,Lamberton,306,iwg,3,44.23621,-95.304218,10.728,NA,NA,NA,3.93,43.3594951,,NA,NA,NA,NA,NA,90,1,NA,17.5188,0.2,NA,8.1979,0.220367643,22.9092,0.1683501684,0,0,1.3476,0.02173913043,0,0
Legume,E,2017,Lamberton,405,iwg,4,44.23621,-95.304218,151.384,1609.2,NA,NA,4.18,43.1697973,,NA,NA,NA,NA,NA,90,1,NA,17.5188,0.2,NA,8.1979,0.220367643,22.9092,0.1683501684,0,0,1.3476,0.02173913043,0,0
Legume,E,2017,Lamberton,103,iwg,1,44.23621,-95.304218,420.776,2181.36,NA,NA,3.33,41.5332823,,NA,NA,NA,NA,NA,0,1,NA,17.5188,0.2,NA,8.1979,0.220367643,22.9092,0.1683501684,0,0,0,0,0,0
Legume,E,2017,Lamberton,208,iwg,2,44.23621,-95.304218,306.344,2181.36,NA,NA,4,41.0884449,,NA,NA,NA,NA,NA,0,1,NA,17.5188,0.2,NA,8.1979,0.220367643,22.9092,0.1683501684,0,0,0,0,0,0
Legume,E,2017,Lamberton,303,iwg,3,44.23621,-95.304218,94.168,631.76,NA,NA,3.71,41.0158184,,NA,NA,NA,NA,NA,0,1,NA,17.5188,0.2,NA,8.1979,0.220367643,22.9092,0.1683501684,0,0,0,0,0,0
Legume,E,2017,Lamberton,408,iwg,4,44.23621,-95.304218,160.92,631.76,NA,NA,3.55,41.5332823,,NA,NA,NA,NA,NA,0,1,NA,17.5188,0.2,NA,8.1979,0.220367643,22.9092,0.1683501684,0,0,0,0,0,0
Legume,E,2017,Rosemount,103,iwg,1,44.686258,-93.070315,447,2598.56,NA,NA,3.01,42.9078337,,NA,NA,NA,NA,NA,45,1,NA,17.5188,0.2,NA,8.1979,0.220367643,22.9092,0.1683501684,0,0,1.3476,0.02173913043,0,0
Legume,E,2017,Rosemount,203,iwg,2,44.686258,-93.070315,698.512,5125.6,NA,NA,3.56,43.5311265,,NA,NA,NA,NA,NA,45,1,NA,17.5188,0.2,NA,8.1979,0.220367643,22.9092,0.1683501684,0,0,1.3476,0.02173913043,0,0
Legume,E,2017,Rosemount,301,iwg,3,44.686258,-93.070315,524.48,2789.28,NA,NA,2.95,42.9529999,,NA,NA,NA,NA,NA,45,1,NA,17.5188,0.2,NA,8.1979,0.220367643,22.9092,0.1683501684,0,0,1.3476,0.02173913043,0,0
Legume,E,2017,Rosemount,408,iwg,4,44.686258,-93.070315,811.752,5578.56,NA,NA,3.13,42.9168669,,NA,NA,NA,NA,NA,45,1,NA,17.5188,0.2,NA,8.1979,0.220367643,22.9092,0.1683501684,0,0,1.3476,0.02173913043,0,0
Legume,E,2017,Rosemount,108,iwg,1,44.686258,-93.070315,456.536,5077.92,NA,NA,3.14,41.9864444,,NA,NA,NA,NA,NA,90,1,NA,17.5188,0.2,NA,8.1979,0.220367643,22.9092,0.1683501684,0,0,1.3476,0.02173913043,0,0
Legume,E,2017,Rosemount,209,iwg,2,44.686258,-93.070315,681.824,5387.84,NA,NA,3.34,43.1788306,,NA,NA,NA,NA,NA,90,1,NA,17.5188,0.2,NA,8.1979,0.220367643,22.9092,0.1683501684,0,0,1.3476,0.02173913043,0,0
Legume,E,2017,Rosemount,307,iwg,3,44.686258,-93.070315,691.36,4052.8,NA,NA,3.54,43.2872293,,NA,NA,NA,NA,NA,90,1,NA,17.5188,0.2,NA,8.1979,0.220367643,22.9092,0.1683501684,0,0,1.3476,0.02173913043,0,0
Legume,E,2017,Rosemount,407,iwg,4,44.686258,-93.070315,830.824,4529.6,NA,NA,3.18,42.7181359,,NA,NA,NA,NA,NA,90,1,NA,17.5188,0.2,NA,8.1979,0.220367643,22.9092,0.1683501684,0,0,1.3476,0.02173913043,0,0
Legume,E,2017,Rosemount,106,iwg,1,44.686258,-93.070315,619.84,4219.68,NA,NA,2.58,40.0081257,,NA,NA,NA,NA,NA,0,1,NA,17.5188,0.2,NA,8.1979,0.220367643,22.9092,0.1683501684,0,0,0,0,0,0
Legume,E,2017,Rosemount,206,iwg,2,44.686258,-93.070315,447,3337.6,NA,NA,2.51,41.3154027,,NA,NA,NA,NA,NA,0,1,NA,17.5188,0.2,NA,8.1979,0.220367643,22.9092,0.1683501684,0,0,0,0,0,0
Legume,E,2017,Rosemount,304,iwg,3,44.686258,-93.070315,824.864,3647.52,NA,NA,2.33,40.4348064,,NA,NA,NA,NA,NA,0,1,NA,17.5188,0.2,NA,8.1979,0.220367643,22.9092,0.1683501684,0,0,0,0,0,0
Legume,E,2017,Rosemount,405,iwg,4,44.686258,-93.070315,467.264,2836.96,NA,NA,2.57,41.4061859,,NA,NA,NA,NA,NA,0,1,NA,17.5188,0.2,NA,8.1979,0.220367643,22.9092,0.1683501684,0,0,0,0,0,0
Legume,E,2017,Saint Paul,103,iwg,1,44.988667,-93.175662,238.4,5530.88,NA,NA,NA,NA,,NA,NA,NA,NA,NA,45,1,NA,17.5188,0.2,NA,8.1979,0.220367643,22.9092,0.1683501684,0,0,1.3476,0.02173913043,0,0
Legume,E,2017,Saint Paul,204,iwg,2,44.988667,-93.175662,NA,NA,NA,NA,NA,NA,,NA,NA,NA,NA,NA,45,1,NA,17.5188,0.2,NA,8.1979,0.220367643,22.9092,0.1683501684,0,0,1.3476,0.02173913043,0,0
Legume,E,2017,Saint Paul,304,iwg,3,44.988667,-93.175662,575.736,5721.6,NA,NA,NA,NA,,NA,NA,NA,NA,NA,45,1,NA,17.5188,0.2,NA,8.1979,0.220367643,22.9092,0.1683501684,0,0,1.3476,0.02173913043,0,0
Legume,E,2017,Saint Paul,401,iwg,4,44.988667,-93.175662,377.864,3242.24,NA,NA,NA,NA,,NA,NA,NA,NA,NA,45,1,NA,17.5188,0.2,NA,8.1979,0.220367643,22.9092,0.1683501684,0,0,1.3476,0.02173913043,0,0
Legume,E,2017,Saint Paul,105,iwg,1,44.988667,-93.175662,476.8,8725.44,NA,NA,NA,NA,,NA,NA,NA,NA,NA,90,1,NA,17.5188,0.2,NA,8.1979,0.220367643,22.9092,0.1683501684,0,0,1.3476,0.02173913043,0,0
Legume,E,2017,Saint Paul,201,iwg,2,44.988667,-93.175662,381.44,3838.24,NA,NA,NA,NA,,NA,NA,NA,NA,NA,90,1,NA,17.5188,0.2,NA,8.1979,0.220367643,22.9092,0.1683501684,0,0,1.3476,0.02173913043,0,0
Legume,E,2017,Saint Paul,306,iwg,3,44.988667,-93.175662,NA,NA,NA,NA,NA,NA,,NA,NA,NA,NA,NA,90,1,NA,17.5188,0.2,NA,8.1979,0.220367643,22.9092,0.1683501684,0,0,1.3476,0.02173913043,0,0
Legume,E,2017,Saint Paul,402,iwg,4,44.988667,-93.175662,98.936,3051.52,NA,NA,NA,NA,,NA,NA,NA,NA,NA,90,1,NA,17.5188,0.2,NA,8.1979,0.220367643,22.9092,0.1683501684,0,0,1.3476,0.02173913043,0,0
Legume,E,2017,Saint Paul,106,iwg,1,44.988667,-93.175662,395.744,7938.72,NA,NA,2.58,41.18,,NA,NA,NA,NA,NA,0,1,NA,17.5188,0.2,NA,8.1979,0.220367643,22.9092,0.1683501684,0,0,0,0,0,0
Legume,E,2017,Saint Paul,209,iwg,2,44.988667,-93.175662,557.856,5197.12,NA,NA,2.29,41.11,,NA,NA,NA,NA,NA,0,1,NA,17.5188,0.2,NA,8.1979,0.220367643,22.9092,0.1683501684,0,0,0,0,0,0
Legume,E,2017,Saint Paul,303,iwg,3,44.988667,-93.175662,392.168,2741.6,NA,NA,2.32,40.53,,NA,NA,NA,NA,NA,0,1,NA,17.5188,0.2,NA,8.1979,0.220367643,22.9092,0.1683501684,0,0,0,0,0,0
Legume,E,2017,Saint Paul,408,iwg,4,44.988667,-93.175662,71.52,2598.56,NA,NA,2.17,40.620915,,NA,NA,NA,NA,NA,0,1,NA,17.5188,0.2,NA,8.1979,0.220367643,22.9092,0.1683501684,0,0,0,0,0,0
Legume,E,2018,Lamberton,108,iwg,1,44.23621,-95.304218,299.715,3784.2,NA,NA,0.86,42.7271691,,NA,NA,NA,NA,NA,45,2,NA,0,0,0,8.1979,0.220367643,22.9092,0.1683501684,0,0,1.3476,0.02173913043,0,0
Legume,E,2018,Lamberton,206,iwg,2,44.23621,-95.304218,147.87,3657,NA,NA,1.15,43.6846913,,NA,NA,NA,NA,NA,45,2,NA,0,0,0,8.1979,0.220367643,22.9092,0.1683501684,0,0,1.3476,0.02173913043,0,0
Legume,E,2018,Lamberton,301,iwg,3,44.23621,-95.304218,324.36,4824.855,NA,NA,0.93,43.7208242,,NA,NA,NA,NA,NA,45,2,NA,0,0,0,8.1979,0.220367643,22.9092,0.1683501684,0,0,1.3476,0.02173913043,0,0
Legume,E,2018,Lamberton,406,iwg,4,44.23621,-95.304218,144.69,3180,NA,NA,1.16,43.5672594,,NA,NA,NA,NA,NA,45,2,NA,0,0,0,8.1979,0.220367643,22.9092,0.1683501684,0,0,1.3476,0.02173913043,0,0
Legume,E,2018,Lamberton,102,iwg,1,44.23621,-95.304218,315.615,3752.4,NA,NA,1.22,43.3685283,,NA,NA,NA,NA,NA,90,2,NA,0,0,0,8.1979,0.220367643,22.9092,0.1683501684,0,0,1.3476,0.02173913043,0,0
Legume,E,2018,Lamberton,203,iwg,2,44.23621,-95.304218,373.65,5135.7,NA,NA,0.98,43.7027578,,NA,NA,NA,NA,NA,90,2,NA,0,0,0,8.1979,0.220367643,22.9092,0.1683501684,0,0,1.3476,0.02173913043,0,0
Legume,E,2018,Lamberton,306,iwg,3,44.23621,-95.304218,82.68,2480.4,NA,NA,1.32,42.9620331,,NA,NA,NA,NA,NA,90,2,NA,0,0,0,8.1979,0.220367643,22.9092,0.1683501684,0,0,1.3476,0.02173913043,0,0
Legume,E,2018,Lamberton,405,iwg,4,44.23621,-95.304218,294.945,4229.4,NA,NA,1.15,43.7479239,,NA,NA,NA,NA,NA,90,2,NA,0,0,0,8.1979,0.220367643,22.9092,0.1683501684,0,0,1.3476,0.02173913043,0,0
Legume,E,2018,Lamberton,103,iwg,1,44.23621,-95.304218,224.19,4873.35,NA,NA,0.96,42.1130937,,NA,NA,NA,NA,NA,0,2,NA,0,0,0,8.1979,0.220367643,22.9092,0.1683501684,0,0,0,0,0,0
Legume,E,2018,Lamberton,208,iwg,2,44.23621,-95.304218,178.08,3052.8,NA,NA,0.75,41.1251165,,NA,NA,NA,NA,NA,0,2,NA,0,0,0,8.1979,0.220367643,22.9092,0.1683501684,0,0,0,0,0,0
Legume,E,2018,Lamberton,303,iwg,3,44.23621,-95.304218,199.545,3323.1,NA,NA,0.76,42.4694874,,NA,NA,NA,NA,NA,0,2,NA,0,0,0,8.1979,0.220367643,22.9092,0.1683501684,0,0,0,0,0,0
Legume,E,2018,Lamberton,408,iwg,4,44.23621,-95.304218,275.07,3657,NA,NA,0.63,41.9642205,,NA,NA,NA,NA,NA,0,2,NA,0,0,0,8.1979,0.220367643,22.9092,0.1683501684,0,0,0,0,0,0
Legume,E,2018,Rosemount,103,iwg,1,44.686258,-93.070315,117.66,4444.05,NA,NA,0.82,42.6278036,,NA,NA,NA,NA,NA,45,2,NA,0,0,0,8.1979,0.220367643,22.9092,0.1683501684,0,0,1.3476,0.02173913043,0,0
Legume,E,2018,Rosemount,203,iwg,2,44.686258,-93.070315,217.035,5485.5,NA,NA,0.78,42.6955528,,NA,NA,NA,NA,NA,45,2,NA,0,0,0,8.1979,0.220367643,22.9092,0.1683501684,0,0,1.3476,0.02173913043,0,0
Legume,E,2018,Rosemount,301,iwg,3,44.686258,-93.070315,106.53,2814.3,NA,NA,0.7,42.3748733,,NA,NA,NA,NA,NA,45,2,NA,0,0,0,8.1979,0.220367643,22.9092,0.1683501684,0,0,1.3476,0.02173913043,0,0
Legume,E,2018,Rosemount,408,iwg,4,44.686258,-93.070315,211.47,5970.45,NA,NA,0.76,42.5826375,,NA,NA,NA,NA,NA,45,2,NA,0,0,0,8.1979,0.220367643,22.9092,0.1683501684,0,0,1.3476,0.02173913043,0,0
Legume,E,2018,Rosemount,108,iwg,1,44.686258,-93.070315,95.4,4762.05,NA,NA,0.92,42.4290726,,NA,NA,NA,NA,NA,90,2,NA,0,0,0,8.1979,0.220367643,22.9092,0.1683501684,0,0,1.3476,0.02173913043,0,0
Legume,E,2018,Rosemount,209,iwg,2,44.686258,-93.070315,89.04,3672.9,NA,NA,0.85,42.4968218,,NA,NA,NA,NA,NA,90,2,NA,0,0,0,8.1979,0.220367643,22.9092,0.1683501684,0,0,1.3476,0.02173913043,0,0
Legume,E,2018,Rosemount,307,iwg,3,44.686258,-93.070315,119.25,4746.15,NA,NA,0.83,42.1851755,,NA,NA,NA,NA,NA,90,2,NA,0,0,0,8.1979,0.220367643,22.9092,0.1683501684,0,0,1.3476,0.02173913043,0,0
Legume,E,2018,Rosemount,407,iwg,4,44.686258,-93.070315,275.07,5946.6,NA,NA,0.85,43.1697973,,NA,NA,NA,NA,NA,90,2,NA,0,0,0,8.1979,0.220367643,22.9092,0.1683501684,0,0,1.3476,0.02173913043,0,0
Legume,E,2018,Rosemount,106,iwg,1,44.686258,-93.070315,81.885,3505.95,NA,NA,0.7,39.8348814,,NA,NA,NA,NA,NA,0,2,NA,0,0,0,8.1979,0.220367643,22.9092,0.1683501684,0,0,0,0,0,0
Legume,E,2018,Rosemount,206,iwg,2,44.686258,-93.070315,172.515,5000.55,NA,NA,0.68,40.9356414,,NA,NA,NA,NA,NA,0,2,NA,0,0,0,8.1979,0.220367643,22.9092,0.1683501684,0,0,0,0,0,0
Legume,E,2018,Rosemount,304,iwg,3,44.686258,-93.070315,135.15,3696.75,NA,NA,0.62,41.5221119,,NA,NA,NA,NA,NA,0,2,NA,0,0,0,8.1979,0.220367643,22.9092,0.1683501684,0,0,0,0,0,0
Legume,E,2018,Rosemount,405,iwg,4,44.686258,-93.070315,111.3,3339,NA,NA,0.68,40.683008,,NA,NA,NA,NA,NA,0,2,NA,0,0,0,8.1979,0.220367643,22.9092,0.1683501684,0,0,0,0,0,0
Legume,E,2018,Saint Paul,103,iwg,1,44.988667,-93.175662,123.225,5612.7,NA,NA,0.96,42.5826375,,NA,NA,NA,NA,NA,45,2,NA,0,0,0,8.1979,0.220367643,22.9092,0.1683501684,0,0,1.3476,0.02173913043,0,0
Legume,E,2018,Saint Paul,204,iwg,2,44.988667,-93.175662,NA,NA,NA,NA,NA,NA,,NA,NA,NA,NA,NA,45,2,NA,0,0,0,8.1979,0.220367643,22.9092,0.1683501684,0,0,1.3476,0.02173913043,0,0
Legume,E,2018,Saint Paul,304,iwg,3,44.988667,-93.175662,112.89,6773.4,NA,NA,1.18,41.8419128,,NA,NA,NA,NA,NA,45,2,NA,0,0,0,8.1979,0.220367643,22.9092,0.1683501684,0,0,1.3476,0.02173913043,0,0
Legume,E,2018,Saint Paul,401,iwg,4,44.988667,-93.175662,395.115,10112.4,NA,NA,0.95,42.0948432,,NA,NA,NA,NA,NA,45,2,NA,0,0,0,8.1979,0.220367643,22.9092,0.1683501684,0,0,1.3476,0.02173913043,0,0
Legume,E,2018,Saint Paul,105,iwg,1,44.988667,-93.175662,147.075,7552.5,NA,NA,1.04,41.9503115,,NA,NA,NA,NA,NA,90,2,NA,0,0,0,8.1979,0.220367643,22.9092,0.1683501684,0,0,1.3476,0.02173913043,0,0
Legume,E,2018,Saint Paul,201,iwg,2,44.988667,-93.175662,64.395,6487.2,NA,NA,1.06,42.3206739,,NA,NA,NA,NA,NA,90,2,NA,0,0,0,8.1979,0.220367643,22.9092,0.1683501684,0,0,1.3476,0.02173913043,0,0
Legume,E,2018,Saint Paul,306,iwg,3,44.988667,-93.175662,NA,NA,NA,NA,NA,NA,,NA,NA,NA,NA,NA,90,2,NA,0,0,0,8.1979,0.220367643,22.9092,0.1683501684,0,0,1.3476,0.02173913043,0,0
Legume,E,2018,Saint Paul,402,iwg,4,44.988667,-93.175662,231.345,7393.5,NA,NA,1.11,42.3297071,,NA,NA,NA,NA,NA,90,2,NA,0,0,0,8.1979,0.220367643,22.9092,0.1683501684,0,0,1.3476,0.02173913043,0,0
Legume,E,2018,Saint Paul,106,iwg,1,44.988667,-93.175662,89.835,5724,NA,NA,1.08,41.3154027,,NA,NA,NA,NA,NA,0,2,NA,0,0,0,8.1979,0.220367643,22.9092,0.1683501684,0,0,0,0,0,0
Legume,E,2018,Saint Paul,209,iwg,2,44.988667,-93.175662,289.38,6534.9,NA,NA,0.61,41.2336979,,NA,NA,NA,NA,NA,0,2,NA,0,0,0,8.1979,0.220367643,22.9092,0.1683501684,0,0,0,0,0,0
Legume,E,2018,Saint Paul,303,iwg,3,44.988667,-93.175662,138.33,5970.45,NA,NA,0.82,40.452963,,NA,NA,NA,NA,NA,0,2,NA,0,0,0,8.1979,0.220367643,22.9092,0.1683501684,0,0,0,0,0,0
Legume,E,2018,Saint Paul,408,iwg,4,44.988667,-93.175662,125.61,4324.8,NA,NA,0.93,40.8524088,,NA,NA,NA,NA,NA,0,2,NA,0,0,0,8.1979,0.220367643,22.9092,0.1683501684,0,0,0,0,0,0
Legume,E,2019,Lamberton,108,iwg,1,44.23621,-95.304218,395.744,7938.72,NA,NA,0.8,42.1038764,,NA,NA,NA,NA,NA,45,3,NA,0,0,0,8.1979,0.220367643,22.9092,0.1683501684,0,0,1.3476,0.02173913043,0,0
Legume,E,2019,Lamberton,206,iwg,2,44.23621,-95.304218,438.656,8119.904,NA,NA,0.81,43.1607641,,NA,NA,NA,NA,NA,45,3,NA,0,0,0,8.1979,0.220367643,22.9092,0.1683501684,0,0,1.3476,0.02173913043,0,0
Legume,E,2019,Lamberton,301,iwg,3,44.23621,-95.304218,505.408,8563.328,NA,NA,0.77,43.1697973,,NA,NA,NA,NA,NA,45,3,NA,0,0,0,8.1979,0.220367643,22.9092,0.1683501684,0,0,1.3476,0.02173913043,0,0
Legume,E,2019,Lamberton,406,iwg,4,44.23621,-95.304218,181.184,5104.144,NA,NA,0.75,43.196897,,NA,NA,NA,NA,NA,45,3,NA,0,0,0,8.1979,0.220367643,22.9092,0.1683501684,0,0,1.3476,0.02173913043,0,0
Legume,E,2019,Lamberton,102,iwg,1,44.23621,-95.304218,305.152,7631.184,NA,NA,0.93,42.4561723,,NA,NA,NA,NA,NA,90,3,NA,0,0,0,8.1979,0.220367643,22.9092,0.1683501684,0,0,1.3476,0.02173913043,0,0
Legume,E,2019,Lamberton,203,iwg,2,44.23621,-95.304218,562.624,6758.64,NA,NA,0.79,43.0884983,,NA,NA,NA,NA,NA,90,3,NA,0,0,0,8.1979,0.220367643,22.9092,0.1683501684,0,0,1.3476,0.02173913043,0,0
Legume,E,2019,Lamberton,306,iwg,3,44.23621,-95.304218,164.496,6405.808,NA,NA,0.9,42.4381058,,NA,NA,NA,NA,NA,90,3,NA,0,0,0,8.1979,0.220367643,22.9092,0.1683501684,0,0,1.3476,0.02173913043,0,0
Legume,E,2019,Lamberton,405,iwg,4,44.23621,-95.304218,314.688,3938.368,NA,NA,0.84,43.51306,,NA,NA,NA,NA,NA,90,3,NA,0,0,0,8.1979,0.220367643,22.9092,0.1683501684,0,0,1.3476,0.02173913043,0,0
Legume,E,2019,Lamberton,103,iwg,1,44.23621,-95.304218,522.096,7559.664,NA,NA,0.62,41.57,,NA,NA,NA,NA,NA,0,3,NA,0,0,0,8.1979,0.220367643,22.9092,0.1683501684,0,0,0,0,0,0
Legume,E,2019,Lamberton,208,iwg,2,44.23621,-95.304218,522.096,4286.432,NA,NA,0.57,41.84,,NA,NA,NA,NA,NA,0,3,NA,0,0,0,8.1979,0.220367643,22.9092,0.1683501684,0,0,0,0,0,0
Legume,E,2019,Lamberton,303,iwg,3,44.23621,-95.304218,188.336,4398.48,NA,NA,0.74,41.37,,NA,NA,NA,NA,NA,0,3,NA,0,0,0,8.1979,0.220367643,22.9092,0.1683501684,0,0,0,0,0,0
Legume,E,2019,Lamberton,408,iwg,4,44.23621,-95.304218,216.944,2246.92,NA,NA,0.76,41.45,,NA,NA,NA,NA,NA,0,3,NA,0,0,0,8.1979,0.220367643,22.9092,0.1683501684,0,0,0,0,0,0
Legume,E,2019,Rosemount,103,iwg,1,44.686258,-93.070315,104.896,2662.928,NA,NA,0.83,42.0135441,,NA,NA,NA,NA,NA,45,3,NA,0,0,0,8.1979,0.220367643,22.9092,0.1683501684,0,0,1.3476,0.02173913043,0,0
Legume,E,2019,Rosemount,203,iwg,2,44.686258,-93.070315,95.36,4419.936,NA,NA,1.01,40.703726,,NA,NA,NA,NA,NA,45,3,NA,0,0,0,8.1979,0.220367643,22.9092,0.1683501684,0,0,1.3476,0.02173913043,0,0
Legume,E,2019,Rosemount,301,iwg,3,44.686258,-93.070315,92.976,3618.912,NA,NA,0.76,41.5076833,,NA,NA,NA,NA,NA,45,3,NA,0,0,0,8.1979,0.220367643,22.9092,0.1683501684,0,0,1.3476,0.02173913043,0,0
Legume,E,2019,Rosemount,408,iwg,4,44.686258,-93.070315,116.816,4477.152,NA,NA,0.78,41.8238463,,NA,NA,NA,NA,NA,45,3,NA,0,0,0,8.1979,0.220367643,22.9092,0.1683501684,0,0,1.3476,0.02173913043,0,0
Legume,E,2019,Rosemount,108,iwg,1,44.686258,-93.070315,174.032,4183.92,NA,NA,1.09,42.3929397,,NA,NA,NA,NA,NA,90,3,NA,0,0,0,8.1979,0.220367643,22.9092,0.1683501684,0,0,1.3476,0.02173913043,0,0
Legume,E,2019,Rosemount,209,iwg,2,44.686258,-93.070315,107.28,1892.896,NA,NA,0.83,42.1219429,,NA,NA,NA,NA,NA,90,3,NA,0,0,0,8.1979,0.220367643,22.9092,0.1683501684,0,0,1.3476,0.02173913043,0,0
Legume,E,2019,Rosemount,307,iwg,3,44.686258,-93.070315,352.832,5980.264,NA,NA,0.96,41.9051454,,NA,NA,NA,NA,NA,90,3,NA,0,0,0,8.1979,0.220367643,22.9092,0.1683501684,0,0,1.3476,0.02173913043,0,0
Legume,E,2019,Rosemount,407,iwg,4,44.686258,-93.070315,154.96,4148.16,NA,NA,0.86,42.3116407,,NA,NA,NA,NA,NA,90,3,NA,0,0,0,8.1979,0.220367643,22.9092,0.1683501684,0,0,1.3476,0.02173913043,0,0
Legume,E,2019,Rosemount,106,iwg,1,44.686258,-93.070315,66.752,1093.064,NA,NA,0.72,40.97,,NA,NA,NA,NA,NA,0,3,NA,0,0,0,8.1979,0.220367643,22.9092,0.1683501684,0,0,0,0,0,0
Legume,E,2019,Rosemount,206,iwg,2,44.686258,-93.070315,40.528,3475.872,NA,NA,0.7,41.06,,NA,NA,NA,NA,NA,0,3,NA,0,0,0,8.1979,0.220367643,22.9092,0.1683501684,0,0,0,0,0,0
Legume,E,2019,Rosemount,304,iwg,3,44.686258,-93.070315,83.44,3019.336,NA,NA,0.67,41.4980583,,NA,NA,NA,NA,NA,0,3,NA,0,0,0,8.1979,0.220367643,22.9092,0.1683501684,0,0,0,0,0,0
Legume,E,2019,Rosemount,405,iwg,4,44.686258,-93.070315,66.752,2190.896,NA,NA,0.71,42.09,,NA,NA,NA,NA,NA,0,3,NA,0,0,0,8.1979,0.220367643,22.9092,0.1683501684,0,0,0,0,0,0
Legume,E,2019,Saint Paul,103,iwg,1,44.988667,-93.175662,288.464,9606.328,NA,NA,0.99,42.6187704,,NA,NA,NA,NA,NA,45,3,NA,0,0,0,8.1979,0.220367643,22.9092,0.1683501684,0,0,1.3476,0.02173913043,0,0
Legume,E,2019,Saint Paul,204,iwg,2,44.988667,-93.175662,NA,NA,NA,NA,NA,NA,,NA,NA,NA,NA,NA,45,3,NA,0,0,0,8.1979,0.220367643,22.9092,0.1683501684,0,0,1.3476,0.02173913043,0,0
Legume,E,2019,Saint Paul,304,iwg,3,44.988667,-93.175662,312.304,6906.448,NA,NA,1.01,43.2601296,,NA,NA,NA,NA,NA,45,3,NA,0,0,0,8.1979,0.220367643,22.9092,0.1683501684,0,0,1.3476,0.02173913043,0,0
Legume,E,2019,Saint Paul,401,iwg,4,44.988667,-93.175662,333.76,6384.352,NA,NA,0.84,43.2872293,,NA,NA,NA,NA,NA,45,3,NA,0,0,0,8.1979,0.220367643,22.9092,0.1683501684,0,0,1.3476,0.02173913043,0,0
Legume,E,2019,Saint Paul,105,iwg,1,44.988667,-93.175662,259.856,7358.216,NA,NA,1.4,43.1697973,,NA,NA,NA,NA,NA,90,3,NA,0,0,0,8.1979,0.220367643,22.9092,0.1683501684,0,0,1.3476,0.02173913043,0,0
Legume,E,2019,Saint Paul,201,iwg,2,44.988667,-93.175662,221.712,5198.312,NA,NA,0.98,43.3594951,,NA,NA,NA,NA,NA,90,3,NA,0,0,0,8.1979,0.220367643,22.9092,0.1683501684,0,0,1.3476,0.02173913043,0,0
Legume,E,2019,Saint Paul,306,iwg,3,44.988667,-93.175662,NA,NA,NA,NA,NA,NA,,NA,NA,NA,NA,NA,90,3,NA,0,0,0,8.1979,0.220367643,22.9092,0.1683501684,0,0,1.3476,0.02173913043,0,0
Legume,E,2019,Saint Paul,402,iwg,4,44.988667,-93.175662,73.904,4720.32,NA,NA,1.15,43.2330299,,NA,NA,NA,NA,NA,90,3,NA,0,0,0,8.1979,0.220367643,22.9092,0.1683501684,0,0,1.3476,0.02173913043,0,0
Legume,E,2019,Saint Paul,106,iwg,1,44.988667,-93.175662,503.024,7762.304,NA,NA,0.58,42.83,,NA,NA,NA,NA,NA,0,3,NA,0,0,0,8.1979,0.220367643,22.9092,0.1683501684,0,0,0,0,0,0
Legume,E,2019,Saint Paul,209,iwg,2,44.988667,-93.175662,216.944,6455.872,NA,NA,1,42.880734,,NA,NA,NA,NA,NA,0,3,NA,0,0,0,8.1979,0.220367643,22.9092,0.1683501684,0,0,0,0,0,0
Legume,E,2019,Saint Paul,303,iwg,3,44.988667,-93.175662,238.4,5173.28,NA,NA,0.78,42.57,,NA,NA,NA,NA,NA,0,3,NA,0,0,0,8.1979,0.220367643,22.9092,0.1683501684,0,0,0,0,0,0
Legume,E,2019,Saint Paul,408,iwg,4,44.988667,-93.175662,555.472,8845.832,NA,NA,0.55,42.47,,NA,NA,NA,NA,NA,0,3,NA,0,0,0,8.1979,0.220367643,22.9092,0.1683501684,0,0,0,0,0,0
OREI_manure,I,2021,Rosemount,101,iwg,1,44.686258,-93.070315,1741.170149,8794.545367,644.9735122,72.40284872,,,,NA,83.07686574,83.07686574,NA,-148.8528447,70,2,NA,0,0,0,8.1979,0.220367643,22.9092,0.1683501684,12.4653,0.3349151803,1.3476,0.02173913043,0,0
OREI_manure,I,2021,Rosemount,102,iwg,1,44.686258,-93.070315,458.9731402,4187.591709,NA,79.041272,,,,NA,NA,NA,NA,-39.44621429,70,2,NA,0,0,0,8.1979,0.220367643,22.9092,0.1683501684,0,0,1.3476,0.02173913043,0,0
OREI_manure,I,2021,Rosemount,103,iwg,1,44.686258,-93.070315,465.00093,4239.258479,NA,75.44764131,,,,NA,NA,NA,NA,153.7551522,0,2,NA,0,0,0,8.1979,0.220367643,22.9092,0.1683501684,0,0,0,0,0,0
OREI_manure,I,2021,Rosemount,104,iwg,1,44.686258,-93.070315,592.4456293,4147.119405,543.3621978,71.50659081,,,,NA,91.9599129,91.9599129,NA,-74.80317014,0,2,NA,0,0,0,8.1979,0.220367643,22.9092,0.1683501684,12.4653,0.3349151803,0,0,0,0
OREI_manure,I,2021,Rosemount,203,iwg,2,44.686258,-93.070315,834.4183355,2553.199551,682.001364,68.70372053,,,,NA,95.73580459,95.73580459,NA,208.2148495,70,2,NA,0,0,0,8.1979,0.220367643,22.9092,0.1683501684,12.4653,0.3349151803,1.3476,0.02173913043,0,0
OREI_manure,I,2021,Rosemount,204,iwg,2,44.686258,-93.070315,898.1406852,5274.316104,NA,76.32492479,,,,NA,NA,NA,NA,-20.5738497,70,2,NA,0,0,0,8.1979,0.220367643,22.9092,0.1683501684,0,0,1.3476,0.02173913043,0,0
OREI_manure,I,2021,Rosemount,207,iwg,2,44.686258,-93.070315,455.5286888,3913.757828,NA,71.1387115,,,,NA,NA,NA,NA,-327.2600673,0,2,NA,0,0,0,8.1979,0.220367643,22.9092,0.1683501684,0,0,0,0,0,0
OREI_manure,I,2021,Rosemount,208,iwg,2,44.686258,-93.070315,456.3898017,3779.424226,381.4729852,72.21100123,,,,NA,96.58928222,96.58928222,NA,197.9127672,0,2,NA,0,0,0,8.1979,0.220367643,22.9092,0.1683501684,12.4653,0.3349151803,0,0,0,0
OREI_manure,I,2021,Rosemount,303,iwg,3,44.686258,-93.070315,635.501271,5232.982688,NA,74.4199563,,,,NA,NA,NA,NA,61.99610564,0,2,NA,0,0,0,8.1979,0.220367643,22.9092,0.1683501684,0,0,0,0,0,0
OREI_manure,I,2021,Rosemount,304,iwg,3,44.686258,-93.070315,392.667452,3001.839337,382.334098,71.72492018,,,,NA,102.5247971,102.5247971,NA,16.31549834,0,2,NA,0,0,0,8.1979,0.220367643,22.9092,0.1683501684,12.4653,0.3349151803,0,0,0,0
OREI_manure,I,2021,Rosemount,307,iwg,3,44.686258,-93.070315,988.5575327,6779.541337,542.501085,69.19434575,,,,NA,101.9693285,101.9693285,NA,728.8724151,70,2,NA,0,0,0,8.1979,0.220367643,22.9092,0.1683501684,12.4653,0.3349151803,1.3476,0.02173913043,0,0
OREI_manure,I,2021,Rosemount,308,iwg,3,44.686258,-93.070315,968.7519375,5629.955704,NA,77.29565468,,,,NA,NA,NA,NA,-43.67505746,70,2,NA,0,0,0,8.1979,0.220367643,22.9092,0.1683501684,0,0,1.3476,0.02173913043,0,0
OREI_manure,I,2021,Rosemount,405,iwg,4,44.686258,-93.070315,737.9736982,4861.843057,657.8902047,72.12673419,,,,NA,104.032997,104.032997,NA,-163.0017088,70,2,NA,0,0,0,8.1979,0.220367643,22.9092,0.1683501684,12.4653,0.3349151803,1.3476,0.02173913043,0,0
OREI_manure,I,2021,Rosemount,406,iwg,4,44.686258,-93.070315,442.6119963,3213.673094,NA,77.47388838,,,,NA,NA,NA,NA,169.4812689,70,2,NA,0,0,0,8.1979,0.220367643,22.9092,0.1683501684,0,0,1.3476,0.02173913043,0,0
OREI_manure,I,2021,Rosemount,407,iwg,4,44.686258,-93.070315,332.3895537,3242.089818,382.334098,68.12498939,,,,NA,106.3201149,106.3201149,NA,-2.376408079,0,2,NA,0,0,0,8.1979,0.220367643,22.9092,0.1683501684,12.4653,0.3349151803,0,0,0,0
OREI_manure,I,2021,Rosemount,408,iwg,4,44.686258,-93.070315,356.500713,3199.895289,NA,71.32609384,,,,NA,NA,NA,NA,0,0,2,NA,0,0,0,8.1979,0.220367643,22.9092,0.1683501684,0,0,0,0,0,0
ORG,,2019,St. Paul,102,,,,,15253.8,Corn-CC-Soybean,,,,,,,,,,,,,,,,,,,,,,,,,,
ORG,,2019,St. Paul,205,,,,,19731.1,Corn-CC-Soybean,,,,,,,,,,,,,,,,,,,,,,,,,,
ORG,,2019,St. Paul,306,,,,,15172.5,Corn-CC-Soybean,,,,,,,,,,,,,,,,,,,,,,,,,,
ORG,,2019,St. Paul,406,,,,,15393.8,Corn-CC-Soybean,,,,,,,,,,,,,,,,,,,,,,,,,,
ORG,,2018,St. Paul,102,,,,,634.05304,Corn-CC-Soybean,,,,,,,,,,,,,,,,,,,,,,,,,,
ORG,,2018,St. Paul,205,,,,,959.45997,Corn-CC-Soybean,,,,,,,,,,,,,,,,,,,,,,,,,,
ORG,,2018,St. Paul,306,,,,,1552.8,Corn-CC-Soybean,,,,,,,,,,,,,,,,,,,,,,,,,,
ORG,,2018,St. Paul,406,,,,,1289.1017,Corn-CC-Soybean,,,,,,,,,,,,,,,,,,,,,,,,,,
ORG,,2019,Lamberton,102,iwg,,,,680.8,IWG mono 50 kg N manure,,,,,,,,,,,,,,,,,,,,,,,,,,
ORG,,2019,Lamberton,204,iwg,,,,688.9,IWG mono 50 kg N manure,,,,,,,,,,,,,,,,,,,,,,,,,,
ORG,,2019,Lamberton,303,iwg,,,,636.4,IWG mono 50 kg N manure,,,,,,,,,,,,,,,,,,,,,,,,,,
ORG,,2019,Lamberton,402,iwg,,,,518,IWG mono 50 kg N manure,,,,,,,,,,,,,,,,,,,,,,,,,,
ORG,,2019,Ros R54-55,102,iwg,,,,183,IWG mono 50 kg N manure,,,,,,,,,,,,,,,,,,,,,,,,,,
ORG,,2019,Ros R54-55,204,iwg,,,,111.7,IWG mono 50 kg N manure,,,,,,,,,,,,,,,,,,,,,,,,,,
ORG,,2019,Ros R54-55,303,iwg,,,,246.2,IWG mono 50 kg N manure,,,,,,,,,,,,,,,,,,,,,,,,,,
ORG,,2019,Ros R54-55,402,iwg,,,,232.8,IWG mono 50 kg N manure,,,,,,,,,,,,,,,,,,,,,,,,,,
ORG,,2019,St. Paul,105,iwg,,,,61.9,IWG mono 50 kg N manure,,,,,,,,,,,,,,,,,,,,,,,,,,
ORG,,2019,St. Paul,305,iwg,,,,454.8,IWG mono 50 kg N manure,,,,,,,,,,,,,,,,,,,,,,,,,,
ORG,,2019,St. Paul,404,iwg,,,,243.5,IWG mono 50 kg N manure,,,,,,,,,,,,,,,,,,,,,,,,,,
ORG,,2018,Ros R54-55,102,,,,,473.6,IWG mono 50 kg N manure,,,,,,,,,,,,,,,,,,,,,,,,,,
ORG,,2018,Lamberton,102,,,,,813.8,IWG mono 50 kg N manure,,,,,,,,,,,,,,,,,,,,,,,,,,
ORG,,2018,St. Paul,105,,,,,297.1,IWG mono 50 kg N manure,,,,,,,,,,,,,,,,,,,,,,,,,,
ORG,,2018,St. Paul,203,,,,,58.1,IWG mono 50 kg N manure,,,,,,,,,,,,,,,,,,,,,,,,,,
ORG,,2018,Ros R54-55,204,,,,,376.7,IWG mono 50 kg N manure,,,,,,,,,,,,,,,,,,,,,,,,,,
ORG,,2018,Lamberton,204,,,,,396.1,IWG mono 50 kg N manure,,,,,,,,,,,,,,,,,,,,,,,,,,
ORG,,2018,Ros R54-55,303,,,,,439.2,IWG mono 50 kg N manure,,,,,,,,,,,,,,,,,,,,,,,,,,
ORG,,2018,Lamberton,303,,,,,613.5,IWG mono 50 kg N manure,,,,,,,,,,,,,,,,,,,,,,,,,,
ORG,,2018,St. Paul,305,,,,,430.6,IWG mono 50 kg N manure,,,,,,,,,,,,,,,,,,,,,,,,,,
ORG,,2018,Ros R54-55,402,,,,,514.51492,IWG mono 50 kg N manure,,,,,,,,,,,,,,,,,,,,,,,,,,
ORG,,2018,Lamberton,402,,,,,531.73717,IWG mono 50 kg N manure,,,,,,,,,,,,,,,,,,,,,,,,,,
ORG,,2018,St. Paul,404,,,,,133.5,IWG mono 50 kg N manure,,,,,,,,,,,,,,,,,,,,,,,,,,
ORG,,2019,Lamberton,106,,,,,12251.1,Soybean-CC-corn-CC-soybean,,,,,,,,,,,,,,,,,,,,,,,,,,
ORG,,2019,Lamberton,203,,,,,13475.6,Soybean-CC-corn-CC-soybean,,,,,,,,,,,,,,,,,,,,,,,,,,
ORG,,2019,Lamberton,301,,,,,12535.2,Soybean-CC-corn-CC-soybean,,,,,,,,,,,,,,,,,,,,,,,,,,
ORG,,2019,Lamberton,405,,,,,13115.1,Soybean-CC-corn-CC-soybean,,,,,,,,,,,,,,,,,,,,,,,,,,
ORG,,2019,Ros R54-55,106,,,,,10783.1,Soybean-CC-corn-CC-soybean,,,,,,,,,,,,,,,,,,,,,,,,,,
ORG,,2019,Ros R54-55,203,,,,,14167.2,Soybean-CC-corn-CC-soybean,,,,,,,,,,,,,,,,,,,,,,,,,,
ORG,,2019,Ros R54-55,301,,,,,13638.3,Soybean-CC-corn-CC-soybean,,,,,,,,,,,,,,,,,,,,,,,,,,
ORG,,2019,Ros R54-55,405,,,,,16250.8,Soybean-CC-corn-CC-soybean,,,,,,,,,,,,,,,,,,,,,,,,,,
ORG,,2018,Lamberton,106,,,,,2264,Soybean-CC-corn-CC-soybean,,,,,,,,,,,,,,,,,,,,,,,,,,
ORG,,2018,Lamberton,203,,,,,2474.7,Soybean-CC-corn-CC-soybean,,,,,,,,,,,,,,,,,,,,,,,,,,
ORG,,2018,Lamberton,301,,,,,2715.2,Soybean-CC-corn-CC-soybean,,,,,,,,,,,,,,,,,,,,,,,,,,
ORG,,2018,Lamberton,405,,,,,2926.2,Soybean-CC-corn-CC-soybean,,,,,,,,,,,,,,,,,,,,,,,,,,
ORG,,2018,Ros R54-55,106,,,,,1793.9,Soybean-CC-corn-CC-soybean,,,,,,,,,,,,,,,,,,,,,,,,,,
ORG,,2018,Ros R54-55,203,,,,,1308.8,Soybean-CC-corn-CC-soybean,,,,,,,,,,,,,,,,,,,,,,,,,,
ORG,,2018,Ros R54-55,301,,,,,2113.9,Soybean-CC-corn-CC-soybean,,,,,,,,,,,,,,,,,,,,,,,,,,
ORG,,2018,Ros R54-55,405,,,,,1421.4,Soybean-CC-corn-CC-soybean,,,,,,,,,,,,,,,,,,,,,,,,,,
ORG,,2019,Lamberton,105,,,,,13337.5,Soybean-corn-soybean,,,,,,,,,,,,,,,,,,,,,,,,,,
ORG,,2019,Lamberton,205,,,,,12615.4,Soybean-corn-soybean,,,,,,,,,,,,,,,,,,,,,,,,,,
ORG,,2019,Lamberton,304,,,,,12605.5,Soybean-corn-soybean,,,,,,,,,,,,,,,,,,,,,,,,,,
ORG,,2019,Lamberton,404,,,,,13006.9,Soybean-corn-soybean,,,,,,,,,,,,,,,,,,,,,,,,,,
ORG,,2019,Ros R54-55,105,,,,,14084.1,Soybean-corn-soybean,,,,,,,,,,,,,,,,,,,,,,,,,,
ORG,,2019,Ros R54-55,205,,,,,15099.3,Soybean-corn-soybean,,,,,,,,,,,,,,,,,,,,,,,,,,
ORG,,2019,Ros R54-55,304,,,,,15341.7,Soybean-corn-soybean,,,,,,,,,,,,,,,,,,,,,,,,,,
ORG,,2019,Ros R54-55,404,,,,,17624.2,Soybean-corn-soybean,,,,,,,,,,,,,,,,,,,,,,,,,,
ORG,,2019,St. Paul,106,,,,,13481.8,Soybean-corn-soybean,,,,,,,,,,,,,,,,,,,,,,,,,,
ORG,,2019,St. Paul,202,,,,,16336.6,Soybean-corn-soybean,,,,,,,,,,,,,,,,,,,,,,,,,,
ORG,,2019,St. Paul,304,,,,,14844.4,Soybean-corn-soybean,,,,,,,,,,,,,,,,,,,,,,,,,,
ORG,,2019,St. Paul,403,,,,,19077.9,Soybean-corn-soybean,,,,,,,,,,,,,,,,,,,,,,,,,,
ORG,,2018,Lamberton,105,,,,,3013.5,Soybean-corn-soybean,,,,,,,,,,,,,,,,,,,,,,,,,,
ORG,,2018,Lamberton,205,,,,,2466.4,Soybean-corn-soybean,,,,,,,,,,,,,,,,,,,,,,,,,,
ORG,,2018,Lamberton,304,,,,,2498.6,Soybean-corn-soybean,,,,,,,,,,,,,,,,,,,,,,,,,,
ORG,,2018,Lamberton,404,,,,,2869.7,Soybean-corn-soybean,,,,,,,,,,,,,,,,,,,,,,,,,,
ORG,,2018,Ros R54-55,105,,,,,1891.8,Soybean-corn-soybean,,,,,,,,,,,,,,,,,,,,,,,,,,
ORG,,2018,Ros R54-55,205,,,,,1673.5,Soybean-corn-soybean,,,,,,,,,,,,,,,,,,,,,,,,,,
ORG,,2018,Ros R54-55,304,,,,,1505,Soybean-corn-soybean,,,,,,,,,,,,,,,,,,,,,,,,,,
ORG,,2018,Ros R54-55,404,,,,,1998.3,Soybean-corn-soybean,,,,,,,,,,,,,,,,,,,,,,,,,,
ORG,,2018,St. Paul,106,,,,,798.9,Soybean-corn-soybean,,,,,,,,,,,,,,,,,,,,,,,,,,
ORG,,2018,St. Paul,202,,,,,1395.1,Soybean-corn-soybean,,,,,,,,,,,,,,,,,,,,,,,,,,
ORG,,2018,St. Paul,304,,,,,1949.9695,Soybean-corn-soybean,,,,,,,,,,,,,,,,,,,,,,,,,,
ORG,,2018,St. Paul,403,,,,,931,Soybean-corn-soybean,,,,,,,,,,,,,,,,,,,,,,,,,,