"experiment","site","year","plot","treatment name","information","value","date","time","co2_ppm","n2o_ppm","ch4_ppm","nh3_ppm","temp_celsius","...12"
"FERT","rosemount","2021","2103","BAU1",NA,NA,NA,NA,NA,NA,NA,NA,NA,NA
"FERT","rosemount","2021","2203","BAU1",NA,NA,NA,NA,NA,NA,NA,NA,NA,NA
"FERT","rosemount","2021","2306","BAU1",NA,NA,NA,NA,NA,NA,NA,NA,NA,NA
"FERT","rosemount","2021","2411","BAU1",NA,NA,NA,NA,NA,NA,NA,NA,NA,NA
"FERT","rosemount","2021","2110","BAU2",NA,NA,NA,NA,NA,NA,NA,NA,NA,NA
"FERT","rosemount","2021","2211","BAU2",NA,NA,NA,NA,NA,NA,NA,NA,NA,NA
"FERT","rosemount","2021","2303","BAU2",NA,NA,NA,NA,NA,NA,NA,NA,NA,NA
"FERT","rosemount","2021","2401","BAU2",NA,NA,NA,NA,NA,NA,NA,NA,NA,NA
"FERT","rosemount","2021","2101","0N_spring",NA,NA,NA,NA,NA,NA,NA,NA,NA,NA
"FERT","rosemount","2021","2204","0N_spring",NA,NA,NA,NA,NA,NA,NA,NA,NA,NA
"FERT","rosemount","2021","2308","0N_spring",NA,NA,NA,NA,NA,NA,NA,NA,NA,NA
"FERT","rosemount","2021","2409","0N_spring",NA,NA,NA,NA,NA,NA,NA,NA,NA,NA
"FERT","rosemount","2021","2106","80N_spring",NA,NA,NA,NA,NA,NA,NA,NA,NA,NA
"FERT","rosemount","2021","2208","80N_spring",NA,NA,NA,NA,NA,NA,NA,NA,NA,NA
"FERT","rosemount","2021","2310","80N_spring",NA,NA,NA,NA,NA,NA,NA,NA,NA,NA
"FERT","rosemount","2021","2405","80N_spring",NA,NA,NA,NA,NA,NA,NA,NA,NA,NA
"FERT","rosemount","2021","2105","160N_spring",NA,NA,NA,NA,NA,NA,NA,NA,NA,NA
"FERT","rosemount","2021","2205","160N_spring",NA,NA,NA,NA,NA,NA,NA,NA,NA,NA
"FERT","rosemount","2021","2311","160N_spring",NA,NA,NA,NA,NA,NA,NA,NA,NA,NA
"FERT","rosemount","2021","2406","160N_spring",NA,NA,NA,NA,NA,NA,NA,NA,NA,NA
"FERT","rosemount","2022","2103","BAU1",NA,NA,NA,NA,NA,NA,NA,NA,NA,NA
"FERT","rosemount","2022","2203","BAU1",NA,NA,NA,NA,NA,NA,NA,NA,NA,NA
"FERT","rosemount","2022","2306","BAU1",NA,NA,NA,NA,NA,NA,NA,NA,NA,NA
"FERT","rosemount","2022","2411","BAU1",NA,NA,NA,NA,NA,NA,NA,NA,NA,NA
"FERT","rosemount","2022","2110","BAU2",NA,NA,NA,NA,NA,NA,NA,NA,NA,NA
"FERT","rosemount","2022","2211","BAU2",NA,NA,NA,NA,NA,NA,NA,NA,NA,NA
"FERT","rosemount","2022","2303","BAU2",NA,NA,NA,NA,NA,NA,NA,NA,NA,NA
"FERT","rosemount","2022","2401","BAU2",NA,NA,NA,NA,NA,NA,NA,NA,NA,NA
"FERT","rosemount","2022","2101","0N_spring",NA,NA,NA,NA,NA,NA,NA,NA,NA,NA
"FERT","rosemount","2022","2204","0N_spring",NA,NA,NA,NA,NA,NA,NA,NA,NA,NA
"FERT","rosemount","2022","2308","0N_spring",NA,NA,NA,NA,NA,NA,NA,NA,NA,NA
"FERT","rosemount","2022","2409","0N_spring",NA,NA,NA,NA,NA,NA,NA,NA,NA,NA
"FERT","rosemount","2022","2106","80N_spring",NA,NA,NA,NA,NA,NA,NA,NA,NA,NA
"FERT","rosemount","2022","2208","80N_spring",NA,NA,NA,NA,NA,NA,NA,NA,NA,NA
"FERT","rosemount","2022","2310","80N_spring",NA,NA,NA,NA,NA,NA,NA,NA,NA,NA
"FERT","rosemount","2022","2405","80N_spring",NA,NA,NA,NA,NA,NA,NA,NA,NA,NA
"FERT","rosemount","2022","2105","160N_spring",NA,NA,NA,NA,NA,NA,NA,NA,NA,NA
"FERT","rosemount","2022","2205","160N_spring",NA,NA,NA,NA,NA,NA,NA,NA,NA,NA
"FERT","rosemount","2022","2311","160N_spring",NA,NA,NA,NA,NA,NA,NA,NA,NA,NA
"FERT","rosemount","2022","2406","160N_spring",NA,NA,NA,NA,NA,NA,NA,NA,NA,NA
"FERT","rosemount","2023","2103","BAU1",NA,NA,NA,NA,NA,NA,NA,NA,NA,NA
"FERT","rosemount","2023","2203","BAU1",NA,NA,NA,NA,NA,NA,NA,NA,NA,NA
"FERT","rosemount","2023","2306","BAU1",NA,NA,NA,NA,NA,NA,NA,NA,NA,NA
"FERT","rosemount","2023","2411","BAU1",NA,NA,NA,NA,NA,NA,NA,NA,NA,NA
"FERT","rosemount","2023","2110","BAU2",NA,NA,NA,NA,NA,NA,NA,NA,NA,NA
"FERT","rosemount","2023","2211","BAU2",NA,NA,NA,NA,NA,NA,NA,NA,NA,NA
"FERT","rosemount","2023","2303","BAU2",NA,NA,NA,NA,NA,NA,NA,NA,NA,NA
"FERT","rosemount","2023","2401","BAU2",NA,NA,NA,NA,NA,NA,NA,NA,NA,NA
"FERT","rosemount","2023","2101","0N_spring",NA,NA,NA,NA,NA,NA,NA,NA,NA,NA
"FERT","rosemount","2023","2204","0N_spring",NA,NA,NA,NA,NA,NA,NA,NA,NA,NA
"FERT","rosemount","2023","2308","0N_spring",NA,NA,NA,NA,NA,NA,NA,NA,NA,NA
"FERT","rosemount","2023","2409","0N_spring",NA,NA,NA,NA,NA,NA,NA,NA,NA,NA
"FERT","rosemount","2023","2106","80N_spring",NA,NA,NA,NA,NA,NA,NA,NA,NA,NA
"FERT","rosemount","2023","2208","80N_spring",NA,NA,NA,NA,NA,NA,NA,NA,NA,NA
"FERT","rosemount","2023","2310","80N_spring",NA,NA,NA,NA,NA,NA,NA,NA,NA,NA
"FERT","rosemount","2023","2405","80N_spring",NA,NA,NA,NA,NA,NA,NA,NA,NA,NA
"FERT","rosemount","2023","2105","160N_spring",NA,NA,NA,NA,NA,NA,NA,NA,NA,NA
"FERT","rosemount","2023","2205","160N_spring",NA,NA,NA,NA,NA,NA,NA,NA,NA,NA
"FERT","rosemount","2023","2311","160N_spring",NA,NA,NA,NA,NA,NA,NA,NA,NA,NA
"FERT","rosemount","2023","2406","160N_spring",NA,NA,NA,NA,NA,NA,NA,NA,NA,NA
"FERT","rosemount","2024","2103","BAU1",NA,NA,NA,NA,NA,NA,NA,NA,NA,NA
"FERT","rosemount","2024","2203","BAU1",NA,NA,NA,NA,NA,NA,NA,NA,NA,NA
"FERT","rosemount","2024","2306","BAU1",NA,NA,NA,NA,NA,NA,NA,NA,NA,NA
"FERT","rosemount","2024","2411","BAU1",NA,NA,NA,NA,NA,NA,NA,NA,NA,NA
"FERT","rosemount","2024","2110","BAU2",NA,NA,NA,NA,NA,NA,NA,NA,NA,NA
"FERT","rosemount","2024","2211","BAU2",NA,NA,NA,NA,NA,NA,NA,NA,NA,NA
"FERT","rosemount","2024","2303","BAU2",NA,NA,NA,NA,NA,NA,NA,NA,NA,NA
"FERT","rosemount","2024","2401","BAU2",NA,NA,NA,NA,NA,NA,NA,NA,NA,NA
"FERT","rosemount","2024","2101","0N_spring",NA,NA,NA,NA,NA,NA,NA,NA,NA,NA
"FERT","rosemount","2024","2204","0N_spring",NA,NA,NA,NA,NA,NA,NA,NA,NA,NA
"FERT","rosemount","2024","2308","0N_spring",NA,NA,NA,NA,NA,NA,NA,NA,NA,NA
"FERT","rosemount","2024","2409","0N_spring",NA,NA,NA,NA,NA,NA,NA,NA,NA,NA
"FERT","rosemount","2024","2106","80N_spring",NA,NA,NA,NA,NA,NA,NA,NA,NA,NA
"FERT","rosemount","2024","2208","80N_spring",NA,NA,NA,NA,NA,NA,NA,NA,NA,NA
"FERT","rosemount","2024","2310","80N_spring",NA,NA,NA,NA,NA,NA,NA,NA,NA,NA
"FERT","rosemount","2024","2405","80N_spring",NA,NA,NA,NA,NA,NA,NA,NA,NA,NA
"FERT","rosemount","2024","2105","160N_spring",NA,NA,NA,NA,NA,NA,NA,NA,NA,NA
"FERT","rosemount","2024","2205","160N_spring",NA,NA,NA,NA,NA,NA,NA,NA,NA,NA
"FERT","rosemount","2024","2311","160N_spring",NA,NA,NA,NA,NA,NA,NA,NA,NA,NA
"FERT","rosemount","2024","2406","160N_spring",NA,NA,NA,NA,NA,NA,NA,NA,NA,NA
"FERT","rosemount","2025","2103","BAU1",NA,NA,NA,NA,NA,NA,NA,NA,NA,NA
"FERT","rosemount","2025","2203","BAU1",NA,NA,NA,NA,NA,NA,NA,NA,NA,NA
"FERT","rosemount","2025","2306","BAU1",NA,NA,NA,NA,NA,NA,NA,NA,NA,NA
"FERT","rosemount","2025","2411","BAU1",NA,NA,NA,NA,NA,NA,NA,NA,NA,NA
"FERT","rosemount","2025","2110","BAU2",NA,NA,NA,NA,NA,NA,NA,NA,NA,NA
"FERT","rosemount","2025","2211","BAU2",NA,NA,NA,NA,NA,NA,NA,NA,NA,NA
"FERT","rosemount","2025","2303","BAU2",NA,NA,NA,NA,NA,NA,NA,NA,NA,NA
"FERT","rosemount","2025","2401","BAU2",NA,NA,NA,NA,NA,NA,NA,NA,NA,NA
"FERT","rosemount","2025","2101","0N_spring",NA,NA,NA,NA,NA,NA,NA,NA,NA,NA
"FERT","rosemount","2025","2204","0N_spring",NA,NA,NA,NA,NA,NA,NA,NA,NA,NA
"FERT","rosemount","2025","2308","0N_spring",NA,NA,NA,NA,NA,NA,NA,NA,NA,NA
"FERT","rosemount","2025","2409","0N_spring",NA,NA,NA,NA,NA,NA,NA,NA,NA,NA
"FERT","rosemount","2025","2106","80N_spring",NA,NA,NA,NA,NA,NA,NA,NA,NA,NA
"FERT","rosemount","2025","2208","80N_spring",NA,NA,NA,NA,NA,NA,NA,NA,NA,NA
"FERT","rosemount","2025","2310","80N_spring",NA,NA,NA,NA,NA,NA,NA,NA,NA,NA
"FERT","rosemount","2025","2405","80N_spring",NA,NA,NA,NA,NA,NA,NA,NA,NA,NA
"FERT","rosemount","2025","2105","160N_spring",NA,NA,NA,NA,NA,NA,NA,NA,NA,NA
"FERT","rosemount","2025","2205","160N_spring",NA,NA,NA,NA,NA,NA,NA,NA,NA,NA
"FERT","rosemount","2025","2311","160N_spring",NA,NA,NA,NA,NA,NA,NA,NA,NA,NA
"FERT","rosemount","2025","2406","160N_spring",NA,NA,NA,NA,NA,NA,NA,NA,NA,NA
"orei_manure","rosemount","2020","101","fertCommercial_cutNone","N fertilizer rate","70 kg N ha",2020-11-02,1899-12-31 14:18:23,435.1,0.408,1.94,0.01,24,0.816
"orei_manure","rosemount","2020","101","fertCommercial_cutNone","N fertilizer rate","70 kg N ha",2020-11-02,1899-12-31 14:18:44,437.1,0.422,1.9,0,24,NA
"orei_manure","rosemount","2020","101","fertCommercial_cutNone","N fertilizer rate","70 kg N ha",2020-11-02,1899-12-31 14:19:05,435.9,0.388,1.88,0.04,24,NA
"orei_manure","rosemount","2020","101","fertCommercial_cutNone","N fertilizer rate","70 kg N ha",2020-11-02,1899-12-31 14:19:26,436.1,0.404,1.89,0,24,NA
"orei_manure","rosemount","2020","101","fertCommercial_cutNone","N fertilizer rate","70 kg N ha",2020-11-02,1899-12-31 14:19:47,436.1,0.414,1.93,0,24,NA
"orei_manure","rosemount","2020","101","fertCommercial_cutNone","N fertilizer rate","70 kg N ha",2020-11-02,1899-12-31 14:20:08,436,0.41,1.9,0.02,24,NA
"orei_manure","rosemount","2020","101","fertCommercial_cutNone","N fertilizer rate","70 kg N ha",2020-11-02,1899-12-31 14:20:29,436.2,0.409,1.88,0.02,24,NA
"orei_manure","rosemount","2020","101","fertCommercial_cutNone","N fertilizer rate","70 kg N ha",2020-11-02,1899-12-31 14:20:50,435.9,0.39,1.9,0,24,NA
"orei_manure","rosemount","2020","101","fertCommercial_cutNone","N fertilizer rate","70 kg N ha",2020-11-02,1899-12-31 14:21:11,437.9,0.407,1.87,0,24,NA
"orei_manure","rosemount","2020","101","fertCommercial_cutNone","N fertilizer rate","70 kg N ha",2020-11-02,1899-12-31 14:21:32,436.8,0.398,1.92,0,24,NA
"orei_manure","rosemount","2020","101","fertCommercial_cutNone","N fertilizer rate","70 kg N ha",2020-11-02,1899-12-31 14:21:53,439.8,0.413,1.99,0.02,24,NA
"orei_manure","rosemount","2020","101","fertCommercial_cutNone","N fertilizer rate","70 kg N ha",2020-11-02,1899-12-31 14:22:14,437.4,0.398,1.94,0.02,24,NA
"orei_manure","rosemount","2020","101","fertCommercial_cutNone","N fertilizer rate","70 kg N ha",2020-11-02,1899-12-31 14:22:35,437.5,0.39,1.85,0,24,NA
"orei_manure","rosemount","2020","101","fertCommercial_cutNone","N fertilizer rate","70 kg N ha",2020-11-02,1899-12-31 14:22:56,439.1,0.408,1.89,0,24,NA
"orei_manure","rosemount","2020","101","fertCommercial_cutNone","N fertilizer rate","70 kg N ha",2020-11-02,1899-12-31 14:23:18,440.2,0.408,1.87,0,24,NA
"orei_manure","rosemount","2020","101","fertCommercial_cutNone","N fertilizer rate","70 kg N ha",2020-11-02,1899-12-31 14:23:39,438.3,0.412,1.88,0,24,NA
"orei_manure","rosemount","2020","101","fertCommercial_cutNone","N fertilizer rate","70 kg N ha",2020-11-02,1899-12-31 14:24:00,439.3,0.407,1.84,0,24,NA
"orei_manure","rosemount","2020","101","fertCommercial_cutNone","N fertilizer rate","70 kg N ha",2020-11-05,1899-12-31 15:05:13,447.4,0.368,1.92,0.06,31,NA
"orei_manure","rosemount","2020","101","fertCommercial_cutNone","N fertilizer rate","70 kg N ha",2020-11-05,1899-12-31 15:05:34,439.7,0.344,1.96,0.05,31,NA
"orei_manure","rosemount","2020","101","fertCommercial_cutNone","N fertilizer rate","70 kg N ha",2020-11-05,1899-12-31 15:05:55,433.7,0.351,1.9,0,31,NA
"orei_manure","rosemount","2020","101","fertCommercial_cutNone","N fertilizer rate","70 kg N ha",2020-11-05,1899-12-31 15:06:16,434.1,0.339,1.98,0.07,31,NA
"orei_manure","rosemount","2020","101","fertCommercial_cutNone","N fertilizer rate","70 kg N ha",2020-11-05,1899-12-31 15:06:37,434.6,0.353,1.98,0.02,31,NA
"orei_manure","rosemount","2020","101","fertCommercial_cutNone","N fertilizer rate","70 kg N ha",2020-11-05,1899-12-31 15:06:58,438.4,0.37,2.05,0.03,31,NA
"orei_manure","rosemount","2020","101","fertCommercial_cutNone","N fertilizer rate","70 kg N ha",2020-11-05,1899-12-31 15:07:19,438.8,0.371,1.89,0,31,NA
"orei_manure","rosemount","2020","101","fertCommercial_cutNone","N fertilizer rate","70 kg N ha",2020-11-05,1899-12-31 15:07:40,438.1,0.35,1.9,0.05,31,NA
"orei_manure","rosemount","2020","101","fertCommercial_cutNone","N fertilizer rate","70 kg N ha",2020-11-05,1899-12-31 15:08:01,441.6,0.386,1.96,0.04,31,NA
"orei_manure","rosemount","2020","101","fertCommercial_cutNone","N fertilizer rate","70 kg N ha",2020-11-05,1899-12-31 15:08:22,439.7,0.339,1.95,0,31,NA
"orei_manure","rosemount","2020","101","fertCommercial_cutNone","N fertilizer rate","70 kg N ha",2020-11-05,1899-12-31 15:08:43,439.8,0.372,1.99,0.11,31,NA
"orei_manure","rosemount","2020","101","fertCommercial_cutNone","N fertilizer rate","70 kg N ha",2020-11-05,1899-12-31 15:09:04,440.1,0.36,1.89,0.11,31,NA
"orei_manure","rosemount","2020","101","fertCommercial_cutNone","N fertilizer rate","70 kg N ha",2020-11-05,1899-12-31 15:09:25,442.8,0.368,1.83,0.1,31,NA
"orei_manure","rosemount","2020","101","fertCommercial_cutNone","N fertilizer rate","70 kg N ha",2020-11-19,1899-12-31 14:11:10,176.2,0.122,0.68,0.32,27,NA
"orei_manure","rosemount","2020","101","fertCommercial_cutNone","N fertilizer rate","70 kg N ha",2020-11-19,1899-12-31 14:11:31,346.3,0.249,1.44,0,27,NA
"orei_manure","rosemount","2020","101","fertCommercial_cutNone","N fertilizer rate","70 kg N ha",2020-11-19,1899-12-31 14:11:52,421.3,0.272,1.88,0,27,NA
"orei_manure","rosemount","2020","101","fertCommercial_cutNone","N fertilizer rate","70 kg N ha",2020-11-19,1899-12-31 14:12:13,465.3,0.311,1.96,0,28,NA
"orei_manure","rosemount","2020","101","fertCommercial_cutNone","N fertilizer rate","70 kg N ha",2020-11-19,1899-12-31 14:12:34,488.1,0.308,2.1,0,28,NA
"orei_manure","rosemount","2020","101","fertCommercial_cutNone","N fertilizer rate","70 kg N ha",2020-11-19,1899-12-31 14:12:55,504,0.307,2.1,0,28,NA
"orei_manure","rosemount","2020","101","fertCommercial_cutNone","N fertilizer rate","70 kg N ha",2020-11-19,1899-12-31 14:13:16,516.7,0.311,2.08,0.08,28,NA
"orei_manure","rosemount","2020","101","fertCommercial_cutNone","N fertilizer rate","70 kg N ha",2020-11-19,1899-12-31 14:13:38,531.9,0.313,2,0,29,NA
"orei_manure","rosemount","2020","101","fertCommercial_cutNone","N fertilizer rate","70 kg N ha",2020-11-19,1899-12-31 14:13:59,544.1,0.314,2.08,0,29,NA
"orei_manure","rosemount","2020","101","fertCommercial_cutNone","N fertilizer rate","70 kg N ha",2020-11-19,1899-12-31 14:14:20,557.4,0.334,2.06,0,29,NA
"orei_manure","rosemount","2020","101","fertCommercial_cutNone","N fertilizer rate","70 kg N ha",2020-11-19,1899-12-31 14:14:41,565.5,0.325,2.03,0,29,NA
"orei_manure","rosemount","2020","101","fertCommercial_cutNone","N fertilizer rate","70 kg N ha",2020-11-19,1899-12-31 14:15:02,573.7,0.312,2.15,0,29,NA
"orei_manure","rosemount","2020","101","fertCommercial_cutNone","N fertilizer rate","70 kg N ha",2020-11-19,1899-12-31 14:15:23,582.3,0.324,2.14,0,29,NA
"orei_manure","rosemount","2020","101","fertCommercial_cutNone","N fertilizer rate","70 kg N ha",2020-11-19,1899-12-31 14:15:44,590.5,0.318,2.09,0,29,NA
"orei_manure","rosemount","2020","101","fertCommercial_cutNone","N fertilizer rate","70 kg N ha",2020-11-19,1899-12-31 14:16:05,597.3,0.304,2.02,0,29,NA
"orei_manure","rosemount","2020","101","fertCommercial_cutNone","N fertilizer rate","70 kg N ha",2020-11-19,1899-12-31 14:16:26,607.8,0.314,2.13,0,29,NA
"orei_manure","rosemount","2020","101","fertCommercial_cutNone","N fertilizer rate","70 kg N ha",2020-11-19,1899-12-31 14:16:47,615.6,0.327,2.09,0,29,NA
"orei_manure","rosemount","2020","101","fertCommercial_cutNone","N fertilizer rate","70 kg N ha",2020-11-19,1899-12-31 14:17:08,627,0.327,2.18,0,29,NA
"orei_manure","rosemount","2020","101","fertCommercial_cutNone","N fertilizer rate","70 kg N ha",2020-11-19,1899-12-31 14:17:29,635.4,0.306,2.03,0,29,NA
"orei_manure","rosemount","2020","101","fertCommercial_cutNone","N fertilizer rate","70 kg N ha",2020-11-19,1899-12-31 14:17:50,642.9,0.318,2.1,0.08,29,NA
"orei_manure","rosemount","2020","101","fertCommercial_cutNone","N fertilizer rate","70 kg N ha",2020-11-19,1899-12-31 14:18:11,654.1,0.347,2.07,0,29,NA
"orei_manure","rosemount","2020","101","fertCommercial_cutNone","N fertilizer rate","70 kg N ha",2020-11-19,1899-12-31 14:18:32,661.1,0.362,2.06,0,29,NA
"orei_manure","rosemount","2020","101","fertCommercial_cutNone","N fertilizer rate","70 kg N ha",2020-11-19,1899-12-31 14:18:53,670.1,0.323,2.11,0,29,NA
"orei_manure","rosemount","2020","101","fertCommercial_cutNone","N fertilizer rate","70 kg N ha",2020-11-19,1899-12-31 14:19:14,678.8,0.353,2.08,0.08,29,NA
"orei_manure","rosemount","2020","101","fertCommercial_cutNone","N fertilizer rate","70 kg N ha",2020-11-19,1899-12-31 14:19:35,687.1,0.37,2.12,0,29,NA
"orei_manure","rosemount","2020","102","fertControl_cutNone","N fertilizer rate",NA,2020-11-02,1899-12-31 14:26:03,439.1,0.41,1.9,0.04,24,NA
"orei_manure","rosemount","2020","102","fertControl_cutNone","N fertilizer rate",NA,2020-11-02,1899-12-31 14:26:24,437.2,0.422,1.93,0,24,NA
"orei_manure","rosemount","2020","102","fertControl_cutNone","N fertilizer rate",NA,2020-11-02,1899-12-31 14:26:45,434.3,0.423,1.98,0.05,24,NA
"orei_manure","rosemount","2020","102","fertControl_cutNone","N fertilizer rate",NA,2020-11-02,1899-12-31 14:27:06,437.7,0.388,1.9,0,24,NA
"orei_manure","rosemount","2020","102","fertControl_cutNone","N fertilizer rate",NA,2020-11-02,1899-12-31 14:27:27,437.9,0.42,1.87,0,24,NA
"orei_manure","rosemount","2020","102","fertControl_cutNone","N fertilizer rate",NA,2020-11-02,1899-12-31 14:27:48,437.1,0.415,1.89,0.01,24,NA
"orei_manure","rosemount","2020","102","fertControl_cutNone","N fertilizer rate",NA,2020-11-02,1899-12-31 14:28:09,434.6,0.405,1.93,0,24,NA
"orei_manure","rosemount","2020","102","fertControl_cutNone","N fertilizer rate",NA,2020-11-02,1899-12-31 14:28:30,435.5,0.416,1.81,0,24,NA
"orei_manure","rosemount","2020","102","fertControl_cutNone","N fertilizer rate",NA,2020-11-02,1899-12-31 14:28:51,437.6,0.435,1.83,0,24,NA
"orei_manure","rosemount","2020","102","fertControl_cutNone","N fertilizer rate",NA,2020-11-02,1899-12-31 14:29:12,433.6,0.403,1.88,0,24,NA
"orei_manure","rosemount","2020","102","fertControl_cutNone","N fertilizer rate",NA,2020-11-02,1899-12-31 14:29:33,437.8,0.408,1.85,0.01,24,NA
"orei_manure","rosemount","2020","102","fertControl_cutNone","N fertilizer rate",NA,2020-11-02,1899-12-31 14:29:54,437.3,0.411,1.83,0,24,NA
"orei_manure","rosemount","2020","102","fertControl_cutNone","N fertilizer rate",NA,2020-11-02,1899-12-31 14:30:15,437.7,0.422,1.93,0.02,24,NA
"orei_manure","rosemount","2020","102","fertControl_cutNone","N fertilizer rate",NA,2020-11-02,1899-12-31 14:30:36,439.3,0.427,1.88,0.05,24,NA
"orei_manure","rosemount","2020","102","fertControl_cutNone","N fertilizer rate",NA,2020-11-02,1899-12-31 14:30:57,436.9,0.4,1.99,0,24,NA
"orei_manure","rosemount","2020","102","fertControl_cutNone","N fertilizer rate",NA,2020-11-02,1899-12-31 14:31:18,437.6,0.412,1.77,0,24,NA
"orei_manure","rosemount","2020","102","fertControl_cutNone","N fertilizer rate",NA,2020-11-02,1899-12-31 14:31:39,438,0.412,2.01,0,24,NA
"orei_manure","rosemount","2020","102","fertControl_cutNone","N fertilizer rate",NA,2020-11-02,1899-12-31 14:32:00,438.2,0.415,1.78,0,24,NA
"orei_manure","rosemount","2020","102","fertControl_cutNone","N fertilizer rate",NA,2020-11-05,1899-12-31 15:11:05,441.7,0.347,2,0.01,31,NA
"orei_manure","rosemount","2020","102","fertControl_cutNone","N fertilizer rate",NA,2020-11-05,1899-12-31 15:11:26,437.6,0.365,1.95,0.05,31,NA
"orei_manure","rosemount","2020","102","fertControl_cutNone","N fertilizer rate",NA,2020-11-05,1899-12-31 15:11:47,431.2,0.332,1.87,0,31,NA
"orei_manure","rosemount","2020","102","fertControl_cutNone","N fertilizer rate",NA,2020-11-05,1899-12-31 15:12:08,432.7,0.361,1.9,0,31,NA
"orei_manure","rosemount","2020","102","fertControl_cutNone","N fertilizer rate",NA,2020-11-05,1899-12-31 15:12:29,433.6,0.363,1.98,0.07,31,NA
"orei_manure","rosemount","2020","102","fertControl_cutNone","N fertilizer rate",NA,2020-11-05,1899-12-31 15:12:50,434.9,0.356,2.01,0.05,31,NA
"orei_manure","rosemount","2020","102","fertControl_cutNone","N fertilizer rate",NA,2020-11-05,1899-12-31 15:13:11,435.9,0.354,1.86,0.1,31,NA
"orei_manure","rosemount","2020","102","fertControl_cutNone","N fertilizer rate",NA,2020-11-05,1899-12-31 15:13:54,432.2,0.217,1.04,2.97,31,NA
"orei_manure","rosemount","2020","102","fertControl_cutNone","N fertilizer rate",NA,2020-11-05,1899-12-31 15:14:15,437.9,0.325,2.2,0.88,31,NA
"orei_manure","rosemount","2020","102","fertControl_cutNone","N fertilizer rate",NA,2020-11-05,1899-12-31 15:14:36,432,0.284,1.56,0.13,31,NA
"orei_manure","rosemount","2020","102","fertControl_cutNone","N fertilizer rate",NA,2020-11-05,1899-12-31 15:14:57,435.2,0.377,2.23,0.02,31,NA
"orei_manure","rosemount","2020","102","fertControl_cutNone","N fertilizer rate",NA,2020-11-05,1899-12-31 15:15:18,442.4,0.408,1.78,0.02,31,NA
"orei_manure","rosemount","2020","102","fertControl_cutNone","N fertilizer rate",NA,2020-11-05,1899-12-31 15:15:39,435.3,0.265,2.09,0.13,31,NA
"orei_manure","rosemount","2020","102","fertControl_cutNone","N fertilizer rate",NA,2020-11-05,1899-12-31 15:16:01,442.9,0.403,1.79,0,31,NA
"orei_manure","rosemount","2020","102","fertControl_cutNone","N fertilizer rate",NA,2020-11-19,1899-12-31 14:21:33,686.2,0.387,2.21,0,29,NA
"orei_manure","rosemount","2020","102","fertControl_cutNone","N fertilizer rate",NA,2020-11-19,1899-12-31 14:21:54,581,0.331,2.4,0,29,NA
"orei_manure","rosemount","2020","102","fertControl_cutNone","N fertilizer rate",NA,2020-11-19,1899-12-31 14:22:15,515.6,0.331,2.4,0,29,NA
"orei_manure","rosemount","2020","102","fertControl_cutNone","N fertilizer rate",NA,2020-11-19,1899-12-31 14:22:36,487.2,0.334,2.61,0,29,NA
"orei_manure","rosemount","2020","102","fertControl_cutNone","N fertilizer rate",NA,2020-11-19,1899-12-31 14:22:57,477.7,0.323,2.62,0.03,29,NA
"orei_manure","rosemount","2020","102","fertControl_cutNone","N fertilizer rate",NA,2020-11-19,1899-12-31 14:23:18,475.6,0.321,2.59,0,29,NA
"orei_manure","rosemount","2020","102","fertControl_cutNone","N fertilizer rate",NA,2020-11-19,1899-12-31 14:23:39,477.6,0.328,2.56,0,29,NA
"orei_manure","rosemount","2020","102","fertControl_cutNone","N fertilizer rate",NA,2020-11-19,1899-12-31 14:24:00,480.1,0.337,2.45,0,29,NA
"orei_manure","rosemount","2020","102","fertControl_cutNone","N fertilizer rate",NA,2020-11-19,1899-12-31 14:24:21,484.4,0.323,2.65,0,29,NA
"orei_manure","rosemount","2020","102","fertControl_cutNone","N fertilizer rate",NA,2020-11-19,1899-12-31 14:24:42,489.4,0.329,2.72,0,29,NA
"orei_manure","rosemount","2020","102","fertControl_cutNone","N fertilizer rate",NA,2020-11-19,1899-12-31 14:25:03,493,0.334,2.62,0,29,NA
"orei_manure","rosemount","2020","102","fertControl_cutNone","N fertilizer rate",NA,2020-11-19,1899-12-31 14:25:24,497.6,0.337,2.45,0,29,NA
"orei_manure","rosemount","2020","102","fertControl_cutNone","N fertilizer rate",NA,2020-11-19,1899-12-31 14:25:45,502.3,0.327,2.65,0.01,29,NA
"orei_manure","rosemount","2020","102","fertControl_cutNone","N fertilizer rate",NA,2020-11-19,1899-12-31 14:26:06,507.5,0.324,2.52,0,29,NA
"orei_manure","rosemount","2020","102","fertControl_cutNone","N fertilizer rate",NA,2020-11-19,1899-12-31 14:26:27,517.2,0.37,2.6,0,29,NA
"orei_manure","rosemount","2020","102","fertControl_cutNone","N fertilizer rate",NA,2020-11-19,1899-12-31 14:26:48,520.3,0.376,2.56,0.05,29,NA
"orei_manure","rosemount","2020","102","fertControl_cutNone","N fertilizer rate",NA,2020-11-19,1899-12-31 14:27:09,523.8,0.356,2.56,0.02,29,NA
"orei_manure","rosemount","2020","102","fertControl_cutNone","N fertilizer rate",NA,2020-11-19,1899-12-31 14:27:31,531.1,0.379,2.54,0,28,NA
"orei_manure","rosemount","2020","104","fertManure_cutNone","N fertilizer rate","88 kg N ha",2020-11-02,1899-12-31 14:05:04,438.4,0.411,1.88,0.01,24,NA
"orei_manure","rosemount","2020","104","fertManure_cutNone","N fertilizer rate","88 kg N ha",2020-11-02,1899-12-31 14:05:25,437,0.39,1.89,0.01,24,NA
"orei_manure","rosemount","2020","104","fertManure_cutNone","N fertilizer rate","88 kg N ha",2020-11-02,1899-12-31 14:05:46,434.9,0.394,1.88,0,24,NA
"orei_manure","rosemount","2020","104","fertManure_cutNone","N fertilizer rate","88 kg N ha",2020-11-02,1899-12-31 14:06:07,433.1,0.384,1.89,0,24,NA
"orei_manure","rosemount","2020","104","fertManure_cutNone","N fertilizer rate","88 kg N ha",2020-11-02,1899-12-31 14:06:28,433.4,0.388,1.87,0,24,NA
"orei_manure","rosemount","2020","104","fertManure_cutNone","N fertilizer rate","88 kg N ha",2020-11-02,1899-12-31 14:06:49,435.1,0.405,1.86,0,24,NA
"orei_manure","rosemount","2020","104","fertManure_cutNone","N fertilizer rate","88 kg N ha",2020-11-02,1899-12-31 14:07:10,433.5,0.395,1.95,0.01,24,NA
"orei_manure","rosemount","2020","104","fertManure_cutNone","N fertilizer rate","88 kg N ha",2020-11-02,1899-12-31 14:07:32,433.2,0.392,2.03,0,24,NA
"orei_manure","rosemount","2020","104","fertManure_cutNone","N fertilizer rate","88 kg N ha",2020-11-02,1899-12-31 14:07:53,434.3,0.38,1.89,0,24,NA
"orei_manure","rosemount","2020","104","fertManure_cutNone","N fertilizer rate","88 kg N ha",2020-11-02,1899-12-31 14:08:14,435.8,0.397,1.92,0,24,NA
"orei_manure","rosemount","2020","104","fertManure_cutNone","N fertilizer rate","88 kg N ha",2020-11-02,1899-12-31 14:08:35,434.8,0.407,1.97,0.03,24,NA
"orei_manure","rosemount","2020","104","fertManure_cutNone","N fertilizer rate","88 kg N ha",2020-11-02,1899-12-31 14:08:56,434.9,0.382,1.87,0.02,24,NA
"orei_manure","rosemount","2020","104","fertManure_cutNone","N fertilizer rate","88 kg N ha",2020-11-02,1899-12-31 14:09:17,436.6,0.4,1.9,0.06,24,NA
"orei_manure","rosemount","2020","104","fertManure_cutNone","N fertilizer rate","88 kg N ha",2020-11-02,1899-12-31 14:09:38,435.8,0.393,1.81,0,24,NA
"orei_manure","rosemount","2020","104","fertManure_cutNone","N fertilizer rate","88 kg N ha",2020-11-02,1899-12-31 14:09:59,437.7,0.405,1.89,0,24,NA
"orei_manure","rosemount","2020","104","fertManure_cutNone","N fertilizer rate","88 kg N ha",2020-11-02,1899-12-31 14:10:20,438.1,0.404,1.81,0,24,NA
"orei_manure","rosemount","2020","104","fertManure_cutNone","N fertilizer rate","88 kg N ha",2020-11-02,1899-12-31 14:10:41,437.7,0.423,1.86,0,24,NA
"orei_manure","rosemount","2020","104","fertManure_cutNone","N fertilizer rate","88 kg N ha",2020-11-02,1899-12-31 14:11:02,438.3,0.411,1.86,0,24,NA
"orei_manure","rosemount","2020","104","fertManure_cutNone","N fertilizer rate","88 kg N ha",2020-11-05,1899-12-31 14:46:23,436.7,0.297,2.01,0.03,31,NA
"orei_manure","rosemount","2020","104","fertManure_cutNone","N fertilizer rate","88 kg N ha",2020-11-05,1899-12-31 14:46:44,440.7,0.364,1.75,0.01,31,NA
"orei_manure","rosemount","2020","104","fertManure_cutNone","N fertilizer rate","88 kg N ha",2020-11-05,1899-12-31 14:47:05,437.3,0.372,2.13,0,31,NA
"orei_manure","rosemount","2020","104","fertManure_cutNone","N fertilizer rate","88 kg N ha",2020-11-05,1899-12-31 14:47:27,427.2,0.413,1.77,0,31,NA
"orei_manure","rosemount","2020","104","fertManure_cutNone","N fertilizer rate","88 kg N ha",2020-11-05,1899-12-31 14:47:48,434.5,0.357,2.08,0,31,NA
"orei_manure","rosemount","2020","104","fertManure_cutNone","N fertilizer rate","88 kg N ha",2020-11-05,1899-12-31 14:48:09,430.2,0.313,1.93,0,31,NA
"orei_manure","rosemount","2020","104","fertManure_cutNone","N fertilizer rate","88 kg N ha",2020-11-05,1899-12-31 14:48:30,430.4,0.369,1.91,0,31,NA
"orei_manure","rosemount","2020","104","fertManure_cutNone","N fertilizer rate","88 kg N ha",2020-11-05,1899-12-31 14:48:51,434.7,0.312,2.06,0.06,31,NA
"orei_manure","rosemount","2020","104","fertManure_cutNone","N fertilizer rate","88 kg N ha",2020-11-05,1899-12-31 14:49:12,441.9,0.342,2.24,0,31,NA
"orei_manure","rosemount","2020","104","fertManure_cutNone","N fertilizer rate","88 kg N ha",2020-11-05,1899-12-31 14:49:33,437.7,0.323,1.72,0,31,NA
"orei_manure","rosemount","2020","104","fertManure_cutNone","N fertilizer rate","88 kg N ha",2020-11-05,1899-12-31 14:49:54,432.5,0.272,2.07,0,31,NA
"orei_manure","rosemount","2020","104","fertManure_cutNone","N fertilizer rate","88 kg N ha",2020-11-05,1899-12-31 14:50:15,432.4,0.313,1.76,0,31,NA
"orei_manure","rosemount","2020","104","fertManure_cutNone","N fertilizer rate","88 kg N ha",2020-11-05,1899-12-31 14:50:36,436.1,0.297,1.58,0,31,NA
"orei_manure","rosemount","2020","104","fertManure_cutNone","N fertilizer rate","88 kg N ha",2020-11-05,1899-12-31 14:50:57,437.1,0.37,1.78,0,31,NA
"orei_manure","rosemount","2020","104","fertManure_cutNone","N fertilizer rate","88 kg N ha",2020-11-05,1899-12-31 14:51:18,432.5,0.327,1.88,0,31,NA
"orei_manure","rosemount","2020","104","fertManure_cutNone","N fertilizer rate","88 kg N ha",2020-11-05,1899-12-31 14:51:39,434.2,0.332,1.55,0,31,NA
"orei_manure","rosemount","2020","104","fertManure_cutNone","N fertilizer rate","88 kg N ha",2020-11-05,1899-12-31 14:52:00,438.5,0.32,1.82,0,31,NA
"orei_manure","rosemount","2020","104","fertManure_cutNone","N fertilizer rate","88 kg N ha",2020-11-05,1899-12-31 14:52:21,442.7,0.315,1.86,0.02,31,NA
"orei_manure","rosemount","2020","104","fertManure_cutNone","N fertilizer rate","88 kg N ha",2020-11-19,1899-12-31 15:47:58,461,0.399,2.01,0,25,NA
"orei_manure","rosemount","2020","104","fertManure_cutNone","N fertilizer rate","88 kg N ha",2020-11-19,1899-12-31 15:48:19,440.9,0.395,2.12,0,25,NA
"orei_manure","rosemount","2020","104","fertManure_cutNone","N fertilizer rate","88 kg N ha",2020-11-19,1899-12-31 15:48:40,431.9,0.418,2.06,0,25,NA
"orei_manure","rosemount","2020","104","fertManure_cutNone","N fertilizer rate","88 kg N ha",2020-11-19,1899-12-31 15:49:01,427.1,0.398,2,0.03,25,NA
"orei_manure","rosemount","2020","104","fertManure_cutNone","N fertilizer rate","88 kg N ha",2020-11-19,1899-12-31 15:49:22,427.5,0.405,1.94,0,25,NA
"orei_manure","rosemount","2020","104","fertManure_cutNone","N fertilizer rate","88 kg N ha",2020-11-19,1899-12-31 15:49:43,430.8,0.452,1.96,0,25,NA
"orei_manure","rosemount","2020","104","fertManure_cutNone","N fertilizer rate","88 kg N ha",2020-11-19,1899-12-31 15:50:04,430,0.406,2.01,0,25,NA
"orei_manure","rosemount","2020","104","fertManure_cutNone","N fertilizer rate","88 kg N ha",2020-11-19,1899-12-31 15:50:25,434.9,0.418,2.15,0,25,NA
"orei_manure","rosemount","2020","104","fertManure_cutNone","N fertilizer rate","88 kg N ha",2020-11-19,1899-12-31 15:50:45,435.6,0.434,1.96,0,25,NA
"orei_manure","rosemount","2020","104","fertManure_cutNone","N fertilizer rate","88 kg N ha",2020-11-19,1899-12-31 15:51:06,437,0.386,1.94,0,25,NA
"orei_manure","rosemount","2020","104","fertManure_cutNone","N fertilizer rate","88 kg N ha",2020-11-19,1899-12-31 15:51:27,440.1,0.394,2.07,0,25,NA
"orei_manure","rosemount","2020","104","fertManure_cutNone","N fertilizer rate","88 kg N ha",2020-11-19,1899-12-31 15:51:48,442.7,0.415,1.95,0,25,NA
"orei_manure","rosemount","2020","104","fertManure_cutNone","N fertilizer rate","88 kg N ha",2020-11-19,1899-12-31 15:52:09,446.4,0.406,2.02,0,25,NA
"orei_manure","rosemount","2020","104","fertManure_cutNone","N fertilizer rate","88 kg N ha",2020-11-19,1899-12-31 15:52:30,450.5,0.393,2.14,0,25,NA
"orei_manure","rosemount","2020","104","fertManure_cutNone","N fertilizer rate","88 kg N ha",2020-11-19,1899-12-31 15:52:51,452.3,0.424,2.13,0,25,NA
"orei_manure","rosemount","2020","104","fertManure_cutNone","N fertilizer rate","88 kg N ha",2020-11-19,1899-12-31 15:53:12,450.8,0.4,2.15,0,25,NA
"orei_manure","rosemount","2020","104","fertManure_cutNone","N fertilizer rate","88 kg N ha",2020-11-19,1899-12-31 15:53:33,455.1,0.396,1.97,0,25,NA
"orei_manure","rosemount","2020","104","fertManure_cutNone","N fertilizer rate","88 kg N ha",2020-11-19,1899-12-31 15:53:54,459.3,0.421,1.94,0,25,NA
"orei_manure","rosemount","2020","111","fertCommercial_cutFall","N fertilizer rate","70 kg N ha",NA,NA,NA,NA,NA,NA,NA,NA
"orei_manure","rosemount","2020","112","fertControl_cutFall","N fertilizer rate",NA,NA,NA,NA,NA,NA,NA,NA,NA
"orei_manure","rosemount","2020","114","fertManure_cutFall","N fertilizer rate","88 kg N ha",NA,NA,NA,NA,NA,NA,NA,NA
"orei_manure","rosemount","2020","201","fertManure_cutNone","N fertilizer rate","88 kg N ha",2020-11-02,1899-12-31 14:33:34,437.1,0.409,1.91,0,24,NA
"orei_manure","rosemount","2020","201","fertManure_cutNone","N fertilizer rate","88 kg N ha",2020-11-02,1899-12-31 14:33:55,434.2,0.395,1.91,0,24,NA
"orei_manure","rosemount","2020","201","fertManure_cutNone","N fertilizer rate","88 kg N ha",2020-11-02,1899-12-31 14:34:16,434.9,0.41,1.92,0,25,NA
"orei_manure","rosemount","2020","201","fertManure_cutNone","N fertilizer rate","88 kg N ha",2020-11-02,1899-12-31 14:34:37,433.5,0.421,1.89,0,25,NA
"orei_manure","rosemount","2020","201","fertManure_cutNone","N fertilizer rate","88 kg N ha",2020-11-02,1899-12-31 14:34:58,436.3,0.397,1.84,0,25,NA
"orei_manure","rosemount","2020","201","fertManure_cutNone","N fertilizer rate","88 kg N ha",2020-11-02,1899-12-31 14:35:19,434.8,0.411,1.86,0,25,NA
"orei_manure","rosemount","2020","201","fertManure_cutNone","N fertilizer rate","88 kg N ha",2020-11-02,1899-12-31 14:35:40,432.7,0.405,1.93,0,25,NA
"orei_manure","rosemount","2020","201","fertManure_cutNone","N fertilizer rate","88 kg N ha",2020-11-02,1899-12-31 14:36:01,437.8,0.397,1.9,0,25,NA
"orei_manure","rosemount","2020","201","fertManure_cutNone","N fertilizer rate","88 kg N ha",2020-11-02,1899-12-31 14:36:22,434.9,0.412,1.89,0,25,NA
"orei_manure","rosemount","2020","201","fertManure_cutNone","N fertilizer rate","88 kg N ha",2020-11-02,1899-12-31 14:36:43,436.9,0.415,1.91,0,25,NA
"orei_manure","rosemount","2020","201","fertManure_cutNone","N fertilizer rate","88 kg N ha",2020-11-02,1899-12-31 14:37:04,434.7,0.394,1.84,0,25,NA
"orei_manure","rosemount","2020","201","fertManure_cutNone","N fertilizer rate","88 kg N ha",2020-11-02,1899-12-31 14:37:25,436.7,0.422,1.79,0,25,NA
"orei_manure","rosemount","2020","201","fertManure_cutNone","N fertilizer rate","88 kg N ha",2020-11-02,1899-12-31 14:37:46,437.1,0.393,1.92,0,25,NA
"orei_manure","rosemount","2020","201","fertManure_cutNone","N fertilizer rate","88 kg N ha",2020-11-02,1899-12-31 14:38:07,434.1,0.393,1.92,0,25,NA
"orei_manure","rosemount","2020","201","fertManure_cutNone","N fertilizer rate","88 kg N ha",2020-11-02,1899-12-31 14:38:28,436.8,0.417,2.01,0,25,NA
"orei_manure","rosemount","2020","201","fertManure_cutNone","N fertilizer rate","88 kg N ha",2020-11-02,1899-12-31 14:38:49,437.7,0.424,1.87,0,25,NA
"orei_manure","rosemount","2020","201","fertManure_cutNone","N fertilizer rate","88 kg N ha",2020-11-02,1899-12-31 14:39:10,437.3,0.418,1.82,0,25,NA
"orei_manure","rosemount","2020","201","fertManure_cutNone","N fertilizer rate","88 kg N ha",2020-11-02,1899-12-31 14:39:31,436.9,0.387,1.88,0,25,NA
"orei_manure","rosemount","2020","201","fertManure_cutNone","N fertilizer rate","88 kg N ha",2020-11-02,1899-12-31 14:39:52,438.1,0.41,1.85,0.03,25,NA
"orei_manure","rosemount","2020","201","fertManure_cutNone","N fertilizer rate","88 kg N ha",2020-11-05,1899-12-31 15:17:31,441.6,0.396,1.92,0.09,31,NA
"orei_manure","rosemount","2020","201","fertManure_cutNone","N fertilizer rate","88 kg N ha",2020-11-05,1899-12-31 15:17:52,441.3,0.36,1.79,0.19,31,NA
"orei_manure","rosemount","2020","201","fertManure_cutNone","N fertilizer rate","88 kg N ha",2020-11-05,1899-12-31 15:18:13,431.4,0.269,2.04,0,31,NA
"orei_manure","rosemount","2020","201","fertManure_cutNone","N fertilizer rate","88 kg N ha",2020-11-05,1899-12-31 15:18:35,436.6,0.38,2.02,0,31,NA
"orei_manure","rosemount","2020","201","fertManure_cutNone","N fertilizer rate","88 kg N ha",2020-11-05,1899-12-31 15:18:56,430,0.279,1.74,0.07,31,NA
"orei_manure","rosemount","2020","201","fertManure_cutNone","N fertilizer rate","88 kg N ha",2020-11-05,1899-12-31 15:19:17,435.1,0.359,1.65,0.13,31,NA
"orei_manure","rosemount","2020","201","fertManure_cutNone","N fertilizer rate","88 kg N ha",2020-11-05,1899-12-31 15:19:38,428.5,0.271,2.23,0.09,31,NA
"orei_manure","rosemount","2020","201","fertManure_cutNone","N fertilizer rate","88 kg N ha",2020-11-05,1899-12-31 15:19:59,435.4,0.346,1.58,0.12,31,NA
"orei_manure","rosemount","2020","201","fertManure_cutNone","N fertilizer rate","88 kg N ha",2020-11-05,1899-12-31 15:20:20,427.6,0.258,2.27,0.01,31,NA
"orei_manure","rosemount","2020","201","fertManure_cutNone","N fertilizer rate","88 kg N ha",2020-11-05,1899-12-31 15:20:41,424.2,0.317,1.62,0.15,31,NA
"orei_manure","rosemount","2020","201","fertManure_cutNone","N fertilizer rate","88 kg N ha",2020-11-05,1899-12-31 15:21:02,439.2,0.395,1.81,0.08,31,NA
"orei_manure","rosemount","2020","201","fertManure_cutNone","N fertilizer rate","88 kg N ha",2020-11-05,1899-12-31 15:21:23,442.1,0.408,2.13,0,31,NA
"orei_manure","rosemount","2020","201","fertManure_cutNone","N fertilizer rate","88 kg N ha",2020-11-05,1899-12-31 15:21:44,441.5,0.36,2.13,0.08,31,NA
"orei_manure","rosemount","2020","201","fertManure_cutNone","N fertilizer rate","88 kg N ha",2020-11-05,1899-12-31 15:22:05,443.9,0.326,2.22,0,31,NA
"orei_manure","rosemount","2020","201","fertManure_cutNone","N fertilizer rate","88 kg N ha",2020-11-19,1899-12-31 14:29:18,532.5,0.379,2.44,0,28,NA
"orei_manure","rosemount","2020","201","fertManure_cutNone","N fertilizer rate","88 kg N ha",2020-11-19,1899-12-31 14:29:39,498,0.399,2.27,0,28,NA
"orei_manure","rosemount","2020","201","fertManure_cutNone","N fertilizer rate","88 kg N ha",2020-11-19,1899-12-31 14:30:00,487.9,0.381,2.23,0,29,NA
"orei_manure","rosemount","2020","201","fertManure_cutNone","N fertilizer rate","88 kg N ha",2020-11-19,1899-12-31 14:30:21,478.6,0.395,2.3,0,28,NA
"orei_manure","rosemount","2020","201","fertManure_cutNone","N fertilizer rate","88 kg N ha",2020-11-19,1899-12-31 14:30:42,479.8,0.376,2.17,0,28,NA
"orei_manure","rosemount","2020","201","fertManure_cutNone","N fertilizer rate","88 kg N ha",2020-11-19,1899-12-31 14:31:03,484.7,0.382,2.24,0,28,NA
"orei_manure","rosemount","2020","201","fertManure_cutNone","N fertilizer rate","88 kg N ha",2020-11-19,1899-12-31 14:31:24,488,0.384,2.19,0,28,NA
"orei_manure","rosemount","2020","201","fertManure_cutNone","N fertilizer rate","88 kg N ha",2020-11-19,1899-12-31 14:31:45,491.4,0.398,2.2,0,28,NA
"orei_manure","rosemount","2020","201","fertManure_cutNone","N fertilizer rate","88 kg N ha",2020-11-19,1899-12-31 14:32:06,496.7,0.384,2.18,0,28,NA
"orei_manure","rosemount","2020","201","fertManure_cutNone","N fertilizer rate","88 kg N ha",2020-11-19,1899-12-31 14:32:27,502.4,0.403,2.2,0,28,NA
"orei_manure","rosemount","2020","201","fertManure_cutNone","N fertilizer rate","88 kg N ha",2020-11-19,1899-12-31 14:32:48,508.9,0.407,2.31,0,28,NA
"orei_manure","rosemount","2020","201","fertManure_cutNone","N fertilizer rate","88 kg N ha",2020-11-19,1899-12-31 14:33:09,513.9,0.4,2.05,0,28,NA
"orei_manure","rosemount","2020","201","fertManure_cutNone","N fertilizer rate","88 kg N ha",2020-11-19,1899-12-31 14:33:30,517.3,0.393,2.1,0,28,NA
"orei_manure","rosemount","2020","201","fertManure_cutNone","N fertilizer rate","88 kg N ha",2020-11-19,1899-12-31 14:33:51,522.7,0.379,2.13,0,28,NA
"orei_manure","rosemount","2020","201","fertManure_cutNone","N fertilizer rate","88 kg N ha",2020-11-19,1899-12-31 14:34:12,530,0.381,2.15,0,28,NA
"orei_manure","rosemount","2020","201","fertManure_cutNone","N fertilizer rate","88 kg N ha",2020-11-19,1899-12-31 14:34:33,531.9,0.378,2.16,0,28,NA
"orei_manure","rosemount","2020","201","fertManure_cutNone","N fertilizer rate","88 kg N ha",2020-11-19,1899-12-31 14:34:55,540.1,0.352,2.21,0,28,NA
"orei_manure","rosemount","2020","201","fertManure_cutNone","N fertilizer rate","88 kg N ha",2020-11-19,1899-12-31 14:35:15,544.9,0.406,2.21,0,28,NA
"orei_manure","rosemount","2020","201","fertManure_cutNone","N fertilizer rate","88 kg N ha",2020-11-19,1899-12-31 14:35:36,548.7,0.386,2.21,0,28,NA
"orei_manure","rosemount","2020","201","fertManure_cutNone","N fertilizer rate","88 kg N ha",2020-11-19,1899-12-31 14:35:57,557.5,0.391,2.26,0,28,NA
"orei_manure","rosemount","2020","202","fertCommercial_cutNone","N fertilizer rate","70 kg N ha",2020-11-02,1899-12-31 14:41:33,441.2,0.431,1.8,0.05,25,NA
"orei_manure","rosemount","2020","202","fertCommercial_cutNone","N fertilizer rate","70 kg N ha",2020-11-02,1899-12-31 14:41:54,433.9,0.4,1.82,0.06,25,NA
"orei_manure","rosemount","2020","202","fertCommercial_cutNone","N fertilizer rate","70 kg N ha",2020-11-02,1899-12-31 14:42:15,432.6,0.406,1.92,0,25,NA
"orei_manure","rosemount","2020","202","fertCommercial_cutNone","N fertilizer rate","70 kg N ha",2020-11-02,1899-12-31 14:42:36,431.5,0.419,1.88,0.01,25,NA
"orei_manure","rosemount","2020","202","fertCommercial_cutNone","N fertilizer rate","70 kg N ha",2020-11-02,1899-12-31 14:42:57,431.3,0.416,1.76,0,25,NA
"orei_manure","rosemount","2020","202","fertCommercial_cutNone","N fertilizer rate","70 kg N ha",2020-11-02,1899-12-31 14:43:18,428.8,0.408,1.84,0,25,NA
"orei_manure","rosemount","2020","202","fertCommercial_cutNone","N fertilizer rate","70 kg N ha",2020-11-02,1899-12-31 14:43:39,431.1,0.419,1.93,0,25,NA
"orei_manure","rosemount","2020","202","fertCommercial_cutNone","N fertilizer rate","70 kg N ha",2020-11-02,1899-12-31 14:44:00,432.3,0.414,1.95,0.03,25,NA
"orei_manure","rosemount","2020","202","fertCommercial_cutNone","N fertilizer rate","70 kg N ha",2020-11-02,1899-12-31 14:44:21,430.1,0.411,1.82,0,25,NA
"orei_manure","rosemount","2020","202","fertCommercial_cutNone","N fertilizer rate","70 kg N ha",2020-11-02,1899-12-31 14:44:42,432.1,0.402,1.87,0,25,NA
"orei_manure","rosemount","2020","202","fertCommercial_cutNone","N fertilizer rate","70 kg N ha",2020-11-02,1899-12-31 14:45:04,435.1,0.415,1.94,0.11,25,NA
"orei_manure","rosemount","2020","202","fertCommercial_cutNone","N fertilizer rate","70 kg N ha",2020-11-02,1899-12-31 14:45:25,434.5,0.421,1.7,0,25,NA
"orei_manure","rosemount","2020","202","fertCommercial_cutNone","N fertilizer rate","70 kg N ha",2020-11-02,1899-12-31 14:45:46,433.9,0.405,1.86,0,25,NA
"orei_manure","rosemount","2020","202","fertCommercial_cutNone","N fertilizer rate","70 kg N ha",2020-11-02,1899-12-31 14:46:07,432.7,0.381,1.88,0.08,25,NA
"orei_manure","rosemount","2020","202","fertCommercial_cutNone","N fertilizer rate","70 kg N ha",2020-11-02,1899-12-31 14:46:28,433.4,0.401,1.86,0,25,NA
"orei_manure","rosemount","2020","202","fertCommercial_cutNone","N fertilizer rate","70 kg N ha",2020-11-02,1899-12-31 14:46:49,434.2,0.417,1.86,0,25,NA
"orei_manure","rosemount","2020","202","fertCommercial_cutNone","N fertilizer rate","70 kg N ha",2020-11-02,1899-12-31 14:47:10,438.4,0.424,1.94,0.05,25,NA
"orei_manure","rosemount","2020","202","fertCommercial_cutNone","N fertilizer rate","70 kg N ha",2020-11-05,1899-12-31 15:23:52,446.3,0.392,2.25,0.09,31,NA
"orei_manure","rosemount","2020","202","fertCommercial_cutNone","N fertilizer rate","70 kg N ha",2020-11-05,1899-12-31 15:24:13,438.3,0.386,2.08,0.03,31,NA
"orei_manure","rosemount","2020","202","fertCommercial_cutNone","N fertilizer rate","70 kg N ha",2020-11-05,1899-12-31 15:24:34,433.2,0.351,2.24,0.07,31,NA
"orei_manure","rosemount","2020","202","fertCommercial_cutNone","N fertilizer rate","70 kg N ha",2020-11-05,1899-12-31 15:24:55,421.2,0.274,2.01,0,31,NA
"orei_manure","rosemount","2020","202","fertCommercial_cutNone","N fertilizer rate","70 kg N ha",2020-11-05,1899-12-31 15:25:16,435.1,0.299,1.94,0,31,NA
"orei_manure","rosemount","2020","202","fertCommercial_cutNone","N fertilizer rate","70 kg N ha",2020-11-05,1899-12-31 15:25:37,429.8,0.285,1.99,0.06,31,NA
"orei_manure","rosemount","2020","202","fertCommercial_cutNone","N fertilizer rate","70 kg N ha",2020-11-05,1899-12-31 15:25:58,435.9,0.346,1.79,0,31,NA
"orei_manure","rosemount","2020","202","fertCommercial_cutNone","N fertilizer rate","70 kg N ha",2020-11-05,1899-12-31 15:26:19,434.3,0.291,1.87,0,31,NA
"orei_manure","rosemount","2020","202","fertCommercial_cutNone","N fertilizer rate","70 kg N ha",2020-11-05,1899-12-31 15:26:40,436.8,0.37,1.72,0.1,31,NA
"orei_manure","rosemount","2020","202","fertCommercial_cutNone","N fertilizer rate","70 kg N ha",2020-11-05,1899-12-31 15:27:01,445.2,0.357,1.97,0.03,31,NA
"orei_manure","rosemount","2020","202","fertCommercial_cutNone","N fertilizer rate","70 kg N ha",2020-11-05,1899-12-31 15:27:23,445.6,0.427,2.26,0.1,31,NA
"orei_manure","rosemount","2020","202","fertCommercial_cutNone","N fertilizer rate","70 kg N ha",2020-11-05,1899-12-31 15:27:44,447,0.296,2.24,0.11,31,NA
"orei_manure","rosemount","2020","202","fertCommercial_cutNone","N fertilizer rate","70 kg N ha",2020-11-05,1899-12-31 15:28:05,439.2,0.357,2.03,0,31,NA
"orei_manure","rosemount","2020","202","fertCommercial_cutNone","N fertilizer rate","70 kg N ha",2020-11-19,1899-12-31 14:37:13,553.2,0.395,2.16,0.01,28,NA
"orei_manure","rosemount","2020","202","fertCommercial_cutNone","N fertilizer rate","70 kg N ha",2020-11-19,1899-12-31 14:37:34,518.1,0.383,2.11,0,28,NA
"orei_manure","rosemount","2020","202","fertCommercial_cutNone","N fertilizer rate","70 kg N ha",2020-11-19,1899-12-31 14:37:55,492.6,0.391,2.18,0,28,NA
"orei_manure","rosemount","2020","202","fertCommercial_cutNone","N fertilizer rate","70 kg N ha",2020-11-19,1899-12-31 14:38:16,481.4,0.386,2.11,0,28,NA
"orei_manure","rosemount","2020","202","fertCommercial_cutNone","N fertilizer rate","70 kg N ha",2020-11-19,1899-12-31 14:38:37,482,0.402,2.08,0,28,NA
"orei_manure","rosemount","2020","202","fertCommercial_cutNone","N fertilizer rate","70 kg N ha",2020-11-19,1899-12-31 14:38:58,484.3,0.394,2.15,0,28,NA
"orei_manure","rosemount","2020","202","fertCommercial_cutNone","N fertilizer rate","70 kg N ha",2020-11-19,1899-12-31 14:39:19,484.1,0.385,2.11,0,28,NA
"orei_manure","rosemount","2020","202","fertCommercial_cutNone","N fertilizer rate","70 kg N ha",2020-11-19,1899-12-31 14:39:40,489.8,0.395,2.21,0,28,NA
"orei_manure","rosemount","2020","202","fertCommercial_cutNone","N fertilizer rate","70 kg N ha",2020-11-19,1899-12-31 14:40:01,495.6,0.411,2.08,0,28,NA
"orei_manure","rosemount","2020","202","fertCommercial_cutNone","N fertilizer rate","70 kg N ha",2020-11-19,1899-12-31 14:40:22,499.5,0.397,2.14,0,28,NA
"orei_manure","rosemount","2020","202","fertCommercial_cutNone","N fertilizer rate","70 kg N ha",2020-11-19,1899-12-31 14:40:43,507.3,0.4,2.17,0,28,NA
"orei_manure","rosemount","2020","202","fertCommercial_cutNone","N fertilizer rate","70 kg N ha",2020-11-19,1899-12-31 14:41:04,513.5,0.405,2.06,0,28,NA
"orei_manure","rosemount","2020","202","fertCommercial_cutNone","N fertilizer rate","70 kg N ha",2020-11-19,1899-12-31 14:41:25,518.7,0.418,2.05,0,28,NA
"orei_manure","rosemount","2020","202","fertCommercial_cutNone","N fertilizer rate","70 kg N ha",2020-11-19,1899-12-31 14:41:46,524.2,0.405,2.04,0.01,28,NA
"orei_manure","rosemount","2020","202","fertCommercial_cutNone","N fertilizer rate","70 kg N ha",2020-11-19,1899-12-31 14:42:07,529.5,0.401,2.15,0,28,NA
"orei_manure","rosemount","2020","202","fertCommercial_cutNone","N fertilizer rate","70 kg N ha",2020-11-19,1899-12-31 14:42:28,535.7,0.408,2.18,0,28,NA
"orei_manure","rosemount","2020","202","fertCommercial_cutNone","N fertilizer rate","70 kg N ha",2020-11-19,1899-12-31 14:42:50,541.9,0.418,2.18,0,28,NA
"orei_manure","rosemount","2020","202","fertCommercial_cutNone","N fertilizer rate","70 kg N ha",2020-11-19,1899-12-31 14:43:11,546.3,0.405,2.12,0,28,NA
"orei_manure","rosemount","2020","202","fertCommercial_cutNone","N fertilizer rate","70 kg N ha",2020-11-19,1899-12-31 14:43:32,551.2,0.408,2.02,0,28,NA
"orei_manure","rosemount","2020","204","fertControl_cutNone","N fertilizer rate",NA,2020-11-02,1899-12-31 13:49:31,440.3,0.368,1.98,0,24,NA
"orei_manure","rosemount","2020","204","fertControl_cutNone","N fertilizer rate",NA,2020-11-02,1899-12-31 13:49:52,439.8,0.375,2.01,0,24,NA
"orei_manure","rosemount","2020","204","fertControl_cutNone","N fertilizer rate",NA,2020-11-02,1899-12-31 13:50:13,435.6,0.395,1.82,0.01,24,NA
"orei_manure","rosemount","2020","204","fertControl_cutNone","N fertilizer rate",NA,2020-11-02,1899-12-31 13:50:34,436.3,0.393,1.93,0,24,NA
"orei_manure","rosemount","2020","204","fertControl_cutNone","N fertilizer rate",NA,2020-11-02,1899-12-31 13:50:55,436.4,0.397,1.95,0,24,NA
"orei_manure","rosemount","2020","204","fertControl_cutNone","N fertilizer rate",NA,2020-11-02,1899-12-31 13:51:16,436.9,0.395,1.9,0,24,NA
"orei_manure","rosemount","2020","204","fertControl_cutNone","N fertilizer rate",NA,2020-11-02,1899-12-31 13:51:37,437,0.401,1.93,0,24,NA
"orei_manure","rosemount","2020","204","fertControl_cutNone","N fertilizer rate",NA,2020-11-02,1899-12-31 13:51:58,434.7,0.364,1.96,0,24,NA
"orei_manure","rosemount","2020","204","fertControl_cutNone","N fertilizer rate",NA,2020-11-02,1899-12-31 13:52:19,436,0.38,1.96,0,24,NA
"orei_manure","rosemount","2020","204","fertControl_cutNone","N fertilizer rate",NA,2020-11-02,1899-12-31 13:52:39,437.1,0.382,2,0,24,NA
"orei_manure","rosemount","2020","204","fertControl_cutNone","N fertilizer rate",NA,2020-11-02,1899-12-31 13:53:00,438,0.401,1.98,0,24,NA
"orei_manure","rosemount","2020","204","fertControl_cutNone","N fertilizer rate",NA,2020-11-02,1899-12-31 13:53:21,437.4,0.366,1.97,0,24,NA
"orei_manure","rosemount","2020","204","fertControl_cutNone","N fertilizer rate",NA,2020-11-02,1899-12-31 13:53:42,439.9,0.401,1.95,0,24,NA
"orei_manure","rosemount","2020","204","fertControl_cutNone","N fertilizer rate",NA,2020-11-02,1899-12-31 13:54:03,441.2,0.402,1.93,0,24,NA
"orei_manure","rosemount","2020","204","fertControl_cutNone","N fertilizer rate",NA,2020-11-02,1899-12-31 13:54:24,437.8,0.374,1.92,0,24,NA
"orei_manure","rosemount","2020","204","fertControl_cutNone","N fertilizer rate",NA,2020-11-02,1899-12-31 13:54:45,441.2,0.396,1.91,0,24,NA
"orei_manure","rosemount","2020","204","fertControl_cutNone","N fertilizer rate",NA,2020-11-02,1899-12-31 13:55:06,441.2,0.389,1.9,0,24,NA
"orei_manure","rosemount","2020","204","fertControl_cutNone","N fertilizer rate",NA,2020-11-02,1899-12-31 13:55:26,438.9,0.404,1.92,0,24,NA
"orei_manure","rosemount","2020","204","fertControl_cutNone","N fertilizer rate",NA,2020-11-05,1899-12-31 14:30:51,438.6,0.376,1.49,2.32,31,NA
"orei_manure","rosemount","2020","204","fertControl_cutNone","N fertilizer rate",NA,2020-11-05,1899-12-31 14:31:12,435.7,0.358,1.94,0.5,31,NA
"orei_manure","rosemount","2020","204","fertControl_cutNone","N fertilizer rate",NA,2020-11-05,1899-12-31 14:31:33,427.4,0.349,1.49,0,31,NA
"orei_manure","rosemount","2020","204","fertControl_cutNone","N fertilizer rate",NA,2020-11-05,1899-12-31 14:31:54,434.8,0.398,2.12,0,31,NA
"orei_manure","rosemount","2020","204","fertControl_cutNone","N fertilizer rate",NA,2020-11-05,1899-12-31 14:32:15,432.4,0.296,1.86,0.12,31,NA
"orei_manure","rosemount","2020","204","fertControl_cutNone","N fertilizer rate",NA,2020-11-05,1899-12-31 14:32:36,439.7,0.37,1.92,0.02,31,NA
"orei_manure","rosemount","2020","204","fertControl_cutNone","N fertilizer rate",NA,2020-11-05,1899-12-31 14:32:57,442.2,0.429,1.8,0,31,NA
"orei_manure","rosemount","2020","204","fertControl_cutNone","N fertilizer rate",NA,2020-11-05,1899-12-31 14:33:18,438.4,0.403,2.01,0.12,31,NA
"orei_manure","rosemount","2020","204","fertControl_cutNone","N fertilizer rate",NA,2020-11-05,1899-12-31 14:33:39,439,0.375,2.04,0,31,NA
"orei_manure","rosemount","2020","204","fertControl_cutNone","N fertilizer rate",NA,2020-11-05,1899-12-31 14:34:00,434,0.357,1.64,0.06,31,NA
"orei_manure","rosemount","2020","204","fertControl_cutNone","N fertilizer rate",NA,2020-11-05,1899-12-31 14:34:21,446.6,0.379,1.92,0,31,NA
"orei_manure","rosemount","2020","204","fertControl_cutNone","N fertilizer rate",NA,2020-11-05,1899-12-31 14:34:42,432.9,0.268,2.3,0.16,31,NA
"orei_manure","rosemount","2020","204","fertControl_cutNone","N fertilizer rate",NA,2020-11-05,1899-12-31 14:35:04,436.6,0.259,2.13,0.07,31,NA
"orei_manure","rosemount","2020","204","fertControl_cutNone","N fertilizer rate",NA,2020-11-05,1899-12-31 14:35:25,444.2,0.331,1.84,0.17,31,NA
"orei_manure","rosemount","2020","204","fertControl_cutNone","N fertilizer rate",NA,2020-11-05,1899-12-31 14:35:46,443.9,0.298,1.53,0.11,31,NA
"orei_manure","rosemount","2020","204","fertControl_cutNone","N fertilizer rate",NA,2020-11-05,1899-12-31 14:36:07,442.1,0.375,1.73,0,31,NA
"orei_manure","rosemount","2020","204","fertControl_cutNone","N fertilizer rate",NA,2020-11-19,1899-12-31 15:33:04,475.7,0.407,2.11,0,26,NA
"orei_manure","rosemount","2020","204","fertControl_cutNone","N fertilizer rate",NA,2020-11-19,1899-12-31 15:33:25,458,0.405,2.1,0,26,NA
"orei_manure","rosemount","2020","204","fertControl_cutNone","N fertilizer rate",NA,2020-11-19,1899-12-31 15:33:46,443.2,0.395,2.06,0,26,NA
"orei_manure","rosemount","2020","204","fertControl_cutNone","N fertilizer rate",NA,2020-11-19,1899-12-31 15:34:07,440.5,0.384,2.07,0,26,NA
"orei_manure","rosemount","2020","204","fertControl_cutNone","N fertilizer rate",NA,2020-11-19,1899-12-31 15:34:28,437.8,0.364,1.95,0,26,NA
"orei_manure","rosemount","2020","204","fertControl_cutNone","N fertilizer rate",NA,2020-11-19,1899-12-31 15:34:49,439.2,0.422,2.11,0,26,NA
"orei_manure","rosemount","2020","204","fertControl_cutNone","N fertilizer rate",NA,2020-11-19,1899-12-31 15:35:10,441.8,0.401,1.96,0,25,NA
"orei_manure","rosemount","2020","204","fertControl_cutNone","N fertilizer rate",NA,2020-11-19,1899-12-31 15:35:31,444.2,0.375,2.06,0,26,NA
"orei_manure","rosemount","2020","204","fertControl_cutNone","N fertilizer rate",NA,2020-11-19,1899-12-31 15:35:52,447.3,0.378,2.03,0,26,NA
"orei_manure","rosemount","2020","204","fertControl_cutNone","N fertilizer rate",NA,2020-11-19,1899-12-31 15:36:13,451.5,0.4,1.96,0,26,NA
"orei_manure","rosemount","2020","204","fertControl_cutNone","N fertilizer rate",NA,2020-11-19,1899-12-31 15:36:34,456.6,0.397,2.1,0.01,26,NA
"orei_manure","rosemount","2020","204","fertControl_cutNone","N fertilizer rate",NA,2020-11-19,1899-12-31 15:36:55,457.5,0.379,1.95,0,26,NA
"orei_manure","rosemount","2020","204","fertControl_cutNone","N fertilizer rate",NA,2020-11-19,1899-12-31 15:37:16,462.5,0.417,1.99,0,26,NA
"orei_manure","rosemount","2020","204","fertControl_cutNone","N fertilizer rate",NA,2020-11-19,1899-12-31 15:37:36,462.9,0.427,2.16,0,26,NA
"orei_manure","rosemount","2020","204","fertControl_cutNone","N fertilizer rate",NA,2020-11-19,1899-12-31 15:37:57,465,0.421,2.13,0,25,NA
"orei_manure","rosemount","2020","204","fertControl_cutNone","N fertilizer rate",NA,2020-11-19,1899-12-31 15:38:18,463.3,0.383,1.99,0.01,25,NA
"orei_manure","rosemount","2020","204","fertControl_cutNone","N fertilizer rate",NA,2020-11-19,1899-12-31 15:38:39,468.7,0.383,2.1,0,25,NA
"orei_manure","rosemount","2020","204","fertControl_cutNone","N fertilizer rate",NA,2020-11-19,1899-12-31 15:39:00,474,0.404,2.13,0,25,NA
"orei_manure","rosemount","2020","211","fertManure_cutFall","N fertilizer rate","88 kg N ha",NA,NA,NA,NA,NA,NA,NA,NA
"orei_manure","rosemount","2020","212","fertCommercial_cutFall","N fertilizer rate","70 kg N ha",NA,NA,NA,NA,NA,NA,NA,NA
"orei_manure","rosemount","2020","214","fertControl_cutFall","N fertilizer rate",NA,NA,NA,NA,NA,NA,NA,NA,NA
"orei_manure","rosemount","2020","301","fertManure_cutNone","N fertilizer rate","88 kg N ha",2020-11-02,1899-12-31 14:49:01,432.8,0.376,1.88,0,25,NA
"orei_manure","rosemount","2020","301","fertManure_cutNone","N fertilizer rate","88 kg N ha",2020-11-02,1899-12-31 14:49:22,431.8,0.393,1.88,0,25,NA
"orei_manure","rosemount","2020","301","fertManure_cutNone","N fertilizer rate","88 kg N ha",2020-11-02,1899-12-31 14:49:43,430.9,0.399,1.82,0,25,NA
"orei_manure","rosemount","2020","301","fertManure_cutNone","N fertilizer rate","88 kg N ha",2020-11-02,1899-12-31 14:50:04,427.7,0.386,1.76,0,25,NA
"orei_manure","rosemount","2020","301","fertManure_cutNone","N fertilizer rate","88 kg N ha",2020-11-02,1899-12-31 14:50:25,427.7,0.389,1.76,0,25,NA
"orei_manure","rosemount","2020","301","fertManure_cutNone","N fertilizer rate","88 kg N ha",2020-11-02,1899-12-31 14:50:46,425.9,0.385,1.83,0,25,NA
"orei_manure","rosemount","2020","301","fertManure_cutNone","N fertilizer rate","88 kg N ha",2020-11-02,1899-12-31 14:51:07,428.4,0.381,1.89,0,26,NA
"orei_manure","rosemount","2020","301","fertManure_cutNone","N fertilizer rate","88 kg N ha",2020-11-02,1899-12-31 14:51:28,429.4,0.373,1.75,0,26,NA
"orei_manure","rosemount","2020","301","fertManure_cutNone","N fertilizer rate","88 kg N ha",2020-11-02,1899-12-31 14:51:49,433.5,0.409,1.89,0,26,NA
"orei_manure","rosemount","2020","301","fertManure_cutNone","N fertilizer rate","88 kg N ha",2020-11-02,1899-12-31 14:52:10,431.1,0.398,1.81,0,26,NA
"orei_manure","rosemount","2020","301","fertManure_cutNone","N fertilizer rate","88 kg N ha",2020-11-02,1899-12-31 14:52:31,434.6,0.388,1.87,0,26,NA
"orei_manure","rosemount","2020","301","fertManure_cutNone","N fertilizer rate","88 kg N ha",2020-11-02,1899-12-31 14:52:52,429.6,0.381,1.89,0,25,NA
"orei_manure","rosemount","2020","301","fertManure_cutNone","N fertilizer rate","88 kg N ha",2020-11-02,1899-12-31 14:53:13,434.3,0.408,1.94,0,26,NA
"orei_manure","rosemount","2020","301","fertManure_cutNone","N fertilizer rate","88 kg N ha",2020-11-02,1899-12-31 14:53:34,434.6,0.379,1.82,0,26,NA
"orei_manure","rosemount","2020","301","fertManure_cutNone","N fertilizer rate","88 kg N ha",2020-11-02,1899-12-31 14:53:56,433.8,0.402,1.86,0,26,NA
"orei_manure","rosemount","2020","301","fertManure_cutNone","N fertilizer rate","88 kg N ha",2020-11-02,1899-12-31 14:54:17,436.2,0.404,1.88,0,26,NA
"orei_manure","rosemount","2020","301","fertManure_cutNone","N fertilizer rate","88 kg N ha",2020-11-02,1899-12-31 14:54:38,435.3,0.393,1.81,0,26,NA
"orei_manure","rosemount","2020","301","fertManure_cutNone","N fertilizer rate","88 kg N ha",2020-11-02,1899-12-31 14:54:59,436.2,0.412,1.85,0,26,NA
"orei_manure","rosemount","2020","301","fertManure_cutNone","N fertilizer rate","88 kg N ha",2020-11-05,1899-12-31 15:29:39,447.7,0.321,1.74,0.05,31,NA
"orei_manure","rosemount","2020","301","fertManure_cutNone","N fertilizer rate","88 kg N ha",2020-11-05,1899-12-31 15:30:00,434.2,0.322,2.33,0.13,31,NA
"orei_manure","rosemount","2020","301","fertManure_cutNone","N fertilizer rate","88 kg N ha",2020-11-05,1899-12-31 15:30:21,424.5,0.285,1.62,0.01,31,NA
"orei_manure","rosemount","2020","301","fertManure_cutNone","N fertilizer rate","88 kg N ha",2020-11-05,1899-12-31 15:30:42,423,0.298,1.58,0,31,NA
"orei_manure","rosemount","2020","301","fertManure_cutNone","N fertilizer rate","88 kg N ha",2020-11-05,1899-12-31 15:31:03,426.9,0.287,1.42,0.08,31,NA
"orei_manure","rosemount","2020","301","fertManure_cutNone","N fertilizer rate","88 kg N ha",2020-11-05,1899-12-31 15:31:24,434.2,0.37,1.91,0.13,31,NA
"orei_manure","rosemount","2020","301","fertManure_cutNone","N fertilizer rate","88 kg N ha",2020-11-05,1899-12-31 15:31:45,438.4,0.343,2,0,31,NA
"orei_manure","rosemount","2020","301","fertManure_cutNone","N fertilizer rate","88 kg N ha",2020-11-05,1899-12-31 15:32:06,439.7,0.318,1.87,0.03,31,NA
"orei_manure","rosemount","2020","301","fertManure_cutNone","N fertilizer rate","88 kg N ha",2020-11-05,1899-12-31 15:32:27,438.1,0.406,2.48,0.05,31,NA
"orei_manure","rosemount","2020","301","fertManure_cutNone","N fertilizer rate","88 kg N ha",2020-11-05,1899-12-31 15:32:49,439.9,0.367,2.01,0,31,NA
"orei_manure","rosemount","2020","301","fertManure_cutNone","N fertilizer rate","88 kg N ha",2020-11-05,1899-12-31 15:33:10,440.3,0.379,1.82,0.11,31,NA
"orei_manure","rosemount","2020","301","fertManure_cutNone","N fertilizer rate","88 kg N ha",2020-11-05,1899-12-31 15:33:31,434.9,0.321,1.95,0,31,NA
"orei_manure","rosemount","2020","301","fertManure_cutNone","N fertilizer rate","88 kg N ha",2020-11-05,1899-12-31 15:33:52,435.3,0.366,2.03,0.02,31,NA
"orei_manure","rosemount","2020","301","fertManure_cutNone","N fertilizer rate","88 kg N ha",2020-11-05,1899-12-31 15:34:13,440.7,0.291,2.2,0,31,NA
"orei_manure","rosemount","2020","301","fertManure_cutNone","N fertilizer rate","88 kg N ha",2020-11-05,1899-12-31 15:34:34,441.3,0.305,1.59,0.07,31,NA
"orei_manure","rosemount","2020","301","fertManure_cutNone","N fertilizer rate","88 kg N ha",2020-11-05,1899-12-31 15:34:55,437.1,0.285,1.77,0.03,31,NA
"orei_manure","rosemount","2020","301","fertManure_cutNone","N fertilizer rate","88 kg N ha",2020-11-19,1899-12-31 14:44:56,550.9,0.413,2.06,0,27,NA
"orei_manure","rosemount","2020","301","fertManure_cutNone","N fertilizer rate","88 kg N ha",2020-11-19,1899-12-31 14:45:17,516.6,0.379,2.2,0,28,NA
"orei_manure","rosemount","2020","301","fertManure_cutNone","N fertilizer rate","88 kg N ha",2020-11-19,1899-12-31 14:45:38,489.3,0.391,2.1,0,27,NA
"orei_manure","rosemount","2020","301","fertManure_cutNone","N fertilizer rate","88 kg N ha",2020-11-19,1899-12-31 14:45:59,480,0.371,2.24,0,28,NA
"orei_manure","rosemount","2020","301","fertManure_cutNone","N fertilizer rate","88 kg N ha",2020-11-19,1899-12-31 14:46:20,481.9,0.42,2.03,0,27,NA
"orei_manure","rosemount","2020","301","fertManure_cutNone","N fertilizer rate","88 kg N ha",2020-11-19,1899-12-31 14:46:41,482.7,0.391,2.14,0,28,NA
"orei_manure","rosemount","2020","301","fertManure_cutNone","N fertilizer rate","88 kg N ha",2020-11-19,1899-12-31 14:47:02,484.4,0.406,2.26,0,27,NA
"orei_manure","rosemount","2020","301","fertManure_cutNone","N fertilizer rate","88 kg N ha",2020-11-19,1899-12-31 14:47:24,490.9,0.4,2.08,0,27,NA
"orei_manure","rosemount","2020","301","fertManure_cutNone","N fertilizer rate","88 kg N ha",2020-11-19,1899-12-31 14:47:45,495.9,0.425,2.2,0,27,NA
"orei_manure","rosemount","2020","301","fertManure_cutNone","N fertilizer rate","88 kg N ha",2020-11-19,1899-12-31 14:48:06,502.5,0.411,2.11,0,28,NA
"orei_manure","rosemount","2020","301","fertManure_cutNone","N fertilizer rate","88 kg N ha",2020-11-19,1899-12-31 14:48:27,505.8,0.397,2.13,0,28,NA
"orei_manure","rosemount","2020","301","fertManure_cutNone","N fertilizer rate","88 kg N ha",2020-11-19,1899-12-31 14:48:48,510.1,0.395,2.12,0,27,NA
"orei_manure","rosemount","2020","301","fertManure_cutNone","N fertilizer rate","88 kg N ha",2020-11-19,1899-12-31 14:49:09,517.2,0.381,2.08,0,28,NA
"orei_manure","rosemount","2020","301","fertManure_cutNone","N fertilizer rate","88 kg N ha",2020-11-19,1899-12-31 14:49:30,522.1,0.411,2.17,0,27,NA
"orei_manure","rosemount","2020","301","fertManure_cutNone","N fertilizer rate","88 kg N ha",2020-11-19,1899-12-31 14:49:51,527.8,0.394,2.11,0,27,NA
"orei_manure","rosemount","2020","301","fertManure_cutNone","N fertilizer rate","88 kg N ha",2020-11-19,1899-12-31 14:50:12,531.3,0.409,1.99,0,27,NA
"orei_manure","rosemount","2020","301","fertManure_cutNone","N fertilizer rate","88 kg N ha",2020-11-19,1899-12-31 14:50:33,537.2,0.387,2.06,0,27,NA
"orei_manure","rosemount","2020","302","fertControl_cutNone","N fertilizer rate",NA,2020-11-02,1899-12-31 14:56:45,436.4,0.415,1.85,0,26,NA
"orei_manure","rosemount","2020","302","fertControl_cutNone","N fertilizer rate",NA,2020-11-02,1899-12-31 14:57:06,431.7,0.396,1.94,0,25,NA
"orei_manure","rosemount","2020","302","fertControl_cutNone","N fertilizer rate",NA,2020-11-02,1899-12-31 14:57:27,430.3,0.389,1.98,0,26,NA
"orei_manure","rosemount","2020","302","fertControl_cutNone","N fertilizer rate",NA,2020-11-02,1899-12-31 14:57:48,430.3,0.412,1.86,0,26,NA
"orei_manure","rosemount","2020","302","fertControl_cutNone","N fertilizer rate",NA,2020-11-02,1899-12-31 14:58:09,431,0.386,1.79,0,26,NA
"orei_manure","rosemount","2020","302","fertControl_cutNone","N fertilizer rate",NA,2020-11-02,1899-12-31 14:58:30,433.3,0.387,1.87,0,26,NA
"orei_manure","rosemount","2020","302","fertControl_cutNone","N fertilizer rate",NA,2020-11-02,1899-12-31 14:58:51,434,0.392,1.84,0,26,NA
"orei_manure","rosemount","2020","302","fertControl_cutNone","N fertilizer rate",NA,2020-11-02,1899-12-31 14:59:12,432.2,0.384,1.8,0,26,NA
"orei_manure","rosemount","2020","302","fertControl_cutNone","N fertilizer rate",NA,2020-11-05,1899-12-31 15:36:22,452.1,0.412,1.85,0,31,NA
"orei_manure","rosemount","2020","302","fertControl_cutNone","N fertilizer rate",NA,2020-11-05,1899-12-31 15:36:43,443.5,0.399,2.11,0,31,NA
"orei_manure","rosemount","2020","302","fertControl_cutNone","N fertilizer rate",NA,2020-11-05,1899-12-31 15:37:04,432.9,0.358,2.61,0,31,NA
"orei_manure","rosemount","2020","302","fertControl_cutNone","N fertilizer rate",NA,2020-11-05,1899-12-31 15:37:25,426,0.355,2.05,0.13,31,NA
"orei_manure","rosemount","2020","302","fertControl_cutNone","N fertilizer rate",NA,2020-11-05,1899-12-31 15:37:47,437.8,0.293,2.37,0.12,31,NA
"orei_manure","rosemount","2020","302","fertControl_cutNone","N fertilizer rate",NA,2020-11-05,1899-12-31 15:38:08,436.9,0.35,1.82,0.03,31,NA
"orei_manure","rosemount","2020","302","fertControl_cutNone","N fertilizer rate",NA,2020-11-05,1899-12-31 15:38:29,432.7,0.37,1.72,0.18,31,NA
"orei_manure","rosemount","2020","302","fertControl_cutNone","N fertilizer rate",NA,2020-11-05,1899-12-31 15:38:50,437.9,0.389,2.23,0.01,31,NA
"orei_manure","rosemount","2020","302","fertControl_cutNone","N fertilizer rate",NA,2020-11-05,1899-12-31 15:39:11,432.9,0.294,2.15,0.03,31,NA
"orei_manure","rosemount","2020","302","fertControl_cutNone","N fertilizer rate",NA,2020-11-05,1899-12-31 15:39:32,440.5,0.41,1.81,0.01,31,NA
"orei_manure","rosemount","2020","302","fertControl_cutNone","N fertilizer rate",NA,2020-11-05,1899-12-31 15:39:53,435.5,0.392,2.42,0,31,NA
"orei_manure","rosemount","2020","302","fertControl_cutNone","N fertilizer rate",NA,2020-11-05,1899-12-31 15:40:14,438.7,0.434,1.88,0,31,NA
"orei_manure","rosemount","2020","302","fertControl_cutNone","N fertilizer rate",NA,2020-11-05,1899-12-31 15:40:35,437.9,0.324,2.18,0,31,NA
"orei_manure","rosemount","2020","302","fertControl_cutNone","N fertilizer rate",NA,2020-11-05,1899-12-31 15:40:56,434.9,0.392,1.8,0.05,31,NA
"orei_manure","rosemount","2020","302","fertControl_cutNone","N fertilizer rate",NA,2020-11-05,1899-12-31 15:41:17,430.7,0.327,1.95,0.19,31,NA
"orei_manure","rosemount","2020","302","fertControl_cutNone","N fertilizer rate",NA,2020-11-05,1899-12-31 15:41:38,435.4,0.287,1.69,0.05,31,NA
"orei_manure","rosemount","2020","302","fertControl_cutNone","N fertilizer rate",NA,2020-11-19,1899-12-31 14:52:08,550.3,0.412,2.09,0,27,NA
"orei_manure","rosemount","2020","302","fertControl_cutNone","N fertilizer rate",NA,2020-11-19,1899-12-31 14:52:29,577.4,0.388,2.06,0,27,NA
"orei_manure","rosemount","2020","302","fertControl_cutNone","N fertilizer rate",NA,2020-11-19,1899-12-31 14:52:50,594.3,0.384,2.16,0,27,NA
"orei_manure","rosemount","2020","302","fertControl_cutNone","N fertilizer rate",NA,2020-11-19,1899-12-31 14:53:11,603.4,0.393,2.13,0,27,NA
"orei_manure","rosemount","2020","302","fertControl_cutNone","N fertilizer rate",NA,2020-11-19,1899-12-31 14:53:32,601.1,0.4,1.94,0,27,NA
"orei_manure","rosemount","2020","302","fertControl_cutNone","N fertilizer rate",NA,2020-11-19,1899-12-31 14:53:53,606.6,0.407,2.02,0,27,NA
"orei_manure","rosemount","2020","302","fertControl_cutNone","N fertilizer rate",NA,2020-11-19,1899-12-31 14:54:14,610.3,0.401,2.11,0,27,NA
"orei_manure","rosemount","2020","302","fertControl_cutNone","N fertilizer rate",NA,2020-11-19,1899-12-31 14:54:35,610.1,0.404,2.1,0,27,NA
"orei_manure","rosemount","2020","302","fertControl_cutNone","N fertilizer rate",NA,2020-11-19,1899-12-31 14:54:56,612.8,0.419,1.96,0,27,NA
"orei_manure","rosemount","2020","302","fertControl_cutNone","N fertilizer rate",NA,2020-11-19,1899-12-31 14:55:17,611.8,0.388,2.09,0,27,NA
"orei_manure","rosemount","2020","302","fertControl_cutNone","N fertilizer rate",NA,2020-11-19,1899-12-31 14:55:38,613.7,0.404,2.14,0,27,NA
"orei_manure","rosemount","2020","302","fertControl_cutNone","N fertilizer rate",NA,2020-11-19,1899-12-31 14:55:59,611,0.404,2.08,0,27,NA
"orei_manure","rosemount","2020","302","fertControl_cutNone","N fertilizer rate",NA,2020-11-19,1899-12-31 14:56:20,613.6,0.388,2.13,0,27,NA
"orei_manure","rosemount","2020","302","fertControl_cutNone","N fertilizer rate",NA,2020-11-19,1899-12-31 14:56:42,612.5,0.384,2.04,0,27,NA
"orei_manure","rosemount","2020","302","fertControl_cutNone","N fertilizer rate",NA,2020-11-19,1899-12-31 14:57:03,613.4,0.407,2.1,0,27,NA
"orei_manure","rosemount","2020","302","fertControl_cutNone","N fertilizer rate",NA,2020-11-19,1899-12-31 14:57:24,613.1,0.385,2.09,0,27,NA
"orei_manure","rosemount","2020","302","fertControl_cutNone","N fertilizer rate",NA,2020-11-19,1899-12-31 14:57:45,614.4,0.392,2.03,0,27,NA
"orei_manure","rosemount","2020","302","fertControl_cutNone","N fertilizer rate",NA,2020-11-19,1899-12-31 14:58:06,611.1,0.391,2.08,0,27,NA
"orei_manure","rosemount","2020","304","fertCommercial_cutNone","N fertilizer rate","70 kg N ha",2020-11-02,1899-12-31 13:32:01,437.8,0.374,1.96,0,24,NA
"orei_manure","rosemount","2020","304","fertCommercial_cutNone","N fertilizer rate","70 kg N ha",2020-11-02,1899-12-31 13:32:22,438,0.392,1.94,0,24,NA
"orei_manure","rosemount","2020","304","fertCommercial_cutNone","N fertilizer rate","70 kg N ha",2020-11-02,1899-12-31 13:32:43,437.8,0.39,2,0,24,NA
"orei_manure","rosemount","2020","304","fertCommercial_cutNone","N fertilizer rate","70 kg N ha",2020-11-02,1899-12-31 13:33:04,432.7,0.377,2,0,24,NA
"orei_manure","rosemount","2020","304","fertCommercial_cutNone","N fertilizer rate","70 kg N ha",2020-11-02,1899-12-31 13:33:25,435.1,0.393,1.99,0,24,NA
"orei_manure","rosemount","2020","304","fertCommercial_cutNone","N fertilizer rate","70 kg N ha",2020-11-02,1899-12-31 13:33:46,433.9,0.396,1.93,0,24,NA
"orei_manure","rosemount","2020","304","fertCommercial_cutNone","N fertilizer rate","70 kg N ha",2020-11-02,1899-12-31 13:34:07,436,0.392,1.89,0,24,NA
"orei_manure","rosemount","2020","304","fertCommercial_cutNone","N fertilizer rate","70 kg N ha",2020-11-02,1899-12-31 13:34:28,434.9,0.404,1.87,0,24,NA
"orei_manure","rosemount","2020","304","fertCommercial_cutNone","N fertilizer rate","70 kg N ha",2020-11-02,1899-12-31 13:34:49,436.4,0.392,1.99,0,24,NA
"orei_manure","rosemount","2020","304","fertCommercial_cutNone","N fertilizer rate","70 kg N ha",2020-11-02,1899-12-31 13:35:10,437.2,0.378,1.91,0,24,NA
"orei_manure","rosemount","2020","304","fertCommercial_cutNone","N fertilizer rate","70 kg N ha",2020-11-02,1899-12-31 13:35:30,436.4,0.387,1.99,0,24,NA
"orei_manure","rosemount","2020","304","fertCommercial_cutNone","N fertilizer rate","70 kg N ha",2020-11-02,1899-12-31 13:35:51,435.8,0.38,1.97,0,24,NA
"orei_manure","rosemount","2020","304","fertCommercial_cutNone","N fertilizer rate","70 kg N ha",2020-11-02,1899-12-31 13:36:12,437.8,0.379,1.85,0,24,NA
"orei_manure","rosemount","2020","304","fertCommercial_cutNone","N fertilizer rate","70 kg N ha",2020-11-02,1899-12-31 13:36:33,435.8,0.383,1.86,0,24,NA
"orei_manure","rosemount","2020","304","fertCommercial_cutNone","N fertilizer rate","70 kg N ha",2020-11-02,1899-12-31 13:36:54,438.6,0.389,1.88,0,24,NA
"orei_manure","rosemount","2020","304","fertCommercial_cutNone","N fertilizer rate","70 kg N ha",2020-11-02,1899-12-31 13:37:15,438.6,0.407,1.94,0,24,NA
"orei_manure","rosemount","2020","304","fertCommercial_cutNone","N fertilizer rate","70 kg N ha",2020-11-02,1899-12-31 13:37:36,438.5,0.399,1.91,0,24,NA
"orei_manure","rosemount","2020","304","fertCommercial_cutNone","N fertilizer rate","70 kg N ha",2020-11-02,1899-12-31 13:37:56,437,0.401,2.03,0,24,NA
"orei_manure","rosemount","2020","304","fertCommercial_cutNone","N fertilizer rate","70 kg N ha",2020-11-02,1899-12-31 13:38:17,438.6,0.406,1.93,0,24,NA
"orei_manure","rosemount","2020","304","fertCommercial_cutNone","N fertilizer rate","70 kg N ha",2020-11-02,1899-12-31 13:38:38,437.2,0.388,1.88,0,24,NA
"orei_manure","rosemount","2020","304","fertCommercial_cutNone","N fertilizer rate","70 kg N ha",2020-11-02,1899-12-31 13:38:59,436.4,0.376,1.86,0,24,NA
"orei_manure","rosemount","2020","304","fertCommercial_cutNone","N fertilizer rate","70 kg N ha",2020-11-02,1899-12-31 13:39:20,438.5,0.404,1.94,0,24,NA
"orei_manure","rosemount","2020","304","fertCommercial_cutNone","N fertilizer rate","70 kg N ha",2020-11-05,1899-12-31 14:06:08,438,0.399,2.12,0,31,NA
"orei_manure","rosemount","2020","304","fertCommercial_cutNone","N fertilizer rate","70 kg N ha",2020-11-05,1899-12-31 14:06:29,433.2,0.338,1.64,0,31,NA
"orei_manure","rosemount","2020","304","fertCommercial_cutNone","N fertilizer rate","70 kg N ha",2020-11-05,1899-12-31 14:06:50,435.9,0.398,2.21,0,31,NA
"orei_manure","rosemount","2020","304","fertCommercial_cutNone","N fertilizer rate","70 kg N ha",2020-11-05,1899-12-31 14:07:11,426.8,0.354,1.72,0,31,NA
"orei_manure","rosemount","2020","304","fertCommercial_cutNone","N fertilizer rate","70 kg N ha",2020-11-05,1899-12-31 14:07:32,430.9,0.434,2.15,0,31,NA
"orei_manure","rosemount","2020","304","fertCommercial_cutNone","N fertilizer rate","70 kg N ha",2020-11-05,1899-12-31 14:07:53,428.9,0.387,1.6,0,31,NA
"orei_manure","rosemount","2020","304","fertCommercial_cutNone","N fertilizer rate","70 kg N ha",2020-11-05,1899-12-31 14:08:14,429.9,0.377,2.15,0,31,NA
"orei_manure","rosemount","2020","304","fertCommercial_cutNone","N fertilizer rate","70 kg N ha",2020-11-05,1899-12-31 14:08:35,436.4,0.412,1.68,0.02,31,NA
"orei_manure","rosemount","2020","304","fertCommercial_cutNone","N fertilizer rate","70 kg N ha",2020-11-05,1899-12-31 14:08:56,427.2,0.34,1.8,0,31,NA
"orei_manure","rosemount","2020","304","fertCommercial_cutNone","N fertilizer rate","70 kg N ha",2020-11-05,1899-12-31 14:09:16,429.9,0.35,2.34,0,31,NA
"orei_manure","rosemount","2020","304","fertCommercial_cutNone","N fertilizer rate","70 kg N ha",2020-11-05,1899-12-31 14:09:37,431.8,0.362,2.01,0,31,NA
"orei_manure","rosemount","2020","304","fertCommercial_cutNone","N fertilizer rate","70 kg N ha",2020-11-05,1899-12-31 14:09:58,429.9,0.41,1.97,0,31,NA
"orei_manure","rosemount","2020","304","fertCommercial_cutNone","N fertilizer rate","70 kg N ha",2020-11-05,1899-12-31 14:10:19,431.3,0.412,2.04,0,31,NA
"orei_manure","rosemount","2020","304","fertCommercial_cutNone","N fertilizer rate","70 kg N ha",2020-11-05,1899-12-31 14:10:40,434.3,0.388,2.03,0,31,NA
"orei_manure","rosemount","2020","304","fertCommercial_cutNone","N fertilizer rate","70 kg N ha",2020-11-05,1899-12-31 14:11:01,428,0.411,2,0,31,NA
"orei_manure","rosemount","2020","304","fertCommercial_cutNone","N fertilizer rate","70 kg N ha",2020-11-05,1899-12-31 14:11:22,442.5,0.359,2.15,0.08,31,NA
"orei_manure","rosemount","2020","304","fertCommercial_cutNone","N fertilizer rate","70 kg N ha",2020-11-05,1899-12-31 14:11:42,429.4,0.361,2.49,0,31,NA
"orei_manure","rosemount","2020","304","fertCommercial_cutNone","N fertilizer rate","70 kg N ha",2020-11-19,1899-12-31 15:18:21,511.3,0.388,2.03,0,26,NA
"orei_manure","rosemount","2020","304","fertCommercial_cutNone","N fertilizer rate","70 kg N ha",2020-11-19,1899-12-31 15:18:42,478.8,0.364,2.02,0,26,NA
"orei_manure","rosemount","2020","304","fertCommercial_cutNone","N fertilizer rate","70 kg N ha",2020-11-19,1899-12-31 15:19:03,460.1,0.39,2.06,0,26,NA
"orei_manure","rosemount","2020","304","fertCommercial_cutNone","N fertilizer rate","70 kg N ha",2020-11-19,1899-12-31 15:19:24,456.2,0.447,1.97,0,26,NA
"orei_manure","rosemount","2020","304","fertCommercial_cutNone","N fertilizer rate","70 kg N ha",2020-11-19,1899-12-31 15:19:45,451.6,0.416,2.05,0,26,NA
"orei_manure","rosemount","2020","304","fertCommercial_cutNone","N fertilizer rate","70 kg N ha",2020-11-19,1899-12-31 15:20:05,454.7,0.396,1.98,0,26,NA
"orei_manure","rosemount","2020","304","fertCommercial_cutNone","N fertilizer rate","70 kg N ha",2020-11-19,1899-12-31 15:20:26,460,0.405,2.03,0,26,NA
"orei_manure","rosemount","2020","304","fertCommercial_cutNone","N fertilizer rate","70 kg N ha",2020-11-19,1899-12-31 15:20:47,463.2,0.443,2.04,0,26,NA
"orei_manure","rosemount","2020","304","fertCommercial_cutNone","N fertilizer rate","70 kg N ha",2020-11-19,1899-12-31 15:21:08,463,0.392,1.94,0,26,NA
"orei_manure","rosemount","2020","304","fertCommercial_cutNone","N fertilizer rate","70 kg N ha",2020-11-19,1899-12-31 15:21:29,465.2,0.411,2.05,0,26,NA
"orei_manure","rosemount","2020","304","fertCommercial_cutNone","N fertilizer rate","70 kg N ha",2020-11-19,1899-12-31 15:21:50,471.5,0.389,2.17,0,26,NA
"orei_manure","rosemount","2020","304","fertCommercial_cutNone","N fertilizer rate","70 kg N ha",2020-11-19,1899-12-31 15:22:11,474.2,0.387,2.03,0,26,NA
"orei_manure","rosemount","2020","304","fertCommercial_cutNone","N fertilizer rate","70 kg N ha",2020-11-19,1899-12-31 15:22:32,479.1,0.413,2.18,0,26,NA
"orei_manure","rosemount","2020","304","fertCommercial_cutNone","N fertilizer rate","70 kg N ha",2020-11-19,1899-12-31 15:22:53,480.8,0.388,2.07,0,26,NA
"orei_manure","rosemount","2020","304","fertCommercial_cutNone","N fertilizer rate","70 kg N ha",2020-11-19,1899-12-31 15:23:14,484.5,0.407,2.04,0,26,NA
"orei_manure","rosemount","2020","304","fertCommercial_cutNone","N fertilizer rate","70 kg N ha",2020-11-19,1899-12-31 15:23:34,488.7,0.396,2.08,0,26,NA
"orei_manure","rosemount","2020","304","fertCommercial_cutNone","N fertilizer rate","70 kg N ha",2020-11-19,1899-12-31 15:23:55,493.4,0.401,2.08,0,26,NA
"orei_manure","rosemount","2020","304","fertCommercial_cutNone","N fertilizer rate","70 kg N ha",2020-11-19,1899-12-31 15:24:16,494.3,0.409,2.12,0,26,NA
"orei_manure","rosemount","2020","311","fertManure_cutFall","N fertilizer rate","88 kg N ha",NA,NA,NA,NA,NA,NA,NA,NA
"orei_manure","rosemount","2020","312","fertControl_cutFall","N fertilizer rate",NA,NA,NA,NA,NA,NA,NA,NA,NA
"orei_manure","rosemount","2020","314","fertCommercial_cutFall","N fertilizer rate","70 kg N ha",NA,NA,NA,NA,NA,NA,NA,NA
"orei_manure","rosemount","2020","402","fertManure_cutNone","N fertilizer rate","88 kg N ha",NA,NA,NA,NA,NA,NA,NA,NA
"orei_manure","rosemount","2020","403","fertCommercial_cutNone","N fertilizer rate","70 kg N ha",2020-11-02,1899-12-31 13:24:13,428.5,0.338,1.73,1.83,22,NA
"orei_manure","rosemount","2020","403","fertCommercial_cutNone","N fertilizer rate","70 kg N ha",2020-11-02,1899-12-31 13:24:34,425.6,0.343,1.85,0.82,22,NA
"orei_manure","rosemount","2020","403","fertCommercial_cutNone","N fertilizer rate","70 kg N ha",2020-11-02,1899-12-31 13:24:55,433.1,0.384,1.83,0.07,22,NA
"orei_manure","rosemount","2020","403","fertCommercial_cutNone","N fertilizer rate","70 kg N ha",2020-11-02,1899-12-31 13:25:16,433.4,0.372,1.94,0.06,22,NA
"orei_manure","rosemount","2020","403","fertCommercial_cutNone","N fertilizer rate","70 kg N ha",2020-11-02,1899-12-31 13:25:37,434.9,0.37,1.96,0,23,NA
"orei_manure","rosemount","2020","403","fertCommercial_cutNone","N fertilizer rate","70 kg N ha",2020-11-02,1899-12-31 13:25:57,439.2,0.394,1.98,0.03,23,NA
"orei_manure","rosemount","2020","403","fertCommercial_cutNone","N fertilizer rate","70 kg N ha",2020-11-02,1899-12-31 13:26:18,435.3,0.378,1.97,0.01,23,NA
"orei_manure","rosemount","2020","403","fertCommercial_cutNone","N fertilizer rate","70 kg N ha",2020-11-02,1899-12-31 13:26:39,436,0.379,1.92,0,23,NA
"orei_manure","rosemount","2020","403","fertCommercial_cutNone","N fertilizer rate","70 kg N ha",2020-11-02,1899-12-31 13:27:00,434.8,0.383,1.92,0,23,NA
"orei_manure","rosemount","2020","403","fertCommercial_cutNone","N fertilizer rate","70 kg N ha",2020-11-02,1899-12-31 13:27:21,439.6,0.394,1.89,0,24,NA
"orei_manure","rosemount","2020","403","fertCommercial_cutNone","N fertilizer rate","70 kg N ha",2020-11-02,1899-12-31 13:27:42,439.4,0.389,1.89,0,24,NA
"orei_manure","rosemount","2020","403","fertCommercial_cutNone","N fertilizer rate","70 kg N ha",2020-11-02,1899-12-31 13:28:03,439.9,0.402,1.97,0.02,24,NA
"orei_manure","rosemount","2020","403","fertCommercial_cutNone","N fertilizer rate","70 kg N ha",2020-11-02,1899-12-31 13:28:24,435.8,0.384,1.98,0,24,NA
"orei_manure","rosemount","2020","403","fertCommercial_cutNone","N fertilizer rate","70 kg N ha",2020-11-02,1899-12-31 13:28:44,439.3,0.392,1.95,0,24,NA
"orei_manure","rosemount","2020","403","fertCommercial_cutNone","N fertilizer rate","70 kg N ha",2020-11-02,1899-12-31 13:29:05,439.1,0.376,1.97,0,24,NA
"orei_manure","rosemount","2020","403","fertCommercial_cutNone","N fertilizer rate","70 kg N ha",2020-11-02,1899-12-31 13:29:26,438,0.374,1.89,0,24,NA
"orei_manure","rosemount","2020","403","fertCommercial_cutNone","N fertilizer rate","70 kg N ha",2020-11-02,1899-12-31 13:29:47,439.3,0.378,1.92,0,24,NA
"orei_manure","rosemount","2020","403","fertCommercial_cutNone","N fertilizer rate","70 kg N ha",2020-11-02,1899-12-31 13:30:08,438.3,0.377,1.93,0,24,NA
"orei_manure","rosemount","2020","403","fertCommercial_cutNone","N fertilizer rate","70 kg N ha",2020-11-05,1899-12-31 13:57:45,440.4,0.349,2.21,0,31,NA
"orei_manure","rosemount","2020","403","fertCommercial_cutNone","N fertilizer rate","70 kg N ha",2020-11-05,1899-12-31 13:58:06,440.2,0.344,1.8,0,31,NA
"orei_manure","rosemount","2020","403","fertCommercial_cutNone","N fertilizer rate","70 kg N ha",2020-11-05,1899-12-31 13:58:27,430,0.29,1.88,0.06,31,NA
"orei_manure","rosemount","2020","403","fertCommercial_cutNone","N fertilizer rate","70 kg N ha",2020-11-05,1899-12-31 13:58:48,433.9,0.409,1.75,0,31,NA
"orei_manure","rosemount","2020","403","fertCommercial_cutNone","N fertilizer rate","70 kg N ha",2020-11-05,1899-12-31 13:59:09,430.5,0.42,2.39,0,31,NA
"orei_manure","rosemount","2020","403","fertCommercial_cutNone","N fertilizer rate","70 kg N ha",2020-11-05,1899-12-31 13:59:30,431.8,0.351,1.5,0,31,NA
"orei_manure","rosemount","2020","403","fertCommercial_cutNone","N fertilizer rate","70 kg N ha",2020-11-05,1899-12-31 13:59:51,436.9,0.362,1.86,0,31,NA
"orei_manure","rosemount","2020","403","fertCommercial_cutNone","N fertilizer rate","70 kg N ha",2020-11-05,1899-12-31 14:00:11,432,0.387,2.18,0,31,NA
"orei_manure","rosemount","2020","403","fertCommercial_cutNone","N fertilizer rate","70 kg N ha",2020-11-05,1899-12-31 14:00:32,432.6,0.286,2.02,0,31,NA
"orei_manure","rosemount","2020","403","fertCommercial_cutNone","N fertilizer rate","70 kg N ha",2020-11-05,1899-12-31 14:00:53,435.1,0.364,2.01,0.02,31,NA
"orei_manure","rosemount","2020","403","fertCommercial_cutNone","N fertilizer rate","70 kg N ha",2020-11-05,1899-12-31 14:01:14,442.1,0.432,2.64,0,31,NA
"orei_manure","rosemount","2020","403","fertCommercial_cutNone","N fertilizer rate","70 kg N ha",2020-11-05,1899-12-31 14:01:35,439,0.391,2.2,0,31,NA
"orei_manure","rosemount","2020","403","fertCommercial_cutNone","N fertilizer rate","70 kg N ha",2020-11-05,1899-12-31 14:01:56,436.2,0.328,1.88,0.04,31,NA
"orei_manure","rosemount","2020","403","fertCommercial_cutNone","N fertilizer rate","70 kg N ha",2020-11-05,1899-12-31 14:02:17,433.2,0.336,2.27,0,31,NA
"orei_manure","rosemount","2020","403","fertCommercial_cutNone","N fertilizer rate","70 kg N ha",2020-11-05,1899-12-31 14:02:37,442.7,0.32,1.68,0,31,NA
"orei_manure","rosemount","2020","403","fertCommercial_cutNone","N fertilizer rate","70 kg N ha",2020-11-05,1899-12-31 14:02:58,438.8,0.466,1.8,0,31,NA
"orei_manure","rosemount","2020","403","fertCommercial_cutNone","N fertilizer rate","70 kg N ha",2020-11-05,1899-12-31 14:03:19,441.2,0.378,1.9,0.04,31,NA
"orei_manure","rosemount","2020","403","fertCommercial_cutNone","N fertilizer rate","70 kg N ha",2020-11-05,1899-12-31 14:03:40,444.1,0.343,1.97,0,31,NA
"orei_manure","rosemount","2020","403","fertCommercial_cutNone","N fertilizer rate","70 kg N ha",2020-11-05,1899-12-31 14:04:01,438.7,0.398,2.2,0,31,NA
"orei_manure","rosemount","2020","403","fertCommercial_cutNone","N fertilizer rate","70 kg N ha",2020-11-19,1899-12-31 15:11:05,569.9,0.38,2.07,0,26,NA
"orei_manure","rosemount","2020","403","fertCommercial_cutNone","N fertilizer rate","70 kg N ha",2020-11-19,1899-12-31 15:11:26,530.9,0.408,1.98,0,26,NA
"orei_manure","rosemount","2020","403","fertCommercial_cutNone","N fertilizer rate","70 kg N ha",2020-11-19,1899-12-31 15:11:47,495.7,0.398,2.09,0,26,NA
"orei_manure","rosemount","2020","403","fertCommercial_cutNone","N fertilizer rate","70 kg N ha",2020-11-19,1899-12-31 15:12:08,482.2,0.381,2.06,0,26,NA
"orei_manure","rosemount","2020","403","fertCommercial_cutNone","N fertilizer rate","70 kg N ha",2020-11-19,1899-12-31 15:12:29,478.1,0.386,2.06,0,26,NA
"orei_manure","rosemount","2020","403","fertCommercial_cutNone","N fertilizer rate","70 kg N ha",2020-11-19,1899-12-31 15:12:50,476.4,0.401,2.14,0,26,NA
"orei_manure","rosemount","2020","403","fertCommercial_cutNone","N fertilizer rate","70 kg N ha",2020-11-19,1899-12-31 15:13:11,483.3,0.42,2.15,0,26,NA
"orei_manure","rosemount","2020","403","fertCommercial_cutNone","N fertilizer rate","70 kg N ha",2020-11-19,1899-12-31 15:13:32,484.2,0.406,2.08,0.01,26,NA
"orei_manure","rosemount","2020","403","fertCommercial_cutNone","N fertilizer rate","70 kg N ha",2020-11-19,1899-12-31 15:13:53,487.7,0.398,2.05,0.01,26,NA
"orei_manure","rosemount","2020","403","fertCommercial_cutNone","N fertilizer rate","70 kg N ha",2020-11-19,1899-12-31 15:14:14,487.9,0.408,2.12,0,26,NA
"orei_manure","rosemount","2020","403","fertCommercial_cutNone","N fertilizer rate","70 kg N ha",2020-11-19,1899-12-31 15:14:35,490.5,0.405,2.08,0,26,NA
"orei_manure","rosemount","2020","403","fertCommercial_cutNone","N fertilizer rate","70 kg N ha",2020-11-19,1899-12-31 15:14:56,490.8,0.404,1.97,0,26,NA
"orei_manure","rosemount","2020","403","fertCommercial_cutNone","N fertilizer rate","70 kg N ha",2020-11-19,1899-12-31 15:15:17,495.1,0.394,2.07,0,26,NA
"orei_manure","rosemount","2020","403","fertCommercial_cutNone","N fertilizer rate","70 kg N ha",2020-11-19,1899-12-31 15:15:38,499.2,0.394,2.08,0,26,NA
"orei_manure","rosemount","2020","403","fertCommercial_cutNone","N fertilizer rate","70 kg N ha",2020-11-19,1899-12-31 15:15:59,500.2,0.383,2.06,0,26,NA
"orei_manure","rosemount","2020","403","fertCommercial_cutNone","N fertilizer rate","70 kg N ha",2020-11-19,1899-12-31 15:16:20,501.1,0.385,2.12,0,26,NA
"orei_manure","rosemount","2020","403","fertCommercial_cutNone","N fertilizer rate","70 kg N ha",2020-11-19,1899-12-31 15:16:40,505.5,0.398,2.06,0,26,NA
"orei_manure","rosemount","2020","403","fertCommercial_cutNone","N fertilizer rate","70 kg N ha",2020-11-19,1899-12-31 15:17:01,508.4,0.42,2.12,0,26,NA
"orei_manure","rosemount","2020","404","fertControl_cutNone","N fertilizer rate",NA,2020-11-02,1899-12-31 13:14:39,434.3,0.384,2,0,24,NA
"orei_manure","rosemount","2020","404","fertControl_cutNone","N fertilizer rate",NA,2020-11-02,1899-12-31 13:15:00,433.3,0.392,1.98,0,24,NA
"orei_manure","rosemount","2020","404","fertControl_cutNone","N fertilizer rate",NA,2020-11-02,1899-12-31 13:15:21,434.8,0.383,1.93,0,24,NA
"orei_manure","rosemount","2020","404","fertControl_cutNone","N fertilizer rate",NA,2020-11-02,1899-12-31 13:15:42,432.9,0.392,1.87,0,24,NA
"orei_manure","rosemount","2020","404","fertControl_cutNone","N fertilizer rate",NA,2020-11-02,1899-12-31 13:16:03,436.6,0.411,1.99,0,24,NA
"orei_manure","rosemount","2020","404","fertControl_cutNone","N fertilizer rate",NA,2020-11-02,1899-12-31 13:16:24,435.2,0.393,1.93,0,24,NA
"orei_manure","rosemount","2020","404","fertControl_cutNone","N fertilizer rate",NA,2020-11-02,1899-12-31 13:16:45,436.1,0.403,1.9,0,24,NA
"orei_manure","rosemount","2020","404","fertControl_cutNone","N fertilizer rate",NA,2020-11-02,1899-12-31 13:17:06,436.7,0.406,1.91,0.01,24,NA
"orei_manure","rosemount","2020","404","fertControl_cutNone","N fertilizer rate",NA,2020-11-02,1899-12-31 13:17:27,437.3,0.4,2,0.01,24,NA
"orei_manure","rosemount","2020","404","fertControl_cutNone","N fertilizer rate",NA,2020-11-05,1899-12-31 13:49:56,429.5,0.339,1.69,0,31,NA
"orei_manure","rosemount","2020","404","fertControl_cutNone","N fertilizer rate",NA,2020-11-05,1899-12-31 13:50:17,431.9,0.409,1.47,0,31,NA
"orei_manure","rosemount","2020","404","fertControl_cutNone","N fertilizer rate",NA,2020-11-05,1899-12-31 13:50:38,437.9,0.436,1.94,0,31,NA
"orei_manure","rosemount","2020","404","fertControl_cutNone","N fertilizer rate",NA,2020-11-05,1899-12-31 13:50:59,426,0.378,1.95,0,31,NA
"orei_manure","rosemount","2020","404","fertControl_cutNone","N fertilizer rate",NA,2020-11-05,1899-12-31 13:51:20,431.3,0.429,2.06,0,31,NA
"orei_manure","rosemount","2020","404","fertControl_cutNone","N fertilizer rate",NA,2020-11-05,1899-12-31 13:51:41,433.3,0.42,1.89,0,31,NA
"orei_manure","rosemount","2020","404","fertControl_cutNone","N fertilizer rate",NA,2020-11-05,1899-12-31 13:52:02,431.5,0.376,1.4,0,31,NA
"orei_manure","rosemount","2020","404","fertControl_cutNone","N fertilizer rate",NA,2020-11-05,1899-12-31 13:52:23,437,0.369,2,0,31,NA
"orei_manure","rosemount","2020","404","fertControl_cutNone","N fertilizer rate",NA,2020-11-05,1899-12-31 13:52:44,432.2,0.344,1.9,0,31,NA
"orei_manure","rosemount","2020","404","fertControl_cutNone","N fertilizer rate",NA,2020-11-05,1899-12-31 13:53:04,436.9,0.406,1.64,0.02,31,NA
"orei_manure","rosemount","2020","404","fertControl_cutNone","N fertilizer rate",NA,2020-11-05,1899-12-31 13:53:25,436,0.351,1.96,0,31,NA
"orei_manure","rosemount","2020","404","fertControl_cutNone","N fertilizer rate",NA,2020-11-05,1899-12-31 13:53:46,435.1,0.339,2.24,0,31,NA
"orei_manure","rosemount","2020","404","fertControl_cutNone","N fertilizer rate",NA,2020-11-05,1899-12-31 13:54:07,436.6,0.433,1.97,0,31,NA
"orei_manure","rosemount","2020","404","fertControl_cutNone","N fertilizer rate",NA,2020-11-05,1899-12-31 13:54:28,438.6,0.356,1.76,0,31,NA
"orei_manure","rosemount","2020","404","fertControl_cutNone","N fertilizer rate",NA,2020-11-05,1899-12-31 13:54:49,445.2,0.391,2.51,0,31,NA
"orei_manure","rosemount","2020","404","fertControl_cutNone","N fertilizer rate",NA,2020-11-05,1899-12-31 13:55:09,445.5,0.441,2.47,0,31,NA
"orei_manure","rosemount","2020","404","fertControl_cutNone","N fertilizer rate",NA,2020-11-05,1899-12-31 13:55:30,442.2,0.329,2.27,0.06,31,NA
"orei_manure","rosemount","2020","404","fertControl_cutNone","N fertilizer rate",NA,2020-11-05,1899-12-31 13:55:51,442.7,0.45,1.97,0,31,NA
"orei_manure","rosemount","2020","404","fertControl_cutNone","N fertilizer rate",NA,2020-11-19,1899-12-31 14:59:48,594,0.369,2.18,0,27,NA
"orei_manure","rosemount","2020","404","fertControl_cutNone","N fertilizer rate",NA,2020-11-19,1899-12-31 15:00:09,527,0.335,2.08,0,27,NA
"orei_manure","rosemount","2020","404","fertControl_cutNone","N fertilizer rate",NA,2020-11-19,1899-12-31 15:00:30,483.8,0.327,2.03,0,27,NA
"orei_manure","rosemount","2020","404","fertControl_cutNone","N fertilizer rate",NA,2020-11-19,1899-12-31 15:00:51,473.1,0.397,1.98,0,27,NA
"orei_manure","rosemount","2020","404","fertControl_cutNone","N fertilizer rate",NA,2020-11-19,1899-12-31 15:01:12,461.4,0.348,2.01,0,27,NA
"orei_manure","rosemount","2020","404","fertControl_cutNone","N fertilizer rate",NA,2020-11-19,1899-12-31 15:01:33,461.9,0.335,2.06,0,27,NA
"orei_manure","rosemount","2020","404","fertControl_cutNone","N fertilizer rate",NA,2020-11-19,1899-12-31 15:01:54,469.9,0.372,2.07,0,27,NA
"orei_manure","rosemount","2020","404","fertControl_cutNone","N fertilizer rate",NA,2020-11-19,1899-12-31 15:02:15,474.2,0.367,2,0.01,27,NA
"orei_manure","rosemount","2020","404","fertControl_cutNone","N fertilizer rate",NA,2020-11-19,1899-12-31 15:02:36,478.1,0.388,2.02,0,27,NA
"orei_manure","rosemount","2020","404","fertControl_cutNone","N fertilizer rate",NA,2020-11-19,1899-12-31 15:02:57,475.7,0.342,2.01,0,27,NA
"orei_manure","rosemount","2020","404","fertControl_cutNone","N fertilizer rate",NA,2020-11-19,1899-12-31 15:03:57,493.2,0.368,1.98,0.22,27,NA
"orei_manure","rosemount","2020","404","fertControl_cutNone","N fertilizer rate",NA,2020-11-19,1899-12-31 15:04:18,498.8,0.378,1.97,0,27,NA
"orei_manure","rosemount","2020","404","fertControl_cutNone","N fertilizer rate",NA,2020-11-19,1899-12-31 15:04:39,503.2,0.385,2.05,0,26,NA
"orei_manure","rosemount","2020","404","fertControl_cutNone","N fertilizer rate",NA,2020-11-19,1899-12-31 15:05:00,505.4,0.394,1.96,0.02,26,NA
"orei_manure","rosemount","2020","404","fertControl_cutNone","N fertilizer rate",NA,2020-11-19,1899-12-31 15:05:21,514.5,0.366,2.07,0,26,NA
"orei_manure","rosemount","2020","404","fertControl_cutNone","N fertilizer rate",NA,2020-11-19,1899-12-31 15:05:42,519,0.369,2.03,0,27,NA
"orei_manure","rosemount","2020","404","fertControl_cutNone","N fertilizer rate",NA,2020-11-19,1899-12-31 15:06:03,517.8,0.358,2.07,0.04,26,NA
"orei_manure","rosemount","2020","404","fertControl_cutNone","N fertilizer rate",NA,2020-11-19,1899-12-31 15:06:24,523.2,0.36,1.94,0,26,NA
"orei_manure","rosemount","2020","404","fertControl_cutNone","N fertilizer rate",NA,2020-11-19,1899-12-31 15:06:45,531.9,0.404,2.04,0.04,26,NA
"orei_manure","rosemount","2020","404","fertControl_cutNone","N fertilizer rate",NA,2020-11-19,1899-12-31 15:07:06,531.8,0.375,2,0,26,NA
"orei_manure","rosemount","2020","404","fertControl_cutNone","N fertilizer rate",NA,2020-11-19,1899-12-31 15:07:27,535.9,0.359,2.01,0,26,NA
"orei_manure","rosemount","2020","404","fertControl_cutNone","N fertilizer rate",NA,2020-11-19,1899-12-31 15:07:48,542.6,0.396,2.06,0,26,NA
"orei_manure","rosemount","2020","404","fertControl_cutNone","N fertilizer rate",NA,2020-11-19,1899-12-31 15:08:08,550.5,0.371,2.05,0,26,NA
"orei_manure","rosemount","2020","404","fertControl_cutNone","N fertilizer rate",NA,2020-11-19,1899-12-31 15:08:29,549.1,0.389,2.11,0,26,NA
"orei_manure","rosemount","2020","404","fertControl_cutNone","N fertilizer rate",NA,2020-11-19,1899-12-31 15:08:50,557.2,0.373,2.03,0,26,NA
"orei_manure","rosemount","2020","404","fertControl_cutNone","N fertilizer rate",NA,2020-11-19,1899-12-31 15:09:11,559.3,0.369,2.03,0,26,NA
"orei_manure","rosemount","2020","404","fertControl_cutNone","N fertilizer rate",NA,2020-11-19,1899-12-31 15:09:32,564.5,0.382,2.03,0,26,NA
"orei_manure","rosemount","2020","404","fertControl_cutNone","N fertilizer rate",NA,2020-11-19,1899-12-31 15:09:53,568.6,0.402,2.08,0,26,NA
"orei_manure","rosemount","2020","412","fertManure_cutFall","N fertilizer rate","88 kg N ha",NA,NA,NA,NA,NA,NA,NA,NA
"orei_manure","rosemount","2020","413","fertCommercial_cutFall","N fertilizer rate","70 kg N ha",NA,NA,NA,NA,NA,NA,NA,NA
"orei_manure","rosemount","2020","414","fertControl_cutFall","N fertilizer rate",NA,NA,NA,NA,NA,NA,NA,NA,NA
"orei_manure","rosemount","2021","101","fertCommercial_cutNone","N fertilizer rate","70 kg N ha",2021-04-05,1899-12-31 12:01:23,555.6,0.305,1.78,0.82,33,NA
"orei_manure","rosemount","2021","101","fertCommercial_cutNone","N fertilizer rate","70 kg N ha",2021-04-05,1899-12-31 12:01:44,552.1,0.347,1.89,0.28,33,NA
"orei_manure","rosemount","2021","101","fertCommercial_cutNone","N fertilizer rate","70 kg N ha",2021-04-05,1899-12-31 12:02:05,530.7,0.378,2.1,0,33,NA
"orei_manure","rosemount","2021","101","fertCommercial_cutNone","N fertilizer rate","70 kg N ha",2021-04-05,1899-12-31 12:02:26,509.9,0.307,2.06,0,33,NA
"orei_manure","rosemount","2021","101","fertCommercial_cutNone","N fertilizer rate","70 kg N ha",2021-04-05,1899-12-31 12:02:47,499.8,0.308,2.07,0,33,NA
"orei_manure","rosemount","2021","101","fertCommercial_cutNone","N fertilizer rate","70 kg N ha",2021-04-05,1899-12-31 12:03:08,496.8,0.311,2,0,33,NA
"orei_manure","rosemount","2021","101","fertCommercial_cutNone","N fertilizer rate","70 kg N ha",2021-04-05,1899-12-31 12:03:28,497.9,0.292,2.03,0,33,NA
"orei_manure","rosemount","2021","101","fertCommercial_cutNone","N fertilizer rate","70 kg N ha",2021-04-05,1899-12-31 12:03:49,502.1,0.301,2.1,0,34,NA
"orei_manure","rosemount","2021","101","fertCommercial_cutNone","N fertilizer rate","70 kg N ha",2021-04-05,1899-12-31 12:04:10,507.4,0.295,2.08,0,34,NA
"orei_manure","rosemount","2021","101","fertCommercial_cutNone","N fertilizer rate","70 kg N ha",2021-04-05,1899-12-31 12:04:31,511.3,0.307,1.99,0,34,NA
"orei_manure","rosemount","2021","101","fertCommercial_cutNone","N fertilizer rate","70 kg N ha",2021-04-05,1899-12-31 12:04:52,522.2,0.3,1.99,0,34,NA
"orei_manure","rosemount","2021","101","fertCommercial_cutNone","N fertilizer rate","70 kg N ha",2021-04-05,1899-12-31 12:05:13,528.4,0.275,1.98,0,34,NA
"orei_manure","rosemount","2021","101","fertCommercial_cutNone","N fertilizer rate","70 kg N ha",2021-04-05,1899-12-31 12:05:34,543.1,0.306,2.09,0,34,NA
"orei_manure","rosemount","2021","101","fertCommercial_cutNone","N fertilizer rate","70 kg N ha",2021-04-05,1899-12-31 12:05:55,555.4,0.35,1.93,0,34,NA
"orei_manure","rosemount","2021","101","fertCommercial_cutNone","N fertilizer rate","70 kg N ha",2021-04-05,1899-12-31 12:06:15,562.3,0.303,1.98,0,34,NA
"orei_manure","rosemount","2021","101","fertCommercial_cutNone","N fertilizer rate","70 kg N ha",2021-04-05,1899-12-31 12:06:36,572.5,0.392,2.08,0,34,NA
"orei_manure","rosemount","2021","101","fertCommercial_cutNone","N fertilizer rate","70 kg N ha",2021-04-05,1899-12-31 12:06:57,579.6,0.285,1.97,0,34,NA
"orei_manure","rosemount","2021","101","fertCommercial_cutNone","N fertilizer rate","70 kg N ha",2021-04-22,1899-12-31 11:47:12,541.3,0.401,2.43,0.08,26,NA
"orei_manure","rosemount","2021","101","fertCommercial_cutNone","N fertilizer rate","70 kg N ha",2021-04-22,1899-12-31 11:47:33,540.8,0.397,2.41,0.06,26,NA
"orei_manure","rosemount","2021","101","fertCommercial_cutNone","N fertilizer rate","70 kg N ha",2021-04-22,1899-12-31 11:47:53,523,0.412,2.37,0.06,26,NA
"orei_manure","rosemount","2021","101","fertCommercial_cutNone","N fertilizer rate","70 kg N ha",2021-04-22,1899-12-31 11:48:15,506.8,0.373,2.39,0.18,26,NA
"orei_manure","rosemount","2021","101","fertCommercial_cutNone","N fertilizer rate","70 kg N ha",2021-04-22,1899-12-31 11:48:35,504.9,0.395,2.43,0.1,26,NA
"orei_manure","rosemount","2021","101","fertCommercial_cutNone","N fertilizer rate","70 kg N ha",2021-04-22,1899-12-31 11:48:56,507.3,0.389,2.36,0.08,26,NA
"orei_manure","rosemount","2021","101","fertCommercial_cutNone","N fertilizer rate","70 kg N ha",2021-04-22,1899-12-31 11:49:17,512.9,0.369,2.39,0.09,26,NA
"orei_manure","rosemount","2021","101","fertCommercial_cutNone","N fertilizer rate","70 kg N ha",2021-04-22,1899-12-31 11:49:38,521.4,0.38,2.36,0.05,26,NA
"orei_manure","rosemount","2021","101","fertCommercial_cutNone","N fertilizer rate","70 kg N ha",2021-04-22,1899-12-31 11:49:59,529.9,0.383,2.36,0.03,26,NA
"orei_manure","rosemount","2021","101","fertCommercial_cutNone","N fertilizer rate","70 kg N ha",2021-04-22,1899-12-31 11:50:20,542.6,0.41,2.49,0.01,26,NA
"orei_manure","rosemount","2021","101","fertCommercial_cutNone","N fertilizer rate","70 kg N ha",2021-04-22,1899-12-31 11:50:41,552.2,0.384,2.42,0.08,26,NA
"orei_manure","rosemount","2021","101","fertCommercial_cutNone","N fertilizer rate","70 kg N ha",2021-04-22,1899-12-31 11:51:02,560.8,0.391,2.48,0.04,26,NA
"orei_manure","rosemount","2021","101","fertCommercial_cutNone","N fertilizer rate","70 kg N ha",2021-04-22,1899-12-31 11:51:23,570.3,0.387,2.41,0.05,26,NA
"orei_manure","rosemount","2021","101","fertCommercial_cutNone","N fertilizer rate","70 kg N ha",2021-04-22,1899-12-31 11:51:44,579.2,0.395,2.36,0.13,26,NA
"orei_manure","rosemount","2021","101","fertCommercial_cutNone","N fertilizer rate","70 kg N ha",2021-04-22,1899-12-31 11:52:05,587.9,0.403,2.42,0.06,26,NA
"orei_manure","rosemount","2021","101","fertCommercial_cutNone","N fertilizer rate","70 kg N ha",2021-04-22,1899-12-31 11:52:26,594.6,0.388,2.4,0.05,26,NA
"orei_manure","rosemount","2021","101","fertCommercial_cutNone","N fertilizer rate","70 kg N ha",2021-04-22,1899-12-31 11:52:47,601.7,0.403,2.5,0,26,NA
"orei_manure","rosemount","2021","101","fertCommercial_cutNone","N fertilizer rate","70 kg N ha",2021-04-22,1899-12-31 11:53:08,608.8,0.38,2.4,0.05,26,NA
"orei_manure","rosemount","2021","101","fertCommercial_cutNone","N fertilizer rate","70 kg N ha",2021-04-22,1899-12-31 11:53:29,615.5,0.399,2.36,0.09,26,NA
"orei_manure","rosemount","2021","101","fertCommercial_cutNone","N fertilizer rate","70 kg N ha",2021-04-22,1899-12-31 11:53:50,620.4,0.406,2.42,0.05,26,NA
"orei_manure","rosemount","2021","101","fertCommercial_cutNone","N fertilizer rate","70 kg N ha",2021-04-22,1899-12-31 11:54:12,626.5,0.372,2.39,0.11,26,NA
"orei_manure","rosemount","2021","101","fertCommercial_cutNone","N fertilizer rate","70 kg N ha",2021-04-22,1899-12-31 11:54:33,634.9,0.397,2.43,0.1,26,NA
"orei_manure","rosemount","2021","101","fertCommercial_cutNone","N fertilizer rate","70 kg N ha",2021-04-22,1899-12-31 11:54:54,640.5,0.392,2.43,0.09,26,NA
"orei_manure","rosemount","2021","101","fertCommercial_cutNone","N fertilizer rate","70 kg N ha",2021-07-08,1899-12-31 13:50:41,437.2,0.254,1.96,1.7,32,NA
"orei_manure","rosemount","2021","101","fertCommercial_cutNone","N fertilizer rate","70 kg N ha",2021-07-08,1899-12-31 13:51:02,441.4,0.353,1.84,0.6,32,NA
"orei_manure","rosemount","2021","101","fertCommercial_cutNone","N fertilizer rate","70 kg N ha",2021-07-08,1899-12-31 13:51:23,435.5,0.34,2.08,0.03,32,NA
"orei_manure","rosemount","2021","101","fertCommercial_cutNone","N fertilizer rate","70 kg N ha",2021-07-08,1899-12-31 13:51:44,437,0.326,2.26,0,32,NA
"orei_manure","rosemount","2021","101","fertCommercial_cutNone","N fertilizer rate","70 kg N ha",2021-07-08,1899-12-31 13:52:05,437.7,0.329,2.08,0.04,32,NA
"orei_manure","rosemount","2021","101","fertCommercial_cutNone","N fertilizer rate","70 kg N ha",2021-07-08,1899-12-31 13:52:26,441.1,0.339,2,0,32,NA
"orei_manure","rosemount","2021","101","fertCommercial_cutNone","N fertilizer rate","70 kg N ha",2021-07-08,1899-12-31 13:52:47,440.8,0.338,1.73,0.03,32,NA
"orei_manure","rosemount","2021","101","fertCommercial_cutNone","N fertilizer rate","70 kg N ha",2021-07-08,1899-12-31 13:53:07,447.5,0.339,2.11,0,33,NA
"orei_manure","rosemount","2021","101","fertCommercial_cutNone","N fertilizer rate","70 kg N ha",2021-07-08,1899-12-31 13:53:28,450.7,0.336,1.93,0.04,33,NA
"orei_manure","rosemount","2021","101","fertCommercial_cutNone","N fertilizer rate","70 kg N ha",2021-07-08,1899-12-31 13:53:49,454.5,0.338,1.75,0.07,33,NA
"orei_manure","rosemount","2021","101","fertCommercial_cutNone","N fertilizer rate","70 kg N ha",2021-07-08,1899-12-31 13:54:10,458.1,0.34,1.76,0.09,33,NA
"orei_manure","rosemount","2021","101","fertCommercial_cutNone","N fertilizer rate","70 kg N ha",2021-07-08,1899-12-31 13:54:31,460,0.338,1.75,0.03,33,NA
"orei_manure","rosemount","2021","101","fertCommercial_cutNone","N fertilizer rate","70 kg N ha",2021-07-08,1899-12-31 13:54:52,461,0.34,1.91,0,33,NA
"orei_manure","rosemount","2021","101","fertCommercial_cutNone","N fertilizer rate","70 kg N ha",2021-07-08,1899-12-31 13:55:13,465.3,0.348,2.25,0,33,NA
"orei_manure","rosemount","2021","101","fertCommercial_cutNone","N fertilizer rate","70 kg N ha",2021-07-08,1899-12-31 13:55:34,467.3,0.349,2.18,0.07,33,NA
"orei_manure","rosemount","2021","101","fertCommercial_cutNone","N fertilizer rate","70 kg N ha",2021-07-08,1899-12-31 13:55:55,470.1,0.339,2.05,0,33,NA
"orei_manure","rosemount","2021","101","fertCommercial_cutNone","N fertilizer rate","70 kg N ha",2021-07-08,1899-12-31 13:56:16,470,0.339,2.16,0,33,NA
"orei_manure","rosemount","2021","101","fertCommercial_cutNone","N fertilizer rate","70 kg N ha",2021-07-08,1899-12-31 13:56:37,471.3,0.363,1.96,0,33,NA
"orei_manure","rosemount","2021","101","fertCommercial_cutNone","N fertilizer rate","70 kg N ha",2021-07-16,1899-12-31 11:19:43,461,0.376,2.21,0,36,NA
"orei_manure","rosemount","2021","101","fertCommercial_cutNone","N fertilizer rate","70 kg N ha",2021-07-16,1899-12-31 11:20:04,452.5,0.381,2.15,0,36,NA
"orei_manure","rosemount","2021","101","fertCommercial_cutNone","N fertilizer rate","70 kg N ha",2021-07-16,1899-12-31 11:20:25,430.3,0.375,2.18,0,36,NA
"orei_manure","rosemount","2021","101","fertCommercial_cutNone","N fertilizer rate","70 kg N ha",2021-07-16,1899-12-31 11:20:46,420.2,0.373,2.26,0,36,NA
"orei_manure","rosemount","2021","101","fertCommercial_cutNone","N fertilizer rate","70 kg N ha",2021-07-16,1899-12-31 11:21:07,420.4,0.386,2.19,0,36,NA
"orei_manure","rosemount","2021","101","fertCommercial_cutNone","N fertilizer rate","70 kg N ha",2021-07-16,1899-12-31 11:21:28,415.4,0.379,2.19,0,37,NA
"orei_manure","rosemount","2021","101","fertCommercial_cutNone","N fertilizer rate","70 kg N ha",2021-07-16,1899-12-31 11:21:49,416.5,0.379,2.16,0,36,NA
"orei_manure","rosemount","2021","101","fertCommercial_cutNone","N fertilizer rate","70 kg N ha",2021-07-16,1899-12-31 11:22:10,417.3,0.397,2.17,0,37,NA
"orei_manure","rosemount","2021","101","fertCommercial_cutNone","N fertilizer rate","70 kg N ha",2021-07-16,1899-12-31 11:22:30,423.4,0.365,2.25,0,37,NA
"orei_manure","rosemount","2021","101","fertCommercial_cutNone","N fertilizer rate","70 kg N ha",2021-07-16,1899-12-31 11:22:51,422.1,0.378,2.29,0,37,NA
"orei_manure","rosemount","2021","101","fertCommercial_cutNone","N fertilizer rate","70 kg N ha",2021-07-16,1899-12-31 11:23:12,424.3,0.373,2.21,0,37,NA
"orei_manure","rosemount","2021","101","fertCommercial_cutNone","N fertilizer rate","70 kg N ha",2021-07-16,1899-12-31 11:23:33,423.4,0.368,2.37,0,37,NA
"orei_manure","rosemount","2021","101","fertCommercial_cutNone","N fertilizer rate","70 kg N ha",2021-07-16,1899-12-31 11:23:54,424.7,0.383,2.16,0,37,NA
"orei_manure","rosemount","2021","101","fertCommercial_cutNone","N fertilizer rate","70 kg N ha",2021-07-16,1899-12-31 11:24:15,429.2,0.365,2.4,0,37,NA
"orei_manure","rosemount","2021","101","fertCommercial_cutNone","N fertilizer rate","70 kg N ha",2021-07-16,1899-12-31 11:24:36,431.6,0.375,2.23,0,37,NA
"orei_manure","rosemount","2021","101","fertCommercial_cutNone","N fertilizer rate","70 kg N ha",2021-07-16,1899-12-31 11:24:57,437,0.377,2.28,0,37,NA
"orei_manure","rosemount","2021","101","fertCommercial_cutNone","N fertilizer rate","70 kg N ha",2021-07-16,1899-12-31 11:25:17,436.6,0.376,2.26,0,37,NA
"orei_manure","rosemount","2021","101","fertCommercial_cutNone","N fertilizer rate","70 kg N ha",2021-07-16,1899-12-31 11:25:38,437.2,0.372,2.27,0,37,NA
"orei_manure","rosemount","2021","101","fertCommercial_cutNone","N fertilizer rate","70 kg N ha",2021-08-10,1899-12-31 12:45:23,444.8,0.258,2.4,0,40,NA
"orei_manure","rosemount","2021","101","fertCommercial_cutNone","N fertilizer rate","70 kg N ha",2021-08-10,1899-12-31 12:45:44,437,0.26,2.38,0,40,NA
"orei_manure","rosemount","2021","101","fertCommercial_cutNone","N fertilizer rate","70 kg N ha",2021-08-10,1899-12-31 12:46:05,418.1,0.276,2.43,0,40,NA
"orei_manure","rosemount","2021","101","fertCommercial_cutNone","N fertilizer rate","70 kg N ha",2021-08-10,1899-12-31 12:46:26,438.2,0.312,2.45,0,40,NA
"orei_manure","rosemount","2021","101","fertCommercial_cutNone","N fertilizer rate","70 kg N ha",2021-08-10,1899-12-31 12:46:47,497.8,0.349,2.59,0,40,NA
"orei_manure","rosemount","2021","101","fertCommercial_cutNone","N fertilizer rate","70 kg N ha",2021-08-10,1899-12-31 12:47:08,546.2,0.377,2.61,0,40,NA
"orei_manure","rosemount","2021","101","fertCommercial_cutNone","N fertilizer rate","70 kg N ha",2021-08-10,1899-12-31 12:47:29,476.5,0.327,2.49,0,40,NA
"orei_manure","rosemount","2021","101","fertCommercial_cutNone","N fertilizer rate","70 kg N ha",2021-08-10,1899-12-31 12:47:50,512.5,0.335,2.54,0,40,NA
"orei_manure","rosemount","2021","101","fertCommercial_cutNone","N fertilizer rate","70 kg N ha",2021-08-10,1899-12-31 12:48:11,538.8,0.306,2.6,0,40,NA
"orei_manure","rosemount","2021","101","fertCommercial_cutNone","N fertilizer rate","70 kg N ha",2021-08-10,1899-12-31 12:48:32,480.8,0.285,2.53,0,40,NA
"orei_manure","rosemount","2021","101","fertCommercial_cutNone","N fertilizer rate","70 kg N ha",2021-08-10,1899-12-31 12:48:53,464,0.316,2.42,0,40,NA
"orei_manure","rosemount","2021","101","fertCommercial_cutNone","N fertilizer rate","70 kg N ha",2021-08-10,1899-12-31 12:49:14,461.4,0.295,2.44,0,40,NA
"orei_manure","rosemount","2021","101","fertCommercial_cutNone","N fertilizer rate","70 kg N ha",2021-08-10,1899-12-31 12:49:35,458.1,0.298,2.35,0,40,NA
"orei_manure","rosemount","2021","101","fertCommercial_cutNone","N fertilizer rate","70 kg N ha",2021-08-10,1899-12-31 12:49:56,460.3,0.311,2.44,0,40,NA
"orei_manure","rosemount","2021","101","fertCommercial_cutNone","N fertilizer rate","70 kg N ha",2021-08-10,1899-12-31 12:50:17,465.6,0.318,2.37,0,40,NA
"orei_manure","rosemount","2021","101","fertCommercial_cutNone","N fertilizer rate","70 kg N ha",2021-08-10,1899-12-31 12:50:38,465.5,0.3,2.45,0,40,NA
"orei_manure","rosemount","2021","101","fertCommercial_cutNone","N fertilizer rate","70 kg N ha",2021-08-10,1899-12-31 12:50:59,466.1,0.297,2.42,0,40,NA
"orei_manure","rosemount","2021","101","fertCommercial_cutNone","N fertilizer rate","70 kg N ha",2021-10-14,1899-12-31 12:23:58,433.6,0.391,1.79,0,21,NA
"orei_manure","rosemount","2021","101","fertCommercial_cutNone","N fertilizer rate","70 kg N ha",2021-10-14,1899-12-31 12:24:19,434.3,0.389,1.85,0,20,NA
"orei_manure","rosemount","2021","101","fertCommercial_cutNone","N fertilizer rate","70 kg N ha",2021-10-14,1899-12-31 12:24:40,424.8,0.391,1.77,0,20,NA
"orei_manure","rosemount","2021","101","fertCommercial_cutNone","N fertilizer rate","70 kg N ha",2021-10-14,1899-12-31 12:25:01,418.1,0.383,1.87,0.06,21,NA
"orei_manure","rosemount","2021","101","fertCommercial_cutNone","N fertilizer rate","70 kg N ha",2021-10-14,1899-12-31 12:25:22,416.6,0.363,1.89,0,20,NA
"orei_manure","rosemount","2021","101","fertCommercial_cutNone","N fertilizer rate","70 kg N ha",2021-10-14,1899-12-31 12:25:43,422.9,0.39,1.84,0,20,NA
"orei_manure","rosemount","2021","101","fertCommercial_cutNone","N fertilizer rate","70 kg N ha",2021-10-14,1899-12-31 12:26:04,425.7,0.392,1.79,0,20,NA
"orei_manure","rosemount","2021","101","fertCommercial_cutNone","N fertilizer rate","70 kg N ha",2021-10-14,1899-12-31 12:26:25,429.2,0.383,1.94,0,21,NA
"orei_manure","rosemount","2021","101","fertCommercial_cutNone","N fertilizer rate","70 kg N ha",2021-10-14,1899-12-31 12:26:45,432.5,0.396,1.95,0.03,21,NA
"orei_manure","rosemount","2021","101","fertCommercial_cutNone","N fertilizer rate","70 kg N ha",2021-10-14,1899-12-31 12:27:06,436.5,0.405,1.9,0,21,NA
"orei_manure","rosemount","2021","101","fertCommercial_cutNone","N fertilizer rate","70 kg N ha",2021-10-14,1899-12-31 12:27:27,436.7,0.412,1.84,0,20,NA
"orei_manure","rosemount","2021","101","fertCommercial_cutNone","N fertilizer rate","70 kg N ha",2021-10-14,1899-12-31 12:27:48,441.3,0.394,1.88,0,21,NA
"orei_manure","rosemount","2021","101","fertCommercial_cutNone","N fertilizer rate","70 kg N ha",2021-10-14,1899-12-31 12:28:09,442,0.395,1.89,0,20,NA
"orei_manure","rosemount","2021","101","fertCommercial_cutNone","N fertilizer rate","70 kg N ha",2021-10-14,1899-12-31 12:28:30,441.8,0.405,1.86,0,20,NA
"orei_manure","rosemount","2021","101","fertCommercial_cutNone","N fertilizer rate","70 kg N ha",2021-10-14,1899-12-31 12:28:51,446.7,0.4,1.91,0.02,21,NA
"orei_manure","rosemount","2021","101","fertCommercial_cutNone","N fertilizer rate","70 kg N ha",2021-10-14,1899-12-31 12:29:12,446.5,0.398,1.89,0,21,NA
"orei_manure","rosemount","2021","101","fertCommercial_cutNone","N fertilizer rate","70 kg N ha",2021-10-14,1899-12-31 12:29:33,449,0.392,1.88,0,21,NA
"orei_manure","rosemount","2021","101","fertCommercial_cutNone","N fertilizer rate","70 kg N ha",2021-10-25,1899-12-31 16:05:10,438.4,0.458,2,0,24,NA
"orei_manure","rosemount","2021","101","fertCommercial_cutNone","N fertilizer rate","70 kg N ha",2021-10-25,1899-12-31 16:05:30,438.6,0.423,1.91,0,24,NA
"orei_manure","rosemount","2021","101","fertCommercial_cutNone","N fertilizer rate","70 kg N ha",2021-10-25,1899-12-31 16:05:51,426.7,0.421,1.91,0,24,NA
"orei_manure","rosemount","2021","101","fertCommercial_cutNone","N fertilizer rate","70 kg N ha",2021-10-25,1899-12-31 16:06:12,422.1,0.448,2,0,24,NA
"orei_manure","rosemount","2021","101","fertCommercial_cutNone","N fertilizer rate","70 kg N ha",2021-10-25,1899-12-31 16:06:33,421.6,0.428,1.93,0,24,NA
"orei_manure","rosemount","2021","101","fertCommercial_cutNone","N fertilizer rate","70 kg N ha",2021-10-25,1899-12-31 16:06:54,421.4,0.439,1.95,0,24,NA
"orei_manure","rosemount","2021","101","fertCommercial_cutNone","N fertilizer rate","70 kg N ha",2021-10-25,1899-12-31 16:07:15,424.5,0.441,1.94,0,24,NA
"orei_manure","rosemount","2021","101","fertCommercial_cutNone","N fertilizer rate","70 kg N ha",2021-10-25,1899-12-31 16:07:36,426.8,0.446,1.92,0,24,NA
"orei_manure","rosemount","2021","101","fertCommercial_cutNone","N fertilizer rate","70 kg N ha",2021-10-25,1899-12-31 16:07:57,425,0.435,1.9,0,24,NA
"orei_manure","rosemount","2021","101","fertCommercial_cutNone","N fertilizer rate","70 kg N ha",2021-10-25,1899-12-31 16:08:18,424.6,0.424,1.98,0,24,NA
"orei_manure","rosemount","2021","101","fertCommercial_cutNone","N fertilizer rate","70 kg N ha",2021-10-25,1899-12-31 16:08:39,427.8,0.44,1.98,0,24,NA
"orei_manure","rosemount","2021","101","fertCommercial_cutNone","N fertilizer rate","70 kg N ha",2021-10-25,1899-12-31 16:09:00,429,0.446,1.95,0,24,NA
"orei_manure","rosemount","2021","101","fertCommercial_cutNone","N fertilizer rate","70 kg N ha",2021-10-25,1899-12-31 16:09:21,427.5,0.44,1.96,0,24,NA
"orei_manure","rosemount","2021","101","fertCommercial_cutNone","N fertilizer rate","70 kg N ha",2021-10-25,1899-12-31 16:09:42,431.8,0.446,1.99,0,24,NA
"orei_manure","rosemount","2021","101","fertCommercial_cutNone","N fertilizer rate","70 kg N ha",2021-10-25,1899-12-31 16:10:02,431.5,0.445,2.06,0,24,NA
"orei_manure","rosemount","2021","101","fertCommercial_cutNone","N fertilizer rate","70 kg N ha",2021-10-25,1899-12-31 16:10:23,433.5,0.453,1.92,0,24,NA
"orei_manure","rosemount","2021","101","fertCommercial_cutNone","N fertilizer rate","70 kg N ha",2021-10-25,1899-12-31 16:10:44,432.4,0.434,1.96,0,24,NA
"orei_manure","rosemount","2021","101","fertCommercial_cutNone","N fertilizer rate","70 kg N ha",2021-10-25,1899-12-31 16:11:05,435.3,0.444,1.91,0,24,NA
"orei_manure","rosemount","2021","101","fertCommercial_cutNone","N fertilizer rate","70 kg N ha",2021-04-29,1899-12-31 13:37:39,663.6,0.35,2.09,0,30,NA
"orei_manure","rosemount","2021","101","fertCommercial_cutNone","N fertilizer rate","70 kg N ha",2021-04-29,1899-12-31 13:37:59,652.4,0.304,2.08,0,30,NA
"orei_manure","rosemount","2021","101","fertCommercial_cutNone","N fertilizer rate","70 kg N ha",2021-04-29,1899-12-31 13:38:20,605.7,0.3,2.01,0,30,NA
"orei_manure","rosemount","2021","101","fertCommercial_cutNone","N fertilizer rate","70 kg N ha",2021-04-29,1899-12-31 13:38:41,574.9,0.355,2.16,0.06,30,NA
"orei_manure","rosemount","2021","101","fertCommercial_cutNone","N fertilizer rate","70 kg N ha",2021-04-29,1899-12-31 13:39:02,556.3,0.37,2.11,0,30,NA
"orei_manure","rosemount","2021","101","fertCommercial_cutNone","N fertilizer rate","70 kg N ha",2021-04-29,1899-12-31 13:39:23,547.2,0.335,2.09,0,30,NA
"orei_manure","rosemount","2021","101","fertCommercial_cutNone","N fertilizer rate","70 kg N ha",2021-04-29,1899-12-31 13:39:44,548.5,0.299,2.02,0,30,NA
"orei_manure","rosemount","2021","101","fertCommercial_cutNone","N fertilizer rate","70 kg N ha",2021-04-29,1899-12-31 13:40:05,558,0.351,2.14,0,30,NA
"orei_manure","rosemount","2021","101","fertCommercial_cutNone","N fertilizer rate","70 kg N ha",2021-04-29,1899-12-31 13:40:25,568.7,0.367,2.04,0,30,NA
"orei_manure","rosemount","2021","101","fertCommercial_cutNone","N fertilizer rate","70 kg N ha",2021-04-29,1899-12-31 13:40:46,581.5,0.379,2.03,0.04,30,NA
"orei_manure","rosemount","2021","101","fertCommercial_cutNone","N fertilizer rate","70 kg N ha",2021-04-29,1899-12-31 13:41:07,595.8,0.279,2.14,0.03,30,NA
"orei_manure","rosemount","2021","101","fertCommercial_cutNone","N fertilizer rate","70 kg N ha",2021-04-29,1899-12-31 13:41:28,617.9,0.369,2.11,0,30,NA
"orei_manure","rosemount","2021","101","fertCommercial_cutNone","N fertilizer rate","70 kg N ha",2021-04-29,1899-12-31 13:41:49,636.6,0.379,2.19,0,30,NA
"orei_manure","rosemount","2021","101","fertCommercial_cutNone","N fertilizer rate","70 kg N ha",2021-04-29,1899-12-31 13:42:10,654.5,0.292,2.17,0,30,NA
"orei_manure","rosemount","2021","101","fertCommercial_cutNone","N fertilizer rate","70 kg N ha",2021-04-29,1899-12-31 13:42:31,672.1,0.354,2.18,0,30,NA
"orei_manure","rosemount","2021","101","fertCommercial_cutNone","N fertilizer rate","70 kg N ha",2021-04-29,1899-12-31 13:42:51,688.3,0.368,2.1,0,30,NA
"orei_manure","rosemount","2021","101","fertCommercial_cutNone","N fertilizer rate","70 kg N ha",2021-04-29,1899-12-31 13:43:12,708.8,0.377,2.12,0,30,NA
"orei_manure","rosemount","2021","101","fertCommercial_cutNone","N fertilizer rate","70 kg N ha",2021-04-29,1899-12-31 13:43:33,728.6,0.385,2.19,0.04,30,NA
"orei_manure","rosemount","2021","101","fertCommercial_cutNone","N fertilizer rate","70 kg N ha",2021-04-29,1899-12-31 13:43:54,760.3,0.362,2.07,0,30,NA
"orei_manure","rosemount","2021","101","fertCommercial_cutNone","N fertilizer rate","70 kg N ha",2021-04-29,1899-12-31 13:44:15,776.1,0.398,2.16,0,30,NA
"orei_manure","rosemount","2021","101","fertCommercial_cutNone","N fertilizer rate","70 kg N ha",2021-04-29,1899-12-31 13:44:36,792.9,0.387,1.98,0,30,NA
"orei_manure","rosemount","2021","101","fertCommercial_cutNone","N fertilizer rate","70 kg N ha",2021-04-29,1899-12-31 13:44:58,807,0.384,2.11,0.02,30,NA
"orei_manure","rosemount","2021","101","fertCommercial_cutNone","N fertilizer rate","70 kg N ha",2021-04-29,1899-12-31 13:45:19,822.9,0.37,2.12,0,30,NA
"orei_manure","rosemount","2021","101","fertCommercial_cutNone","N fertilizer rate","70 kg N ha",2021-04-29,1899-12-31 13:45:40,829.3,0.325,2.13,0.01,30,NA
"orei_manure","rosemount","2021","101","fertCommercial_cutNone","N fertilizer rate","70 kg N ha",2021-05-18,1899-12-31 10:44:17,704.4,0.356,2.34,0.06,31,NA
"orei_manure","rosemount","2021","101","fertCommercial_cutNone","N fertilizer rate","70 kg N ha",2021-05-18,1899-12-31 10:44:37,695.1,0.345,2.4,0,31,NA
"orei_manure","rosemount","2021","101","fertCommercial_cutNone","N fertilizer rate","70 kg N ha",2021-05-18,1899-12-31 10:44:58,636.6,0.333,2.4,0.02,31,NA
"orei_manure","rosemount","2021","101","fertCommercial_cutNone","N fertilizer rate","70 kg N ha",2021-05-18,1899-12-31 10:45:19,596.8,0.353,2.44,0,32,NA
"orei_manure","rosemount","2021","101","fertCommercial_cutNone","N fertilizer rate","70 kg N ha",2021-05-18,1899-12-31 10:45:40,571.4,0.357,2.37,0.07,32,NA
"orei_manure","rosemount","2021","101","fertCommercial_cutNone","N fertilizer rate","70 kg N ha",2021-05-18,1899-12-31 10:46:01,558,0.376,2.39,0.05,31,NA
"orei_manure","rosemount","2021","101","fertCommercial_cutNone","N fertilizer rate","70 kg N ha",2021-05-18,1899-12-31 10:46:22,559.7,0.402,2.47,0,31,NA
"orei_manure","rosemount","2021","101","fertCommercial_cutNone","N fertilizer rate","70 kg N ha",2021-05-18,1899-12-31 10:46:43,563,0.387,2.47,0.12,31,NA
"orei_manure","rosemount","2021","101","fertCommercial_cutNone","N fertilizer rate","70 kg N ha",2021-05-18,1899-12-31 10:47:04,569.1,0.389,2.43,0.06,31,NA
"orei_manure","rosemount","2021","101","fertCommercial_cutNone","N fertilizer rate","70 kg N ha",2021-05-18,1899-12-31 10:47:24,576,0.378,2.44,0.07,31,NA
"orei_manure","rosemount","2021","101","fertCommercial_cutNone","N fertilizer rate","70 kg N ha",2021-05-18,1899-12-31 10:47:45,585.8,0.381,2.59,0.02,31,NA
"orei_manure","rosemount","2021","101","fertCommercial_cutNone","N fertilizer rate","70 kg N ha",2021-05-18,1899-12-31 10:48:06,597.2,0.374,2.49,0,32,NA
"orei_manure","rosemount","2021","101","fertCommercial_cutNone","N fertilizer rate","70 kg N ha",2021-05-18,1899-12-31 10:48:27,605.5,0.406,2.37,0.07,32,NA
"orei_manure","rosemount","2021","101","fertCommercial_cutNone","N fertilizer rate","70 kg N ha",2021-05-18,1899-12-31 10:48:48,609.4,0.378,2.48,0,31,NA
"orei_manure","rosemount","2021","101","fertCommercial_cutNone","N fertilizer rate","70 kg N ha",2021-05-18,1899-12-31 10:49:09,621,0.425,2.36,0.05,32,NA
"orei_manure","rosemount","2021","101","fertCommercial_cutNone","N fertilizer rate","70 kg N ha",2021-05-18,1899-12-31 10:49:30,624.9,0.367,2.4,0.04,31,NA
"orei_manure","rosemount","2021","101","fertCommercial_cutNone","N fertilizer rate","70 kg N ha",2021-05-18,1899-12-31 10:49:50,633.7,0.373,2.52,0.09,32,NA
"orei_manure","rosemount","2021","101","fertCommercial_cutNone","N fertilizer rate","70 kg N ha",2021-05-18,1899-12-31 10:50:13,639.3,0.414,2.5,0.07,31,NA
"orei_manure","rosemount","2021","101","fertCommercial_cutNone","N fertilizer rate","70 kg N ha",2021-06-01,1899-12-31 10:36:45,101.6,0.1,0.68,0.06,30,NA
"orei_manure","rosemount","2021","101","fertCommercial_cutNone","N fertilizer rate","70 kg N ha",2021-06-01,1899-12-31 10:37:06,200.4,0.167,1.11,0,30,NA
"orei_manure","rosemount","2021","101","fertCommercial_cutNone","N fertilizer rate","70 kg N ha",2021-06-01,1899-12-31 10:37:27,268,0.216,1.48,0,30,NA
"orei_manure","rosemount","2021","101","fertCommercial_cutNone","N fertilizer rate","70 kg N ha",2021-06-01,1899-12-31 10:37:48,322.2,0.277,1.65,0,30,NA
"orei_manure","rosemount","2021","101","fertCommercial_cutNone","N fertilizer rate","70 kg N ha",2021-06-01,1899-12-31 10:38:09,364.4,0.294,1.86,0,30,NA
"orei_manure","rosemount","2021","101","fertCommercial_cutNone","N fertilizer rate","70 kg N ha",2021-06-01,1899-12-31 10:38:30,397.9,0.301,1.93,0,30,NA
"orei_manure","rosemount","2021","101","fertCommercial_cutNone","N fertilizer rate","70 kg N ha",2021-06-01,1899-12-31 10:38:51,428.9,0.331,1.93,0.04,30,NA
"orei_manure","rosemount","2021","101","fertCommercial_cutNone","N fertilizer rate","70 kg N ha",2021-06-01,1899-12-31 10:39:12,450.5,0.313,2.16,0.05,30,NA
"orei_manure","rosemount","2021","101","fertCommercial_cutNone","N fertilizer rate","70 kg N ha",2021-06-01,1899-12-31 10:39:33,471.7,0.325,2.06,0,30,NA
"orei_manure","rosemount","2021","101","fertCommercial_cutNone","N fertilizer rate","70 kg N ha",2021-06-01,1899-12-31 10:39:54,496,0.351,2.15,0,30,NA
"orei_manure","rosemount","2021","101","fertCommercial_cutNone","N fertilizer rate","70 kg N ha",2021-06-01,1899-12-31 10:40:15,509.7,0.324,2.24,0,30,NA
"orei_manure","rosemount","2021","101","fertCommercial_cutNone","N fertilizer rate","70 kg N ha",2021-06-01,1899-12-31 10:40:36,529,0.329,2.11,0.03,30,NA
"orei_manure","rosemount","2021","101","fertCommercial_cutNone","N fertilizer rate","70 kg N ha",2021-06-01,1899-12-31 10:40:57,543,0.35,2.12,0.06,30,NA
"orei_manure","rosemount","2021","101","fertCommercial_cutNone","N fertilizer rate","70 kg N ha",2021-06-01,1899-12-31 10:41:18,557.5,0.358,2.09,0.04,30,NA
"orei_manure","rosemount","2021","101","fertCommercial_cutNone","N fertilizer rate","70 kg N ha",2021-06-01,1899-12-31 10:41:40,575.2,0.343,2.09,0,30,NA
"orei_manure","rosemount","2021","101","fertCommercial_cutNone","N fertilizer rate","70 kg N ha",2021-06-01,1899-12-31 10:42:01,589.3,0.322,2.08,0,31,NA
"orei_manure","rosemount","2021","101","fertCommercial_cutNone","N fertilizer rate","70 kg N ha",2021-06-01,1899-12-31 10:42:22,604.3,0.355,2,0,31,NA
"orei_manure","rosemount","2021","101","fertCommercial_cutNone","N fertilizer rate","70 kg N ha",2021-06-01,1899-12-31 10:42:43,619,0.346,2.16,0,31,NA
"orei_manure","rosemount","2021","101","fertCommercial_cutNone","N fertilizer rate","70 kg N ha",2021-06-01,1899-12-31 10:43:04,635.2,0.322,2.13,0.05,31,NA
"orei_manure","rosemount","2021","101","fertCommercial_cutNone","N fertilizer rate","70 kg N ha",2021-06-01,1899-12-31 10:43:25,650.9,0.309,2.04,0,31,NA
"orei_manure","rosemount","2021","101","fertCommercial_cutNone","N fertilizer rate","70 kg N ha",2021-06-01,1899-12-31 10:43:46,666.2,0.302,2.11,0,31,NA
"orei_manure","rosemount","2021","101","fertCommercial_cutNone","N fertilizer rate","70 kg N ha",2021-06-01,1899-12-31 10:44:07,684,0.311,2.05,0,31,NA
"orei_manure","rosemount","2021","101","fertCommercial_cutNone","N fertilizer rate","70 kg N ha",2021-06-01,1899-12-31 10:44:28,691.1,0.31,2.14,0,31,NA
"orei_manure","rosemount","2021","101","fertCommercial_cutNone","N fertilizer rate","70 kg N ha",2021-06-01,1899-12-31 10:44:49,639.9,0.345,2.08,0,31,NA
"orei_manure","rosemount","2021","101","fertCommercial_cutNone","N fertilizer rate","70 kg N ha",2021-06-01,1899-12-31 10:45:09,561.6,0.324,2.03,0.05,31,NA
"orei_manure","rosemount","2021","101","fertCommercial_cutNone","N fertilizer rate","70 kg N ha",2021-06-01,1899-12-31 10:45:30,512.8,0.306,2.1,0,31,NA
"orei_manure","rosemount","2021","101","fertCommercial_cutNone","N fertilizer rate","70 kg N ha",2021-06-01,1899-12-31 10:45:51,485.1,0.314,2.22,0,31,NA
"orei_manure","rosemount","2021","101","fertCommercial_cutNone","N fertilizer rate","70 kg N ha",2021-06-15,1899-12-31 10:41:36,182.5,0.152,0.69,0,33,NA
"orei_manure","rosemount","2021","101","fertCommercial_cutNone","N fertilizer rate","70 kg N ha",2021-06-15,1899-12-31 10:41:57,345.8,0.293,1.54,0,33,NA
"orei_manure","rosemount","2021","101","fertCommercial_cutNone","N fertilizer rate","70 kg N ha",2021-06-15,1899-12-31 10:42:18,412.6,0.331,1.89,0,33,NA
"orei_manure","rosemount","2021","101","fertCommercial_cutNone","N fertilizer rate","70 kg N ha",2021-06-15,1899-12-31 10:42:39,434.3,0.349,2.09,0,33,NA
"orei_manure","rosemount","2021","101","fertCommercial_cutNone","N fertilizer rate","70 kg N ha",2021-06-15,1899-12-31 10:43:00,447.7,0.374,2.09,0,34,NA
"orei_manure","rosemount","2021","101","fertCommercial_cutNone","N fertilizer rate","70 kg N ha",2021-06-15,1899-12-31 10:43:21,455.8,0.372,2.2,0,33,NA
"orei_manure","rosemount","2021","101","fertCommercial_cutNone","N fertilizer rate","70 kg N ha",2021-06-15,1899-12-31 10:43:42,460.9,0.351,1.99,0,33,NA
"orei_manure","rosemount","2021","101","fertCommercial_cutNone","N fertilizer rate","70 kg N ha",2021-06-15,1899-12-31 10:44:03,463.3,0.378,2.15,0,33,NA
"orei_manure","rosemount","2021","101","fertCommercial_cutNone","N fertilizer rate","70 kg N ha",2021-06-15,1899-12-31 10:44:24,463.1,0.382,2.34,0,33,NA
"orei_manure","rosemount","2021","101","fertCommercial_cutNone","N fertilizer rate","70 kg N ha",2021-06-15,1899-12-31 10:44:45,464.4,0.388,2.02,0,34,NA
"orei_manure","rosemount","2021","101","fertCommercial_cutNone","N fertilizer rate","70 kg N ha",2021-06-15,1899-12-31 10:45:06,462.1,0.383,2.06,0,34,NA
"orei_manure","rosemount","2021","101","fertCommercial_cutNone","N fertilizer rate","70 kg N ha",2021-06-15,1899-12-31 10:45:27,460.9,0.386,2.12,0,34,NA
"orei_manure","rosemount","2021","101","fertCommercial_cutNone","N fertilizer rate","70 kg N ha",2021-06-15,1899-12-31 10:45:47,461.8,0.389,2.16,0,34,NA
"orei_manure","rosemount","2021","101","fertCommercial_cutNone","N fertilizer rate","70 kg N ha",2021-06-15,1899-12-31 10:46:08,459.6,0.378,2.24,0,34,NA
"orei_manure","rosemount","2021","101","fertCommercial_cutNone","N fertilizer rate","70 kg N ha",2021-06-15,1899-12-31 10:46:29,457.2,0.381,1.85,0,34,NA
"orei_manure","rosemount","2021","101","fertCommercial_cutNone","N fertilizer rate","70 kg N ha",2021-06-15,1899-12-31 10:46:50,460.3,0.409,1.94,0,34,NA
"orei_manure","rosemount","2021","101","fertCommercial_cutNone","N fertilizer rate","70 kg N ha",2021-06-15,1899-12-31 10:47:11,457.4,0.387,2.03,0,34,NA
"orei_manure","rosemount","2021","101","fertCommercial_cutNone","N fertilizer rate","70 kg N ha",2021-06-15,1899-12-31 10:47:32,462.8,0.36,2.21,0,34,NA
"orei_manure","rosemount","2021","101","fertCommercial_cutNone","N fertilizer rate","70 kg N ha",2021-06-15,1899-12-31 10:47:53,465.2,0.387,1.92,0,34,NA
"orei_manure","rosemount","2021","101","fertCommercial_cutNone","N fertilizer rate","70 kg N ha",2021-06-15,1899-12-31 10:48:14,466.9,0.373,2.3,0,34,NA
"orei_manure","rosemount","2021","101","fertCommercial_cutNone","N fertilizer rate","70 kg N ha",2021-06-15,1899-12-31 10:48:35,467.5,0.369,1.9,0,34,NA
"orei_manure","rosemount","2021","101","fertCommercial_cutNone","N fertilizer rate","70 kg N ha",2021-06-15,1899-12-31 10:48:56,465.8,0.359,1.88,0,34,NA
"orei_manure","rosemount","2021","101","fertCommercial_cutNone","N fertilizer rate","70 kg N ha",2021-06-15,1899-12-31 10:49:17,467.1,0.384,1.89,0,34,NA
"orei_manure","rosemount","2021","101","fertCommercial_cutNone","N fertilizer rate","70 kg N ha",2021-06-15,1899-12-31 10:49:38,467.4,0.393,1.89,0,34,NA
"orei_manure","rosemount","2021","101","fertCommercial_cutNone","N fertilizer rate","70 kg N ha",2021-06-15,1899-12-31 10:49:59,473.2,0.395,1.92,0,34,NA
"orei_manure","rosemount","2021","101","fertCommercial_cutNone","N fertilizer rate","70 kg N ha",2021-06-15,1899-12-31 10:50:20,475.6,0.382,2.04,0,34,NA
"orei_manure","rosemount","2021","101","fertCommercial_cutNone","N fertilizer rate","70 kg N ha",2021-06-15,1899-12-31 10:50:41,477,0.387,1.84,0,34,NA
"orei_manure","rosemount","2021","101","fertCommercial_cutNone","N fertilizer rate","70 kg N ha",2021-06-15,1899-12-31 10:51:02,476.7,0.393,2.07,0,34,NA
"orei_manure","rosemount","2021","101","fertCommercial_cutNone","N fertilizer rate","70 kg N ha",2021-06-15,1899-12-31 10:51:23,474.3,0.369,2.01,0,34,NA
"orei_manure","rosemount","2021","101","fertCommercial_cutNone","N fertilizer rate","70 kg N ha",2021-06-15,1899-12-31 10:51:44,474.3,0.389,1.76,0,34,NA
"orei_manure","rosemount","2021","101","fertCommercial_cutNone","N fertilizer rate","70 kg N ha",2021-06-15,1899-12-31 10:52:05,473,0.382,1.98,0,34,NA
"orei_manure","rosemount","2021","101","fertCommercial_cutNone","N fertilizer rate","70 kg N ha",2021-06-15,1899-12-31 10:52:26,471.1,0.378,2.03,0,34,NA
"orei_manure","rosemount","2021","101","fertCommercial_cutNone","N fertilizer rate","70 kg N ha",2021-09-10,1899-12-31 10:32:12,247.3,0.173,1.44,0,31,NA
"orei_manure","rosemount","2021","101","fertCommercial_cutNone","N fertilizer rate","70 kg N ha",2021-09-10,1899-12-31 10:32:33,360.4,0.286,2.07,0,31,NA
"orei_manure","rosemount","2021","101","fertCommercial_cutNone","N fertilizer rate","70 kg N ha",2021-09-10,1899-12-31 10:32:54,393.1,0.333,2.33,0,31,NA
"orei_manure","rosemount","2021","101","fertCommercial_cutNone","N fertilizer rate","70 kg N ha",2021-09-10,1899-12-31 10:33:15,408.8,0.336,2.22,0,32,NA
"orei_manure","rosemount","2021","101","fertCommercial_cutNone","N fertilizer rate","70 kg N ha",2021-09-10,1899-12-31 10:33:36,415.1,0.358,2.29,0,32,NA
"orei_manure","rosemount","2021","101","fertCommercial_cutNone","N fertilizer rate","70 kg N ha",2021-09-10,1899-12-31 10:33:57,419.7,0.343,2.37,0,32,NA
"orei_manure","rosemount","2021","101","fertCommercial_cutNone","N fertilizer rate","70 kg N ha",2021-09-10,1899-12-31 10:34:18,427.8,0.363,2.29,0,32,NA
"orei_manure","rosemount","2021","101","fertCommercial_cutNone","N fertilizer rate","70 kg N ha",2021-09-10,1899-12-31 10:34:39,431.6,0.338,2.24,0,32,NA
"orei_manure","rosemount","2021","101","fertCommercial_cutNone","N fertilizer rate","70 kg N ha",2021-09-10,1899-12-31 10:35:00,438,0.354,2.25,0,32,NA
"orei_manure","rosemount","2021","101","fertCommercial_cutNone","N fertilizer rate","70 kg N ha",2021-09-10,1899-12-31 10:35:21,438.8,0.341,2.3,0,32,NA
"orei_manure","rosemount","2021","101","fertCommercial_cutNone","N fertilizer rate","70 kg N ha",2021-09-10,1899-12-31 10:35:42,441.6,0.342,2.37,0,32,NA
"orei_manure","rosemount","2021","101","fertCommercial_cutNone","N fertilizer rate","70 kg N ha",2021-09-10,1899-12-31 10:36:03,443.5,0.342,2.29,0,32,NA
"orei_manure","rosemount","2021","101","fertCommercial_cutNone","N fertilizer rate","70 kg N ha",2021-09-10,1899-12-31 10:36:24,447.1,0.354,2.33,0,33,NA
"orei_manure","rosemount","2021","101","fertCommercial_cutNone","N fertilizer rate","70 kg N ha",2021-09-10,1899-12-31 10:36:45,445.5,0.337,2.23,0,32,NA
"orei_manure","rosemount","2021","101","fertCommercial_cutNone","N fertilizer rate","70 kg N ha",2021-09-10,1899-12-31 10:37:06,446,0.357,2.34,0,32,NA
"orei_manure","rosemount","2021","101","fertCommercial_cutNone","N fertilizer rate","70 kg N ha",2021-09-10,1899-12-31 10:37:27,448.8,0.333,2.27,0,33,NA
"orei_manure","rosemount","2021","101","fertCommercial_cutNone","N fertilizer rate","70 kg N ha",2021-09-10,1899-12-31 10:37:47,449.6,0.33,2.18,0,33,NA
"orei_manure","rosemount","2021","101","fertCommercial_cutNone","N fertilizer rate","70 kg N ha",2021-09-10,1899-12-31 10:38:08,452.7,0.333,2.45,0,33,NA
"orei_manure","rosemount","2021","101","fertCommercial_cutNone","N fertilizer rate","70 kg N ha",2021-09-10,1899-12-31 10:38:29,454.1,0.336,2.27,0,33,NA
"orei_manure","rosemount","2021","101","fertCommercial_cutNone","N fertilizer rate","70 kg N ha",2021-09-10,1899-12-31 10:38:50,452.7,0.326,2.29,0,33,NA
"orei_manure","rosemount","2021","102","fertControl_cutNone","N fertilizer rate",NA,2021-04-05,1899-12-31 11:54:18,591.6,0.329,1.71,0.84,31,NA
"orei_manure","rosemount","2021","102","fertControl_cutNone","N fertilizer rate",NA,2021-04-05,1899-12-31 11:54:39,577.5,0.369,1.9,0.14,31,NA
"orei_manure","rosemount","2021","102","fertControl_cutNone","N fertilizer rate",NA,2021-04-05,1899-12-31 11:55:00,545,0.395,1.91,0,32,NA
"orei_manure","rosemount","2021","102","fertControl_cutNone","N fertilizer rate",NA,2021-04-05,1899-12-31 11:55:21,524.8,0.385,1.92,0,32,NA
"orei_manure","rosemount","2021","102","fertControl_cutNone","N fertilizer rate",NA,2021-04-05,1899-12-31 11:55:42,510.3,0.37,1.9,0,32,NA
"orei_manure","rosemount","2021","102","fertControl_cutNone","N fertilizer rate",NA,2021-04-05,1899-12-31 11:56:02,506.8,0.356,2.04,0,32,NA
"orei_manure","rosemount","2021","102","fertControl_cutNone","N fertilizer rate",NA,2021-04-05,1899-12-31 11:56:23,498.8,0.36,2.02,0,32,NA
"orei_manure","rosemount","2021","102","fertControl_cutNone","N fertilizer rate",NA,2021-04-05,1899-12-31 11:56:44,504.5,0.386,1.98,0.02,32,NA
"orei_manure","rosemount","2021","102","fertControl_cutNone","N fertilizer rate",NA,2021-04-05,1899-12-31 11:57:05,505.3,0.376,1.93,0,33,NA
"orei_manure","rosemount","2021","102","fertControl_cutNone","N fertilizer rate",NA,2021-04-05,1899-12-31 11:57:26,514.4,0.37,1.87,0,33,NA
"orei_manure","rosemount","2021","102","fertControl_cutNone","N fertilizer rate",NA,2021-04-05,1899-12-31 11:57:47,512.7,0.316,1.79,0,33,NA
"orei_manure","rosemount","2021","102","fertControl_cutNone","N fertilizer rate",NA,2021-04-05,1899-12-31 11:58:08,518.9,0.32,1.91,0,33,NA
"orei_manure","rosemount","2021","102","fertControl_cutNone","N fertilizer rate",NA,2021-04-05,1899-12-31 11:58:28,530.9,0.367,2.04,0,33,NA
"orei_manure","rosemount","2021","102","fertControl_cutNone","N fertilizer rate",NA,2021-04-05,1899-12-31 11:58:49,532.6,0.356,1.92,0,33,NA
"orei_manure","rosemount","2021","102","fertControl_cutNone","N fertilizer rate",NA,2021-04-05,1899-12-31 11:59:10,537.3,0.323,2.03,0,33,NA
"orei_manure","rosemount","2021","102","fertControl_cutNone","N fertilizer rate",NA,2021-04-05,1899-12-31 11:59:31,545.1,0.329,1.91,0,33,NA
"orei_manure","rosemount","2021","102","fertControl_cutNone","N fertilizer rate",NA,2021-04-05,1899-12-31 11:59:52,553.6,0.366,1.85,0,33,NA
"orei_manure","rosemount","2021","102","fertControl_cutNone","N fertilizer rate",NA,2021-04-22,1899-12-31 11:39:52,616.6,0.375,2.35,0.07,26,NA
"orei_manure","rosemount","2021","102","fertControl_cutNone","N fertilizer rate",NA,2021-04-22,1899-12-31 11:40:12,605.4,0.411,2.35,0.03,26,NA
"orei_manure","rosemount","2021","102","fertControl_cutNone","N fertilizer rate",NA,2021-04-22,1899-12-31 11:40:33,556.7,0.371,2.37,0.11,25,NA
"orei_manure","rosemount","2021","102","fertControl_cutNone","N fertilizer rate",NA,2021-04-22,1899-12-31 11:40:55,527.7,0.391,2.39,0.07,26,NA
"orei_manure","rosemount","2021","102","fertControl_cutNone","N fertilizer rate",NA,2021-04-22,1899-12-31 11:41:16,513.5,0.378,2.24,0.11,26,NA
"orei_manure","rosemount","2021","102","fertControl_cutNone","N fertilizer rate",NA,2021-04-22,1899-12-31 11:41:36,502.2,0.38,2.37,0.02,26,NA
"orei_manure","rosemount","2021","102","fertControl_cutNone","N fertilizer rate",NA,2021-04-22,1899-12-31 11:41:57,496.2,0.369,2.4,0.05,26,NA
"orei_manure","rosemount","2021","102","fertControl_cutNone","N fertilizer rate",NA,2021-04-22,1899-12-31 11:42:19,496.4,0.383,2.38,0.06,26,NA
"orei_manure","rosemount","2021","102","fertControl_cutNone","N fertilizer rate",NA,2021-04-22,1899-12-31 11:42:40,495.5,0.38,2.46,0.03,26,NA
"orei_manure","rosemount","2021","102","fertControl_cutNone","N fertilizer rate",NA,2021-04-22,1899-12-31 11:43:01,502.6,0.408,2.3,0.08,26,NA
"orei_manure","rosemount","2021","102","fertControl_cutNone","N fertilizer rate",NA,2021-04-22,1899-12-31 11:43:22,504.5,0.393,2.31,0.13,26,NA
"orei_manure","rosemount","2021","102","fertControl_cutNone","N fertilizer rate",NA,2021-04-22,1899-12-31 11:43:43,509.4,0.372,2.39,0.17,26,NA
"orei_manure","rosemount","2021","102","fertControl_cutNone","N fertilizer rate",NA,2021-04-22,1899-12-31 11:44:03,510.3,0.374,2.35,0.15,26,NA
"orei_manure","rosemount","2021","102","fertControl_cutNone","N fertilizer rate",NA,2021-04-22,1899-12-31 11:44:24,519.6,0.399,2.33,0.03,26,NA
"orei_manure","rosemount","2021","102","fertControl_cutNone","N fertilizer rate",NA,2021-04-22,1899-12-31 11:44:46,524.7,0.414,2.37,0.1,26,NA
"orei_manure","rosemount","2021","102","fertControl_cutNone","N fertilizer rate",NA,2021-04-22,1899-12-31 11:45:06,528.4,0.381,2.38,0.19,26,NA
"orei_manure","rosemount","2021","102","fertControl_cutNone","N fertilizer rate",NA,2021-04-22,1899-12-31 11:45:27,531.8,0.39,2.43,0.08,26,NA
"orei_manure","rosemount","2021","102","fertControl_cutNone","N fertilizer rate",NA,2021-07-08,1899-12-31 13:59:33,466.5,0.237,1.78,1.93,32,NA
"orei_manure","rosemount","2021","102","fertControl_cutNone","N fertilizer rate",NA,2021-07-08,1899-12-31 13:59:54,464,0.34,1.94,0.61,32,NA
"orei_manure","rosemount","2021","102","fertControl_cutNone","N fertilizer rate",NA,2021-07-08,1899-12-31 14:00:15,453.6,0.352,2.06,0.12,32,NA
"orei_manure","rosemount","2021","102","fertControl_cutNone","N fertilizer rate",NA,2021-07-08,1899-12-31 14:00:36,453.4,0.358,2.2,0,32,NA
"orei_manure","rosemount","2021","102","fertControl_cutNone","N fertilizer rate",NA,2021-07-08,1899-12-31 14:00:57,454.5,0.335,1.81,0,33,NA
"orei_manure","rosemount","2021","102","fertControl_cutNone","N fertilizer rate",NA,2021-07-08,1899-12-31 14:01:18,459,0.34,1.88,0,33,NA
"orei_manure","rosemount","2021","102","fertControl_cutNone","N fertilizer rate",NA,2021-07-08,1899-12-31 14:01:38,461.5,0.339,1.99,0,33,NA
"orei_manure","rosemount","2021","102","fertControl_cutNone","N fertilizer rate",NA,2021-07-08,1899-12-31 14:01:59,462.7,0.33,1.7,0,33,NA
"orei_manure","rosemount","2021","102","fertControl_cutNone","N fertilizer rate",NA,2021-07-08,1899-12-31 14:02:20,466,0.327,1.82,0,33,NA
"orei_manure","rosemount","2021","102","fertControl_cutNone","N fertilizer rate",NA,2021-07-08,1899-12-31 14:02:41,470.8,0.357,2.01,0,33,NA
"orei_manure","rosemount","2021","102","fertControl_cutNone","N fertilizer rate",NA,2021-07-08,1899-12-31 14:03:02,473.5,0.337,1.33,0,33,NA
"orei_manure","rosemount","2021","102","fertControl_cutNone","N fertilizer rate",NA,2021-07-08,1899-12-31 14:03:23,475.9,0.327,1.75,0,33,NA
"orei_manure","rosemount","2021","102","fertControl_cutNone","N fertilizer rate",NA,2021-07-08,1899-12-31 14:03:44,480.6,0.343,1.95,0,33,NA
"orei_manure","rosemount","2021","102","fertControl_cutNone","N fertilizer rate",NA,2021-07-08,1899-12-31 14:04:04,486.5,0.349,2.39,0.01,34,NA
"orei_manure","rosemount","2021","102","fertControl_cutNone","N fertilizer rate",NA,2021-07-08,1899-12-31 14:04:25,487.2,0.339,1.68,0,34,NA
"orei_manure","rosemount","2021","102","fertControl_cutNone","N fertilizer rate",NA,2021-07-08,1899-12-31 14:04:46,490.1,0.326,2.23,0,34,NA
"orei_manure","rosemount","2021","102","fertControl_cutNone","N fertilizer rate",NA,2021-07-08,1899-12-31 14:05:07,494.5,0.329,1.73,0,34,NA
"orei_manure","rosemount","2021","102","fertControl_cutNone","N fertilizer rate",NA,2021-07-08,1899-12-31 14:05:28,495.6,0.349,1.99,0,34,NA
"orei_manure","rosemount","2021","102","fertControl_cutNone","N fertilizer rate",NA,2021-07-08,1899-12-31 14:05:49,496.1,0.344,1.9,0,34,NA
"orei_manure","rosemount","2021","102","fertControl_cutNone","N fertilizer rate",NA,2021-07-16,1899-12-31 11:11:42,487.1,0.383,2.14,0,35,NA
"orei_manure","rosemount","2021","102","fertControl_cutNone","N fertilizer rate",NA,2021-07-16,1899-12-31 11:12:03,460.4,0.402,2.1,0,35,NA
"orei_manure","rosemount","2021","102","fertControl_cutNone","N fertilizer rate",NA,2021-07-16,1899-12-31 11:12:24,427.9,0.397,2.03,0,35,NA
"orei_manure","rosemount","2021","102","fertControl_cutNone","N fertilizer rate",NA,2021-07-16,1899-12-31 11:12:45,419.3,0.382,2.06,0,35,NA
"orei_manure","rosemount","2021","102","fertControl_cutNone","N fertilizer rate",NA,2021-07-16,1899-12-31 11:13:06,418.5,0.396,2.14,0,35,NA
"orei_manure","rosemount","2021","102","fertControl_cutNone","N fertilizer rate",NA,2021-07-16,1899-12-31 11:13:26,420.7,0.384,2.06,0,35,NA
"orei_manure","rosemount","2021","102","fertControl_cutNone","N fertilizer rate",NA,2021-07-16,1899-12-31 11:13:47,425.5,0.407,2.06,0,35,NA
"orei_manure","rosemount","2021","102","fertControl_cutNone","N fertilizer rate",NA,2021-07-16,1899-12-31 11:14:08,428.2,0.395,2.04,0,35,NA
"orei_manure","rosemount","2021","102","fertControl_cutNone","N fertilizer rate",NA,2021-07-16,1899-12-31 11:14:29,435.6,0.407,2.11,0,35,NA
"orei_manure","rosemount","2021","102","fertControl_cutNone","N fertilizer rate",NA,2021-07-16,1899-12-31 11:14:50,432.1,0.385,2.11,0,35,NA
"orei_manure","rosemount","2021","102","fertControl_cutNone","N fertilizer rate",NA,2021-07-16,1899-12-31 11:15:11,434.5,0.372,2.1,0,35,NA
"orei_manure","rosemount","2021","102","fertControl_cutNone","N fertilizer rate",NA,2021-07-16,1899-12-31 11:15:32,439,0.401,2.15,0,35,NA
"orei_manure","rosemount","2021","102","fertControl_cutNone","N fertilizer rate",NA,2021-07-16,1899-12-31 11:15:53,440.9,0.39,2.17,0,35,NA
"orei_manure","rosemount","2021","102","fertControl_cutNone","N fertilizer rate",NA,2021-07-16,1899-12-31 11:16:14,446.5,0.395,2.1,0,36,NA
"orei_manure","rosemount","2021","102","fertControl_cutNone","N fertilizer rate",NA,2021-07-16,1899-12-31 11:16:35,446.9,0.371,2.02,0,36,NA
"orei_manure","rosemount","2021","102","fertControl_cutNone","N fertilizer rate",NA,2021-07-16,1899-12-31 11:16:55,456.6,0.394,2.22,0,36,NA
"orei_manure","rosemount","2021","102","fertControl_cutNone","N fertilizer rate",NA,2021-07-16,1899-12-31 11:17:16,461.8,0.403,2.1,0,36,NA
"orei_manure","rosemount","2021","102","fertControl_cutNone","N fertilizer rate",NA,2021-07-16,1899-12-31 11:17:37,455,0.373,2.27,0,36,NA
"orei_manure","rosemount","2021","102","fertControl_cutNone","N fertilizer rate",NA,2021-07-16,1899-12-31 11:17:58,451.5,0.368,2.2,0,36,NA
"orei_manure","rosemount","2021","102","fertControl_cutNone","N fertilizer rate",NA,2021-07-16,1899-12-31 11:18:19,457.1,0.399,2.09,0,36,NA
"orei_manure","rosemount","2021","102","fertControl_cutNone","N fertilizer rate",NA,2021-08-10,1899-12-31 12:51:42,468,0.286,2.4,0,40,NA
"orei_manure","rosemount","2021","102","fertControl_cutNone","N fertilizer rate",NA,2021-08-10,1899-12-31 12:52:03,472.1,0.293,2.46,0,40,NA
"orei_manure","rosemount","2021","102","fertControl_cutNone","N fertilizer rate",NA,2021-08-10,1899-12-31 12:52:24,447.8,0.284,2.42,0,40,NA
"orei_manure","rosemount","2021","102","fertControl_cutNone","N fertilizer rate",NA,2021-08-10,1899-12-31 12:52:45,581.4,0.338,2.74,0.04,40,NA
"orei_manure","rosemount","2021","102","fertControl_cutNone","N fertilizer rate",NA,2021-08-10,1899-12-31 12:53:06,1262.2,0.46,4.04,0,40,NA
"orei_manure","rosemount","2021","102","fertControl_cutNone","N fertilizer rate",NA,2021-08-10,1899-12-31 12:53:27,841.1,0.385,3.28,0,40,NA
"orei_manure","rosemount","2021","102","fertControl_cutNone","N fertilizer rate",NA,2021-08-10,1899-12-31 12:53:47,604,0.307,2.82,0,40,NA
"orei_manure","rosemount","2021","102","fertControl_cutNone","N fertilizer rate",NA,2021-08-10,1899-12-31 12:54:08,526.2,0.296,2.67,0,40,NA
"orei_manure","rosemount","2021","102","fertControl_cutNone","N fertilizer rate",NA,2021-08-10,1899-12-31 12:54:29,504.4,0.273,2.49,0,40,NA
"orei_manure","rosemount","2021","102","fertControl_cutNone","N fertilizer rate",NA,2021-08-10,1899-12-31 12:55:16,503.2,0.331,2.4,2.23,40,NA
"orei_manure","rosemount","2021","102","fertControl_cutNone","N fertilizer rate",NA,2021-08-10,1899-12-31 12:55:37,497.5,0.309,2.42,0.62,39,NA
"orei_manure","rosemount","2021","102","fertControl_cutNone","N fertilizer rate",NA,2021-08-10,1899-12-31 12:55:58,501.4,0.301,2.54,0,39,NA
"orei_manure","rosemount","2021","102","fertControl_cutNone","N fertilizer rate",NA,2021-08-10,1899-12-31 12:56:18,497.7,0.276,2.36,0,40,NA
"orei_manure","rosemount","2021","102","fertControl_cutNone","N fertilizer rate",NA,2021-08-10,1899-12-31 12:56:39,498.7,0.276,2.4,0,39,NA
"orei_manure","rosemount","2021","102","fertControl_cutNone","N fertilizer rate",NA,2021-08-10,1899-12-31 12:57:00,498.7,0.285,2.57,0,39,NA
"orei_manure","rosemount","2021","102","fertControl_cutNone","N fertilizer rate",NA,2021-08-10,1899-12-31 12:57:21,497,0.276,2.49,0,39,NA
"orei_manure","rosemount","2021","102","fertControl_cutNone","N fertilizer rate",NA,2021-10-14,1899-12-31 12:30:21,452.3,0.399,1.89,0,21,NA
"orei_manure","rosemount","2021","102","fertControl_cutNone","N fertilizer rate",NA,2021-10-14,1899-12-31 12:30:42,451.7,0.39,1.81,0,21,NA
"orei_manure","rosemount","2021","102","fertControl_cutNone","N fertilizer rate",NA,2021-10-14,1899-12-31 12:31:03,435.9,0.395,1.86,0,21,NA
"orei_manure","rosemount","2021","102","fertControl_cutNone","N fertilizer rate",NA,2021-10-14,1899-12-31 12:31:24,424.2,0.387,1.8,0,20,NA
"orei_manure","rosemount","2021","102","fertControl_cutNone","N fertilizer rate",NA,2021-10-14,1899-12-31 12:31:45,424,0.399,1.9,0,21,NA
"orei_manure","rosemount","2021","102","fertControl_cutNone","N fertilizer rate",NA,2021-10-14,1899-12-31 12:32:06,425.1,0.407,1.87,0,21,NA
"orei_manure","rosemount","2021","102","fertControl_cutNone","N fertilizer rate",NA,2021-10-14,1899-12-31 12:32:27,429,0.402,1.92,0,21,NA
"orei_manure","rosemount","2021","102","fertControl_cutNone","N fertilizer rate",NA,2021-10-14,1899-12-31 12:32:48,433,0.404,1.84,0,21,NA
"orei_manure","rosemount","2021","102","fertControl_cutNone","N fertilizer rate",NA,2021-10-14,1899-12-31 12:33:09,435,0.401,1.91,0,21,NA
"orei_manure","rosemount","2021","102","fertControl_cutNone","N fertilizer rate",NA,2021-10-14,1899-12-31 12:33:30,437.6,0.397,1.89,0,21,NA
"orei_manure","rosemount","2021","102","fertControl_cutNone","N fertilizer rate",NA,2021-10-14,1899-12-31 12:33:51,442.1,0.396,1.94,0,21,NA
"orei_manure","rosemount","2021","102","fertControl_cutNone","N fertilizer rate",NA,2021-10-14,1899-12-31 12:34:11,441.3,0.385,1.88,0,21,NA
"orei_manure","rosemount","2021","102","fertControl_cutNone","N fertilizer rate",NA,2021-10-14,1899-12-31 12:34:32,443,0.396,1.84,0,21,NA
"orei_manure","rosemount","2021","102","fertControl_cutNone","N fertilizer rate",NA,2021-10-14,1899-12-31 12:34:53,446.4,0.403,1.89,0,21,NA
"orei_manure","rosemount","2021","102","fertControl_cutNone","N fertilizer rate",NA,2021-10-14,1899-12-31 12:35:14,448.6,0.395,1.81,0,21,NA
"orei_manure","rosemount","2021","102","fertControl_cutNone","N fertilizer rate",NA,2021-10-14,1899-12-31 12:35:35,450.6,0.394,1.79,0,21,NA
"orei_manure","rosemount","2021","102","fertControl_cutNone","N fertilizer rate",NA,2021-10-25,1899-12-31 16:11:55,438.6,0.433,2.01,0,24,NA
"orei_manure","rosemount","2021","102","fertControl_cutNone","N fertilizer rate",NA,2021-10-25,1899-12-31 16:12:16,443.3,0.431,1.97,0,24,NA
"orei_manure","rosemount","2021","102","fertControl_cutNone","N fertilizer rate",NA,2021-10-25,1899-12-31 16:12:37,442.1,0.441,1.87,0,24,NA
"orei_manure","rosemount","2021","102","fertControl_cutNone","N fertilizer rate",NA,2021-10-25,1899-12-31 16:12:58,428.6,0.428,1.93,0,24,NA
"orei_manure","rosemount","2021","102","fertControl_cutNone","N fertilizer rate",NA,2021-10-25,1899-12-31 16:13:19,425.8,0.419,1.87,0,24,NA
"orei_manure","rosemount","2021","102","fertControl_cutNone","N fertilizer rate",NA,2021-10-25,1899-12-31 16:13:40,415.1,0.374,2.04,0,24,NA
"orei_manure","rosemount","2021","102","fertControl_cutNone","N fertilizer rate",NA,2021-10-25,1899-12-31 16:14:01,423.9,0.404,1.92,0,24,NA
"orei_manure","rosemount","2021","102","fertControl_cutNone","N fertilizer rate",NA,2021-10-25,1899-12-31 16:14:22,426.6,0.43,1.98,0,24,NA
"orei_manure","rosemount","2021","102","fertControl_cutNone","N fertilizer rate",NA,2021-10-25,1899-12-31 16:14:42,426.3,0.419,2.03,0,24,NA
"orei_manure","rosemount","2021","102","fertControl_cutNone","N fertilizer rate",NA,2021-10-25,1899-12-31 16:15:03,428.7,0.412,1.97,0,24,NA
"orei_manure","rosemount","2021","102","fertControl_cutNone","N fertilizer rate",NA,2021-10-25,1899-12-31 16:15:24,426.4,0.397,1.9,0,24,NA
"orei_manure","rosemount","2021","102","fertControl_cutNone","N fertilizer rate",NA,2021-10-25,1899-12-31 16:15:45,427.2,0.398,1.9,0,24,NA
"orei_manure","rosemount","2021","102","fertControl_cutNone","N fertilizer rate",NA,2021-10-25,1899-12-31 16:16:06,428.9,0.405,1.94,0,24,NA
"orei_manure","rosemount","2021","102","fertControl_cutNone","N fertilizer rate",NA,2021-10-25,1899-12-31 16:16:27,430.9,0.425,1.97,0,24,NA
"orei_manure","rosemount","2021","102","fertControl_cutNone","N fertilizer rate",NA,2021-10-25,1899-12-31 16:16:48,431.3,0.423,2.04,0,24,NA
"orei_manure","rosemount","2021","102","fertControl_cutNone","N fertilizer rate",NA,2021-10-25,1899-12-31 16:17:08,431.9,0.415,1.92,0,24,NA
"orei_manure","rosemount","2021","102","fertControl_cutNone","N fertilizer rate",NA,2021-10-25,1899-12-31 16:17:29,432.6,0.424,2,0,24,NA
"orei_manure","rosemount","2021","102","fertControl_cutNone","N fertilizer rate",NA,2021-10-25,1899-12-31 16:17:50,433.3,0.428,2.01,0,24,NA
"orei_manure","rosemount","2021","102","fertControl_cutNone","N fertilizer rate",NA,2021-04-29,1899-12-31 13:47:33,861,0.351,2.03,0,30,NA
"orei_manure","rosemount","2021","102","fertControl_cutNone","N fertilizer rate",NA,2021-04-29,1899-12-31 13:47:54,826.4,0.312,2.06,0,30,NA
"orei_manure","rosemount","2021","102","fertControl_cutNone","N fertilizer rate",NA,2021-04-29,1899-12-31 13:48:15,719.9,0.29,2.09,0,30,NA
"orei_manure","rosemount","2021","102","fertControl_cutNone","N fertilizer rate",NA,2021-04-29,1899-12-31 13:48:36,660.8,0.289,1.94,0,30,NA
"orei_manure","rosemount","2021","102","fertControl_cutNone","N fertilizer rate",NA,2021-04-29,1899-12-31 13:48:57,624.9,0.299,2.1,0,30,NA
"orei_manure","rosemount","2021","102","fertControl_cutNone","N fertilizer rate",NA,2021-04-29,1899-12-31 13:49:18,606.7,0.277,2.03,0.04,30,NA
"orei_manure","rosemount","2021","102","fertControl_cutNone","N fertilizer rate",NA,2021-04-29,1899-12-31 13:49:38,598.1,0.286,1.99,0,30,NA
"orei_manure","rosemount","2021","102","fertControl_cutNone","N fertilizer rate",NA,2021-04-29,1899-12-31 13:49:59,599.1,0.308,2.02,0,30,NA
"orei_manure","rosemount","2021","102","fertControl_cutNone","N fertilizer rate",NA,2021-04-29,1899-12-31 13:50:20,604.3,0.348,2.03,0,30,NA
"orei_manure","rosemount","2021","102","fertControl_cutNone","N fertilizer rate",NA,2021-04-29,1899-12-31 13:50:41,613.5,0.306,2.12,0,30,NA
"orei_manure","rosemount","2021","102","fertControl_cutNone","N fertilizer rate",NA,2021-04-29,1899-12-31 13:51:02,627.4,0.345,2.07,0,30,NA
"orei_manure","rosemount","2021","102","fertControl_cutNone","N fertilizer rate",NA,2021-04-29,1899-12-31 13:51:23,641.8,0.324,2.05,0,30,NA
"orei_manure","rosemount","2021","102","fertControl_cutNone","N fertilizer rate",NA,2021-04-29,1899-12-31 13:51:44,653.6,0.358,2.17,0,30,NA
"orei_manure","rosemount","2021","102","fertControl_cutNone","N fertilizer rate",NA,2021-04-29,1899-12-31 13:52:05,670.6,0.357,2.05,0,30,NA
"orei_manure","rosemount","2021","102","fertControl_cutNone","N fertilizer rate",NA,2021-04-29,1899-12-31 13:52:26,687.2,0.364,1.87,0,30,NA
"orei_manure","rosemount","2021","102","fertControl_cutNone","N fertilizer rate",NA,2021-04-29,1899-12-31 13:52:47,701.1,0.355,2.01,0,30,NA
"orei_manure","rosemount","2021","102","fertControl_cutNone","N fertilizer rate",NA,2021-04-29,1899-12-31 13:53:08,717,0.325,2.05,0,30,NA
"orei_manure","rosemount","2021","102","fertControl_cutNone","N fertilizer rate",NA,2021-05-18,1899-12-31 10:35:21,669.9,0.375,2.45,0.02,31,NA
"orei_manure","rosemount","2021","102","fertControl_cutNone","N fertilizer rate",NA,2021-05-18,1899-12-31 10:35:42,667.1,0.392,2.54,0,31,NA
"orei_manure","rosemount","2021","102","fertControl_cutNone","N fertilizer rate",NA,2021-05-18,1899-12-31 10:36:03,633.9,0.361,2.39,0.03,31,NA
"orei_manure","rosemount","2021","102","fertControl_cutNone","N fertilizer rate",NA,2021-05-18,1899-12-31 10:36:24,603.6,0.348,2.54,0.06,31,NA
"orei_manure","rosemount","2021","102","fertControl_cutNone","N fertilizer rate",NA,2021-05-18,1899-12-31 10:36:45,586.1,0.352,2.46,0,31,NA
"orei_manure","rosemount","2021","102","fertControl_cutNone","N fertilizer rate",NA,2021-05-18,1899-12-31 10:37:06,579.3,0.348,2.51,0.03,31,NA
"orei_manure","rosemount","2021","102","fertControl_cutNone","N fertilizer rate",NA,2021-05-18,1899-12-31 10:37:27,580.6,0.361,2.56,0.13,31,NA
"orei_manure","rosemount","2021","102","fertControl_cutNone","N fertilizer rate",NA,2021-05-18,1899-12-31 10:37:47,582.6,0.377,2.57,0,31,NA
"orei_manure","rosemount","2021","102","fertControl_cutNone","N fertilizer rate",NA,2021-05-18,1899-12-31 10:38:08,584.9,0.335,2.51,0.07,31,NA
"orei_manure","rosemount","2021","102","fertControl_cutNone","N fertilizer rate",NA,2021-05-18,1899-12-31 10:38:29,593.4,0.362,2.42,0,31,NA
"orei_manure","rosemount","2021","102","fertControl_cutNone","N fertilizer rate",NA,2021-05-18,1899-12-31 10:38:50,605,0.357,2.47,0,31,NA
"orei_manure","rosemount","2021","102","fertControl_cutNone","N fertilizer rate",NA,2021-05-18,1899-12-31 10:39:11,613.6,0.375,2.41,0,31,NA
"orei_manure","rosemount","2021","102","fertControl_cutNone","N fertilizer rate",NA,2021-05-18,1899-12-31 10:39:32,626.5,0.384,2.49,0,31,NA
"orei_manure","rosemount","2021","102","fertControl_cutNone","N fertilizer rate",NA,2021-05-18,1899-12-31 10:39:53,635.3,0.367,2.46,0,31,NA
"orei_manure","rosemount","2021","102","fertControl_cutNone","N fertilizer rate",NA,2021-05-18,1899-12-31 10:40:14,647.1,0.365,2.42,0,31,NA
"orei_manure","rosemount","2021","102","fertControl_cutNone","N fertilizer rate",NA,2021-05-18,1899-12-31 10:40:35,657.4,0.385,2.41,0.01,31,NA
"orei_manure","rosemount","2021","102","fertControl_cutNone","N fertilizer rate",NA,2021-05-18,1899-12-31 10:40:56,667,0.393,2.39,0.03,31,NA
"orei_manure","rosemount","2021","102","fertControl_cutNone","N fertilizer rate",NA,2021-05-18,1899-12-31 10:41:17,676.3,0.407,2.46,0.06,31,NA
"orei_manure","rosemount","2021","102","fertControl_cutNone","N fertilizer rate",NA,2021-05-18,1899-12-31 10:41:37,685.5,0.409,2.48,0.02,31,NA
"orei_manure","rosemount","2021","102","fertControl_cutNone","N fertilizer rate",NA,2021-06-01,1899-12-31 10:46:55,469.2,0.311,2.15,0,31,NA
"orei_manure","rosemount","2021","102","fertControl_cutNone","N fertilizer rate",NA,2021-06-01,1899-12-31 10:47:16,470.1,0.311,2.14,0.07,31,NA
"orei_manure","rosemount","2021","102","fertControl_cutNone","N fertilizer rate",NA,2021-06-01,1899-12-31 10:47:37,478.9,0.282,2.16,0.05,32,NA
"orei_manure","rosemount","2021","102","fertControl_cutNone","N fertilizer rate",NA,2021-06-01,1899-12-31 10:47:58,487.1,0.301,2.09,0,31,NA
"orei_manure","rosemount","2021","102","fertControl_cutNone","N fertilizer rate",NA,2021-06-01,1899-12-31 10:48:19,498.1,0.302,2.23,0,31,NA
"orei_manure","rosemount","2021","102","fertControl_cutNone","N fertilizer rate",NA,2021-06-01,1899-12-31 10:48:40,513.8,0.301,2.16,0.01,32,NA
"orei_manure","rosemount","2021","102","fertControl_cutNone","N fertilizer rate",NA,2021-06-01,1899-12-31 10:49:01,520.7,0.293,2.14,0.01,31,NA
"orei_manure","rosemount","2021","102","fertControl_cutNone","N fertilizer rate",NA,2021-06-01,1899-12-31 10:49:22,533.4,0.31,2.19,0.01,32,NA
"orei_manure","rosemount","2021","102","fertControl_cutNone","N fertilizer rate",NA,2021-06-01,1899-12-31 10:49:43,544.2,0.291,2.23,0,32,NA
"orei_manure","rosemount","2021","102","fertControl_cutNone","N fertilizer rate",NA,2021-06-01,1899-12-31 10:50:04,557.2,0.29,2.17,0.02,32,NA
"orei_manure","rosemount","2021","102","fertControl_cutNone","N fertilizer rate",NA,2021-06-01,1899-12-31 10:50:25,569.3,0.301,2.18,0,32,NA
"orei_manure","rosemount","2021","102","fertControl_cutNone","N fertilizer rate",NA,2021-06-01,1899-12-31 10:50:46,582.1,0.309,2.2,0,32,NA
"orei_manure","rosemount","2021","102","fertControl_cutNone","N fertilizer rate",NA,2021-06-01,1899-12-31 10:51:07,600.8,0.317,2.08,0,32,NA
"orei_manure","rosemount","2021","102","fertControl_cutNone","N fertilizer rate",NA,2021-06-01,1899-12-31 10:51:28,614.3,0.343,2.19,0,32,NA
"orei_manure","rosemount","2021","102","fertControl_cutNone","N fertilizer rate",NA,2021-06-01,1899-12-31 10:51:49,626.1,0.311,2.15,0,32,NA
"orei_manure","rosemount","2021","102","fertControl_cutNone","N fertilizer rate",NA,2021-06-01,1899-12-31 10:52:10,640.4,0.318,2.03,0,32,NA
"orei_manure","rosemount","2021","102","fertControl_cutNone","N fertilizer rate",NA,2021-06-01,1899-12-31 10:52:31,655.4,0.324,2.11,0,32,NA
"orei_manure","rosemount","2021","102","fertControl_cutNone","N fertilizer rate",NA,2021-06-15,1899-12-31 10:56:02,479.6,0.39,2.32,0,35,NA
"orei_manure","rosemount","2021","102","fertControl_cutNone","N fertilizer rate",NA,2021-06-15,1899-12-31 10:56:24,462.7,0.369,2.21,0,35,NA
"orei_manure","rosemount","2021","102","fertControl_cutNone","N fertilizer rate",NA,2021-06-15,1899-12-31 10:56:45,446.3,0.379,2.12,0,35,NA
"orei_manure","rosemount","2021","102","fertControl_cutNone","N fertilizer rate",NA,2021-06-15,1899-12-31 10:57:06,438.2,0.362,2.19,0,35,NA
"orei_manure","rosemount","2021","102","fertControl_cutNone","N fertilizer rate",NA,2021-06-15,1899-12-31 10:57:27,441.7,0.374,1.95,0,35,NA
"orei_manure","rosemount","2021","102","fertControl_cutNone","N fertilizer rate",NA,2021-06-15,1899-12-31 10:57:48,440.8,0.381,1.78,0,35,NA
"orei_manure","rosemount","2021","102","fertControl_cutNone","N fertilizer rate",NA,2021-06-15,1899-12-31 10:58:09,434.1,0.354,2.25,0,35,NA
"orei_manure","rosemount","2021","102","fertControl_cutNone","N fertilizer rate",NA,2021-06-15,1899-12-31 10:58:30,437.3,0.359,2.21,0,35,NA
"orei_manure","rosemount","2021","102","fertControl_cutNone","N fertilizer rate",NA,2021-06-15,1899-12-31 10:58:51,439.4,0.338,1.94,0,35,NA
"orei_manure","rosemount","2021","102","fertControl_cutNone","N fertilizer rate",NA,2021-06-15,1899-12-31 10:59:12,445,0.388,2.23,0,35,NA
"orei_manure","rosemount","2021","102","fertControl_cutNone","N fertilizer rate",NA,2021-06-15,1899-12-31 10:59:33,445.4,0.377,2.27,0,35,NA
"orei_manure","rosemount","2021","102","fertControl_cutNone","N fertilizer rate",NA,2021-06-15,1899-12-31 10:59:54,447.8,0.353,2.4,0,35,NA
"orei_manure","rosemount","2021","102","fertControl_cutNone","N fertilizer rate",NA,2021-06-15,1899-12-31 11:00:15,449,0.376,2.51,0,35,NA
"orei_manure","rosemount","2021","102","fertControl_cutNone","N fertilizer rate",NA,2021-06-15,1899-12-31 11:00:36,451.6,0.361,2.03,0,35,NA
"orei_manure","rosemount","2021","102","fertControl_cutNone","N fertilizer rate",NA,2021-06-15,1899-12-31 11:00:57,448.4,0.358,2.12,0,35,NA
"orei_manure","rosemount","2021","102","fertControl_cutNone","N fertilizer rate",NA,2021-06-15,1899-12-31 11:01:18,449.8,0.364,2.18,0,35,NA
"orei_manure","rosemount","2021","102","fertControl_cutNone","N fertilizer rate",NA,2021-06-15,1899-12-31 11:01:39,451.9,0.343,2.01,0,35,NA
"orei_manure","rosemount","2021","102","fertControl_cutNone","N fertilizer rate",NA,2021-09-10,1899-12-31 10:40:53,456.6,0.333,2.37,0,33,NA
"orei_manure","rosemount","2021","102","fertControl_cutNone","N fertilizer rate",NA,2021-09-10,1899-12-31 10:41:14,423.7,0.342,2.26,0,33,NA
"orei_manure","rosemount","2021","102","fertControl_cutNone","N fertilizer rate",NA,2021-09-10,1899-12-31 10:41:35,409.2,0.339,2.24,0,33,NA
"orei_manure","rosemount","2021","102","fertControl_cutNone","N fertilizer rate",NA,2021-09-10,1899-12-31 10:41:56,407.3,0.323,2.28,0,33,NA
"orei_manure","rosemount","2021","102","fertControl_cutNone","N fertilizer rate",NA,2021-09-10,1899-12-31 10:42:17,412.7,0.329,2.4,0,33,NA
"orei_manure","rosemount","2021","102","fertControl_cutNone","N fertilizer rate",NA,2021-09-10,1899-12-31 10:42:37,415.7,0.334,2.28,0,33,NA
"orei_manure","rosemount","2021","102","fertControl_cutNone","N fertilizer rate",NA,2021-09-10,1899-12-31 10:42:58,419.4,0.337,2.28,0,33,NA
"orei_manure","rosemount","2021","102","fertControl_cutNone","N fertilizer rate",NA,2021-09-10,1899-12-31 10:43:19,422.4,0.338,2.38,0,33,NA
"orei_manure","rosemount","2021","102","fertControl_cutNone","N fertilizer rate",NA,2021-09-10,1899-12-31 10:43:40,425.1,0.343,2.29,0,33,NA
"orei_manure","rosemount","2021","102","fertControl_cutNone","N fertilizer rate",NA,2021-09-10,1899-12-31 10:44:01,428.9,0.327,2.28,0,33,NA
"orei_manure","rosemount","2021","102","fertControl_cutNone","N fertilizer rate",NA,2021-09-10,1899-12-31 10:44:22,434.4,0.349,2.41,0,33,NA
"orei_manure","rosemount","2021","102","fertControl_cutNone","N fertilizer rate",NA,2021-09-10,1899-12-31 10:44:43,437.8,0.344,2.29,0,33,NA
"orei_manure","rosemount","2021","102","fertControl_cutNone","N fertilizer rate",NA,2021-09-10,1899-12-31 10:45:04,439.4,0.338,2.27,0,33,NA
"orei_manure","rosemount","2021","102","fertControl_cutNone","N fertilizer rate",NA,2021-09-10,1899-12-31 10:45:25,442,0.338,2.31,0,33,NA
"orei_manure","rosemount","2021","102","fertControl_cutNone","N fertilizer rate",NA,2021-09-10,1899-12-31 10:45:46,448.4,0.362,2.25,0,33,NA
"orei_manure","rosemount","2021","102","fertControl_cutNone","N fertilizer rate",NA,2021-09-10,1899-12-31 10:46:07,448.8,0.332,2.31,0,33,NA
"orei_manure","rosemount","2021","102","fertControl_cutNone","N fertilizer rate",NA,2021-09-10,1899-12-31 10:46:28,451.1,0.343,2.35,0,33,NA
"orei_manure","rosemount","2021","102","fertControl_cutNone","N fertilizer rate",NA,2021-09-10,1899-12-31 10:46:49,455.9,0.348,2.33,0,33,NA
"orei_manure","rosemount","2021","104","fertManure_cutNone","N fertilizer rate","88 kg N ha",2021-04-05,1899-12-31 12:16:09,511.9,0.341,1.85,0.57,34,NA
"orei_manure","rosemount","2021","104","fertManure_cutNone","N fertilizer rate","88 kg N ha",2021-04-05,1899-12-31 12:16:30,501.1,0.337,2,0.19,34,NA
"orei_manure","rosemount","2021","104","fertManure_cutNone","N fertilizer rate","88 kg N ha",2021-04-05,1899-12-31 12:16:51,482.2,0.37,1.87,0,34,NA
"orei_manure","rosemount","2021","104","fertManure_cutNone","N fertilizer rate","88 kg N ha",2021-04-05,1899-12-31 12:17:12,470.6,0.375,2.03,0,34,NA
"orei_manure","rosemount","2021","104","fertManure_cutNone","N fertilizer rate","88 kg N ha",2021-04-05,1899-12-31 12:17:32,464,0.361,1.99,0,34,NA
"orei_manure","rosemount","2021","104","fertManure_cutNone","N fertilizer rate","88 kg N ha",2021-04-05,1899-12-31 12:17:53,462.7,0.384,2.02,0,34,NA
"orei_manure","rosemount","2021","104","fertManure_cutNone","N fertilizer rate","88 kg N ha",2021-04-05,1899-12-31 12:18:14,462.4,0.357,1.98,0,35,NA
"orei_manure","rosemount","2021","104","fertManure_cutNone","N fertilizer rate","88 kg N ha",2021-04-05,1899-12-31 12:18:35,460.1,0.324,1.87,0,35,NA
"orei_manure","rosemount","2021","104","fertManure_cutNone","N fertilizer rate","88 kg N ha",2021-04-05,1899-12-31 12:18:56,467.7,0.336,2.08,0.02,35,NA
"orei_manure","rosemount","2021","104","fertManure_cutNone","N fertilizer rate","88 kg N ha",2021-04-05,1899-12-31 12:19:17,471.2,0.354,1.88,0,35,NA
"orei_manure","rosemount","2021","104","fertManure_cutNone","N fertilizer rate","88 kg N ha",2021-04-05,1899-12-31 12:19:38,476.1,0.371,1.76,0,35,NA
"orei_manure","rosemount","2021","104","fertManure_cutNone","N fertilizer rate","88 kg N ha",2021-04-05,1899-12-31 12:19:59,478.3,0.306,2.02,0,35,NA
"orei_manure","rosemount","2021","104","fertManure_cutNone","N fertilizer rate","88 kg N ha",2021-04-05,1899-12-31 12:20:20,487.1,0.387,2.13,0,35,NA
"orei_manure","rosemount","2021","104","fertManure_cutNone","N fertilizer rate","88 kg N ha",2021-04-05,1899-12-31 12:20:41,489.5,0.304,1.92,0.01,35,NA
"orei_manure","rosemount","2021","104","fertManure_cutNone","N fertilizer rate","88 kg N ha",2021-04-05,1899-12-31 12:21:01,500.9,0.386,1.97,0,35,NA
"orei_manure","rosemount","2021","104","fertManure_cutNone","N fertilizer rate","88 kg N ha",2021-04-05,1899-12-31 12:21:22,501.2,0.303,2.12,0,35,NA
"orei_manure","rosemount","2021","104","fertManure_cutNone","N fertilizer rate","88 kg N ha",2021-04-05,1899-12-31 12:21:43,503.9,0.319,1.99,0,35,NA
"orei_manure","rosemount","2021","104","fertManure_cutNone","N fertilizer rate","88 kg N ha",2021-04-22,1899-12-31 12:06:09,574.9,0.411,2.09,0.35,26,NA
"orei_manure","rosemount","2021","104","fertManure_cutNone","N fertilizer rate","88 kg N ha",2021-04-22,1899-12-31 12:06:30,572,0.431,2.13,0.16,26,NA
"orei_manure","rosemount","2021","104","fertManure_cutNone","N fertilizer rate","88 kg N ha",2021-04-22,1899-12-31 12:06:50,541.8,0.385,2.3,0,26,NA
"orei_manure","rosemount","2021","104","fertManure_cutNone","N fertilizer rate","88 kg N ha",2021-04-22,1899-12-31 12:07:12,520.8,0.393,2.35,0.06,26,NA
"orei_manure","rosemount","2021","104","fertManure_cutNone","N fertilizer rate","88 kg N ha",2021-04-22,1899-12-31 12:07:32,510.4,0.383,2.39,0.11,26,NA
"orei_manure","rosemount","2021","104","fertManure_cutNone","N fertilizer rate","88 kg N ha",2021-04-22,1899-12-31 12:07:53,502.2,0.35,2.37,0.01,26,NA
"orei_manure","rosemount","2021","104","fertManure_cutNone","N fertilizer rate","88 kg N ha",2021-04-22,1899-12-31 12:08:14,503.3,0.39,2.43,0.17,26,NA
"orei_manure","rosemount","2021","104","fertManure_cutNone","N fertilizer rate","88 kg N ha",2021-04-22,1899-12-31 12:08:35,509.8,0.37,2.33,0.12,26,NA
"orei_manure","rosemount","2021","104","fertManure_cutNone","N fertilizer rate","88 kg N ha",2021-04-22,1899-12-31 12:08:56,517.3,0.39,2.38,0.02,27,NA
"orei_manure","rosemount","2021","104","fertManure_cutNone","N fertilizer rate","88 kg N ha",2021-04-22,1899-12-31 12:09:17,521.2,0.39,2.32,0.05,26,NA
"orei_manure","rosemount","2021","104","fertManure_cutNone","N fertilizer rate","88 kg N ha",2021-04-22,1899-12-31 12:09:39,529.7,0.399,2.31,0.1,26,NA
"orei_manure","rosemount","2021","104","fertManure_cutNone","N fertilizer rate","88 kg N ha",2021-04-22,1899-12-31 12:09:59,540.3,0.397,2.4,0.02,27,NA
"orei_manure","rosemount","2021","104","fertManure_cutNone","N fertilizer rate","88 kg N ha",2021-04-22,1899-12-31 12:10:20,550,0.403,2.33,0.11,27,NA
"orei_manure","rosemount","2021","104","fertManure_cutNone","N fertilizer rate","88 kg N ha",2021-04-22,1899-12-31 12:10:41,555.5,0.378,2.35,0.09,27,NA
"orei_manure","rosemount","2021","104","fertManure_cutNone","N fertilizer rate","88 kg N ha",2021-04-22,1899-12-31 12:11:03,564.7,0.408,2.4,0.07,27,NA
"orei_manure","rosemount","2021","104","fertManure_cutNone","N fertilizer rate","88 kg N ha",2021-04-22,1899-12-31 12:11:23,573.1,0.397,2.3,0.05,27,NA
"orei_manure","rosemount","2021","104","fertManure_cutNone","N fertilizer rate","88 kg N ha",2021-04-22,1899-12-31 12:11:44,581.6,0.406,2.29,0.06,26,NA
"orei_manure","rosemount","2021","104","fertManure_cutNone","N fertilizer rate","88 kg N ha",2021-07-08,1899-12-31 13:33:59,482.6,0.28,1.7,1.55,31,NA
"orei_manure","rosemount","2021","104","fertManure_cutNone","N fertilizer rate","88 kg N ha",2021-07-08,1899-12-31 13:34:20,461.8,0.352,1.77,0.41,31,NA
"orei_manure","rosemount","2021","104","fertManure_cutNone","N fertilizer rate","88 kg N ha",2021-07-08,1899-12-31 13:34:40,441.3,0.356,1.97,0.02,31,NA
"orei_manure","rosemount","2021","104","fertManure_cutNone","N fertilizer rate","88 kg N ha",2021-07-08,1899-12-31 13:35:01,435.1,0.359,1.98,0,31,NA
"orei_manure","rosemount","2021","104","fertManure_cutNone","N fertilizer rate","88 kg N ha",2021-07-08,1899-12-31 13:35:22,435.5,0.354,1.74,0,32,NA
"orei_manure","rosemount","2021","104","fertManure_cutNone","N fertilizer rate","88 kg N ha",2021-07-08,1899-12-31 13:35:43,436.7,0.357,2,0.02,32,NA
"orei_manure","rosemount","2021","104","fertManure_cutNone","N fertilizer rate","88 kg N ha",2021-07-08,1899-12-31 13:36:04,438.7,0.334,1.97,0,32,NA
"orei_manure","rosemount","2021","104","fertManure_cutNone","N fertilizer rate","88 kg N ha",2021-07-08,1899-12-31 13:36:25,440.4,0.34,1.93,0,32,NA
"orei_manure","rosemount","2021","104","fertManure_cutNone","N fertilizer rate","88 kg N ha",2021-07-08,1899-12-31 13:36:46,440.8,0.338,1.95,0.01,32,NA
"orei_manure","rosemount","2021","104","fertManure_cutNone","N fertilizer rate","88 kg N ha",2021-07-08,1899-12-31 13:37:07,443.1,0.354,1.78,0.03,32,NA
"orei_manure","rosemount","2021","104","fertManure_cutNone","N fertilizer rate","88 kg N ha",2021-07-08,1899-12-31 13:37:28,446.4,0.352,1.86,0,32,NA
"orei_manure","rosemount","2021","104","fertManure_cutNone","N fertilizer rate","88 kg N ha",2021-07-08,1899-12-31 13:37:48,445,0.351,1.91,0,32,NA
"orei_manure","rosemount","2021","104","fertManure_cutNone","N fertilizer rate","88 kg N ha",2021-07-08,1899-12-31 13:38:09,447.6,0.334,1.73,0,32,NA
"orei_manure","rosemount","2021","104","fertManure_cutNone","N fertilizer rate","88 kg N ha",2021-07-08,1899-12-31 13:38:30,450.2,0.337,2.21,0,32,NA
"orei_manure","rosemount","2021","104","fertManure_cutNone","N fertilizer rate","88 kg N ha",2021-07-08,1899-12-31 13:38:51,454.6,0.343,1.81,0,32,NA
"orei_manure","rosemount","2021","104","fertManure_cutNone","N fertilizer rate","88 kg N ha",2021-07-08,1899-12-31 13:39:12,459,0.345,1.79,0,33,NA
"orei_manure","rosemount","2021","104","fertManure_cutNone","N fertilizer rate","88 kg N ha",2021-07-08,1899-12-31 13:39:33,466.1,0.369,1.7,0,33,NA
"orei_manure","rosemount","2021","104","fertManure_cutNone","N fertilizer rate","88 kg N ha",2021-07-08,1899-12-31 13:39:54,467.9,0.363,1.99,0,33,NA
"orei_manure","rosemount","2021","104","fertManure_cutNone","N fertilizer rate","88 kg N ha",2021-07-16,1899-12-31 11:33:37,462.1,0.497,2.41,0,38,NA
"orei_manure","rosemount","2021","104","fertManure_cutNone","N fertilizer rate","88 kg N ha",2021-07-16,1899-12-31 11:34:00,465.8,0.463,2.38,0,38,NA
"orei_manure","rosemount","2021","104","fertManure_cutNone","N fertilizer rate","88 kg N ha",2021-07-16,1899-12-31 11:34:21,487.3,0.347,2.25,0,38,NA
"orei_manure","rosemount","2021","104","fertManure_cutNone","N fertilizer rate","88 kg N ha",2021-07-16,1899-12-31 11:34:43,499.9,0.406,2.37,0,38,NA
"orei_manure","rosemount","2021","104","fertManure_cutNone","N fertilizer rate","88 kg N ha",2021-07-16,1899-12-31 11:35:04,443.5,0.387,2.25,0,38,NA
"orei_manure","rosemount","2021","104","fertManure_cutNone","N fertilizer rate","88 kg N ha",2021-07-16,1899-12-31 11:35:26,420.6,0.361,2.18,0,38,NA
"orei_manure","rosemount","2021","104","fertManure_cutNone","N fertilizer rate","88 kg N ha",2021-07-16,1899-12-31 11:35:48,420.5,0.456,2.16,0,39,NA
"orei_manure","rosemount","2021","104","fertManure_cutNone","N fertilizer rate","88 kg N ha",2021-07-16,1899-12-31 11:36:11,418.5,0.478,2.15,0,38,NA
"orei_manure","rosemount","2021","104","fertManure_cutNone","N fertilizer rate","88 kg N ha",2021-07-16,1899-12-31 11:36:33,415.7,0.462,2.19,0,39,NA
"orei_manure","rosemount","2021","104","fertManure_cutNone","N fertilizer rate","88 kg N ha",2021-07-16,1899-12-31 11:36:56,417.3,0.435,2.25,0,39,NA
"orei_manure","rosemount","2021","104","fertManure_cutNone","N fertilizer rate","88 kg N ha",2021-07-16,1899-12-31 11:37:18,424.9,0.448,2.31,0,39,NA
"orei_manure","rosemount","2021","104","fertManure_cutNone","N fertilizer rate","88 kg N ha",2021-07-16,1899-12-31 11:37:40,430.7,0.485,2.18,0,39,NA
"orei_manure","rosemount","2021","104","fertManure_cutNone","N fertilizer rate","88 kg N ha",2021-07-16,1899-12-31 11:38:02,417.7,0.372,2.19,0,39,NA
"orei_manure","rosemount","2021","104","fertManure_cutNone","N fertilizer rate","88 kg N ha",2021-07-16,1899-12-31 11:38:24,425.8,0.381,2.18,0,39,NA
"orei_manure","rosemount","2021","104","fertManure_cutNone","N fertilizer rate","88 kg N ha",2021-07-16,1899-12-31 11:38:47,422.4,0.454,2.16,0,39,NA
"orei_manure","rosemount","2021","104","fertManure_cutNone","N fertilizer rate","88 kg N ha",2021-07-16,1899-12-31 11:39:10,440.5,0.478,2.23,0,39,NA
"orei_manure","rosemount","2021","104","fertManure_cutNone","N fertilizer rate","88 kg N ha",2021-07-16,1899-12-31 11:39:34,433.6,0.437,2.31,0,39,NA
"orei_manure","rosemount","2021","104","fertManure_cutNone","N fertilizer rate","88 kg N ha",2021-08-10,1899-12-31 12:32:47,456.9,0.322,2.51,0,40,NA
"orei_manure","rosemount","2021","104","fertManure_cutNone","N fertilizer rate","88 kg N ha",2021-08-10,1899-12-31 12:33:08,448.9,0.284,2.42,0,40,NA
"orei_manure","rosemount","2021","104","fertManure_cutNone","N fertilizer rate","88 kg N ha",2021-08-10,1899-12-31 12:33:29,428,0.313,2.41,0,40,NA
"orei_manure","rosemount","2021","104","fertManure_cutNone","N fertilizer rate","88 kg N ha",2021-08-10,1899-12-31 12:33:50,414.1,0.289,2.48,0,40,NA
"orei_manure","rosemount","2021","104","fertManure_cutNone","N fertilizer rate","88 kg N ha",2021-08-10,1899-12-31 12:34:11,405.8,0.272,2.48,0,40,NA
"orei_manure","rosemount","2021","104","fertManure_cutNone","N fertilizer rate","88 kg N ha",2021-08-10,1899-12-31 12:34:32,410.4,0.276,2.48,0,40,NA
"orei_manure","rosemount","2021","104","fertManure_cutNone","N fertilizer rate","88 kg N ha",2021-08-10,1899-12-31 12:34:53,403,0.271,2.44,0,40,NA
"orei_manure","rosemount","2021","104","fertManure_cutNone","N fertilizer rate","88 kg N ha",2021-08-10,1899-12-31 12:35:14,404.2,0.244,2.49,0,40,NA
"orei_manure","rosemount","2021","104","fertManure_cutNone","N fertilizer rate","88 kg N ha",2021-08-10,1899-12-31 12:35:35,406,0.235,2.53,0,40,NA
"orei_manure","rosemount","2021","104","fertManure_cutNone","N fertilizer rate","88 kg N ha",2021-08-10,1899-12-31 12:35:56,410.2,0.259,2.54,0,40,NA
"orei_manure","rosemount","2021","104","fertManure_cutNone","N fertilizer rate","88 kg N ha",2021-08-10,1899-12-31 12:36:17,411.4,0.255,2.58,0,40,NA
"orei_manure","rosemount","2021","104","fertManure_cutNone","N fertilizer rate","88 kg N ha",2021-08-10,1899-12-31 12:36:38,412.4,0.259,2.46,0,40,NA
"orei_manure","rosemount","2021","104","fertManure_cutNone","N fertilizer rate","88 kg N ha",2021-08-10,1899-12-31 12:36:59,413.7,0.241,2.45,0,40,NA
"orei_manure","rosemount","2021","104","fertManure_cutNone","N fertilizer rate","88 kg N ha",2021-08-10,1899-12-31 12:37:20,415.8,0.254,2.49,0,40,NA
"orei_manure","rosemount","2021","104","fertManure_cutNone","N fertilizer rate","88 kg N ha",2021-08-10,1899-12-31 12:37:41,421.2,0.248,2.36,0,40,NA
"orei_manure","rosemount","2021","104","fertManure_cutNone","N fertilizer rate","88 kg N ha",2021-08-10,1899-12-31 12:38:02,425.1,0.252,2.5,0,40,NA
"orei_manure","rosemount","2021","104","fertManure_cutNone","N fertilizer rate","88 kg N ha",2021-08-10,1899-12-31 12:38:23,425.8,0.252,2.48,0,40,NA
"orei_manure","rosemount","2021","104","fertManure_cutNone","N fertilizer rate","88 kg N ha",2021-10-14,1899-12-31 12:11:24,432.7,0.407,1.92,0,20,NA
"orei_manure","rosemount","2021","104","fertManure_cutNone","N fertilizer rate","88 kg N ha",2021-10-14,1899-12-31 12:11:45,432,0.389,1.88,0.04,20,NA
"orei_manure","rosemount","2021","104","fertManure_cutNone","N fertilizer rate","88 kg N ha",2021-10-14,1899-12-31 12:12:06,427,0.402,2.01,0.01,20,NA
"orei_manure","rosemount","2021","104","fertManure_cutNone","N fertilizer rate","88 kg N ha",2021-10-14,1899-12-31 12:12:27,422.3,0.393,2,0.01,20,NA
"orei_manure","rosemount","2021","104","fertManure_cutNone","N fertilizer rate","88 kg N ha",2021-10-14,1899-12-31 12:12:47,422.1,0.377,1.93,0,20,NA
"orei_manure","rosemount","2021","104","fertManure_cutNone","N fertilizer rate","88 kg N ha",2021-10-14,1899-12-31 12:13:09,428.2,0.396,1.96,0,20,NA
"orei_manure","rosemount","2021","104","fertManure_cutNone","N fertilizer rate","88 kg N ha",2021-10-14,1899-12-31 12:13:29,427.9,0.378,1.94,0,20,NA
"orei_manure","rosemount","2021","104","fertManure_cutNone","N fertilizer rate","88 kg N ha",2021-10-14,1899-12-31 12:13:50,426,0.372,1.92,0,20,NA
"orei_manure","rosemount","2021","104","fertManure_cutNone","N fertilizer rate","88 kg N ha",2021-10-14,1899-12-31 12:14:11,429.5,0.368,1.94,0,20,NA
"orei_manure","rosemount","2021","104","fertManure_cutNone","N fertilizer rate","88 kg N ha",2021-10-14,1899-12-31 12:14:32,433.6,0.376,1.92,0,20,NA
"orei_manure","rosemount","2021","104","fertManure_cutNone","N fertilizer rate","88 kg N ha",2021-10-14,1899-12-31 12:14:53,434.7,0.39,1.95,0,20,NA
"orei_manure","rosemount","2021","104","fertManure_cutNone","N fertilizer rate","88 kg N ha",2021-10-14,1899-12-31 12:15:14,437.8,0.387,1.95,0,20,NA
"orei_manure","rosemount","2021","104","fertManure_cutNone","N fertilizer rate","88 kg N ha",2021-10-14,1899-12-31 12:15:35,432.7,0.387,1.98,0,20,NA
"orei_manure","rosemount","2021","104","fertManure_cutNone","N fertilizer rate","88 kg N ha",2021-10-14,1899-12-31 12:15:56,434.8,0.371,1.9,0,20,NA
"orei_manure","rosemount","2021","104","fertManure_cutNone","N fertilizer rate","88 kg N ha",2021-10-14,1899-12-31 12:16:16,439.4,0.385,1.97,0,20,NA
"orei_manure","rosemount","2021","104","fertManure_cutNone","N fertilizer rate","88 kg N ha",2021-10-14,1899-12-31 12:16:37,438.7,0.371,1.89,0,20,NA
"orei_manure","rosemount","2021","104","fertManure_cutNone","N fertilizer rate","88 kg N ha",2021-10-14,1899-12-31 12:16:58,440.4,0.387,1.89,0,20,NA
"orei_manure","rosemount","2021","104","fertManure_cutNone","N fertilizer rate","88 kg N ha",2021-10-25,1899-12-31 15:52:06,434.7,0.447,1.87,0,24,NA
"orei_manure","rosemount","2021","104","fertManure_cutNone","N fertilizer rate","88 kg N ha",2021-10-25,1899-12-31 15:52:27,436.1,0.432,1.83,0,24,NA
"orei_manure","rosemount","2021","104","fertManure_cutNone","N fertilizer rate","88 kg N ha",2021-10-25,1899-12-31 15:52:47,431.7,0.445,1.95,0,24,NA
"orei_manure","rosemount","2021","104","fertManure_cutNone","N fertilizer rate","88 kg N ha",2021-10-25,1899-12-31 15:53:08,426.3,0.425,1.89,0,24,NA
"orei_manure","rosemount","2021","104","fertManure_cutNone","N fertilizer rate","88 kg N ha",2021-10-25,1899-12-31 15:53:29,427,0.426,1.85,0,24,NA
"orei_manure","rosemount","2021","104","fertManure_cutNone","N fertilizer rate","88 kg N ha",2021-10-25,1899-12-31 15:53:50,428.5,0.465,1.95,0,24,NA
"orei_manure","rosemount","2021","104","fertManure_cutNone","N fertilizer rate","88 kg N ha",2021-10-25,1899-12-31 15:54:11,429.1,0.442,1.95,0,24,NA
"orei_manure","rosemount","2021","104","fertManure_cutNone","N fertilizer rate","88 kg N ha",2021-10-25,1899-12-31 15:54:32,430,0.437,1.86,0,24,NA
"orei_manure","rosemount","2021","104","fertManure_cutNone","N fertilizer rate","88 kg N ha",2021-10-25,1899-12-31 15:54:53,431,0.441,1.9,0,24,NA
"orei_manure","rosemount","2021","104","fertManure_cutNone","N fertilizer rate","88 kg N ha",2021-10-25,1899-12-31 15:55:13,431,0.438,1.87,0,24,NA
"orei_manure","rosemount","2021","104","fertManure_cutNone","N fertilizer rate","88 kg N ha",2021-10-25,1899-12-31 15:55:34,430.6,0.431,1.86,0,24,NA
"orei_manure","rosemount","2021","104","fertManure_cutNone","N fertilizer rate","88 kg N ha",2021-10-25,1899-12-31 15:55:55,434.2,0.454,1.82,0,24,NA
"orei_manure","rosemount","2021","104","fertManure_cutNone","N fertilizer rate","88 kg N ha",2021-10-25,1899-12-31 15:56:16,435.3,0.447,1.97,0,24,NA
"orei_manure","rosemount","2021","104","fertManure_cutNone","N fertilizer rate","88 kg N ha",2021-10-25,1899-12-31 15:56:37,436.1,0.436,1.93,0,24,NA
"orei_manure","rosemount","2021","104","fertManure_cutNone","N fertilizer rate","88 kg N ha",2021-10-25,1899-12-31 15:56:58,456.9,0.457,1.82,0,24,NA
"orei_manure","rosemount","2021","104","fertManure_cutNone","N fertilizer rate","88 kg N ha",2021-10-25,1899-12-31 15:57:19,465,0.432,1.87,0,24,NA
"orei_manure","rosemount","2021","104","fertManure_cutNone","N fertilizer rate","88 kg N ha",2021-04-29,1899-12-31 13:21:59,646.1,0.323,2.15,0,30,NA
"orei_manure","rosemount","2021","104","fertManure_cutNone","N fertilizer rate","88 kg N ha",2021-04-29,1899-12-31 13:22:20,633.7,0.303,2.11,0,30,NA
"orei_manure","rosemount","2021","104","fertManure_cutNone","N fertilizer rate","88 kg N ha",2021-04-29,1899-12-31 13:22:40,593,0.32,2.13,0,30,NA
"orei_manure","rosemount","2021","104","fertManure_cutNone","N fertilizer rate","88 kg N ha",2021-04-29,1899-12-31 13:23:02,570.6,0.358,2.13,0.02,30,NA
"orei_manure","rosemount","2021","104","fertManure_cutNone","N fertilizer rate","88 kg N ha",2021-04-29,1899-12-31 13:23:22,556,0.297,2.22,0,30,NA
"orei_manure","rosemount","2021","104","fertManure_cutNone","N fertilizer rate","88 kg N ha",2021-04-29,1899-12-31 13:23:43,558.7,0.293,2.04,0,30,NA
"orei_manure","rosemount","2021","104","fertManure_cutNone","N fertilizer rate","88 kg N ha",2021-04-29,1899-12-31 13:24:04,566.1,0.309,2.08,0,30,NA
"orei_manure","rosemount","2021","104","fertManure_cutNone","N fertilizer rate","88 kg N ha",2021-04-29,1899-12-31 13:24:25,577,0.325,2.13,0,30,NA
"orei_manure","rosemount","2021","104","fertManure_cutNone","N fertilizer rate","88 kg N ha",2021-04-29,1899-12-31 13:24:46,589.1,0.293,2.01,0,30,NA
"orei_manure","rosemount","2021","104","fertManure_cutNone","N fertilizer rate","88 kg N ha",2021-04-29,1899-12-31 13:25:07,605.7,0.375,2.09,0,30,NA
"orei_manure","rosemount","2021","104","fertManure_cutNone","N fertilizer rate","88 kg N ha",2021-04-29,1899-12-31 13:25:28,619.6,0.329,2.06,0,30,NA
"orei_manure","rosemount","2021","104","fertManure_cutNone","N fertilizer rate","88 kg N ha",2021-04-29,1899-12-31 13:25:48,638.7,0.288,2.13,0,30,NA
"orei_manure","rosemount","2021","104","fertManure_cutNone","N fertilizer rate","88 kg N ha",2021-04-29,1899-12-31 13:26:09,659,0.339,2.14,0,30,NA
"orei_manure","rosemount","2021","104","fertManure_cutNone","N fertilizer rate","88 kg N ha",2021-04-29,1899-12-31 13:26:30,683.1,0.336,2.03,0,30,NA
"orei_manure","rosemount","2021","104","fertManure_cutNone","N fertilizer rate","88 kg N ha",2021-04-29,1899-12-31 13:26:51,703.8,0.342,2.2,0,30,NA
"orei_manure","rosemount","2021","104","fertManure_cutNone","N fertilizer rate","88 kg N ha",2021-04-29,1899-12-31 13:27:12,724.2,0.354,2.07,0.01,30,NA
"orei_manure","rosemount","2021","104","fertManure_cutNone","N fertilizer rate","88 kg N ha",2021-04-29,1899-12-31 13:27:33,756.6,0.345,2.06,0.06,30,NA
"orei_manure","rosemount","2021","104","fertManure_cutNone","N fertilizer rate","88 kg N ha",2021-04-29,1899-12-31 13:27:54,764.1,0.297,2.05,0,30,NA
"orei_manure","rosemount","2021","104","fertManure_cutNone","N fertilizer rate","88 kg N ha",2021-05-18,1899-12-31 11:02:58,610.6,0.353,2.48,0.08,32,NA
"orei_manure","rosemount","2021","104","fertManure_cutNone","N fertilizer rate","88 kg N ha",2021-05-18,1899-12-31 11:03:19,605.5,0.361,2.49,0.1,32,NA
"orei_manure","rosemount","2021","104","fertManure_cutNone","N fertilizer rate","88 kg N ha",2021-05-18,1899-12-31 11:03:40,563.4,0.342,2.53,0,32,NA
"orei_manure","rosemount","2021","104","fertManure_cutNone","N fertilizer rate","88 kg N ha",2021-05-18,1899-12-31 11:04:01,535.1,0.36,2.48,0,32,NA
"orei_manure","rosemount","2021","104","fertManure_cutNone","N fertilizer rate","88 kg N ha",2021-05-18,1899-12-31 11:04:23,520.8,0.365,2.55,0.03,32,NA
"orei_manure","rosemount","2021","104","fertManure_cutNone","N fertilizer rate","88 kg N ha",2021-05-18,1899-12-31 11:04:43,509.8,0.363,2.64,0,32,NA
"orei_manure","rosemount","2021","104","fertManure_cutNone","N fertilizer rate","88 kg N ha",2021-05-18,1899-12-31 11:05:04,508.1,0.35,2.59,0.04,32,NA
"orei_manure","rosemount","2021","104","fertManure_cutNone","N fertilizer rate","88 kg N ha",2021-05-18,1899-12-31 11:05:25,507,0.356,2.55,0.01,32,NA
"orei_manure","rosemount","2021","104","fertManure_cutNone","N fertilizer rate","88 kg N ha",2021-05-18,1899-12-31 11:05:46,515.3,0.372,2.54,0,32,NA
"orei_manure","rosemount","2021","104","fertManure_cutNone","N fertilizer rate","88 kg N ha",2021-05-18,1899-12-31 11:06:07,519.4,0.359,2.54,0.06,32,NA
"orei_manure","rosemount","2021","104","fertManure_cutNone","N fertilizer rate","88 kg N ha",2021-05-18,1899-12-31 11:06:28,525.5,0.38,2.49,0.04,32,NA
"orei_manure","rosemount","2021","104","fertManure_cutNone","N fertilizer rate","88 kg N ha",2021-05-18,1899-12-31 11:06:49,530.5,0.351,2.49,0,32,NA
"orei_manure","rosemount","2021","104","fertManure_cutNone","N fertilizer rate","88 kg N ha",2021-05-18,1899-12-31 11:07:10,538.3,0.371,2.5,0.05,32,NA
"orei_manure","rosemount","2021","104","fertManure_cutNone","N fertilizer rate","88 kg N ha",2021-05-18,1899-12-31 11:07:31,548.1,0.351,2.51,0,32,NA
"orei_manure","rosemount","2021","104","fertManure_cutNone","N fertilizer rate","88 kg N ha",2021-05-18,1899-12-31 11:07:51,552.3,0.339,2.47,0.07,32,NA
"orei_manure","rosemount","2021","104","fertManure_cutNone","N fertilizer rate","88 kg N ha",2021-05-18,1899-12-31 11:08:12,559.1,0.35,2.5,0.07,32,NA
"orei_manure","rosemount","2021","104","fertManure_cutNone","N fertilizer rate","88 kg N ha",2021-05-18,1899-12-31 11:08:33,567.5,0.361,2.5,0.01,32,NA
"orei_manure","rosemount","2021","104","fertManure_cutNone","N fertilizer rate","88 kg N ha",2021-05-18,1899-12-31 11:08:56,575.6,0.36,2.54,0.01,32,NA
"orei_manure","rosemount","2021","104","fertManure_cutNone","N fertilizer rate","88 kg N ha",2021-06-15,1899-12-31 12:38:57,525.6,0.337,2.3,0,38,NA
"orei_manure","rosemount","2021","104","fertManure_cutNone","N fertilizer rate","88 kg N ha",2021-06-15,1899-12-31 12:39:18,484.2,0.333,2.34,0,39,NA
"orei_manure","rosemount","2021","104","fertManure_cutNone","N fertilizer rate","88 kg N ha",2021-06-15,1899-12-31 12:39:39,451.9,0.359,2.26,0.03,39,NA
"orei_manure","rosemount","2021","104","fertManure_cutNone","N fertilizer rate","88 kg N ha",2021-06-15,1899-12-31 12:40:00,442,0.353,2.38,0,38,NA
"orei_manure","rosemount","2021","104","fertManure_cutNone","N fertilizer rate","88 kg N ha",2021-06-15,1899-12-31 12:40:21,433.6,0.325,2.14,0,39,NA
"orei_manure","rosemount","2021","104","fertManure_cutNone","N fertilizer rate","88 kg N ha",2021-06-15,1899-12-31 12:40:42,434,0.355,2.3,0,39,NA
"orei_manure","rosemount","2021","104","fertManure_cutNone","N fertilizer rate","88 kg N ha",2021-06-15,1899-12-31 12:41:03,430,0.315,2.32,0,39,NA
"orei_manure","rosemount","2021","104","fertManure_cutNone","N fertilizer rate","88 kg N ha",2021-06-15,1899-12-31 12:41:25,434.7,0.34,2.3,0,39,NA
"orei_manure","rosemount","2021","104","fertManure_cutNone","N fertilizer rate","88 kg N ha",2021-06-15,1899-12-31 12:41:46,431.8,0.32,2.42,0,39,NA
"orei_manure","rosemount","2021","104","fertManure_cutNone","N fertilizer rate","88 kg N ha",2021-06-15,1899-12-31 12:42:07,433.1,0.314,2.09,0,39,NA
"orei_manure","rosemount","2021","104","fertManure_cutNone","N fertilizer rate","88 kg N ha",2021-06-15,1899-12-31 12:42:28,435.5,0.351,2.2,0,39,NA
"orei_manure","rosemount","2021","104","fertManure_cutNone","N fertilizer rate","88 kg N ha",2021-06-15,1899-12-31 12:42:49,439.3,0.353,2.2,0,39,NA
"orei_manure","rosemount","2021","104","fertManure_cutNone","N fertilizer rate","88 kg N ha",2021-06-15,1899-12-31 12:43:10,438.2,0.331,2.2,0,39,NA
"orei_manure","rosemount","2021","104","fertManure_cutNone","N fertilizer rate","88 kg N ha",2021-06-15,1899-12-31 12:43:31,434.7,0.337,2.1,0.03,39,NA
"orei_manure","rosemount","2021","104","fertManure_cutNone","N fertilizer rate","88 kg N ha",2021-06-15,1899-12-31 12:43:52,439,0.354,2.22,0,39,NA
"orei_manure","rosemount","2021","104","fertManure_cutNone","N fertilizer rate","88 kg N ha",2021-06-15,1899-12-31 12:44:13,444.2,0.344,2.18,0,39,NA
"orei_manure","rosemount","2021","104","fertManure_cutNone","N fertilizer rate","88 kg N ha",2021-06-15,1899-12-31 12:44:34,446.2,0.358,2.1,0,39,NA
"orei_manure","rosemount","2021","104","fertManure_cutNone","N fertilizer rate","88 kg N ha",2021-09-10,1899-12-31 12:17:21,431.3,0.29,2.33,0,37,NA
"orei_manure","rosemount","2021","104","fertManure_cutNone","N fertilizer rate","88 kg N ha",2021-09-10,1899-12-31 12:17:42,400.9,0.309,2.28,0,37,NA
"orei_manure","rosemount","2021","104","fertManure_cutNone","N fertilizer rate","88 kg N ha",2021-09-10,1899-12-31 12:18:03,388.6,0.295,2.38,0,37,NA
"orei_manure","rosemount","2021","104","fertManure_cutNone","N fertilizer rate","88 kg N ha",2021-09-10,1899-12-31 12:18:23,386.4,0.277,2.35,0,37,NA
"orei_manure","rosemount","2021","104","fertManure_cutNone","N fertilizer rate","88 kg N ha",2021-09-10,1899-12-31 12:18:45,390.5,0.306,2.26,0,37,NA
"orei_manure","rosemount","2021","104","fertManure_cutNone","N fertilizer rate","88 kg N ha",2021-09-10,1899-12-31 12:19:05,392.8,0.299,2.3,0,37,NA
"orei_manure","rosemount","2021","104","fertManure_cutNone","N fertilizer rate","88 kg N ha",2021-09-10,1899-12-31 12:19:26,397.6,0.315,2.31,0,37,NA
"orei_manure","rosemount","2021","104","fertManure_cutNone","N fertilizer rate","88 kg N ha",2021-09-10,1899-12-31 12:19:47,401.7,0.3,2.35,0,37,NA
"orei_manure","rosemount","2021","104","fertManure_cutNone","N fertilizer rate","88 kg N ha",2021-09-10,1899-12-31 12:20:08,405.9,0.302,2.41,0,37,NA
"orei_manure","rosemount","2021","104","fertManure_cutNone","N fertilizer rate","88 kg N ha",2021-09-10,1899-12-31 12:20:29,409.6,0.311,2.32,0,37,NA
"orei_manure","rosemount","2021","104","fertManure_cutNone","N fertilizer rate","88 kg N ha",2021-09-10,1899-12-31 12:20:50,413.7,0.314,2.44,0,37,NA
"orei_manure","rosemount","2021","104","fertManure_cutNone","N fertilizer rate","88 kg N ha",2021-09-10,1899-12-31 12:21:11,416,0.31,2.36,0,37,NA
"orei_manure","rosemount","2021","104","fertManure_cutNone","N fertilizer rate","88 kg N ha",2021-09-10,1899-12-31 12:21:32,418.2,0.279,2.37,0,37,NA
"orei_manure","rosemount","2021","104","fertManure_cutNone","N fertilizer rate","88 kg N ha",2021-09-10,1899-12-31 12:21:53,421,0.306,2.39,0,37,NA
"orei_manure","rosemount","2021","104","fertManure_cutNone","N fertilizer rate","88 kg N ha",2021-09-10,1899-12-31 12:22:14,425.2,0.308,2.39,0,38,NA
"orei_manure","rosemount","2021","104","fertManure_cutNone","N fertilizer rate","88 kg N ha",2021-09-10,1899-12-31 12:22:35,427.1,0.295,2.43,0,38,NA
"orei_manure","rosemount","2021","104","fertManure_cutNone","N fertilizer rate","88 kg N ha",2021-09-10,1899-12-31 12:22:56,428.1,0.316,2.38,0,38,NA
"orei_manure","rosemount","2021","104","fertManure_cutNone","N fertilizer rate","88 kg N ha",2021-09-10,1899-12-31 12:23:17,428,0.306,2.34,0,37,NA
"orei_manure","rosemount","2021","111","fertCommercial_cutFall","N fertilizer rate","70 kg N ha",NA,NA,NA,NA,NA,NA,NA,NA
"orei_manure","rosemount","2021","112","fertControl_cutFall","N fertilizer rate",NA,NA,NA,NA,NA,NA,NA,NA,NA
"orei_manure","rosemount","2021","114","fertManure_cutFall","N fertilizer rate","88 kg N ha",NA,NA,NA,NA,NA,NA,NA,NA
"orei_manure","rosemount","2021","201","fertManure_cutNone","N fertilizer rate","88 kg N ha",2021-04-05,1899-12-31 11:46:02,645.5,0.382,1.81,0.81,31,NA
"orei_manure","rosemount","2021","201","fertManure_cutNone","N fertilizer rate","88 kg N ha",2021-04-05,1899-12-31 11:46:23,618.8,0.339,1.98,0.18,31,NA
"orei_manure","rosemount","2021","201","fertManure_cutNone","N fertilizer rate","88 kg N ha",2021-04-05,1899-12-31 11:46:44,574.1,0.323,1.83,0,31,NA
"orei_manure","rosemount","2021","201","fertManure_cutNone","N fertilizer rate","88 kg N ha",2021-04-05,1899-12-31 11:47:05,543.2,0.313,1.94,0,31,NA
"orei_manure","rosemount","2021","201","fertManure_cutNone","N fertilizer rate","88 kg N ha",2021-04-05,1899-12-31 11:47:26,528.5,0.313,1.99,0,31,NA
"orei_manure","rosemount","2021","201","fertManure_cutNone","N fertilizer rate","88 kg N ha",2021-04-05,1899-12-31 11:47:46,528.9,0.337,1.82,0,32,NA
"orei_manure","rosemount","2021","201","fertManure_cutNone","N fertilizer rate","88 kg N ha",2021-04-05,1899-12-31 11:48:07,533.9,0.353,1.83,0,32,NA
"orei_manure","rosemount","2021","201","fertManure_cutNone","N fertilizer rate","88 kg N ha",2021-04-05,1899-12-31 11:48:28,535.4,0.311,1.95,0,32,NA
"orei_manure","rosemount","2021","201","fertManure_cutNone","N fertilizer rate","88 kg N ha",2021-04-05,1899-12-31 11:48:49,542.5,0.366,1.96,0,32,NA
"orei_manure","rosemount","2021","201","fertManure_cutNone","N fertilizer rate","88 kg N ha",2021-04-05,1899-12-31 11:49:10,554,0.379,1.97,0,32,NA
"orei_manure","rosemount","2021","201","fertManure_cutNone","N fertilizer rate","88 kg N ha",2021-04-05,1899-12-31 11:49:31,560.1,0.329,1.97,0,32,NA
"orei_manure","rosemount","2021","201","fertManure_cutNone","N fertilizer rate","88 kg N ha",2021-04-05,1899-12-31 11:49:52,564.4,0.313,1.86,0,32,NA
"orei_manure","rosemount","2021","201","fertManure_cutNone","N fertilizer rate","88 kg N ha",2021-04-05,1899-12-31 11:50:12,573.9,0.382,2.01,0,32,NA
"orei_manure","rosemount","2021","201","fertManure_cutNone","N fertilizer rate","88 kg N ha",2021-04-05,1899-12-31 11:50:33,578.5,0.37,1.99,0,32,NA
"orei_manure","rosemount","2021","201","fertManure_cutNone","N fertilizer rate","88 kg N ha",2021-04-05,1899-12-31 11:50:54,585.4,0.345,2.1,0,32,NA
"orei_manure","rosemount","2021","201","fertManure_cutNone","N fertilizer rate","88 kg N ha",2021-04-05,1899-12-31 11:51:15,591.8,0.349,1.88,0,33,NA
"orei_manure","rosemount","2021","201","fertManure_cutNone","N fertilizer rate","88 kg N ha",2021-04-05,1899-12-31 11:51:36,597.6,0.369,2,0,32,NA
"orei_manure","rosemount","2021","201","fertManure_cutNone","N fertilizer rate","88 kg N ha",2021-04-22,1899-12-31 11:26:32,609.9,0.391,2.32,0.09,25,NA
"orei_manure","rosemount","2021","201","fertManure_cutNone","N fertilizer rate","88 kg N ha",2021-04-22,1899-12-31 11:26:53,606.4,0.417,2.44,0.03,26,NA
"orei_manure","rosemount","2021","201","fertManure_cutNone","N fertilizer rate","88 kg N ha",2021-04-22,1899-12-31 11:27:14,566.2,0.391,2.39,0.07,25,NA
"orei_manure","rosemount","2021","201","fertManure_cutNone","N fertilizer rate","88 kg N ha",2021-04-22,1899-12-31 11:27:35,538.2,0.386,2.43,0.03,25,NA
"orei_manure","rosemount","2021","201","fertManure_cutNone","N fertilizer rate","88 kg N ha",2021-04-22,1899-12-31 11:27:56,531.6,0.418,2.38,0.02,25,NA
"orei_manure","rosemount","2021","201","fertManure_cutNone","N fertilizer rate","88 kg N ha",2021-04-22,1899-12-31 11:28:17,523.7,0.382,2.31,0.12,25,NA
"orei_manure","rosemount","2021","201","fertManure_cutNone","N fertilizer rate","88 kg N ha",2021-04-22,1899-12-31 11:28:38,527.9,0.41,2.32,0.08,26,NA
"orei_manure","rosemount","2021","201","fertManure_cutNone","N fertilizer rate","88 kg N ha",2021-04-22,1899-12-31 11:28:59,529.2,0.395,2.31,0,25,NA
"orei_manure","rosemount","2021","201","fertManure_cutNone","N fertilizer rate","88 kg N ha",2021-04-22,1899-12-31 11:29:20,531.6,0.407,2.27,0.07,25,NA
"orei_manure","rosemount","2021","201","fertManure_cutNone","N fertilizer rate","88 kg N ha",2021-04-22,1899-12-31 11:29:41,538.1,0.382,2.38,0.13,26,NA
"orei_manure","rosemount","2021","201","fertManure_cutNone","N fertilizer rate","88 kg N ha",2021-04-22,1899-12-31 11:30:02,546.8,0.406,2.36,0.14,26,NA
"orei_manure","rosemount","2021","201","fertManure_cutNone","N fertilizer rate","88 kg N ha",2021-04-22,1899-12-31 11:30:23,549.9,0.38,2.39,0.03,25,NA
"orei_manure","rosemount","2021","201","fertManure_cutNone","N fertilizer rate","88 kg N ha",2021-04-22,1899-12-31 11:32:35,554.2,0.391,2.04,0.34,24,NA
"orei_manure","rosemount","2021","201","fertManure_cutNone","N fertilizer rate","88 kg N ha",2021-04-22,1899-12-31 11:32:56,570.2,0.38,2.23,0.03,25,NA
"orei_manure","rosemount","2021","201","fertManure_cutNone","N fertilizer rate","88 kg N ha",2021-04-22,1899-12-31 11:33:17,582.9,0.396,2.33,0.04,25,NA
"orei_manure","rosemount","2021","201","fertManure_cutNone","N fertilizer rate","88 kg N ha",2021-04-22,1899-12-31 11:33:38,591.9,0.406,2.27,0.05,25,NA
"orei_manure","rosemount","2021","201","fertManure_cutNone","N fertilizer rate","88 kg N ha",2021-04-22,1899-12-31 11:33:59,600,0.425,2.4,0.05,25,NA
"orei_manure","rosemount","2021","201","fertManure_cutNone","N fertilizer rate","88 kg N ha",2021-04-22,1899-12-31 11:34:20,604,0.414,2.43,0,25,NA
"orei_manure","rosemount","2021","201","fertManure_cutNone","N fertilizer rate","88 kg N ha",2021-04-22,1899-12-31 11:34:41,607.1,0.4,2.39,0.07,25,NA
"orei_manure","rosemount","2021","201","fertManure_cutNone","N fertilizer rate","88 kg N ha",2021-04-22,1899-12-31 11:35:02,612.3,0.409,2.42,0.12,25,NA
"orei_manure","rosemount","2021","201","fertManure_cutNone","N fertilizer rate","88 kg N ha",2021-04-22,1899-12-31 11:35:23,609.6,0.411,2.35,0.09,25,NA
"orei_manure","rosemount","2021","201","fertManure_cutNone","N fertilizer rate","88 kg N ha",2021-04-22,1899-12-31 11:35:44,611.3,0.405,2.43,0.11,25,NA
"orei_manure","rosemount","2021","201","fertManure_cutNone","N fertilizer rate","88 kg N ha",2021-04-22,1899-12-31 11:36:05,612.2,0.398,2.32,0.1,25,NA
"orei_manure","rosemount","2021","201","fertManure_cutNone","N fertilizer rate","88 kg N ha",2021-04-22,1899-12-31 11:36:26,610.8,0.398,2.29,0.05,25,NA
"orei_manure","rosemount","2021","201","fertManure_cutNone","N fertilizer rate","88 kg N ha",2021-04-22,1899-12-31 11:36:47,610,0.404,2.3,0.04,25,NA
"orei_manure","rosemount","2021","201","fertManure_cutNone","N fertilizer rate","88 kg N ha",2021-04-22,1899-12-31 11:37:08,612,0.388,2.41,0.08,25,NA
"orei_manure","rosemount","2021","201","fertManure_cutNone","N fertilizer rate","88 kg N ha",2021-04-22,1899-12-31 11:37:29,613.6,0.398,2.31,0.08,26,NA
"orei_manure","rosemount","2021","201","fertManure_cutNone","N fertilizer rate","88 kg N ha",2021-04-22,1899-12-31 11:37:51,613.8,0.413,2.37,0.12,26,NA
"orei_manure","rosemount","2021","201","fertManure_cutNone","N fertilizer rate","88 kg N ha",2021-04-22,1899-12-31 11:38:11,615.1,0.381,2.32,0.09,26,NA
"orei_manure","rosemount","2021","201","fertManure_cutNone","N fertilizer rate","88 kg N ha",2021-07-08,1899-12-31 14:08:09,492.9,0.299,1.45,1.64,32,NA
"orei_manure","rosemount","2021","201","fertManure_cutNone","N fertilizer rate","88 kg N ha",2021-07-08,1899-12-31 14:08:31,483.5,0.341,2.13,0.66,33,NA
"orei_manure","rosemount","2021","201","fertManure_cutNone","N fertilizer rate","88 kg N ha",2021-07-08,1899-12-31 14:08:52,482.1,0.344,2.04,0.02,33,NA
"orei_manure","rosemount","2021","201","fertManure_cutNone","N fertilizer rate","88 kg N ha",2021-07-08,1899-12-31 14:09:12,483.2,0.314,1.74,0,33,NA
"orei_manure","rosemount","2021","201","fertManure_cutNone","N fertilizer rate","88 kg N ha",2021-07-08,1899-12-31 14:09:34,488.2,0.335,1.65,0,33,NA
"orei_manure","rosemount","2021","201","fertManure_cutNone","N fertilizer rate","88 kg N ha",2021-07-08,1899-12-31 14:09:55,494.9,0.33,2.15,0.02,33,NA
"orei_manure","rosemount","2021","201","fertManure_cutNone","N fertilizer rate","88 kg N ha",2021-07-08,1899-12-31 14:10:16,503.4,0.326,2.03,0.03,33,NA
"orei_manure","rosemount","2021","201","fertManure_cutNone","N fertilizer rate","88 kg N ha",2021-07-08,1899-12-31 14:10:36,510.6,0.336,1.84,0,33,NA
"orei_manure","rosemount","2021","201","fertManure_cutNone","N fertilizer rate","88 kg N ha",2021-07-08,1899-12-31 14:10:57,515.7,0.336,1.99,0.01,34,NA
"orei_manure","rosemount","2021","201","fertManure_cutNone","N fertilizer rate","88 kg N ha",2021-07-08,1899-12-31 14:11:18,514.6,0.325,1.89,0.06,33,NA
"orei_manure","rosemount","2021","201","fertManure_cutNone","N fertilizer rate","88 kg N ha",2021-07-08,1899-12-31 14:11:39,520.1,0.336,1.93,0,34,NA
"orei_manure","rosemount","2021","201","fertManure_cutNone","N fertilizer rate","88 kg N ha",2021-07-08,1899-12-31 14:12:00,521,0.35,2.06,0.03,34,NA
"orei_manure","rosemount","2021","201","fertManure_cutNone","N fertilizer rate","88 kg N ha",2021-07-08,1899-12-31 14:12:21,524.5,0.332,1.76,0.01,34,NA
"orei_manure","rosemount","2021","201","fertManure_cutNone","N fertilizer rate","88 kg N ha",2021-07-08,1899-12-31 14:12:42,529.6,0.356,2.01,0,34,NA
"orei_manure","rosemount","2021","201","fertManure_cutNone","N fertilizer rate","88 kg N ha",2021-07-08,1899-12-31 14:13:03,531.7,0.345,1.94,0,34,NA
"orei_manure","rosemount","2021","201","fertManure_cutNone","N fertilizer rate","88 kg N ha",2021-07-08,1899-12-31 14:13:24,537.4,0.336,1.91,0.01,34,NA
"orei_manure","rosemount","2021","201","fertManure_cutNone","N fertilizer rate","88 kg N ha",2021-07-08,1899-12-31 14:13:45,541.1,0.345,2.09,0,34,NA
"orei_manure","rosemount","2021","201","fertManure_cutNone","N fertilizer rate","88 kg N ha",2021-07-16,1899-12-31 11:05:09,514.3,0.415,2.19,0,33,NA
"orei_manure","rosemount","2021","201","fertManure_cutNone","N fertilizer rate","88 kg N ha",2021-07-16,1899-12-31 11:05:30,502.2,0.416,2.15,0,34,NA
"orei_manure","rosemount","2021","201","fertManure_cutNone","N fertilizer rate","88 kg N ha",2021-07-16,1899-12-31 11:05:51,455.6,0.407,2.2,0,34,NA
"orei_manure","rosemount","2021","201","fertManure_cutNone","N fertilizer rate","88 kg N ha",2021-07-16,1899-12-31 11:06:11,436.2,0.402,2.15,0,34,NA
"orei_manure","rosemount","2021","201","fertManure_cutNone","N fertilizer rate","88 kg N ha",2021-07-16,1899-12-31 11:06:32,433.7,0.384,2.08,0,34,NA
"orei_manure","rosemount","2021","201","fertManure_cutNone","N fertilizer rate","88 kg N ha",2021-07-16,1899-12-31 11:06:53,443.5,0.422,2.09,0,34,NA
"orei_manure","rosemount","2021","201","fertManure_cutNone","N fertilizer rate","88 kg N ha",2021-07-16,1899-12-31 11:07:14,440.3,0.384,2.03,0,34,NA
"orei_manure","rosemount","2021","201","fertManure_cutNone","N fertilizer rate","88 kg N ha",2021-07-16,1899-12-31 11:07:35,440,0.389,2.15,0,34,NA
"orei_manure","rosemount","2021","201","fertManure_cutNone","N fertilizer rate","88 kg N ha",2021-07-16,1899-12-31 11:07:56,445.8,0.392,2.15,0,34,NA
"orei_manure","rosemount","2021","201","fertManure_cutNone","N fertilizer rate","88 kg N ha",2021-07-16,1899-12-31 11:08:17,448.7,0.391,2.16,0,34,NA
"orei_manure","rosemount","2021","201","fertManure_cutNone","N fertilizer rate","88 kg N ha",2021-07-16,1899-12-31 11:08:38,454.5,0.397,2.14,0,34,NA
"orei_manure","rosemount","2021","201","fertManure_cutNone","N fertilizer rate","88 kg N ha",2021-07-16,1899-12-31 11:08:58,459,0.401,2,0,34,NA
"orei_manure","rosemount","2021","201","fertManure_cutNone","N fertilizer rate","88 kg N ha",2021-07-16,1899-12-31 11:09:19,462.2,0.388,2.22,0,34,NA
"orei_manure","rosemount","2021","201","fertManure_cutNone","N fertilizer rate","88 kg N ha",2021-07-16,1899-12-31 11:09:40,465.7,0.402,2.09,0,34,NA
"orei_manure","rosemount","2021","201","fertManure_cutNone","N fertilizer rate","88 kg N ha",2021-07-16,1899-12-31 11:10:01,472.7,0.408,2.11,0,34,NA
"orei_manure","rosemount","2021","201","fertManure_cutNone","N fertilizer rate","88 kg N ha",2021-07-16,1899-12-31 11:10:22,475.5,0.384,2.04,0,35,NA
"orei_manure","rosemount","2021","201","fertManure_cutNone","N fertilizer rate","88 kg N ha",2021-07-16,1899-12-31 11:10:43,480.2,0.4,2.04,0,35,NA
"orei_manure","rosemount","2021","201","fertManure_cutNone","N fertilizer rate","88 kg N ha",2021-07-16,1899-12-31 11:11:04,482.6,0.403,2.11,0,35,NA
"orei_manure","rosemount","2021","201","fertManure_cutNone","N fertilizer rate","88 kg N ha",2021-08-10,1899-12-31 12:58:02,498.2,0.273,2.47,0,39,NA
"orei_manure","rosemount","2021","201","fertManure_cutNone","N fertilizer rate","88 kg N ha",2021-08-10,1899-12-31 12:58:23,493.1,0.267,2.47,0,40,NA
"orei_manure","rosemount","2021","201","fertManure_cutNone","N fertilizer rate","88 kg N ha",2021-08-10,1899-12-31 12:58:44,446,0.282,2.41,0,39,NA
"orei_manure","rosemount","2021","201","fertManure_cutNone","N fertilizer rate","88 kg N ha",2021-08-10,1899-12-31 12:59:05,528.7,0.356,2.92,0,39,NA
"orei_manure","rosemount","2021","201","fertManure_cutNone","N fertilizer rate","88 kg N ha",2021-08-10,1899-12-31 12:59:26,617.9,0.422,3.45,0,40,NA
"orei_manure","rosemount","2021","201","fertManure_cutNone","N fertilizer rate","88 kg N ha",2021-08-10,1899-12-31 12:59:47,550.7,0.351,3.02,0,40,NA
"orei_manure","rosemount","2021","201","fertManure_cutNone","N fertilizer rate","88 kg N ha",2021-08-10,1899-12-31 13:00:08,497.7,0.329,2.64,0.01,39,NA
"orei_manure","rosemount","2021","201","fertManure_cutNone","N fertilizer rate","88 kg N ha",2021-08-10,1899-12-31 13:00:29,481.2,0.282,2.59,0,39,NA
"orei_manure","rosemount","2021","201","fertManure_cutNone","N fertilizer rate","88 kg N ha",2021-08-10,1899-12-31 13:00:50,478.5,0.297,2.49,0,40,NA
"orei_manure","rosemount","2021","201","fertManure_cutNone","N fertilizer rate","88 kg N ha",2021-08-10,1899-12-31 13:01:11,476.1,0.272,2.41,0,39,NA
"orei_manure","rosemount","2021","201","fertManure_cutNone","N fertilizer rate","88 kg N ha",2021-08-10,1899-12-31 13:01:32,474.3,0.262,2.5,0,39,NA
"orei_manure","rosemount","2021","201","fertManure_cutNone","N fertilizer rate","88 kg N ha",2021-08-10,1899-12-31 13:01:53,478.3,0.274,2.44,0,39,NA
"orei_manure","rosemount","2021","201","fertManure_cutNone","N fertilizer rate","88 kg N ha",2021-08-10,1899-12-31 13:02:14,481.2,0.275,2.46,0,39,NA
"orei_manure","rosemount","2021","201","fertManure_cutNone","N fertilizer rate","88 kg N ha",2021-08-10,1899-12-31 13:02:35,483.3,0.255,2.59,0,39,NA
"orei_manure","rosemount","2021","201","fertManure_cutNone","N fertilizer rate","88 kg N ha",2021-08-10,1899-12-31 13:02:56,489.9,0.276,2.45,0,39,NA
"orei_manure","rosemount","2021","201","fertManure_cutNone","N fertilizer rate","88 kg N ha",2021-08-10,1899-12-31 13:03:17,493.7,0.263,2.58,0,39,NA
"orei_manure","rosemount","2021","201","fertManure_cutNone","N fertilizer rate","88 kg N ha",2021-08-10,1899-12-31 13:03:38,497.4,0.291,2.5,0,39,NA
"orei_manure","rosemount","2021","201","fertManure_cutNone","N fertilizer rate","88 kg N ha",2021-10-14,1899-12-31 12:36:29,452.3,0.38,1.91,0,21,NA
"orei_manure","rosemount","2021","201","fertManure_cutNone","N fertilizer rate","88 kg N ha",2021-10-14,1899-12-31 12:36:50,451.1,0.401,1.93,0,21,NA
"orei_manure","rosemount","2021","201","fertManure_cutNone","N fertilizer rate","88 kg N ha",2021-10-14,1899-12-31 12:37:11,436.7,0.398,1.91,0.01,21,NA
"orei_manure","rosemount","2021","201","fertManure_cutNone","N fertilizer rate","88 kg N ha",2021-10-14,1899-12-31 12:37:32,424.1,0.394,1.84,0,21,NA
"orei_manure","rosemount","2021","201","fertManure_cutNone","N fertilizer rate","88 kg N ha",2021-10-14,1899-12-31 12:37:53,424.8,0.418,1.9,0.06,21,NA
"orei_manure","rosemount","2021","201","fertManure_cutNone","N fertilizer rate","88 kg N ha",2021-10-14,1899-12-31 12:38:14,426.5,0.39,1.9,0,21,NA
"orei_manure","rosemount","2021","201","fertManure_cutNone","N fertilizer rate","88 kg N ha",2021-10-14,1899-12-31 12:38:35,431.5,0.403,1.88,0,21,NA
"orei_manure","rosemount","2021","201","fertManure_cutNone","N fertilizer rate","88 kg N ha",2021-10-14,1899-12-31 12:38:56,433.6,0.395,1.95,0,21,NA
"orei_manure","rosemount","2021","201","fertManure_cutNone","N fertilizer rate","88 kg N ha",2021-10-14,1899-12-31 12:39:17,437.2,0.394,1.92,0,21,NA
"orei_manure","rosemount","2021","201","fertManure_cutNone","N fertilizer rate","88 kg N ha",2021-10-14,1899-12-31 12:39:37,442,0.398,1.86,0,21,NA
"orei_manure","rosemount","2021","201","fertManure_cutNone","N fertilizer rate","88 kg N ha",2021-10-14,1899-12-31 12:39:58,443.4,0.392,1.91,0,21,NA
"orei_manure","rosemount","2021","201","fertManure_cutNone","N fertilizer rate","88 kg N ha",2021-10-14,1899-12-31 12:40:19,445.8,0.391,1.89,0,21,NA
"orei_manure","rosemount","2021","201","fertManure_cutNone","N fertilizer rate","88 kg N ha",2021-10-14,1899-12-31 12:40:40,449.6,0.406,1.84,0,21,NA
"orei_manure","rosemount","2021","201","fertManure_cutNone","N fertilizer rate","88 kg N ha",2021-10-14,1899-12-31 12:41:01,448.2,0.389,1.94,0,21,NA
"orei_manure","rosemount","2021","201","fertManure_cutNone","N fertilizer rate","88 kg N ha",2021-10-14,1899-12-31 12:41:22,454.8,0.394,1.93,0,21,NA
"orei_manure","rosemount","2021","201","fertManure_cutNone","N fertilizer rate","88 kg N ha",2021-10-14,1899-12-31 12:41:43,458.6,0.391,1.91,0,21,NA
"orei_manure","rosemount","2021","201","fertManure_cutNone","N fertilizer rate","88 kg N ha",2021-10-14,1899-12-31 12:42:03,458.1,0.376,1.85,0,20,NA
"orei_manure","rosemount","2021","201","fertManure_cutNone","N fertilizer rate","88 kg N ha",2021-10-25,1899-12-31 16:18:43,436.8,0.425,2.01,0,24,NA
"orei_manure","rosemount","2021","201","fertManure_cutNone","N fertilizer rate","88 kg N ha",2021-10-25,1899-12-31 16:19:04,432.9,0.43,2.02,0,24,NA
"orei_manure","rosemount","2021","201","fertManure_cutNone","N fertilizer rate","88 kg N ha",2021-10-25,1899-12-31 16:19:25,426.6,0.426,1.94,0,24,NA
"orei_manure","rosemount","2021","201","fertManure_cutNone","N fertilizer rate","88 kg N ha",2021-10-25,1899-12-31 16:19:46,428.5,0.439,1.97,0,24,NA
"orei_manure","rosemount","2021","201","fertManure_cutNone","N fertilizer rate","88 kg N ha",2021-10-25,1899-12-31 16:20:06,426.3,0.446,2,0,24,NA
"orei_manure","rosemount","2021","201","fertManure_cutNone","N fertilizer rate","88 kg N ha",2021-10-25,1899-12-31 16:20:27,420.5,0.426,1.94,0,24,NA
"orei_manure","rosemount","2021","201","fertManure_cutNone","N fertilizer rate","88 kg N ha",2021-10-25,1899-12-31 16:20:48,420.8,0.426,1.89,0,24,NA
"orei_manure","rosemount","2021","201","fertManure_cutNone","N fertilizer rate","88 kg N ha",2021-10-25,1899-12-31 16:21:09,422.5,0.429,2.02,0,24,NA
"orei_manure","rosemount","2021","201","fertManure_cutNone","N fertilizer rate","88 kg N ha",2021-10-25,1899-12-31 16:21:30,424.6,0.433,1.98,0,24,NA
"orei_manure","rosemount","2021","201","fertManure_cutNone","N fertilizer rate","88 kg N ha",2021-10-25,1899-12-31 16:21:51,426.4,0.442,1.86,0,24,NA
"orei_manure","rosemount","2021","201","fertManure_cutNone","N fertilizer rate","88 kg N ha",2021-10-25,1899-12-31 16:22:12,431,0.432,2.02,0,25,NA
"orei_manure","rosemount","2021","201","fertManure_cutNone","N fertilizer rate","88 kg N ha",2021-10-25,1899-12-31 16:22:32,431.8,0.456,1.98,0,24,NA
"orei_manure","rosemount","2021","201","fertManure_cutNone","N fertilizer rate","88 kg N ha",2021-10-25,1899-12-31 16:22:53,432.5,0.443,1.91,0,25,NA
"orei_manure","rosemount","2021","201","fertManure_cutNone","N fertilizer rate","88 kg N ha",2021-10-25,1899-12-31 16:23:14,433.5,0.443,1.81,0,25,NA
"orei_manure","rosemount","2021","201","fertManure_cutNone","N fertilizer rate","88 kg N ha",2021-10-25,1899-12-31 16:23:35,435.8,0.45,2.04,0,25,NA
"orei_manure","rosemount","2021","201","fertManure_cutNone","N fertilizer rate","88 kg N ha",2021-10-25,1899-12-31 16:23:56,435.4,0.43,2.1,0,25,NA
"orei_manure","rosemount","2021","201","fertManure_cutNone","N fertilizer rate","88 kg N ha",2021-04-29,1899-12-31 13:56:05,725.1,0.33,2.12,0,30,NA
"orei_manure","rosemount","2021","201","fertManure_cutNone","N fertilizer rate","88 kg N ha",2021-04-29,1899-12-31 13:56:26,709.6,0.401,2.12,0,30,NA
"orei_manure","rosemount","2021","201","fertManure_cutNone","N fertilizer rate","88 kg N ha",2021-04-29,1899-12-31 13:56:47,649.4,0.373,2.11,0,30,NA
"orei_manure","rosemount","2021","201","fertManure_cutNone","N fertilizer rate","88 kg N ha",2021-04-29,1899-12-31 13:57:08,617.1,0.341,2.1,0,30,NA
"orei_manure","rosemount","2021","201","fertManure_cutNone","N fertilizer rate","88 kg N ha",2021-04-29,1899-12-31 13:57:29,602.8,0.334,2.04,0.03,30,NA
"orei_manure","rosemount","2021","201","fertManure_cutNone","N fertilizer rate","88 kg N ha",2021-04-29,1899-12-31 13:57:50,601.7,0.422,2.22,0,30,NA
"orei_manure","rosemount","2021","201","fertManure_cutNone","N fertilizer rate","88 kg N ha",2021-04-29,1899-12-31 13:58:11,607.9,0.406,2.1,0.01,30,NA
"orei_manure","rosemount","2021","201","fertManure_cutNone","N fertilizer rate","88 kg N ha",2021-04-29,1899-12-31 13:58:32,613.6,0.397,2.2,0.02,30,NA
"orei_manure","rosemount","2021","201","fertManure_cutNone","N fertilizer rate","88 kg N ha",2021-04-29,1899-12-31 13:58:53,628.8,0.394,2.1,0,30,NA
"orei_manure","rosemount","2021","201","fertManure_cutNone","N fertilizer rate","88 kg N ha",2021-04-29,1899-12-31 13:59:14,641.9,0.394,2.14,0,30,NA
"orei_manure","rosemount","2021","201","fertManure_cutNone","N fertilizer rate","88 kg N ha",2021-04-29,1899-12-31 13:59:35,658.2,0.335,2,0,30,NA
"orei_manure","rosemount","2021","201","fertManure_cutNone","N fertilizer rate","88 kg N ha",2021-04-29,1899-12-31 13:59:56,675.1,0.409,2.1,0.05,30,NA
"orei_manure","rosemount","2021","201","fertManure_cutNone","N fertilizer rate","88 kg N ha",2021-04-29,1899-12-31 14:00:17,691.7,0.391,2.08,0,30,NA
"orei_manure","rosemount","2021","201","fertManure_cutNone","N fertilizer rate","88 kg N ha",2021-04-29,1899-12-31 14:00:38,708.8,0.416,2.05,0,30,NA
"orei_manure","rosemount","2021","201","fertManure_cutNone","N fertilizer rate","88 kg N ha",2021-04-29,1899-12-31 14:00:58,721.3,0.333,2.15,0,30,NA
"orei_manure","rosemount","2021","201","fertManure_cutNone","N fertilizer rate","88 kg N ha",2021-04-29,1899-12-31 14:01:19,752.8,0.371,2.1,0,30,NA
"orei_manure","rosemount","2021","201","fertManure_cutNone","N fertilizer rate","88 kg N ha",2021-04-29,1899-12-31 14:01:40,766.3,0.387,2.08,0,30,NA
"orei_manure","rosemount","2021","201","fertManure_cutNone","N fertilizer rate","88 kg N ha",2021-04-29,1899-12-31 14:02:01,782.5,0.38,2.1,0,30,NA
"orei_manure","rosemount","2021","201","fertManure_cutNone","N fertilizer rate","88 kg N ha",2021-05-18,1899-12-31 10:24:23,691.7,0.377,2.37,0.09,31,NA
"orei_manure","rosemount","2021","201","fertManure_cutNone","N fertilizer rate","88 kg N ha",2021-05-18,1899-12-31 10:24:44,687.6,0.355,2.27,0,31,NA
"orei_manure","rosemount","2021","201","fertManure_cutNone","N fertilizer rate","88 kg N ha",2021-05-18,1899-12-31 10:25:05,638.9,0.38,2.38,0.09,31,NA
"orei_manure","rosemount","2021","201","fertManure_cutNone","N fertilizer rate","88 kg N ha",2021-05-18,1899-12-31 10:25:26,601,0.391,2.34,0.01,31,NA
"orei_manure","rosemount","2021","201","fertManure_cutNone","N fertilizer rate","88 kg N ha",2021-05-18,1899-12-31 10:25:47,578.6,0.369,2.38,0,31,NA
"orei_manure","rosemount","2021","201","fertManure_cutNone","N fertilizer rate","88 kg N ha",2021-05-18,1899-12-31 10:26:08,569.7,0.369,2.32,0.05,31,NA
"orei_manure","rosemount","2021","201","fertManure_cutNone","N fertilizer rate","88 kg N ha",2021-05-18,1899-12-31 10:26:29,568.4,0.377,2.33,0,31,NA
"orei_manure","rosemount","2021","201","fertManure_cutNone","N fertilizer rate","88 kg N ha",2021-05-18,1899-12-31 10:26:50,567.6,0.359,2.41,0.08,31,NA
"orei_manure","rosemount","2021","201","fertManure_cutNone","N fertilizer rate","88 kg N ha",2021-05-18,1899-12-31 10:27:12,575.7,0.376,2.41,0,31,NA
"orei_manure","rosemount","2021","201","fertManure_cutNone","N fertilizer rate","88 kg N ha",2021-05-18,1899-12-31 10:27:33,582.6,0.354,2.44,0.04,31,NA
"orei_manure","rosemount","2021","201","fertManure_cutNone","N fertilizer rate","88 kg N ha",2021-05-18,1899-12-31 10:27:54,594.1,0.381,2.35,0.08,31,NA
"orei_manure","rosemount","2021","201","fertManure_cutNone","N fertilizer rate","88 kg N ha",2021-05-18,1899-12-31 10:28:15,603.4,0.362,2.42,0,31,NA
"orei_manure","rosemount","2021","201","fertManure_cutNone","N fertilizer rate","88 kg N ha",2021-05-18,1899-12-31 10:28:36,615.3,0.368,2.28,0,31,NA
"orei_manure","rosemount","2021","201","fertManure_cutNone","N fertilizer rate","88 kg N ha",2021-05-18,1899-12-31 10:28:57,626.3,0.381,2.45,0,31,NA
"orei_manure","rosemount","2021","201","fertManure_cutNone","N fertilizer rate","88 kg N ha",2021-05-18,1899-12-31 10:29:18,632.3,0.348,2.35,0.06,31,NA
"orei_manure","rosemount","2021","201","fertManure_cutNone","N fertilizer rate","88 kg N ha",2021-05-18,1899-12-31 10:29:39,644.4,0.368,2.4,0.07,31,NA
"orei_manure","rosemount","2021","201","fertManure_cutNone","N fertilizer rate","88 kg N ha",2021-05-18,1899-12-31 10:30:00,654.3,0.378,2.41,0.05,31,NA
"orei_manure","rosemount","2021","201","fertManure_cutNone","N fertilizer rate","88 kg N ha",2021-05-18,1899-12-31 10:30:21,662.3,0.377,2.35,0.04,31,NA
"orei_manure","rosemount","2021","201","fertManure_cutNone","N fertilizer rate","88 kg N ha",2021-06-01,1899-12-31 10:55:49,674.6,0.315,1.92,0,32,NA
"orei_manure","rosemount","2021","201","fertManure_cutNone","N fertilizer rate","88 kg N ha",2021-06-01,1899-12-31 10:56:10,656.5,0.331,2.11,0,33,NA
"orei_manure","rosemount","2021","201","fertManure_cutNone","N fertilizer rate","88 kg N ha",2021-06-01,1899-12-31 10:56:31,592.2,0.311,2.17,0,33,NA
"orei_manure","rosemount","2021","201","fertManure_cutNone","N fertilizer rate","88 kg N ha",2021-06-01,1899-12-31 10:56:52,552.9,0.324,2.12,0,33,NA
"orei_manure","rosemount","2021","201","fertManure_cutNone","N fertilizer rate","88 kg N ha",2021-06-01,1899-12-31 10:57:13,534.5,0.324,2.08,0,33,NA
"orei_manure","rosemount","2021","201","fertManure_cutNone","N fertilizer rate","88 kg N ha",2021-06-01,1899-12-31 10:57:34,534.3,0.302,2.14,0,33,NA
"orei_manure","rosemount","2021","201","fertManure_cutNone","N fertilizer rate","88 kg N ha",2021-06-01,1899-12-31 10:57:55,536,0.325,2.06,0.02,33,NA
"orei_manure","rosemount","2021","201","fertManure_cutNone","N fertilizer rate","88 kg N ha",2021-06-01,1899-12-31 10:58:16,549.9,0.298,2.02,0,33,NA
"orei_manure","rosemount","2021","201","fertManure_cutNone","N fertilizer rate","88 kg N ha",2021-06-01,1899-12-31 10:58:37,570.8,0.329,2.06,0,33,NA
"orei_manure","rosemount","2021","201","fertManure_cutNone","N fertilizer rate","88 kg N ha",2021-06-01,1899-12-31 10:58:58,589.4,0.303,2.11,0,33,NA
"orei_manure","rosemount","2021","201","fertManure_cutNone","N fertilizer rate","88 kg N ha",2021-06-01,1899-12-31 10:59:19,609.3,0.336,2.1,0,33,NA
"orei_manure","rosemount","2021","201","fertManure_cutNone","N fertilizer rate","88 kg N ha",2021-06-01,1899-12-31 10:59:40,630.2,0.323,2.1,0,33,NA
"orei_manure","rosemount","2021","201","fertManure_cutNone","N fertilizer rate","88 kg N ha",2021-06-01,1899-12-31 11:00:02,651.3,0.322,2.05,0.02,33,NA
"orei_manure","rosemount","2021","201","fertManure_cutNone","N fertilizer rate","88 kg N ha",2021-06-01,1899-12-31 11:00:23,674.2,0.313,1.9,0,33,NA
"orei_manure","rosemount","2021","201","fertManure_cutNone","N fertilizer rate","88 kg N ha",2021-06-01,1899-12-31 11:00:44,696.4,0.318,1.99,0.03,34,NA
"orei_manure","rosemount","2021","201","fertManure_cutNone","N fertilizer rate","88 kg N ha",2021-06-01,1899-12-31 11:01:05,717.6,0.315,2.06,0,33,NA
"orei_manure","rosemount","2021","201","fertManure_cutNone","N fertilizer rate","88 kg N ha",2021-06-01,1899-12-31 11:01:26,737.9,0.323,1.94,0.03,33,NA
"orei_manure","rosemount","2021","201","fertManure_cutNone","N fertilizer rate","88 kg N ha",2021-06-15,1899-12-31 11:05:08,473.1,0.355,1.96,0.05,35,NA
"orei_manure","rosemount","2021","201","fertManure_cutNone","N fertilizer rate","88 kg N ha",2021-06-15,1899-12-31 11:05:29,477.5,0.358,2.15,0,35,NA
"orei_manure","rosemount","2021","201","fertManure_cutNone","N fertilizer rate","88 kg N ha",2021-06-15,1899-12-31 11:05:50,478.5,0.364,2.25,0,35,NA
"orei_manure","rosemount","2021","201","fertManure_cutNone","N fertilizer rate","88 kg N ha",2021-06-15,1899-12-31 11:06:11,480.6,0.361,1.98,0,35,NA
"orei_manure","rosemount","2021","201","fertManure_cutNone","N fertilizer rate","88 kg N ha",2021-06-15,1899-12-31 11:06:32,472.9,0.349,2.16,0,36,NA
"orei_manure","rosemount","2021","201","fertManure_cutNone","N fertilizer rate","88 kg N ha",2021-06-15,1899-12-31 11:06:54,475,0.363,1.87,0,36,NA
"orei_manure","rosemount","2021","201","fertManure_cutNone","N fertilizer rate","88 kg N ha",2021-06-15,1899-12-31 11:07:15,477.2,0.355,1.86,0.03,36,NA
"orei_manure","rosemount","2021","201","fertManure_cutNone","N fertilizer rate","88 kg N ha",2021-06-15,1899-12-31 11:07:36,486.1,0.4,2.27,0,36,NA
"orei_manure","rosemount","2021","201","fertManure_cutNone","N fertilizer rate","88 kg N ha",2021-06-15,1899-12-31 11:07:57,513.1,0.38,2.25,0,36,NA
"orei_manure","rosemount","2021","201","fertManure_cutNone","N fertilizer rate","88 kg N ha",2021-06-15,1899-12-31 11:08:18,520,0.381,2.21,0,35,NA
"orei_manure","rosemount","2021","201","fertManure_cutNone","N fertilizer rate","88 kg N ha",2021-06-15,1899-12-31 11:08:39,505.2,0.362,2.31,0,35,NA
"orei_manure","rosemount","2021","201","fertManure_cutNone","N fertilizer rate","88 kg N ha",2021-06-15,1899-12-31 11:09:00,499.7,0.366,2.15,0,36,NA
"orei_manure","rosemount","2021","201","fertManure_cutNone","N fertilizer rate","88 kg N ha",2021-06-15,1899-12-31 11:09:21,500.1,0.37,2.22,0,36,NA
"orei_manure","rosemount","2021","201","fertManure_cutNone","N fertilizer rate","88 kg N ha",2021-06-15,1899-12-31 11:09:42,498.9,0.339,2.41,0,36,NA
"orei_manure","rosemount","2021","201","fertManure_cutNone","N fertilizer rate","88 kg N ha",2021-06-15,1899-12-31 11:10:03,500.2,0.37,2.13,0,36,NA
"orei_manure","rosemount","2021","201","fertManure_cutNone","N fertilizer rate","88 kg N ha",2021-06-15,1899-12-31 11:10:24,502.6,0.357,2.13,0,36,NA
"orei_manure","rosemount","2021","201","fertManure_cutNone","N fertilizer rate","88 kg N ha",2021-06-15,1899-12-31 11:10:45,504.4,0.377,1.87,0,36,NA
"orei_manure","rosemount","2021","201","fertManure_cutNone","N fertilizer rate","88 kg N ha",2021-06-15,1899-12-31 11:11:06,505.6,0.361,2.16,0,36,NA
"orei_manure","rosemount","2021","201","fertManure_cutNone","N fertilizer rate","88 kg N ha",2021-09-10,1899-12-31 10:48:58,455.4,0.326,2.32,0,33,NA
"orei_manure","rosemount","2021","201","fertManure_cutNone","N fertilizer rate","88 kg N ha",2021-09-10,1899-12-31 10:49:19,426.7,0.331,2.31,0,33,NA
"orei_manure","rosemount","2021","201","fertManure_cutNone","N fertilizer rate","88 kg N ha",2021-09-10,1899-12-31 10:49:39,415.1,0.339,2.39,0,33,NA
"orei_manure","rosemount","2021","201","fertManure_cutNone","N fertilizer rate","88 kg N ha",2021-09-10,1899-12-31 10:50:00,419.9,0.332,2.27,0,33,NA
"orei_manure","rosemount","2021","201","fertManure_cutNone","N fertilizer rate","88 kg N ha",2021-09-10,1899-12-31 10:50:21,426.4,0.332,2.25,0,33,NA
"orei_manure","rosemount","2021","201","fertManure_cutNone","N fertilizer rate","88 kg N ha",2021-09-10,1899-12-31 10:50:42,436.4,0.344,2.21,0,33,NA
"orei_manure","rosemount","2021","201","fertManure_cutNone","N fertilizer rate","88 kg N ha",2021-09-10,1899-12-31 10:51:03,442.9,0.337,2.32,0,33,NA
"orei_manure","rosemount","2021","201","fertManure_cutNone","N fertilizer rate","88 kg N ha",2021-09-10,1899-12-31 10:51:24,450.7,0.349,2.29,0,33,NA
"orei_manure","rosemount","2021","201","fertManure_cutNone","N fertilizer rate","88 kg N ha",2021-09-10,1899-12-31 10:51:45,458.1,0.341,2.29,0,33,NA
"orei_manure","rosemount","2021","201","fertManure_cutNone","N fertilizer rate","88 kg N ha",2021-09-10,1899-12-31 10:52:06,462.9,0.337,2.39,0,33,NA
"orei_manure","rosemount","2021","201","fertManure_cutNone","N fertilizer rate","88 kg N ha",2021-09-10,1899-12-31 10:52:27,470.8,0.336,2.33,0,34,NA
"orei_manure","rosemount","2021","201","fertManure_cutNone","N fertilizer rate","88 kg N ha",2021-09-10,1899-12-31 10:52:47,476.4,0.354,2.39,0,34,NA
"orei_manure","rosemount","2021","201","fertManure_cutNone","N fertilizer rate","88 kg N ha",2021-09-10,1899-12-31 10:53:08,476.8,0.359,2.31,0,33,NA
"orei_manure","rosemount","2021","201","fertManure_cutNone","N fertilizer rate","88 kg N ha",2021-09-10,1899-12-31 10:53:29,481.4,0.337,2.43,0,33,NA
"orei_manure","rosemount","2021","201","fertManure_cutNone","N fertilizer rate","88 kg N ha",2021-09-10,1899-12-31 10:53:50,489.4,0.335,2.32,0,34,NA
"orei_manure","rosemount","2021","201","fertManure_cutNone","N fertilizer rate","88 kg N ha",2021-09-10,1899-12-31 10:54:11,492.2,0.337,2.33,0,34,NA
"orei_manure","rosemount","2021","201","fertManure_cutNone","N fertilizer rate","88 kg N ha",2021-09-10,1899-12-31 10:54:32,496.6,0.329,2.23,0,34,NA
"orei_manure","rosemount","2021","201","fertManure_cutNone","N fertilizer rate","88 kg N ha",2021-09-10,1899-12-31 10:54:53,499.5,0.341,2.37,0,34,NA
"orei_manure","rosemount","2021","201","fertManure_cutNone","N fertilizer rate","88 kg N ha",2021-09-10,1899-12-31 10:55:13,502.5,0.325,2.27,0,34,NA
"orei_manure","rosemount","2021","201","fertManure_cutNone","N fertilizer rate","88 kg N ha",2021-09-10,1899-12-31 10:55:34,507.3,0.34,2.31,0,34,NA
"orei_manure","rosemount","2021","201","fertManure_cutNone","N fertilizer rate","88 kg N ha",2021-09-10,1899-12-31 10:55:55,510.6,0.335,2.29,0,34,NA
"orei_manure","rosemount","2021","201","fertManure_cutNone","N fertilizer rate","88 kg N ha",2021-09-10,1899-12-31 10:56:16,511.8,0.324,2.38,0,34,NA
"orei_manure","rosemount","2021","201","fertManure_cutNone","N fertilizer rate","88 kg N ha",2021-09-10,1899-12-31 10:56:37,513.1,0.326,2.22,0,34,NA
"orei_manure","rosemount","2021","201","fertManure_cutNone","N fertilizer rate","88 kg N ha",2021-09-10,1899-12-31 10:56:58,516,0.343,2.35,0,34,NA
"orei_manure","rosemount","2021","201","fertManure_cutNone","N fertilizer rate","88 kg N ha",2021-09-10,1899-12-31 10:57:19,516.3,0.334,2.3,0,34,NA
"orei_manure","rosemount","2021","201","fertManure_cutNone","N fertilizer rate","88 kg N ha",2021-09-10,1899-12-31 10:57:40,521.2,0.323,2.36,0,34,NA
"orei_manure","rosemount","2021","201","fertManure_cutNone","N fertilizer rate","88 kg N ha",2021-09-10,1899-12-31 10:58:01,523.5,0.317,2.25,0,34,NA
"orei_manure","rosemount","2021","202","fertCommercial_cutNone","N fertilizer rate","70 kg N ha",2021-04-05,1899-12-31 11:37:13,598.1,0.307,1.77,0.93,31,NA
"orei_manure","rosemount","2021","202","fertCommercial_cutNone","N fertilizer rate","70 kg N ha",2021-04-05,1899-12-31 11:38:14,558.5,0.311,1.81,0.88,30,NA
"orei_manure","rosemount","2021","202","fertCommercial_cutNone","N fertilizer rate","70 kg N ha",2021-04-05,1899-12-31 11:38:35,535.4,0.31,1.87,0.27,30,NA
"orei_manure","rosemount","2021","202","fertCommercial_cutNone","N fertilizer rate","70 kg N ha",2021-04-05,1899-12-31 11:38:56,526.5,0.303,2.01,0,31,NA
"orei_manure","rosemount","2021","202","fertCommercial_cutNone","N fertilizer rate","70 kg N ha",2021-04-05,1899-12-31 11:39:17,526,0.307,2.05,0,31,NA
"orei_manure","rosemount","2021","202","fertCommercial_cutNone","N fertilizer rate","70 kg N ha",2021-04-05,1899-12-31 11:39:38,530,0.367,1.98,0,31,NA
"orei_manure","rosemount","2021","202","fertCommercial_cutNone","N fertilizer rate","70 kg N ha",2021-04-05,1899-12-31 11:39:59,535,0.3,1.94,0,31,NA
"orei_manure","rosemount","2021","202","fertCommercial_cutNone","N fertilizer rate","70 kg N ha",2021-04-05,1899-12-31 11:40:20,543.2,0.294,1.92,0,31,NA
"orei_manure","rosemount","2021","202","fertCommercial_cutNone","N fertilizer rate","70 kg N ha",2021-04-05,1899-12-31 11:40:40,552.3,0.313,2.17,0,31,NA
"orei_manure","rosemount","2021","202","fertCommercial_cutNone","N fertilizer rate","70 kg N ha",2021-04-05,1899-12-31 11:41:01,560.2,0.319,1.98,0,31,NA
"orei_manure","rosemount","2021","202","fertCommercial_cutNone","N fertilizer rate","70 kg N ha",2021-04-05,1899-12-31 11:41:22,572.3,0.368,1.95,0,31,NA
"orei_manure","rosemount","2021","202","fertCommercial_cutNone","N fertilizer rate","70 kg N ha",2021-04-05,1899-12-31 11:41:43,574.5,0.347,1.86,0,31,NA
"orei_manure","rosemount","2021","202","fertCommercial_cutNone","N fertilizer rate","70 kg N ha",2021-04-05,1899-12-31 11:42:04,586.2,0.334,2,0,31,NA
"orei_manure","rosemount","2021","202","fertCommercial_cutNone","N fertilizer rate","70 kg N ha",2021-04-05,1899-12-31 11:42:25,593.3,0.358,2.02,0,31,NA
"orei_manure","rosemount","2021","202","fertCommercial_cutNone","N fertilizer rate","70 kg N ha",2021-04-05,1899-12-31 11:42:46,603.1,0.362,1.97,0,31,NA
"orei_manure","rosemount","2021","202","fertCommercial_cutNone","N fertilizer rate","70 kg N ha",2021-04-05,1899-12-31 11:43:07,613.8,0.31,1.86,0,32,NA
"orei_manure","rosemount","2021","202","fertCommercial_cutNone","N fertilizer rate","70 kg N ha",2021-04-05,1899-12-31 11:43:28,618.9,0.371,2.07,0,31,NA
"orei_manure","rosemount","2021","202","fertCommercial_cutNone","N fertilizer rate","70 kg N ha",2021-04-05,1899-12-31 11:43:48,631.4,0.368,1.99,0,32,NA
"orei_manure","rosemount","2021","202","fertCommercial_cutNone","N fertilizer rate","70 kg N ha",2021-04-05,1899-12-31 11:44:09,641.8,0.375,1.92,0,32,NA
"orei_manure","rosemount","2021","202","fertCommercial_cutNone","N fertilizer rate","70 kg N ha",2021-04-22,1899-12-31 11:19:21,617.8,0.388,2.61,0.15,25,NA
"orei_manure","rosemount","2021","202","fertCommercial_cutNone","N fertilizer rate","70 kg N ha",2021-04-22,1899-12-31 11:19:42,610.8,0.385,2.52,0.07,25,NA
"orei_manure","rosemount","2021","202","fertCommercial_cutNone","N fertilizer rate","70 kg N ha",2021-04-22,1899-12-31 11:20:03,564.5,0.371,2.59,0.15,25,NA
"orei_manure","rosemount","2021","202","fertCommercial_cutNone","N fertilizer rate","70 kg N ha",2021-04-22,1899-12-31 11:20:24,531.6,0.375,2.47,0.09,25,NA
"orei_manure","rosemount","2021","202","fertCommercial_cutNone","N fertilizer rate","70 kg N ha",2021-04-22,1899-12-31 11:20:45,517.4,0.374,2.53,0.12,25,NA
"orei_manure","rosemount","2021","202","fertCommercial_cutNone","N fertilizer rate","70 kg N ha",2021-04-22,1899-12-31 11:21:06,508.7,0.376,2.57,0.17,25,NA
"orei_manure","rosemount","2021","202","fertCommercial_cutNone","N fertilizer rate","70 kg N ha",2021-04-22,1899-12-31 11:21:27,509.2,0.367,2.53,0.11,25,NA
"orei_manure","rosemount","2021","202","fertCommercial_cutNone","N fertilizer rate","70 kg N ha",2021-04-22,1899-12-31 11:21:48,508.8,0.374,2.52,0.12,25,NA
"orei_manure","rosemount","2021","202","fertCommercial_cutNone","N fertilizer rate","70 kg N ha",2021-04-22,1899-12-31 11:22:09,514.4,0.364,2.55,0.14,26,NA
"orei_manure","rosemount","2021","202","fertCommercial_cutNone","N fertilizer rate","70 kg N ha",2021-04-22,1899-12-31 11:22:31,522.1,0.39,2.59,0.05,25,NA
"orei_manure","rosemount","2021","202","fertCommercial_cutNone","N fertilizer rate","70 kg N ha",2021-04-22,1899-12-31 11:22:52,530,0.395,2.57,0.1,25,NA
"orei_manure","rosemount","2021","202","fertCommercial_cutNone","N fertilizer rate","70 kg N ha",2021-04-22,1899-12-31 11:23:12,540.6,0.394,2.53,0.11,25,NA
"orei_manure","rosemount","2021","202","fertCommercial_cutNone","N fertilizer rate","70 kg N ha",2021-04-22,1899-12-31 11:23:34,549,0.391,2.56,0.13,25,NA
"orei_manure","rosemount","2021","202","fertCommercial_cutNone","N fertilizer rate","70 kg N ha",2021-04-22,1899-12-31 11:23:54,560.3,0.406,2.57,0.15,25,NA
"orei_manure","rosemount","2021","202","fertCommercial_cutNone","N fertilizer rate","70 kg N ha",2021-04-22,1899-12-31 11:24:15,570.1,0.399,2.46,0.13,25,NA
"orei_manure","rosemount","2021","202","fertCommercial_cutNone","N fertilizer rate","70 kg N ha",2021-04-22,1899-12-31 11:24:36,581.5,0.38,2.57,0.17,25,NA
"orei_manure","rosemount","2021","202","fertCommercial_cutNone","N fertilizer rate","70 kg N ha",2021-04-22,1899-12-31 11:24:57,589.2,0.396,2.56,0.13,25,NA
"orei_manure","rosemount","2021","202","fertCommercial_cutNone","N fertilizer rate","70 kg N ha",2021-07-08,1899-12-31 14:16:06,533.6,0.311,1.74,1.59,33,NA
"orei_manure","rosemount","2021","202","fertCommercial_cutNone","N fertilizer rate","70 kg N ha",2021-07-08,1899-12-31 14:16:27,508.6,0.365,1.87,0.52,33,NA
"orei_manure","rosemount","2021","202","fertCommercial_cutNone","N fertilizer rate","70 kg N ha",2021-07-08,1899-12-31 14:16:48,499.8,0.343,1.92,0,33,NA
"orei_manure","rosemount","2021","202","fertCommercial_cutNone","N fertilizer rate","70 kg N ha",2021-07-08,1899-12-31 14:17:09,495.8,0.354,1.9,0,33,NA
"orei_manure","rosemount","2021","202","fertCommercial_cutNone","N fertilizer rate","70 kg N ha",2021-07-08,1899-12-31 14:17:30,498,0.358,2.23,0,33,NA
"orei_manure","rosemount","2021","202","fertCommercial_cutNone","N fertilizer rate","70 kg N ha",2021-07-08,1899-12-31 14:17:51,500.1,0.338,2.04,0,33,NA
"orei_manure","rosemount","2021","202","fertCommercial_cutNone","N fertilizer rate","70 kg N ha",2021-07-08,1899-12-31 14:18:12,506.8,0.342,1.81,0.06,34,NA
"orei_manure","rosemount","2021","202","fertCommercial_cutNone","N fertilizer rate","70 kg N ha",2021-07-08,1899-12-31 14:18:32,513.6,0.333,1.78,0,34,NA
"orei_manure","rosemount","2021","202","fertCommercial_cutNone","N fertilizer rate","70 kg N ha",2021-07-08,1899-12-31 14:18:53,522,0.356,1.79,0,34,NA
"orei_manure","rosemount","2021","202","fertCommercial_cutNone","N fertilizer rate","70 kg N ha",2021-07-08,1899-12-31 14:19:14,531.2,0.352,1.9,0.06,34,NA
"orei_manure","rosemount","2021","202","fertCommercial_cutNone","N fertilizer rate","70 kg N ha",2021-07-08,1899-12-31 14:19:35,537.5,0.356,1.78,0,34,NA
"orei_manure","rosemount","2021","202","fertCommercial_cutNone","N fertilizer rate","70 kg N ha",2021-07-08,1899-12-31 14:19:56,543.9,0.359,1.98,0,34,NA
"orei_manure","rosemount","2021","202","fertCommercial_cutNone","N fertilizer rate","70 kg N ha",2021-07-08,1899-12-31 14:20:17,551.2,0.345,1.89,0.03,34,NA
"orei_manure","rosemount","2021","202","fertCommercial_cutNone","N fertilizer rate","70 kg N ha",2021-07-08,1899-12-31 14:20:38,551.7,0.361,1.7,0.03,34,NA
"orei_manure","rosemount","2021","202","fertCommercial_cutNone","N fertilizer rate","70 kg N ha",2021-07-08,1899-12-31 14:20:59,554.8,0.34,1.62,0.01,34,NA
"orei_manure","rosemount","2021","202","fertCommercial_cutNone","N fertilizer rate","70 kg N ha",2021-07-08,1899-12-31 14:21:20,553.6,0.335,1.67,0,34,NA
"orei_manure","rosemount","2021","202","fertCommercial_cutNone","N fertilizer rate","70 kg N ha",2021-07-08,1899-12-31 14:21:41,559.4,0.353,1.99,0.06,34,NA
"orei_manure","rosemount","2021","202","fertCommercial_cutNone","N fertilizer rate","70 kg N ha",2021-07-16,1899-12-31 10:57:59,539.5,0.402,2.24,0,32,NA
"orei_manure","rosemount","2021","202","fertCommercial_cutNone","N fertilizer rate","70 kg N ha",2021-07-16,1899-12-31 10:58:20,509,0.425,2.39,0,32,NA
"orei_manure","rosemount","2021","202","fertCommercial_cutNone","N fertilizer rate","70 kg N ha",2021-07-16,1899-12-31 10:58:40,455.5,0.399,2.22,0,32,NA
"orei_manure","rosemount","2021","202","fertCommercial_cutNone","N fertilizer rate","70 kg N ha",2021-07-16,1899-12-31 10:59:01,440.3,0.42,2.14,0,33,NA
"orei_manure","rosemount","2021","202","fertCommercial_cutNone","N fertilizer rate","70 kg N ha",2021-07-16,1899-12-31 10:59:22,440.4,0.392,2.2,0,33,NA
"orei_manure","rosemount","2021","202","fertCommercial_cutNone","N fertilizer rate","70 kg N ha",2021-07-16,1899-12-31 10:59:43,444.4,0.395,2.18,0,33,NA
"orei_manure","rosemount","2021","202","fertCommercial_cutNone","N fertilizer rate","70 kg N ha",2021-07-16,1899-12-31 11:00:04,453.2,0.401,2.18,0,33,NA
"orei_manure","rosemount","2021","202","fertCommercial_cutNone","N fertilizer rate","70 kg N ha",2021-07-16,1899-12-31 11:00:25,457.2,0.404,2.2,0,33,NA
"orei_manure","rosemount","2021","202","fertCommercial_cutNone","N fertilizer rate","70 kg N ha",2021-07-16,1899-12-31 11:00:46,460.4,0.401,2.19,0,33,NA
"orei_manure","rosemount","2021","202","fertCommercial_cutNone","N fertilizer rate","70 kg N ha",2021-07-16,1899-12-31 11:01:06,464.2,0.407,2.22,0,33,NA
"orei_manure","rosemount","2021","202","fertCommercial_cutNone","N fertilizer rate","70 kg N ha",2021-07-16,1899-12-31 11:01:27,472.7,0.425,2.06,0,33,NA
"orei_manure","rosemount","2021","202","fertCommercial_cutNone","N fertilizer rate","70 kg N ha",2021-07-16,1899-12-31 11:01:48,479.4,0.408,2.14,0,33,NA
"orei_manure","rosemount","2021","202","fertCommercial_cutNone","N fertilizer rate","70 kg N ha",2021-07-16,1899-12-31 11:02:09,482.6,0.413,2.12,0,33,NA
"orei_manure","rosemount","2021","202","fertCommercial_cutNone","N fertilizer rate","70 kg N ha",2021-07-16,1899-12-31 11:02:30,489.4,0.41,2.17,0,33,NA
"orei_manure","rosemount","2021","202","fertCommercial_cutNone","N fertilizer rate","70 kg N ha",2021-07-16,1899-12-31 11:02:51,493.6,0.409,2.2,0,33,NA
"orei_manure","rosemount","2021","202","fertCommercial_cutNone","N fertilizer rate","70 kg N ha",2021-07-16,1899-12-31 11:03:12,496.7,0.403,2.09,0,33,NA
"orei_manure","rosemount","2021","202","fertCommercial_cutNone","N fertilizer rate","70 kg N ha",2021-07-16,1899-12-31 11:03:32,507.7,0.437,2.1,0,34,NA
"orei_manure","rosemount","2021","202","fertCommercial_cutNone","N fertilizer rate","70 kg N ha",2021-07-16,1899-12-31 11:03:53,499,0.399,2.19,0,33,NA
"orei_manure","rosemount","2021","202","fertCommercial_cutNone","N fertilizer rate","70 kg N ha",2021-07-16,1899-12-31 11:04:14,502.7,0.405,2.19,0,33,NA
"orei_manure","rosemount","2021","202","fertCommercial_cutNone","N fertilizer rate","70 kg N ha",2021-07-16,1899-12-31 11:04:35,511.1,0.427,2.17,0,34,NA
"orei_manure","rosemount","2021","202","fertCommercial_cutNone","N fertilizer rate","70 kg N ha",2021-08-10,1899-12-31 13:04:19,505.4,0.293,2.42,0,39,NA
"orei_manure","rosemount","2021","202","fertCommercial_cutNone","N fertilizer rate","70 kg N ha",2021-08-10,1899-12-31 13:04:41,504.1,0.293,2.48,0,39,NA
"orei_manure","rosemount","2021","202","fertCommercial_cutNone","N fertilizer rate","70 kg N ha",2021-08-10,1899-12-31 13:05:02,454.6,0.277,2.49,0,39,NA
"orei_manure","rosemount","2021","202","fertCommercial_cutNone","N fertilizer rate","70 kg N ha",2021-08-10,1899-12-31 13:05:22,523.1,0.32,2.62,0,39,NA
"orei_manure","rosemount","2021","202","fertCommercial_cutNone","N fertilizer rate","70 kg N ha",2021-08-10,1899-12-31 13:05:43,609.8,0.337,2.85,0,39,NA
"orei_manure","rosemount","2021","202","fertCommercial_cutNone","N fertilizer rate","70 kg N ha",2021-08-10,1899-12-31 13:06:04,538.7,0.273,2.59,0,39,NA
"orei_manure","rosemount","2021","202","fertCommercial_cutNone","N fertilizer rate","70 kg N ha",2021-08-10,1899-12-31 13:06:25,505.9,0.285,2.49,0,39,NA
"orei_manure","rosemount","2021","202","fertCommercial_cutNone","N fertilizer rate","70 kg N ha",2021-08-10,1899-12-31 13:06:46,493,0.244,2.47,0,39,NA
"orei_manure","rosemount","2021","202","fertCommercial_cutNone","N fertilizer rate","70 kg N ha",2021-08-10,1899-12-31 13:07:07,491.2,0.262,2.47,0,39,NA
"orei_manure","rosemount","2021","202","fertCommercial_cutNone","N fertilizer rate","70 kg N ha",2021-08-10,1899-12-31 13:07:28,492.7,0.276,2.44,0,39,NA
"orei_manure","rosemount","2021","202","fertCommercial_cutNone","N fertilizer rate","70 kg N ha",2021-08-10,1899-12-31 13:07:49,495.9,0.286,2.46,0,39,NA
"orei_manure","rosemount","2021","202","fertCommercial_cutNone","N fertilizer rate","70 kg N ha",2021-08-10,1899-12-31 13:08:10,500.1,0.285,2.4,0,39,NA
"orei_manure","rosemount","2021","202","fertCommercial_cutNone","N fertilizer rate","70 kg N ha",2021-08-10,1899-12-31 13:08:31,504.4,0.276,2.4,0,39,NA
"orei_manure","rosemount","2021","202","fertCommercial_cutNone","N fertilizer rate","70 kg N ha",2021-08-10,1899-12-31 13:08:51,510.3,0.279,2.43,0,39,NA
"orei_manure","rosemount","2021","202","fertCommercial_cutNone","N fertilizer rate","70 kg N ha",2021-08-10,1899-12-31 13:09:12,511.9,0.283,2.43,0,39,NA
"orei_manure","rosemount","2021","202","fertCommercial_cutNone","N fertilizer rate","70 kg N ha",2021-08-10,1899-12-31 13:09:33,515.5,0.289,2.43,0,39,NA
"orei_manure","rosemount","2021","202","fertCommercial_cutNone","N fertilizer rate","70 kg N ha",2021-08-10,1899-12-31 13:09:54,519.2,0.294,2.39,0,39,NA
"orei_manure","rosemount","2021","202","fertCommercial_cutNone","N fertilizer rate","70 kg N ha",2021-10-14,1899-12-31 12:42:53,461.2,0.395,1.91,0,21,NA
"orei_manure","rosemount","2021","202","fertCommercial_cutNone","N fertilizer rate","70 kg N ha",2021-10-14,1899-12-31 12:43:14,437.4,0.367,1.74,0.06,21,NA
"orei_manure","rosemount","2021","202","fertCommercial_cutNone","N fertilizer rate","70 kg N ha",2021-10-14,1899-12-31 12:43:34,424.1,0.395,1.91,0,21,NA
"orei_manure","rosemount","2021","202","fertCommercial_cutNone","N fertilizer rate","70 kg N ha",2021-10-14,1899-12-31 12:43:55,417.7,0.387,1.89,0.02,21,NA
"orei_manure","rosemount","2021","202","fertCommercial_cutNone","N fertilizer rate","70 kg N ha",2021-10-14,1899-12-31 12:44:16,418.6,0.387,1.91,0,21,NA
"orei_manure","rosemount","2021","202","fertCommercial_cutNone","N fertilizer rate","70 kg N ha",2021-10-14,1899-12-31 12:44:37,422.2,0.389,1.89,0,21,NA
"orei_manure","rosemount","2021","202","fertCommercial_cutNone","N fertilizer rate","70 kg N ha",2021-10-14,1899-12-31 12:44:58,425.5,0.394,1.97,0,21,NA
"orei_manure","rosemount","2021","202","fertCommercial_cutNone","N fertilizer rate","70 kg N ha",2021-10-14,1899-12-31 12:45:19,427.5,0.404,1.89,0,21,NA
"orei_manure","rosemount","2021","202","fertCommercial_cutNone","N fertilizer rate","70 kg N ha",2021-10-14,1899-12-31 12:45:40,429.6,0.405,1.94,0,21,NA
"orei_manure","rosemount","2021","202","fertCommercial_cutNone","N fertilizer rate","70 kg N ha",2021-10-14,1899-12-31 12:46:00,430.5,0.381,1.84,0,21,NA
"orei_manure","rosemount","2021","202","fertCommercial_cutNone","N fertilizer rate","70 kg N ha",2021-10-14,1899-12-31 12:46:21,433.3,0.387,1.92,0,21,NA
"orei_manure","rosemount","2021","202","fertCommercial_cutNone","N fertilizer rate","70 kg N ha",2021-10-14,1899-12-31 12:46:42,438.5,0.403,1.93,0.01,21,NA
"orei_manure","rosemount","2021","202","fertCommercial_cutNone","N fertilizer rate","70 kg N ha",2021-10-14,1899-12-31 12:47:03,439.8,0.399,1.91,0,21,NA
"orei_manure","rosemount","2021","202","fertCommercial_cutNone","N fertilizer rate","70 kg N ha",2021-10-14,1899-12-31 12:47:24,442.8,0.4,1.88,0.02,21,NA
"orei_manure","rosemount","2021","202","fertCommercial_cutNone","N fertilizer rate","70 kg N ha",2021-10-14,1899-12-31 12:47:45,444.2,0.387,1.86,0,21,NA
"orei_manure","rosemount","2021","202","fertCommercial_cutNone","N fertilizer rate","70 kg N ha",2021-10-14,1899-12-31 12:48:06,447.8,0.408,1.89,0,21,NA
"orei_manure","rosemount","2021","202","fertCommercial_cutNone","N fertilizer rate","70 kg N ha",2021-10-14,1899-12-31 12:48:27,449.5,0.401,1.93,0,21,NA
"orei_manure","rosemount","2021","202","fertCommercial_cutNone","N fertilizer rate","70 kg N ha",2021-10-25,1899-12-31 16:24:28,439.5,0.437,1.96,0,25,NA
"orei_manure","rosemount","2021","202","fertCommercial_cutNone","N fertilizer rate","70 kg N ha",2021-10-25,1899-12-31 16:24:49,443.5,0.434,1.91,0,25,NA
"orei_manure","rosemount","2021","202","fertCommercial_cutNone","N fertilizer rate","70 kg N ha",2021-10-25,1899-12-31 16:25:10,430.8,0.439,1.87,0,25,NA
"orei_manure","rosemount","2021","202","fertCommercial_cutNone","N fertilizer rate","70 kg N ha",2021-10-25,1899-12-31 16:25:30,424.1,0.458,1.88,0,25,NA
"orei_manure","rosemount","2021","202","fertCommercial_cutNone","N fertilizer rate","70 kg N ha",2021-10-25,1899-12-31 16:25:51,424.3,0.458,1.85,0,25,NA
"orei_manure","rosemount","2021","202","fertCommercial_cutNone","N fertilizer rate","70 kg N ha",2021-10-25,1899-12-31 16:26:12,425.4,0.453,1.87,0,25,NA
"orei_manure","rosemount","2021","202","fertCommercial_cutNone","N fertilizer rate","70 kg N ha",2021-10-25,1899-12-31 16:26:33,425.6,0.436,1.85,0,25,NA
"orei_manure","rosemount","2021","202","fertCommercial_cutNone","N fertilizer rate","70 kg N ha",2021-10-25,1899-12-31 16:26:54,426.5,0.434,1.96,0,25,NA
"orei_manure","rosemount","2021","202","fertCommercial_cutNone","N fertilizer rate","70 kg N ha",2021-10-25,1899-12-31 16:27:15,426.6,0.412,1.93,0,25,NA
"orei_manure","rosemount","2021","202","fertCommercial_cutNone","N fertilizer rate","70 kg N ha",2021-10-25,1899-12-31 16:27:36,428.8,0.439,1.9,0,25,NA
"orei_manure","rosemount","2021","202","fertCommercial_cutNone","N fertilizer rate","70 kg N ha",2021-10-25,1899-12-31 16:27:56,430.6,0.445,1.91,0,25,NA
"orei_manure","rosemount","2021","202","fertCommercial_cutNone","N fertilizer rate","70 kg N ha",2021-10-25,1899-12-31 16:28:17,432.9,0.41,1.87,0,25,NA
"orei_manure","rosemount","2021","202","fertCommercial_cutNone","N fertilizer rate","70 kg N ha",2021-10-25,1899-12-31 16:28:38,435.5,0.437,1.81,0,25,NA
"orei_manure","rosemount","2021","202","fertCommercial_cutNone","N fertilizer rate","70 kg N ha",2021-10-25,1899-12-31 16:28:59,434.1,0.421,1.8,0,25,NA
"orei_manure","rosemount","2021","202","fertCommercial_cutNone","N fertilizer rate","70 kg N ha",2021-10-25,1899-12-31 16:29:20,438.9,0.435,1.88,0,25,NA
"orei_manure","rosemount","2021","202","fertCommercial_cutNone","N fertilizer rate","70 kg N ha",2021-10-25,1899-12-31 16:29:41,438.9,0.455,1.94,0,25,NA
"orei_manure","rosemount","2021","202","fertCommercial_cutNone","N fertilizer rate","70 kg N ha",2021-10-25,1899-12-31 16:30:02,440,0.423,1.92,0,25,NA
"orei_manure","rosemount","2021","202","fertCommercial_cutNone","N fertilizer rate","70 kg N ha",2021-10-25,1899-12-31 16:30:22,442.2,0.452,1.97,0,25,NA
"orei_manure","rosemount","2021","202","fertCommercial_cutNone","N fertilizer rate","70 kg N ha",2021-10-25,1899-12-31 16:30:43,441.9,0.417,1.87,0,25,NA
"orei_manure","rosemount","2021","202","fertCommercial_cutNone","N fertilizer rate","70 kg N ha",2021-10-25,1899-12-31 16:31:04,443.5,0.448,1.99,0,25,NA
"orei_manure","rosemount","2021","202","fertCommercial_cutNone","N fertilizer rate","70 kg N ha",2021-10-25,1899-12-31 16:31:25,443.5,0.46,1.89,0,25,NA
"orei_manure","rosemount","2021","202","fertCommercial_cutNone","N fertilizer rate","70 kg N ha",2021-04-29,1899-12-31 14:04:00,805.3,0.388,2.2,0,30,NA
"orei_manure","rosemount","2021","202","fertCommercial_cutNone","N fertilizer rate","70 kg N ha",2021-04-29,1899-12-31 14:04:21,791.5,0.372,2.33,0,30,NA
"orei_manure","rosemount","2021","202","fertCommercial_cutNone","N fertilizer rate","70 kg N ha",2021-04-29,1899-12-31 14:04:42,709.3,0.377,2.22,0,30,NA
"orei_manure","rosemount","2021","202","fertCommercial_cutNone","N fertilizer rate","70 kg N ha",2021-04-29,1899-12-31 14:05:03,670.2,0.304,2.11,0.02,31,NA
"orei_manure","rosemount","2021","202","fertCommercial_cutNone","N fertilizer rate","70 kg N ha",2021-04-29,1899-12-31 14:05:24,644.6,0.313,2.17,0,31,NA
"orei_manure","rosemount","2021","202","fertCommercial_cutNone","N fertilizer rate","70 kg N ha",2021-04-29,1899-12-31 14:05:45,629.4,0.291,2.25,0,30,NA
"orei_manure","rosemount","2021","202","fertCommercial_cutNone","N fertilizer rate","70 kg N ha",2021-04-29,1899-12-31 14:06:06,622.9,0.288,2.19,0,30,NA
"orei_manure","rosemount","2021","202","fertCommercial_cutNone","N fertilizer rate","70 kg N ha",2021-04-29,1899-12-31 14:06:27,629,0.368,2.2,0,30,NA
"orei_manure","rosemount","2021","202","fertCommercial_cutNone","N fertilizer rate","70 kg N ha",2021-04-29,1899-12-31 14:06:48,630.5,0.304,2.34,0,30,NA
"orei_manure","rosemount","2021","202","fertCommercial_cutNone","N fertilizer rate","70 kg N ha",2021-04-29,1899-12-31 14:07:09,644.9,0.364,2.31,0,31,NA
"orei_manure","rosemount","2021","202","fertCommercial_cutNone","N fertilizer rate","70 kg N ha",2021-04-29,1899-12-31 14:07:30,652.9,0.283,2.25,0,31,NA
"orei_manure","rosemount","2021","202","fertCommercial_cutNone","N fertilizer rate","70 kg N ha",2021-04-29,1899-12-31 14:07:51,669.7,0.387,2.2,0,31,NA
"orei_manure","rosemount","2021","202","fertCommercial_cutNone","N fertilizer rate","70 kg N ha",2021-04-29,1899-12-31 14:08:12,682.5,0.368,2.31,0,31,NA
"orei_manure","rosemount","2021","202","fertCommercial_cutNone","N fertilizer rate","70 kg N ha",2021-04-29,1899-12-31 14:08:33,693.5,0.367,2.24,0,31,NA
"orei_manure","rosemount","2021","202","fertCommercial_cutNone","N fertilizer rate","70 kg N ha",2021-04-29,1899-12-31 14:08:54,715.7,0.363,2.19,0,31,NA
"orei_manure","rosemount","2021","202","fertCommercial_cutNone","N fertilizer rate","70 kg N ha",2021-04-29,1899-12-31 14:09:15,728.4,0.371,2.19,0,31,NA
"orei_manure","rosemount","2021","202","fertCommercial_cutNone","N fertilizer rate","70 kg N ha",2021-04-29,1899-12-31 14:09:36,751,0.288,2.16,0,31,NA
"orei_manure","rosemount","2021","202","fertCommercial_cutNone","N fertilizer rate","70 kg N ha",2021-05-18,1899-12-31 10:16:13,770.4,0.344,2.46,0.07,30,NA
"orei_manure","rosemount","2021","202","fertCommercial_cutNone","N fertilizer rate","70 kg N ha",2021-05-18,1899-12-31 10:16:34,758.7,0.365,2.59,0.01,30,NA
"orei_manure","rosemount","2021","202","fertCommercial_cutNone","N fertilizer rate","70 kg N ha",2021-05-18,1899-12-31 10:16:55,673.9,0.375,2.41,0.04,30,NA
"orei_manure","rosemount","2021","202","fertCommercial_cutNone","N fertilizer rate","70 kg N ha",2021-05-18,1899-12-31 10:17:17,613.8,0.399,2.45,0.06,30,NA
"orei_manure","rosemount","2021","202","fertCommercial_cutNone","N fertilizer rate","70 kg N ha",2021-05-18,1899-12-31 10:17:38,581.5,0.4,2.5,0,30,NA
"orei_manure","rosemount","2021","202","fertCommercial_cutNone","N fertilizer rate","70 kg N ha",2021-05-18,1899-12-31 10:17:59,567.5,0.399,2.52,0.05,30,NA
"orei_manure","rosemount","2021","202","fertCommercial_cutNone","N fertilizer rate","70 kg N ha",2021-05-18,1899-12-31 10:18:20,558.4,0.395,2.49,0.13,30,NA
"orei_manure","rosemount","2021","202","fertCommercial_cutNone","N fertilizer rate","70 kg N ha",2021-05-18,1899-12-31 10:18:41,560.3,0.396,2.54,0.07,30,NA
"orei_manure","rosemount","2021","202","fertCommercial_cutNone","N fertilizer rate","70 kg N ha",2021-05-18,1899-12-31 10:19:02,564.3,0.379,2.5,0.04,30,NA
"orei_manure","rosemount","2021","202","fertCommercial_cutNone","N fertilizer rate","70 kg N ha",2021-05-18,1899-12-31 10:19:23,574,0.412,2.52,0.01,30,NA
"orei_manure","rosemount","2021","202","fertCommercial_cutNone","N fertilizer rate","70 kg N ha",2021-05-18,1899-12-31 10:19:44,583.5,0.346,2.49,0,30,NA
"orei_manure","rosemount","2021","202","fertCommercial_cutNone","N fertilizer rate","70 kg N ha",2021-05-18,1899-12-31 10:20:05,595.8,0.422,2.44,0.01,30,NA
"orei_manure","rosemount","2021","202","fertCommercial_cutNone","N fertilizer rate","70 kg N ha",2021-05-18,1899-12-31 10:20:26,609.1,0.422,2.51,0.04,30,NA
"orei_manure","rosemount","2021","202","fertCommercial_cutNone","N fertilizer rate","70 kg N ha",2021-05-18,1899-12-31 10:20:47,623.7,0.41,2.48,0.06,30,NA
"orei_manure","rosemount","2021","202","fertCommercial_cutNone","N fertilizer rate","70 kg N ha",2021-05-18,1899-12-31 10:21:08,638.1,0.387,2.48,0,30,NA
"orei_manure","rosemount","2021","202","fertCommercial_cutNone","N fertilizer rate","70 kg N ha",2021-05-18,1899-12-31 10:21:29,650.8,0.406,2.43,0.03,30,NA
"orei_manure","rosemount","2021","202","fertCommercial_cutNone","N fertilizer rate","70 kg N ha",2021-05-18,1899-12-31 10:21:50,666.8,0.38,2.48,0,31,NA
"orei_manure","rosemount","2021","202","fertCommercial_cutNone","N fertilizer rate","70 kg N ha",2021-06-01,1899-12-31 11:04:23,780.8,0.312,1.99,0,34,NA
"orei_manure","rosemount","2021","202","fertCommercial_cutNone","N fertilizer rate","70 kg N ha",2021-06-01,1899-12-31 11:04:44,763,0.298,1.98,0,34,NA
"orei_manure","rosemount","2021","202","fertCommercial_cutNone","N fertilizer rate","70 kg N ha",2021-06-01,1899-12-31 11:05:05,695.9,0.343,2.05,0,34,NA
"orei_manure","rosemount","2021","202","fertCommercial_cutNone","N fertilizer rate","70 kg N ha",2021-06-01,1899-12-31 11:05:26,661.2,0.335,2.03,0,34,NA
"orei_manure","rosemount","2021","202","fertCommercial_cutNone","N fertilizer rate","70 kg N ha",2021-06-01,1899-12-31 11:05:47,648.8,0.317,1.96,0,34,NA
"orei_manure","rosemount","2021","202","fertCommercial_cutNone","N fertilizer rate","70 kg N ha",2021-06-01,1899-12-31 11:06:08,649,0.325,1.92,0,34,NA
"orei_manure","rosemount","2021","202","fertCommercial_cutNone","N fertilizer rate","70 kg N ha",2021-06-01,1899-12-31 11:06:29,658.8,0.312,2.05,0,34,NA
"orei_manure","rosemount","2021","202","fertCommercial_cutNone","N fertilizer rate","70 kg N ha",2021-06-01,1899-12-31 11:06:50,672.2,0.309,2.01,0,34,NA
"orei_manure","rosemount","2021","202","fertCommercial_cutNone","N fertilizer rate","70 kg N ha",2021-06-01,1899-12-31 11:07:11,692.5,0.327,2.04,0,34,NA
"orei_manure","rosemount","2021","202","fertCommercial_cutNone","N fertilizer rate","70 kg N ha",2021-06-01,1899-12-31 11:07:32,716.7,0.329,1.94,0,34,NA
"orei_manure","rosemount","2021","202","fertCommercial_cutNone","N fertilizer rate","70 kg N ha",2021-06-01,1899-12-31 11:07:53,735.1,0.335,2.01,0,34,NA
"orei_manure","rosemount","2021","202","fertCommercial_cutNone","N fertilizer rate","70 kg N ha",2021-06-01,1899-12-31 11:08:14,766.5,0.317,1.93,0.05,34,NA
"orei_manure","rosemount","2021","202","fertCommercial_cutNone","N fertilizer rate","70 kg N ha",2021-06-01,1899-12-31 11:08:35,789.6,0.319,2.01,0,34,NA
"orei_manure","rosemount","2021","202","fertCommercial_cutNone","N fertilizer rate","70 kg N ha",2021-06-01,1899-12-31 11:08:56,810.5,0.277,1.82,0.08,34,NA
"orei_manure","rosemount","2021","202","fertCommercial_cutNone","N fertilizer rate","70 kg N ha",2021-06-01,1899-12-31 11:09:17,838.9,0.336,1.94,0,34,NA
"orei_manure","rosemount","2021","202","fertCommercial_cutNone","N fertilizer rate","70 kg N ha",2021-06-01,1899-12-31 11:09:38,861.2,0.329,2.11,0.08,34,NA
"orei_manure","rosemount","2021","202","fertCommercial_cutNone","N fertilizer rate","70 kg N ha",2021-06-01,1899-12-31 11:10:00,885.9,0.309,2.07,0,34,NA
"orei_manure","rosemount","2021","202","fertCommercial_cutNone","N fertilizer rate","70 kg N ha",2021-06-01,1899-12-31 11:10:21,910.5,0.323,2.12,0,34,NA
"orei_manure","rosemount","2021","202","fertCommercial_cutNone","N fertilizer rate","70 kg N ha",2021-06-15,1899-12-31 11:14:49,526.2,0.402,1.86,0,36,NA
"orei_manure","rosemount","2021","202","fertCommercial_cutNone","N fertilizer rate","70 kg N ha",2021-06-15,1899-12-31 11:15:10,497.9,0.381,2.02,0.01,36,NA
"orei_manure","rosemount","2021","202","fertCommercial_cutNone","N fertilizer rate","70 kg N ha",2021-06-15,1899-12-31 11:15:31,473.2,0.386,2.08,0.05,36,NA
"orei_manure","rosemount","2021","202","fertCommercial_cutNone","N fertilizer rate","70 kg N ha",2021-06-15,1899-12-31 11:15:52,468.6,0.377,2.11,0,36,NA
"orei_manure","rosemount","2021","202","fertCommercial_cutNone","N fertilizer rate","70 kg N ha",2021-06-15,1899-12-31 11:16:13,468.3,0.386,2.22,0,36,NA
"orei_manure","rosemount","2021","202","fertCommercial_cutNone","N fertilizer rate","70 kg N ha",2021-06-15,1899-12-31 11:16:34,466.6,0.378,2.08,0,36,NA
"orei_manure","rosemount","2021","202","fertCommercial_cutNone","N fertilizer rate","70 kg N ha",2021-06-15,1899-12-31 11:16:55,472.9,0.372,1.98,0,36,NA
"orei_manure","rosemount","2021","202","fertCommercial_cutNone","N fertilizer rate","70 kg N ha",2021-06-15,1899-12-31 11:17:16,479.1,0.371,2.19,0,36,NA
"orei_manure","rosemount","2021","202","fertCommercial_cutNone","N fertilizer rate","70 kg N ha",2021-06-15,1899-12-31 11:17:37,480.3,0.371,2.16,0,36,NA
"orei_manure","rosemount","2021","202","fertCommercial_cutNone","N fertilizer rate","70 kg N ha",2021-06-15,1899-12-31 11:17:58,487.5,0.382,2.15,0.04,36,NA
"orei_manure","rosemount","2021","202","fertCommercial_cutNone","N fertilizer rate","70 kg N ha",2021-06-15,1899-12-31 11:18:19,488.4,0.395,1.93,0,36,NA
"orei_manure","rosemount","2021","202","fertCommercial_cutNone","N fertilizer rate","70 kg N ha",2021-06-15,1899-12-31 11:18:41,492.4,0.371,2.16,0.01,36,NA
"orei_manure","rosemount","2021","202","fertCommercial_cutNone","N fertilizer rate","70 kg N ha",2021-06-15,1899-12-31 11:19:02,499.3,0.382,2.01,0.05,36,NA
"orei_manure","rosemount","2021","202","fertCommercial_cutNone","N fertilizer rate","70 kg N ha",2021-06-15,1899-12-31 11:19:23,503.4,0.366,2.12,0,36,NA
"orei_manure","rosemount","2021","202","fertCommercial_cutNone","N fertilizer rate","70 kg N ha",2021-06-15,1899-12-31 11:19:44,510.2,0.381,2.18,0.03,36,NA
"orei_manure","rosemount","2021","202","fertCommercial_cutNone","N fertilizer rate","70 kg N ha",2021-06-15,1899-12-31 11:20:05,516.2,0.404,1.98,0,36,NA
"orei_manure","rosemount","2021","202","fertCommercial_cutNone","N fertilizer rate","70 kg N ha",2021-06-15,1899-12-31 11:20:26,522.9,0.379,2.2,0,36,NA
"orei_manure","rosemount","2021","202","fertCommercial_cutNone","N fertilizer rate","70 kg N ha",2021-06-15,1899-12-31 11:20:47,524.9,0.39,1.94,0,36,NA
"orei_manure","rosemount","2021","202","fertCommercial_cutNone","N fertilizer rate","70 kg N ha",2021-06-15,1899-12-31 11:21:59,531.1,0.382,1.95,0.01,36,NA
"orei_manure","rosemount","2021","202","fertCommercial_cutNone","N fertilizer rate","70 kg N ha",2021-06-15,1899-12-31 11:22:20,546.7,0.395,2.08,0.02,36,NA
"orei_manure","rosemount","2021","202","fertCommercial_cutNone","N fertilizer rate","70 kg N ha",2021-06-15,1899-12-31 11:22:41,542.1,0.386,2.31,0,36,NA
"orei_manure","rosemount","2021","202","fertCommercial_cutNone","N fertilizer rate","70 kg N ha",2021-09-10,1899-12-31 11:00:57,519.6,0.33,2.27,0,34,NA
"orei_manure","rosemount","2021","202","fertCommercial_cutNone","N fertilizer rate","70 kg N ha",2021-09-10,1899-12-31 11:01:18,449.2,0.339,2.21,0,34,NA
"orei_manure","rosemount","2021","202","fertCommercial_cutNone","N fertilizer rate","70 kg N ha",2021-09-10,1899-12-31 11:01:39,415,0.327,2.27,0,34,NA
"orei_manure","rosemount","2021","202","fertCommercial_cutNone","N fertilizer rate","70 kg N ha",2021-09-10,1899-12-31 11:02:00,407,0.334,2.33,0,34,NA
"orei_manure","rosemount","2021","202","fertCommercial_cutNone","N fertilizer rate","70 kg N ha",2021-09-10,1899-12-31 11:02:21,405.2,0.334,2.4,0,34,NA
"orei_manure","rosemount","2021","202","fertCommercial_cutNone","N fertilizer rate","70 kg N ha",2021-09-10,1899-12-31 11:02:42,404.4,0.337,2.4,0,34,NA
"orei_manure","rosemount","2021","202","fertCommercial_cutNone","N fertilizer rate","70 kg N ha",2021-09-10,1899-12-31 11:03:03,409.2,0.339,2.26,0,34,NA
"orei_manure","rosemount","2021","202","fertCommercial_cutNone","N fertilizer rate","70 kg N ha",2021-09-10,1899-12-31 11:03:24,413.9,0.339,2.25,0,34,NA
"orei_manure","rosemount","2021","202","fertCommercial_cutNone","N fertilizer rate","70 kg N ha",2021-09-10,1899-12-31 11:03:44,420.8,0.349,2.27,0,34,NA
"orei_manure","rosemount","2021","202","fertCommercial_cutNone","N fertilizer rate","70 kg N ha",2021-09-10,1899-12-31 11:04:05,424.6,0.327,2.19,0,34,NA
"orei_manure","rosemount","2021","202","fertCommercial_cutNone","N fertilizer rate","70 kg N ha",2021-09-10,1899-12-31 11:04:26,430.1,0.344,2.28,0,34,NA
"orei_manure","rosemount","2021","202","fertCommercial_cutNone","N fertilizer rate","70 kg N ha",2021-09-10,1899-12-31 11:04:47,433.9,0.342,2.39,0,34,NA
"orei_manure","rosemount","2021","202","fertCommercial_cutNone","N fertilizer rate","70 kg N ha",2021-09-10,1899-12-31 11:05:08,434.1,0.341,2.23,0,34,NA
"orei_manure","rosemount","2021","202","fertCommercial_cutNone","N fertilizer rate","70 kg N ha",2021-09-10,1899-12-31 11:05:29,436,0.337,2.26,0,34,NA
"orei_manure","rosemount","2021","202","fertCommercial_cutNone","N fertilizer rate","70 kg N ha",2021-09-10,1899-12-31 11:05:50,438.3,0.343,2.25,0,35,NA
"orei_manure","rosemount","2021","202","fertCommercial_cutNone","N fertilizer rate","70 kg N ha",2021-09-10,1899-12-31 11:06:11,440.4,0.339,2.25,0,34,NA
"orei_manure","rosemount","2021","202","fertCommercial_cutNone","N fertilizer rate","70 kg N ha",2021-09-10,1899-12-31 11:06:32,444.4,0.336,2.27,0,34,NA
"orei_manure","rosemount","2021","202","fertCommercial_cutNone","N fertilizer rate","70 kg N ha",2021-09-10,1899-12-31 11:06:53,446,0.328,2.19,0,34,NA
"orei_manure","rosemount","2021","204","fertControl_cutNone","N fertilizer rate",NA,2021-04-05,1899-12-31 12:31:00,537.3,0.285,1.73,0.94,35,NA
"orei_manure","rosemount","2021","204","fertControl_cutNone","N fertilizer rate",NA,2021-04-05,1899-12-31 12:31:21,529.7,0.389,2.05,0.23,35,NA
"orei_manure","rosemount","2021","204","fertControl_cutNone","N fertilizer rate",NA,2021-04-05,1899-12-31 12:31:41,503.2,0.369,2.02,0.01,35,NA
"orei_manure","rosemount","2021","204","fertControl_cutNone","N fertilizer rate",NA,2021-04-05,1899-12-31 12:32:02,488,0.347,1.99,0,35,NA
"orei_manure","rosemount","2021","204","fertControl_cutNone","N fertilizer rate",NA,2021-04-05,1899-12-31 12:32:23,475.8,0.341,2.15,0,35,NA
"orei_manure","rosemount","2021","204","fertControl_cutNone","N fertilizer rate",NA,2021-04-05,1899-12-31 12:32:44,478.3,0.36,2.02,0.01,35,NA
"orei_manure","rosemount","2021","204","fertControl_cutNone","N fertilizer rate",NA,2021-04-05,1899-12-31 12:33:05,480.1,0.339,2.08,0,35,NA
"orei_manure","rosemount","2021","204","fertControl_cutNone","N fertilizer rate",NA,2021-04-05,1899-12-31 12:33:26,481.9,0.377,2.1,0,35,NA
"orei_manure","rosemount","2021","204","fertControl_cutNone","N fertilizer rate",NA,2021-04-05,1899-12-31 12:33:47,483.7,0.318,2.1,0,35,NA
"orei_manure","rosemount","2021","204","fertControl_cutNone","N fertilizer rate",NA,2021-04-05,1899-12-31 12:34:08,492.8,0.383,2.1,0,35,NA
"orei_manure","rosemount","2021","204","fertControl_cutNone","N fertilizer rate",NA,2021-04-05,1899-12-31 12:34:29,501.2,0.356,2.15,0,36,NA
"orei_manure","rosemount","2021","204","fertControl_cutNone","N fertilizer rate",NA,2021-04-05,1899-12-31 12:34:50,501.6,0.301,1.97,0,36,NA
"orei_manure","rosemount","2021","204","fertControl_cutNone","N fertilizer rate",NA,2021-04-05,1899-12-31 12:35:11,505.3,0.327,1.91,0,36,NA
"orei_manure","rosemount","2021","204","fertControl_cutNone","N fertilizer rate",NA,2021-04-05,1899-12-31 12:35:32,510.2,0.345,2.05,0,36,NA
"orei_manure","rosemount","2021","204","fertControl_cutNone","N fertilizer rate",NA,2021-04-05,1899-12-31 12:35:52,516.1,0.328,2.09,0,36,NA
"orei_manure","rosemount","2021","204","fertControl_cutNone","N fertilizer rate",NA,2021-04-05,1899-12-31 12:36:13,517.8,0.322,2.16,0,36,NA
"orei_manure","rosemount","2021","204","fertControl_cutNone","N fertilizer rate",NA,2021-04-05,1899-12-31 12:36:34,521.5,0.32,2.03,0,36,NA
"orei_manure","rosemount","2021","204","fertControl_cutNone","N fertilizer rate",NA,2021-04-22,1899-12-31 12:20:45,509.4,0.357,1.94,0.78,26,NA
"orei_manure","rosemount","2021","204","fertControl_cutNone","N fertilizer rate",NA,2021-04-22,1899-12-31 12:21:06,504,0.36,2.26,0.3,26,NA
"orei_manure","rosemount","2021","204","fertControl_cutNone","N fertilizer rate",NA,2021-04-22,1899-12-31 12:21:27,488.4,0.383,2.39,0.06,26,NA
"orei_manure","rosemount","2021","204","fertControl_cutNone","N fertilizer rate",NA,2021-04-22,1899-12-31 12:21:48,480.7,0.366,2.42,0.11,26,NA
"orei_manure","rosemount","2021","204","fertControl_cutNone","N fertilizer rate",NA,2021-04-22,1899-12-31 12:22:09,485.7,0.378,2.5,0.12,26,NA
"orei_manure","rosemount","2021","204","fertControl_cutNone","N fertilizer rate",NA,2021-04-22,1899-12-31 12:22:30,498,0.373,2.45,0.03,27,NA
"orei_manure","rosemount","2021","204","fertControl_cutNone","N fertilizer rate",NA,2021-04-22,1899-12-31 12:22:51,510.6,0.396,2.49,0.1,27,NA
"orei_manure","rosemount","2021","204","fertControl_cutNone","N fertilizer rate",NA,2021-04-22,1899-12-31 12:23:12,522.5,0.367,2.48,0.05,27,NA
"orei_manure","rosemount","2021","204","fertControl_cutNone","N fertilizer rate",NA,2021-04-22,1899-12-31 12:23:33,538.8,0.385,2.51,0,27,NA
"orei_manure","rosemount","2021","204","fertControl_cutNone","N fertilizer rate",NA,2021-04-22,1899-12-31 12:23:54,554.5,0.401,2.38,0.07,27,NA
"orei_manure","rosemount","2021","204","fertControl_cutNone","N fertilizer rate",NA,2021-04-22,1899-12-31 12:24:15,571,0.374,2.45,0.11,27,NA
"orei_manure","rosemount","2021","204","fertControl_cutNone","N fertilizer rate",NA,2021-04-22,1899-12-31 12:24:36,587,0.394,2.48,0.07,27,NA
"orei_manure","rosemount","2021","204","fertControl_cutNone","N fertilizer rate",NA,2021-04-22,1899-12-31 12:24:57,601.4,0.389,2.48,0.1,27,NA
"orei_manure","rosemount","2021","204","fertControl_cutNone","N fertilizer rate",NA,2021-04-22,1899-12-31 12:25:18,615.8,0.398,2.46,0.08,27,NA
"orei_manure","rosemount","2021","204","fertControl_cutNone","N fertilizer rate",NA,2021-04-22,1899-12-31 12:25:39,626.4,0.386,2.51,0.12,27,NA
"orei_manure","rosemount","2021","204","fertControl_cutNone","N fertilizer rate",NA,2021-04-22,1899-12-31 12:26:00,639.9,0.396,2.38,0,27,NA
"orei_manure","rosemount","2021","204","fertControl_cutNone","N fertilizer rate",NA,2021-04-22,1899-12-31 12:26:21,653.1,0.394,2.43,0.03,27,NA
"orei_manure","rosemount","2021","204","fertControl_cutNone","N fertilizer rate",NA,2021-07-08,1899-12-31 13:16:14,478.4,0.32,2.05,1,31,NA
"orei_manure","rosemount","2021","204","fertControl_cutNone","N fertilizer rate",NA,2021-07-08,1899-12-31 13:16:35,463.3,0.332,1.85,0.18,30,NA
"orei_manure","rosemount","2021","204","fertControl_cutNone","N fertilizer rate",NA,2021-07-08,1899-12-31 13:16:56,447,0.342,1.89,0,31,NA
"orei_manure","rosemount","2021","204","fertControl_cutNone","N fertilizer rate",NA,2021-07-08,1899-12-31 13:17:17,446.5,0.328,2.14,0,31,NA
"orei_manure","rosemount","2021","204","fertControl_cutNone","N fertilizer rate",NA,2021-07-08,1899-12-31 13:17:38,447.9,0.319,2.05,0,31,NA
"orei_manure","rosemount","2021","204","fertControl_cutNone","N fertilizer rate",NA,2021-07-08,1899-12-31 13:17:59,449.4,0.335,1.78,0,31,NA
"orei_manure","rosemount","2021","204","fertControl_cutNone","N fertilizer rate",NA,2021-07-08,1899-12-31 13:18:20,452.8,0.33,1.82,0,31,NA
"orei_manure","rosemount","2021","204","fertControl_cutNone","N fertilizer rate",NA,2021-07-08,1899-12-31 13:18:41,454,0.342,1.97,0,31,NA
"orei_manure","rosemount","2021","204","fertControl_cutNone","N fertilizer rate",NA,2021-07-08,1899-12-31 13:19:02,458.9,0.337,1.94,0,32,NA
"orei_manure","rosemount","2021","204","fertControl_cutNone","N fertilizer rate",NA,2021-07-08,1899-12-31 13:19:23,457.6,0.33,2.09,0,32,NA
"orei_manure","rosemount","2021","204","fertControl_cutNone","N fertilizer rate",NA,2021-07-08,1899-12-31 13:19:44,460.9,0.349,2.05,0,31,NA
"orei_manure","rosemount","2021","204","fertControl_cutNone","N fertilizer rate",NA,2021-07-08,1899-12-31 13:20:05,459.4,0.319,1.71,0,32,NA
"orei_manure","rosemount","2021","204","fertControl_cutNone","N fertilizer rate",NA,2021-07-08,1899-12-31 13:20:25,468.2,0.351,1.88,0,32,NA
"orei_manure","rosemount","2021","204","fertControl_cutNone","N fertilizer rate",NA,2021-07-08,1899-12-31 13:20:46,470,0.33,1.51,0,32,NA
"orei_manure","rosemount","2021","204","fertControl_cutNone","N fertilizer rate",NA,2021-07-08,1899-12-31 13:21:07,474.6,0.348,2.35,0,32,NA
"orei_manure","rosemount","2021","204","fertControl_cutNone","N fertilizer rate",NA,2021-07-08,1899-12-31 13:21:28,475.1,0.331,1.88,0,32,NA
"orei_manure","rosemount","2021","204","fertControl_cutNone","N fertilizer rate",NA,2021-07-08,1899-12-31 13:21:49,477.6,0.339,2.06,0,32,NA
"orei_manure","rosemount","2021","204","fertControl_cutNone","N fertilizer rate",NA,2021-07-08,1899-12-31 13:22:10,483.3,0.334,1.72,0,32,NA
"orei_manure","rosemount","2021","204","fertControl_cutNone","N fertilizer rate",NA,2021-07-16,1899-12-31 11:49:19,418.9,0.337,2.07,0.79,40,NA
"orei_manure","rosemount","2021","204","fertControl_cutNone","N fertilizer rate",NA,2021-07-16,1899-12-31 11:49:43,418.1,0.396,2.06,0,40,NA
"orei_manure","rosemount","2021","204","fertControl_cutNone","N fertilizer rate",NA,2021-07-16,1899-12-31 11:50:07,434,0.416,2.12,0,40,NA
"orei_manure","rosemount","2021","204","fertControl_cutNone","N fertilizer rate",NA,2021-07-16,1899-12-31 11:50:31,423,0.454,2.38,0,40,NA
"orei_manure","rosemount","2021","204","fertControl_cutNone","N fertilizer rate",NA,2021-07-16,1899-12-31 11:50:55,417,0.408,2.18,0,40,NA
"orei_manure","rosemount","2021","204","fertControl_cutNone","N fertilizer rate",NA,2021-07-16,1899-12-31 11:51:19,437,0.495,2.35,0,40,NA
"orei_manure","rosemount","2021","204","fertControl_cutNone","N fertilizer rate",NA,2021-07-16,1899-12-31 11:51:43,432.5,0.484,2.21,0,40,NA
"orei_manure","rosemount","2021","204","fertControl_cutNone","N fertilizer rate",NA,2021-07-16,1899-12-31 11:52:07,436.5,0.504,2.31,0,40,NA
"orei_manure","rosemount","2021","204","fertControl_cutNone","N fertilizer rate",NA,2021-07-16,1899-12-31 11:52:32,428.1,0.448,2.37,0,41,NA
"orei_manure","rosemount","2021","204","fertControl_cutNone","N fertilizer rate",NA,2021-07-16,1899-12-31 11:52:57,427.7,0.383,2.17,0,41,NA
"orei_manure","rosemount","2021","204","fertControl_cutNone","N fertilizer rate",NA,2021-07-16,1899-12-31 11:53:22,438.1,0.428,2.29,0,41,NA
"orei_manure","rosemount","2021","204","fertControl_cutNone","N fertilizer rate",NA,2021-07-16,1899-12-31 11:53:46,442.5,0.435,2.16,0,41,NA
"orei_manure","rosemount","2021","204","fertControl_cutNone","N fertilizer rate",NA,2021-07-16,1899-12-31 11:54:11,444.4,0.43,2.29,0,41,NA
"orei_manure","rosemount","2021","204","fertControl_cutNone","N fertilizer rate",NA,2021-07-16,1899-12-31 11:54:36,442.4,0.415,2.22,0,41,NA
"orei_manure","rosemount","2021","204","fertControl_cutNone","N fertilizer rate",NA,2021-07-16,1899-12-31 11:55:00,456.4,0.433,2.25,0,41,NA
"orei_manure","rosemount","2021","204","fertControl_cutNone","N fertilizer rate",NA,2021-07-16,1899-12-31 11:55:25,456.6,0.432,2.24,0,41,NA
"orei_manure","rosemount","2021","204","fertControl_cutNone","N fertilizer rate",NA,2021-08-10,1899-12-31 12:19:55,451.6,0.295,2.42,0,41,NA
"orei_manure","rosemount","2021","204","fertControl_cutNone","N fertilizer rate",NA,2021-08-10,1899-12-31 12:20:17,451.4,0.289,2.41,0,41,NA
"orei_manure","rosemount","2021","204","fertControl_cutNone","N fertilizer rate",NA,2021-08-10,1899-12-31 12:20:38,428.9,0.299,2.46,0,41,NA
"orei_manure","rosemount","2021","204","fertControl_cutNone","N fertilizer rate",NA,2021-08-10,1899-12-31 12:20:59,421.9,0.284,2.45,0,41,NA
"orei_manure","rosemount","2021","204","fertControl_cutNone","N fertilizer rate",NA,2021-08-10,1899-12-31 12:21:20,418.6,0.303,2.46,0,41,NA
"orei_manure","rosemount","2021","204","fertControl_cutNone","N fertilizer rate",NA,2021-08-10,1899-12-31 12:21:41,418.7,0.282,2.52,0,40,NA
"orei_manure","rosemount","2021","204","fertControl_cutNone","N fertilizer rate",NA,2021-08-10,1899-12-31 12:22:02,419.5,0.265,2.35,0,40,NA
"orei_manure","rosemount","2021","204","fertControl_cutNone","N fertilizer rate",NA,2021-08-10,1899-12-31 12:22:22,422,0.265,2.41,0,40,NA
"orei_manure","rosemount","2021","204","fertControl_cutNone","N fertilizer rate",NA,2021-08-10,1899-12-31 12:22:44,429,0.3,2.42,0,41,NA
"orei_manure","rosemount","2021","204","fertControl_cutNone","N fertilizer rate",NA,2021-08-10,1899-12-31 12:23:05,434.6,0.304,2.43,0,41,NA
"orei_manure","rosemount","2021","204","fertControl_cutNone","N fertilizer rate",NA,2021-08-10,1899-12-31 12:23:26,438.8,0.306,2.42,0,40,NA
"orei_manure","rosemount","2021","204","fertControl_cutNone","N fertilizer rate",NA,2021-08-10,1899-12-31 12:23:47,441.8,0.287,2.4,0,41,NA
"orei_manure","rosemount","2021","204","fertControl_cutNone","N fertilizer rate",NA,2021-08-10,1899-12-31 12:24:08,447.5,0.3,2.45,0,41,NA
"orei_manure","rosemount","2021","204","fertControl_cutNone","N fertilizer rate",NA,2021-08-10,1899-12-31 12:24:29,450.7,0.275,2.44,0,41,NA
"orei_manure","rosemount","2021","204","fertControl_cutNone","N fertilizer rate",NA,2021-08-10,1899-12-31 12:24:50,454.7,0.282,2.33,0,41,NA
"orei_manure","rosemount","2021","204","fertControl_cutNone","N fertilizer rate",NA,2021-08-10,1899-12-31 12:25:11,456.9,0.27,2.39,0,40,NA
"orei_manure","rosemount","2021","204","fertControl_cutNone","N fertilizer rate",NA,2021-08-10,1899-12-31 12:25:32,460.4,0.263,2.52,0,41,NA
"orei_manure","rosemount","2021","204","fertControl_cutNone","N fertilizer rate",NA,2021-10-14,1899-12-31 11:58:03,447.3,0.379,1.94,0.09,20,NA
"orei_manure","rosemount","2021","204","fertControl_cutNone","N fertilizer rate",NA,2021-10-14,1899-12-31 11:58:24,442.8,0.394,1.83,0.08,20,NA
"orei_manure","rosemount","2021","204","fertControl_cutNone","N fertilizer rate",NA,2021-10-14,1899-12-31 11:58:45,430.4,0.395,1.85,0.08,20,NA
"orei_manure","rosemount","2021","204","fertControl_cutNone","N fertilizer rate",NA,2021-10-14,1899-12-31 11:59:06,423.6,0.393,1.98,0.04,20,NA
"orei_manure","rosemount","2021","204","fertControl_cutNone","N fertilizer rate",NA,2021-10-14,1899-12-31 11:59:27,423,0.413,1.86,0.08,20,NA
"orei_manure","rosemount","2021","204","fertControl_cutNone","N fertilizer rate",NA,2021-10-14,1899-12-31 11:59:48,424.4,0.401,1.85,0.02,20,NA
"orei_manure","rosemount","2021","204","fertControl_cutNone","N fertilizer rate",NA,2021-10-14,1899-12-31 12:00:09,424.1,0.4,1.84,0.03,20,NA
"orei_manure","rosemount","2021","204","fertControl_cutNone","N fertilizer rate",NA,2021-10-14,1899-12-31 12:00:30,426,0.415,1.92,0.02,20,NA
"orei_manure","rosemount","2021","204","fertControl_cutNone","N fertilizer rate",NA,2021-10-14,1899-12-31 12:00:50,428.3,0.414,1.91,0.09,20,NA
"orei_manure","rosemount","2021","204","fertControl_cutNone","N fertilizer rate",NA,2021-10-14,1899-12-31 12:01:11,428.6,0.409,1.85,0.03,20,NA
"orei_manure","rosemount","2021","204","fertControl_cutNone","N fertilizer rate",NA,2021-10-14,1899-12-31 12:01:32,428.7,0.405,1.86,0.01,20,NA
"orei_manure","rosemount","2021","204","fertControl_cutNone","N fertilizer rate",NA,2021-10-14,1899-12-31 12:01:53,429.8,0.402,1.93,0.02,20,NA
"orei_manure","rosemount","2021","204","fertControl_cutNone","N fertilizer rate",NA,2021-10-14,1899-12-31 12:02:14,432.7,0.402,1.9,0,20,NA
"orei_manure","rosemount","2021","204","fertControl_cutNone","N fertilizer rate",NA,2021-10-14,1899-12-31 12:02:35,432.4,0.396,1.93,0.06,20,NA
"orei_manure","rosemount","2021","204","fertControl_cutNone","N fertilizer rate",NA,2021-10-14,1899-12-31 12:02:56,434.1,0.389,1.89,0,20,NA
"orei_manure","rosemount","2021","204","fertControl_cutNone","N fertilizer rate",NA,2021-10-14,1899-12-31 12:03:17,435.5,0.394,1.94,0.03,20,NA
"orei_manure","rosemount","2021","204","fertControl_cutNone","N fertilizer rate",NA,2021-10-14,1899-12-31 12:03:38,435.2,0.379,1.9,0,20,NA
"orei_manure","rosemount","2021","204","fertControl_cutNone","N fertilizer rate",NA,2021-10-25,1899-12-31 15:38:01,436.7,0.437,1.99,0,25,NA
"orei_manure","rosemount","2021","204","fertControl_cutNone","N fertilizer rate",NA,2021-10-25,1899-12-31 15:38:21,435.8,0.431,1.89,0,25,NA
"orei_manure","rosemount","2021","204","fertControl_cutNone","N fertilizer rate",NA,2021-10-25,1899-12-31 15:38:42,429.6,0.449,1.92,0,25,NA
"orei_manure","rosemount","2021","204","fertControl_cutNone","N fertilizer rate",NA,2021-10-25,1899-12-31 15:39:03,423.9,0.453,1.99,0,25,NA
"orei_manure","rosemount","2021","204","fertControl_cutNone","N fertilizer rate",NA,2021-10-25,1899-12-31 15:39:24,419.8,0.423,1.9,0,25,NA
"orei_manure","rosemount","2021","204","fertControl_cutNone","N fertilizer rate",NA,2021-10-25,1899-12-31 15:39:45,420.9,0.441,2,0,25,NA
"orei_manure","rosemount","2021","204","fertControl_cutNone","N fertilizer rate",NA,2021-10-25,1899-12-31 15:40:06,421.1,0.439,1.97,0,25,NA
"orei_manure","rosemount","2021","204","fertControl_cutNone","N fertilizer rate",NA,2021-10-25,1899-12-31 15:40:27,424.1,0.467,1.95,0,25,NA
"orei_manure","rosemount","2021","204","fertControl_cutNone","N fertilizer rate",NA,2021-10-25,1899-12-31 15:40:47,421.6,0.441,2.06,0,25,NA
"orei_manure","rosemount","2021","204","fertControl_cutNone","N fertilizer rate",NA,2021-10-25,1899-12-31 15:41:08,422.6,0.433,1.91,0,25,NA
"orei_manure","rosemount","2021","204","fertControl_cutNone","N fertilizer rate",NA,2021-10-25,1899-12-31 15:41:29,425.4,0.465,1.9,0,25,NA
"orei_manure","rosemount","2021","204","fertControl_cutNone","N fertilizer rate",NA,2021-10-25,1899-12-31 15:41:50,426,0.466,1.99,0,25,NA
"orei_manure","rosemount","2021","204","fertControl_cutNone","N fertilizer rate",NA,2021-10-25,1899-12-31 15:42:11,428.1,0.453,1.94,0,25,NA
"orei_manure","rosemount","2021","204","fertControl_cutNone","N fertilizer rate",NA,2021-10-25,1899-12-31 15:42:32,426.3,0.459,1.94,0,25,NA
"orei_manure","rosemount","2021","204","fertControl_cutNone","N fertilizer rate",NA,2021-10-25,1899-12-31 15:42:53,425.7,0.467,1.89,0,25,NA
"orei_manure","rosemount","2021","204","fertControl_cutNone","N fertilizer rate",NA,2021-10-25,1899-12-31 15:43:13,427.5,0.447,1.89,0,25,NA
"orei_manure","rosemount","2021","204","fertControl_cutNone","N fertilizer rate",NA,2021-04-29,1899-12-31 13:01:27,536.4,0.325,2.12,0,30,NA
"orei_manure","rosemount","2021","204","fertControl_cutNone","N fertilizer rate",NA,2021-04-29,1899-12-31 13:01:48,540.2,0.362,2.12,0,30,NA
"orei_manure","rosemount","2021","204","fertControl_cutNone","N fertilizer rate",NA,2021-04-29,1899-12-31 13:02:09,523.1,0.335,2.13,0.01,30,NA
"orei_manure","rosemount","2021","204","fertControl_cutNone","N fertilizer rate",NA,2021-04-29,1899-12-31 13:02:30,517.4,0.354,2.08,0,30,NA
"orei_manure","rosemount","2021","204","fertControl_cutNone","N fertilizer rate",NA,2021-04-29,1899-12-31 13:02:51,514.9,0.305,2.14,0,30,NA
"orei_manure","rosemount","2021","204","fertControl_cutNone","N fertilizer rate",NA,2021-04-29,1899-12-31 13:03:12,516.8,0.305,2.22,0,30,NA
"orei_manure","rosemount","2021","204","fertControl_cutNone","N fertilizer rate",NA,2021-04-29,1899-12-31 13:03:33,524.5,0.322,2.24,0,30,NA
"orei_manure","rosemount","2021","204","fertControl_cutNone","N fertilizer rate",NA,2021-04-29,1899-12-31 13:03:54,538.8,0.37,2.17,0,30,NA
"orei_manure","rosemount","2021","204","fertControl_cutNone","N fertilizer rate",NA,2021-04-29,1899-12-31 13:04:15,550.6,0.335,2.06,0,30,NA
"orei_manure","rosemount","2021","204","fertControl_cutNone","N fertilizer rate",NA,2021-04-29,1899-12-31 13:04:36,566.8,0.36,2.14,0,30,NA
"orei_manure","rosemount","2021","204","fertControl_cutNone","N fertilizer rate",NA,2021-04-29,1899-12-31 13:04:57,582.8,0.365,2.16,0,30,NA
"orei_manure","rosemount","2021","204","fertControl_cutNone","N fertilizer rate",NA,2021-04-29,1899-12-31 13:05:18,602.3,0.387,2.1,0,30,NA
"orei_manure","rosemount","2021","204","fertControl_cutNone","N fertilizer rate",NA,2021-04-29,1899-12-31 13:05:39,614.6,0.371,2.14,0,30,NA
"orei_manure","rosemount","2021","204","fertControl_cutNone","N fertilizer rate",NA,2021-04-29,1899-12-31 13:06:00,634.7,0.36,2.24,0,30,NA
"orei_manure","rosemount","2021","204","fertControl_cutNone","N fertilizer rate",NA,2021-04-29,1899-12-31 13:06:21,652.9,0.346,2.2,0,30,NA
"orei_manure","rosemount","2021","204","fertControl_cutNone","N fertilizer rate",NA,2021-04-29,1899-12-31 13:06:42,669.4,0.358,2.13,0,30,NA
"orei_manure","rosemount","2021","204","fertControl_cutNone","N fertilizer rate",NA,2021-04-29,1899-12-31 13:07:03,688.3,0.337,2.16,0,30,NA
"orei_manure","rosemount","2021","204","fertControl_cutNone","N fertilizer rate",NA,2021-05-18,1899-12-31 11:20:20,643,0.353,2.45,0.02,32,NA
"orei_manure","rosemount","2021","204","fertControl_cutNone","N fertilizer rate",NA,2021-05-18,1899-12-31 11:20:41,637.9,0.394,2.59,0.03,32,NA
"orei_manure","rosemount","2021","204","fertControl_cutNone","N fertilizer rate",NA,2021-05-18,1899-12-31 11:21:02,600.3,0.367,2.49,0.07,32,NA
"orei_manure","rosemount","2021","204","fertControl_cutNone","N fertilizer rate",NA,2021-05-18,1899-12-31 11:21:23,576.5,0.38,2.48,0.07,32,NA
"orei_manure","rosemount","2021","204","fertControl_cutNone","N fertilizer rate",NA,2021-05-18,1899-12-31 11:21:44,561.4,0.382,2.54,0.02,32,NA
"orei_manure","rosemount","2021","204","fertControl_cutNone","N fertilizer rate",NA,2021-05-18,1899-12-31 11:22:05,556.2,0.369,2.5,0,32,NA
"orei_manure","rosemount","2021","204","fertControl_cutNone","N fertilizer rate",NA,2021-05-18,1899-12-31 11:22:26,560.6,0.375,2.46,0.07,32,NA
"orei_manure","rosemount","2021","204","fertControl_cutNone","N fertilizer rate",NA,2021-05-18,1899-12-31 11:22:46,567.6,0.361,2.46,0.02,32,NA
"orei_manure","rosemount","2021","204","fertControl_cutNone","N fertilizer rate",NA,2021-05-18,1899-12-31 11:23:07,577.5,0.338,2.56,0.02,32,NA
"orei_manure","rosemount","2021","204","fertControl_cutNone","N fertilizer rate",NA,2021-05-18,1899-12-31 11:23:28,588.5,0.353,2.57,0.02,32,NA
"orei_manure","rosemount","2021","204","fertControl_cutNone","N fertilizer rate",NA,2021-05-18,1899-12-31 11:23:49,603.1,0.348,2.48,0,32,NA
"orei_manure","rosemount","2021","204","fertControl_cutNone","N fertilizer rate",NA,2021-05-18,1899-12-31 11:24:10,618.5,0.33,2.55,0.03,32,NA
"orei_manure","rosemount","2021","204","fertControl_cutNone","N fertilizer rate",NA,2021-05-18,1899-12-31 11:24:31,636.1,0.373,2.56,0,32,NA
"orei_manure","rosemount","2021","204","fertControl_cutNone","N fertilizer rate",NA,2021-05-18,1899-12-31 11:24:52,652.9,0.38,2.45,0.05,32,NA
"orei_manure","rosemount","2021","204","fertControl_cutNone","N fertilizer rate",NA,2021-05-18,1899-12-31 11:25:13,673.7,0.358,2.55,0.02,32,NA
"orei_manure","rosemount","2021","204","fertControl_cutNone","N fertilizer rate",NA,2021-05-18,1899-12-31 11:25:33,689.5,0.341,2.51,0,32,NA
"orei_manure","rosemount","2021","204","fertControl_cutNone","N fertilizer rate",NA,2021-05-18,1899-12-31 11:25:54,704.6,0.345,2.49,0,32,NA
"orei_manure","rosemount","2021","204","fertControl_cutNone","N fertilizer rate",NA,2021-06-01,1899-12-31 12:08:20,590.2,0.382,2.12,0,37,NA
"orei_manure","rosemount","2021","204","fertControl_cutNone","N fertilizer rate",NA,2021-06-01,1899-12-31 12:08:44,572.5,0.367,2.03,0,37,NA
"orei_manure","rosemount","2021","204","fertControl_cutNone","N fertilizer rate",NA,2021-06-01,1899-12-31 12:09:07,527.3,0.38,2.09,0,37,NA
"orei_manure","rosemount","2021","204","fertControl_cutNone","N fertilizer rate",NA,2021-06-01,1899-12-31 12:09:30,494.6,0.359,2.22,0,37,NA
"orei_manure","rosemount","2021","204","fertControl_cutNone","N fertilizer rate",NA,2021-06-01,1899-12-31 12:09:53,479.9,0.357,2.11,0,37,NA
"orei_manure","rosemount","2021","204","fertControl_cutNone","N fertilizer rate",NA,2021-06-01,1899-12-31 12:10:16,490,0.362,2.16,0.08,37,NA
"orei_manure","rosemount","2021","204","fertControl_cutNone","N fertilizer rate",NA,2021-06-01,1899-12-31 12:10:37,505.1,0.334,2.15,0,37,NA
"orei_manure","rosemount","2021","204","fertControl_cutNone","N fertilizer rate",NA,2021-06-01,1899-12-31 12:10:59,511.3,0.363,2.12,0,37,NA
"orei_manure","rosemount","2021","204","fertControl_cutNone","N fertilizer rate",NA,2021-06-01,1899-12-31 12:11:21,529.9,0.33,2.13,0,37,NA
"orei_manure","rosemount","2021","204","fertControl_cutNone","N fertilizer rate",NA,2021-06-01,1899-12-31 12:11:43,548.6,0.331,2.07,0,37,NA
"orei_manure","rosemount","2021","204","fertControl_cutNone","N fertilizer rate",NA,2021-06-01,1899-12-31 12:12:05,565.6,0.321,2.11,0,37,NA
"orei_manure","rosemount","2021","204","fertControl_cutNone","N fertilizer rate",NA,2021-06-01,1899-12-31 12:12:28,589.6,0.385,2.16,0,37,NA
"orei_manure","rosemount","2021","204","fertControl_cutNone","N fertilizer rate",NA,2021-06-01,1899-12-31 12:12:51,602.1,0.357,2.05,0.03,37,NA
"orei_manure","rosemount","2021","204","fertControl_cutNone","N fertilizer rate",NA,2021-06-01,1899-12-31 12:13:15,618.5,0.346,2.03,0,37,NA
"orei_manure","rosemount","2021","204","fertControl_cutNone","N fertilizer rate",NA,2021-06-01,1899-12-31 12:13:38,640.5,0.382,2.02,0,37,NA
"orei_manure","rosemount","2021","204","fertControl_cutNone","N fertilizer rate",NA,2021-06-01,1899-12-31 12:14:01,636.6,0.31,2.05,0,37,NA
"orei_manure","rosemount","2021","204","fertControl_cutNone","N fertilizer rate",NA,2021-06-01,1899-12-31 12:26:46,746.3,0.352,2.03,0.07,37,NA
"orei_manure","rosemount","2021","204","fertControl_cutNone","N fertilizer rate",NA,2021-06-01,1899-12-31 12:27:09,705.5,0.321,1.94,0,37,NA
"orei_manure","rosemount","2021","204","fertControl_cutNone","N fertilizer rate",NA,2021-06-01,1899-12-31 12:27:32,611.2,0.335,2,0,37,NA
"orei_manure","rosemount","2021","204","fertControl_cutNone","N fertilizer rate",NA,2021-06-01,1899-12-31 12:27:55,554,0.352,1.94,0.01,37,NA
"orei_manure","rosemount","2021","204","fertControl_cutNone","N fertilizer rate",NA,2021-06-01,1899-12-31 12:28:18,518.9,0.352,1.92,0,37,NA
"orei_manure","rosemount","2021","204","fertControl_cutNone","N fertilizer rate",NA,2021-06-01,1899-12-31 12:28:42,512.9,0.415,1.99,0,37,NA
"orei_manure","rosemount","2021","204","fertControl_cutNone","N fertilizer rate",NA,2021-06-01,1899-12-31 12:29:06,504.8,0.378,1.93,0,37,NA
"orei_manure","rosemount","2021","204","fertControl_cutNone","N fertilizer rate",NA,2021-06-01,1899-12-31 12:29:31,494.5,0.332,1.94,0,37,NA
"orei_manure","rosemount","2021","204","fertControl_cutNone","N fertilizer rate",NA,2021-06-01,1899-12-31 12:29:53,502.9,0.334,1.91,0.02,37,NA
"orei_manure","rosemount","2021","204","fertControl_cutNone","N fertilizer rate",NA,2021-06-01,1899-12-31 12:30:16,506.2,0.342,2.07,0,37,NA
"orei_manure","rosemount","2021","204","fertControl_cutNone","N fertilizer rate",NA,2021-06-01,1899-12-31 12:30:39,515.5,0.344,1.95,0,37,NA
"orei_manure","rosemount","2021","204","fertControl_cutNone","N fertilizer rate",NA,2021-06-01,1899-12-31 12:31:03,524,0.343,2.09,0,37,NA
"orei_manure","rosemount","2021","204","fertControl_cutNone","N fertilizer rate",NA,2021-06-01,1899-12-31 12:31:27,535.1,0.345,1.94,0,37,NA
"orei_manure","rosemount","2021","204","fertControl_cutNone","N fertilizer rate",NA,2021-06-01,1899-12-31 12:31:51,550.1,0.366,1.83,0,37,NA
"orei_manure","rosemount","2021","204","fertControl_cutNone","N fertilizer rate",NA,2021-06-01,1899-12-31 12:32:14,557.1,0.352,2.03,0,37,NA
"orei_manure","rosemount","2021","204","fertControl_cutNone","N fertilizer rate",NA,2021-06-01,1899-12-31 12:32:38,575.9,0.393,2.01,0,37,NA
"orei_manure","rosemount","2021","204","fertControl_cutNone","N fertilizer rate",NA,2021-06-15,1899-12-31 12:21:18,478.7,0.347,2.17,0,38,NA
"orei_manure","rosemount","2021","204","fertControl_cutNone","N fertilizer rate",NA,2021-06-15,1899-12-31 12:21:39,462,0.351,2.32,0,38,NA
"orei_manure","rosemount","2021","204","fertControl_cutNone","N fertilizer rate",NA,2021-06-15,1899-12-31 12:22:00,448.5,0.341,2.27,0,38,NA
"orei_manure","rosemount","2021","204","fertControl_cutNone","N fertilizer rate",NA,2021-06-15,1899-12-31 12:22:21,438.5,0.345,2.35,0,38,NA
"orei_manure","rosemount","2021","204","fertControl_cutNone","N fertilizer rate",NA,2021-06-15,1899-12-31 12:22:42,438.4,0.331,2.03,0,38,NA
"orei_manure","rosemount","2021","204","fertControl_cutNone","N fertilizer rate",NA,2021-06-15,1899-12-31 12:23:03,437,0.353,2.5,0,39,NA
"orei_manure","rosemount","2021","204","fertControl_cutNone","N fertilizer rate",NA,2021-06-15,1899-12-31 12:23:24,436.1,0.346,2.15,0,38,NA
"orei_manure","rosemount","2021","204","fertControl_cutNone","N fertilizer rate",NA,2021-06-15,1899-12-31 12:23:45,440.9,0.368,2.18,0,38,NA
"orei_manure","rosemount","2021","204","fertControl_cutNone","N fertilizer rate",NA,2021-06-15,1899-12-31 12:24:06,436.1,0.33,2.52,0,38,NA
"orei_manure","rosemount","2021","204","fertControl_cutNone","N fertilizer rate",NA,2021-06-15,1899-12-31 12:24:27,439.7,0.352,2.08,0,39,NA
"orei_manure","rosemount","2021","204","fertControl_cutNone","N fertilizer rate",NA,2021-06-15,1899-12-31 12:24:48,437.9,0.314,2.01,0,38,NA
"orei_manure","rosemount","2021","204","fertControl_cutNone","N fertilizer rate",NA,2021-06-15,1899-12-31 12:25:09,441.7,0.334,2.24,0,39,NA
"orei_manure","rosemount","2021","204","fertControl_cutNone","N fertilizer rate",NA,2021-06-15,1899-12-31 12:25:30,450.1,0.357,2.24,0,38,NA
"orei_manure","rosemount","2021","204","fertControl_cutNone","N fertilizer rate",NA,2021-06-15,1899-12-31 12:25:51,450.5,0.358,2.42,0,38,NA
"orei_manure","rosemount","2021","204","fertControl_cutNone","N fertilizer rate",NA,2021-06-15,1899-12-31 12:26:12,453.1,0.358,2.02,0,38,NA
"orei_manure","rosemount","2021","204","fertControl_cutNone","N fertilizer rate",NA,2021-06-15,1899-12-31 12:26:33,454.4,0.331,2.25,0,39,NA
"orei_manure","rosemount","2021","204","fertControl_cutNone","N fertilizer rate",NA,2021-06-15,1899-12-31 12:26:54,450.9,0.346,2.18,0,38,NA
"orei_manure","rosemount","2021","204","fertControl_cutNone","N fertilizer rate",NA,2021-06-15,1899-12-31 12:27:15,455.1,0.348,2.32,0,38,NA
"orei_manure","rosemount","2021","204","fertControl_cutNone","N fertilizer rate",NA,2021-09-10,1899-12-31 12:00:18,445.4,0.318,2.42,0,37,NA
"orei_manure","rosemount","2021","204","fertControl_cutNone","N fertilizer rate",NA,2021-09-10,1899-12-31 12:00:39,414.1,0.298,2.37,0.02,37,NA
"orei_manure","rosemount","2021","204","fertControl_cutNone","N fertilizer rate",NA,2021-09-10,1899-12-31 12:01:00,397.7,0.29,2.33,0,37,NA
"orei_manure","rosemount","2021","204","fertControl_cutNone","N fertilizer rate",NA,2021-09-10,1899-12-31 12:01:21,399.9,0.31,2.21,0,37,NA
"orei_manure","rosemount","2021","204","fertControl_cutNone","N fertilizer rate",NA,2021-09-10,1899-12-31 12:01:42,400.6,0.32,2.4,0,37,NA
"orei_manure","rosemount","2021","204","fertControl_cutNone","N fertilizer rate",NA,2021-09-10,1899-12-31 12:02:03,402.2,0.295,2.4,0,37,NA
"orei_manure","rosemount","2021","204","fertControl_cutNone","N fertilizer rate",NA,2021-09-10,1899-12-31 12:02:24,407.9,0.306,2.44,0,37,NA
"orei_manure","rosemount","2021","204","fertControl_cutNone","N fertilizer rate",NA,2021-09-10,1899-12-31 12:02:45,412.5,0.287,2.43,0,37,NA
"orei_manure","rosemount","2021","204","fertControl_cutNone","N fertilizer rate",NA,2021-09-10,1899-12-31 12:03:06,418.1,0.313,2.41,0.03,37,NA
"orei_manure","rosemount","2021","204","fertControl_cutNone","N fertilizer rate",NA,2021-09-10,1899-12-31 12:03:26,418.4,0.307,2.38,0,37,NA
"orei_manure","rosemount","2021","204","fertControl_cutNone","N fertilizer rate",NA,2021-09-10,1899-12-31 12:03:47,419.4,0.299,2.4,0,37,NA
"orei_manure","rosemount","2021","204","fertControl_cutNone","N fertilizer rate",NA,2021-09-10,1899-12-31 12:04:08,424.2,0.302,2.5,0,37,NA
"orei_manure","rosemount","2021","204","fertControl_cutNone","N fertilizer rate",NA,2021-09-10,1899-12-31 12:04:29,426.3,0.311,2.4,0.02,37,NA
"orei_manure","rosemount","2021","204","fertControl_cutNone","N fertilizer rate",NA,2021-09-10,1899-12-31 12:04:50,426.7,0.301,2.43,0,37,NA
"orei_manure","rosemount","2021","204","fertControl_cutNone","N fertilizer rate",NA,2021-09-10,1899-12-31 12:05:11,430.8,0.307,2.37,0.07,37,NA
"orei_manure","rosemount","2021","204","fertControl_cutNone","N fertilizer rate",NA,2021-09-10,1899-12-31 12:05:32,432.3,0.311,2.4,0,37,NA
"orei_manure","rosemount","2021","204","fertControl_cutNone","N fertilizer rate",NA,2021-09-10,1899-12-31 12:05:52,434.7,0.31,2.46,0,37,NA
"orei_manure","rosemount","2021","204","fertControl_cutNone","N fertilizer rate",NA,2021-09-10,1899-12-31 12:06:13,438.3,0.313,2.4,0,37,NA
"orei_manure","rosemount","2021","211","fertManure_cutFall","N fertilizer rate","88 kg N ha",NA,NA,NA,NA,NA,NA,NA,NA
"orei_manure","rosemount","2021","212","fertCommercial_cutFall","N fertilizer rate","70 kg N ha",NA,NA,NA,NA,NA,NA,NA,NA
"orei_manure","rosemount","2021","214","fertControl_cutFall","N fertilizer rate",NA,NA,NA,NA,NA,NA,NA,NA,NA
"orei_manure","rosemount","2021","301","fertManure_cutNone","N fertilizer rate","88 kg N ha",2021-04-05,1899-12-31 11:29:52,546.4,0.351,1.87,0,30,NA
"orei_manure","rosemount","2021","301","fertManure_cutNone","N fertilizer rate","88 kg N ha",2021-04-05,1899-12-31 11:30:13,513.9,0.335,1.77,0,30,NA
"orei_manure","rosemount","2021","301","fertManure_cutNone","N fertilizer rate","88 kg N ha",2021-04-05,1899-12-31 11:30:34,503.9,0.391,1.96,0,30,NA
"orei_manure","rosemount","2021","301","fertManure_cutNone","N fertilizer rate","88 kg N ha",2021-04-05,1899-12-31 11:30:55,498.6,0.378,1.84,0,30,NA
"orei_manure","rosemount","2021","301","fertManure_cutNone","N fertilizer rate","88 kg N ha",2021-04-05,1899-12-31 11:31:16,497.5,0.36,1.87,0.03,30,NA
"orei_manure","rosemount","2021","301","fertManure_cutNone","N fertilizer rate","88 kg N ha",2021-04-05,1899-12-31 11:31:37,500.1,0.344,1.92,0,30,NA
"orei_manure","rosemount","2021","301","fertManure_cutNone","N fertilizer rate","88 kg N ha",2021-04-05,1899-12-31 11:31:58,505.8,0.326,2.03,0,30,NA
"orei_manure","rosemount","2021","301","fertManure_cutNone","N fertilizer rate","88 kg N ha",2021-04-05,1899-12-31 11:32:18,514.6,0.334,1.75,0,30,NA
"orei_manure","rosemount","2021","301","fertManure_cutNone","N fertilizer rate","88 kg N ha",2021-04-05,1899-12-31 11:32:39,519.8,0.335,1.96,0,30,NA
"orei_manure","rosemount","2021","301","fertManure_cutNone","N fertilizer rate","88 kg N ha",2021-04-05,1899-12-31 11:33:00,528,0.33,1.92,0,30,NA
"orei_manure","rosemount","2021","301","fertManure_cutNone","N fertilizer rate","88 kg N ha",2021-04-05,1899-12-31 11:33:21,537.6,0.389,2.02,0,30,NA
"orei_manure","rosemount","2021","301","fertManure_cutNone","N fertilizer rate","88 kg N ha",2021-04-05,1899-12-31 11:33:42,547.6,0.373,1.84,0.03,31,NA
"orei_manure","rosemount","2021","301","fertManure_cutNone","N fertilizer rate","88 kg N ha",2021-04-05,1899-12-31 11:34:03,558,0.403,1.89,0,30,NA
"orei_manure","rosemount","2021","301","fertManure_cutNone","N fertilizer rate","88 kg N ha",2021-04-05,1899-12-31 11:34:24,563.4,0.341,1.99,0,30,NA
"orei_manure","rosemount","2021","301","fertManure_cutNone","N fertilizer rate","88 kg N ha",2021-04-05,1899-12-31 11:34:44,571.1,0.315,1.83,0,31,NA
"orei_manure","rosemount","2021","301","fertManure_cutNone","N fertilizer rate","88 kg N ha",2021-04-05,1899-12-31 11:35:05,578.4,0.373,1.95,0,30,NA
"orei_manure","rosemount","2021","301","fertManure_cutNone","N fertilizer rate","88 kg N ha",2021-04-05,1899-12-31 11:35:26,589.1,0.326,1.87,0.01,31,NA
"orei_manure","rosemount","2021","301","fertManure_cutNone","N fertilizer rate","88 kg N ha",2021-04-22,1899-12-31 11:12:03,566.7,0.364,2.61,0.21,25,NA
"orei_manure","rosemount","2021","301","fertManure_cutNone","N fertilizer rate","88 kg N ha",2021-04-22,1899-12-31 11:12:24,554.8,0.363,2.45,0.16,25,NA
"orei_manure","rosemount","2021","301","fertManure_cutNone","N fertilizer rate","88 kg N ha",2021-04-22,1899-12-31 11:12:44,524.5,0.371,2.57,0.09,25,NA
"orei_manure","rosemount","2021","301","fertManure_cutNone","N fertilizer rate","88 kg N ha",2021-04-22,1899-12-31 11:13:06,506.8,0.383,2.43,0.09,25,NA
"orei_manure","rosemount","2021","301","fertManure_cutNone","N fertilizer rate","88 kg N ha",2021-04-22,1899-12-31 11:13:26,500.1,0.375,2.49,0.15,25,NA
"orei_manure","rosemount","2021","301","fertManure_cutNone","N fertilizer rate","88 kg N ha",2021-04-22,1899-12-31 11:13:47,503.7,0.383,2.51,0.04,25,NA
"orei_manure","rosemount","2021","301","fertManure_cutNone","N fertilizer rate","88 kg N ha",2021-04-22,1899-12-31 11:14:08,509.6,0.415,2.47,0.05,25,NA
"orei_manure","rosemount","2021","301","fertManure_cutNone","N fertilizer rate","88 kg N ha",2021-04-22,1899-12-31 11:14:29,516.8,0.378,2.51,0.1,25,NA
"orei_manure","rosemount","2021","301","fertManure_cutNone","N fertilizer rate","88 kg N ha",2021-04-22,1899-12-31 11:14:50,526.3,0.372,2.43,0.04,25,NA
"orei_manure","rosemount","2021","301","fertManure_cutNone","N fertilizer rate","88 kg N ha",2021-04-22,1899-12-31 11:15:11,537.6,0.366,2.42,0.16,25,NA
"orei_manure","rosemount","2021","301","fertManure_cutNone","N fertilizer rate","88 kg N ha",2021-04-22,1899-12-31 11:15:33,549.1,0.386,2.45,0.15,25,NA
"orei_manure","rosemount","2021","301","fertManure_cutNone","N fertilizer rate","88 kg N ha",2021-04-22,1899-12-31 11:15:54,560.9,0.398,2.47,0.14,25,NA
"orei_manure","rosemount","2021","301","fertManure_cutNone","N fertilizer rate","88 kg N ha",2021-04-22,1899-12-31 11:16:14,570.5,0.397,2.52,0.12,25,NA
"orei_manure","rosemount","2021","301","fertManure_cutNone","N fertilizer rate","88 kg N ha",2021-04-22,1899-12-31 11:16:36,580.4,0.379,2.46,0.06,25,NA
"orei_manure","rosemount","2021","301","fertManure_cutNone","N fertilizer rate","88 kg N ha",2021-04-22,1899-12-31 11:16:57,590.4,0.393,2.43,0.09,25,NA
"orei_manure","rosemount","2021","301","fertManure_cutNone","N fertilizer rate","88 kg N ha",2021-04-22,1899-12-31 11:17:17,601.7,0.393,2.55,0.1,25,NA
"orei_manure","rosemount","2021","301","fertManure_cutNone","N fertilizer rate","88 kg N ha",2021-04-22,1899-12-31 11:17:38,611,0.392,2.43,0.14,25,NA
"orei_manure","rosemount","2021","301","fertManure_cutNone","N fertilizer rate","88 kg N ha",2021-07-08,1899-12-31 14:24:12,547.7,0.281,1.72,1.98,33,NA
"orei_manure","rosemount","2021","301","fertManure_cutNone","N fertilizer rate","88 kg N ha",2021-07-08,1899-12-31 14:24:33,508.3,0.333,1.94,0.63,33,NA
"orei_manure","rosemount","2021","301","fertManure_cutNone","N fertilizer rate","88 kg N ha",2021-07-08,1899-12-31 14:24:53,488.4,0.327,1.68,0.11,33,NA
"orei_manure","rosemount","2021","301","fertManure_cutNone","N fertilizer rate","88 kg N ha",2021-07-08,1899-12-31 14:25:14,493,0.373,1.99,0,33,NA
"orei_manure","rosemount","2021","301","fertManure_cutNone","N fertilizer rate","88 kg N ha",2021-07-08,1899-12-31 14:25:35,496.9,0.341,1.84,0,33,NA
"orei_manure","rosemount","2021","301","fertManure_cutNone","N fertilizer rate","88 kg N ha",2021-07-08,1899-12-31 14:25:56,503,0.342,1.98,0.02,33,NA
"orei_manure","rosemount","2021","301","fertManure_cutNone","N fertilizer rate","88 kg N ha",2021-07-08,1899-12-31 14:26:17,515.8,0.358,1.67,0,34,NA
"orei_manure","rosemount","2021","301","fertManure_cutNone","N fertilizer rate","88 kg N ha",2021-07-08,1899-12-31 14:26:38,520,0.33,1.8,0,34,NA
"orei_manure","rosemount","2021","301","fertManure_cutNone","N fertilizer rate","88 kg N ha",2021-07-08,1899-12-31 14:26:59,528.4,0.358,2.27,0,34,NA
"orei_manure","rosemount","2021","301","fertManure_cutNone","N fertilizer rate","88 kg N ha",2021-07-08,1899-12-31 14:27:20,532.3,0.337,2.12,0,34,NA
"orei_manure","rosemount","2021","301","fertManure_cutNone","N fertilizer rate","88 kg N ha",2021-07-08,1899-12-31 14:27:41,541.2,0.353,1.79,0,34,NA
"orei_manure","rosemount","2021","301","fertManure_cutNone","N fertilizer rate","88 kg N ha",2021-07-08,1899-12-31 14:28:02,543.8,0.347,2.23,0.03,34,NA
"orei_manure","rosemount","2021","301","fertManure_cutNone","N fertilizer rate","88 kg N ha",2021-07-08,1899-12-31 14:28:23,551.1,0.352,2.16,0,34,NA
"orei_manure","rosemount","2021","301","fertManure_cutNone","N fertilizer rate","88 kg N ha",2021-07-08,1899-12-31 14:28:43,558.8,0.347,2.01,0,34,NA
"orei_manure","rosemount","2021","301","fertManure_cutNone","N fertilizer rate","88 kg N ha",2021-07-08,1899-12-31 14:29:04,561,0.326,2.05,0,34,NA
"orei_manure","rosemount","2021","301","fertManure_cutNone","N fertilizer rate","88 kg N ha",2021-07-08,1899-12-31 14:29:25,564.1,0.32,1.97,0.07,34,NA
"orei_manure","rosemount","2021","301","fertManure_cutNone","N fertilizer rate","88 kg N ha",2021-07-08,1899-12-31 14:29:46,573.6,0.341,2.14,0,34,NA
"orei_manure","rosemount","2021","301","fertManure_cutNone","N fertilizer rate","88 kg N ha",2021-07-16,1899-12-31 10:51:14,494.8,0.4,2.31,0,31,NA
"orei_manure","rosemount","2021","301","fertManure_cutNone","N fertilizer rate","88 kg N ha",2021-07-16,1899-12-31 10:51:35,486.6,0.391,2.23,0,31,NA
"orei_manure","rosemount","2021","301","fertManure_cutNone","N fertilizer rate","88 kg N ha",2021-07-16,1899-12-31 10:51:56,459.9,0.412,2.23,0,31,NA
"orei_manure","rosemount","2021","301","fertManure_cutNone","N fertilizer rate","88 kg N ha",2021-07-16,1899-12-31 10:52:17,442.8,0.4,2.21,0,31,NA
"orei_manure","rosemount","2021","301","fertManure_cutNone","N fertilizer rate","88 kg N ha",2021-07-16,1899-12-31 10:52:38,444.1,0.419,2.24,0,31,NA
"orei_manure","rosemount","2021","301","fertManure_cutNone","N fertilizer rate","88 kg N ha",2021-07-16,1899-12-31 10:52:59,441.2,0.391,2.26,0,31,NA
"orei_manure","rosemount","2021","301","fertManure_cutNone","N fertilizer rate","88 kg N ha",2021-07-16,1899-12-31 10:53:20,439,0.396,2.2,0,31,NA
"orei_manure","rosemount","2021","301","fertManure_cutNone","N fertilizer rate","88 kg N ha",2021-07-16,1899-12-31 10:53:41,441.6,0.414,2.19,0,31,NA
"orei_manure","rosemount","2021","301","fertManure_cutNone","N fertilizer rate","88 kg N ha",2021-07-16,1899-12-31 10:54:02,444.3,0.401,2.25,0,31,NA
"orei_manure","rosemount","2021","301","fertManure_cutNone","N fertilizer rate","88 kg N ha",2021-07-16,1899-12-31 10:54:23,446.8,0.405,2.24,0,32,NA
"orei_manure","rosemount","2021","301","fertManure_cutNone","N fertilizer rate","88 kg N ha",2021-07-16,1899-12-31 10:54:43,452.5,0.437,2.19,0,31,NA
"orei_manure","rosemount","2021","301","fertManure_cutNone","N fertilizer rate","88 kg N ha",2021-07-16,1899-12-31 10:55:04,455.7,0.394,2.19,0,32,NA
"orei_manure","rosemount","2021","301","fertManure_cutNone","N fertilizer rate","88 kg N ha",2021-07-16,1899-12-31 10:55:25,460.5,0.4,2.16,0,32,NA
"orei_manure","rosemount","2021","301","fertManure_cutNone","N fertilizer rate","88 kg N ha",2021-07-16,1899-12-31 10:55:46,463.3,0.394,2.2,0,32,NA
"orei_manure","rosemount","2021","301","fertManure_cutNone","N fertilizer rate","88 kg N ha",2021-07-16,1899-12-31 10:56:07,470.1,0.417,2.22,0,32,NA
"orei_manure","rosemount","2021","301","fertManure_cutNone","N fertilizer rate","88 kg N ha",2021-07-16,1899-12-31 10:56:28,474,0.407,2.23,0,32,NA
"orei_manure","rosemount","2021","301","fertManure_cutNone","N fertilizer rate","88 kg N ha",2021-07-16,1899-12-31 10:56:49,475.1,0.389,2.23,0,32,NA
"orei_manure","rosemount","2021","301","fertManure_cutNone","N fertilizer rate","88 kg N ha",2021-07-16,1899-12-31 10:57:10,482.1,0.415,2.18,0,32,NA
"orei_manure","rosemount","2021","301","fertManure_cutNone","N fertilizer rate","88 kg N ha",2021-08-10,1899-12-31 13:16:35,537.7,0.298,2.41,0,39,NA
"orei_manure","rosemount","2021","301","fertManure_cutNone","N fertilizer rate","88 kg N ha",2021-08-10,1899-12-31 13:16:56,548.6,0.281,2.42,0,39,NA
"orei_manure","rosemount","2021","301","fertManure_cutNone","N fertilizer rate","88 kg N ha",2021-08-10,1899-12-31 13:17:17,553.8,0.285,2.48,0,39,NA
"orei_manure","rosemount","2021","301","fertManure_cutNone","N fertilizer rate","88 kg N ha",2021-08-10,1899-12-31 13:17:38,560.7,0.329,2.43,0,39,NA
"orei_manure","rosemount","2021","301","fertManure_cutNone","N fertilizer rate","88 kg N ha",2021-08-10,1899-12-31 13:17:59,561.6,0.307,2.36,0,39,NA
"orei_manure","rosemount","2021","301","fertManure_cutNone","N fertilizer rate","88 kg N ha",2021-08-10,1899-12-31 13:18:20,560.9,0.325,2.36,0,39,NA
"orei_manure","rosemount","2021","301","fertManure_cutNone","N fertilizer rate","88 kg N ha",2021-08-10,1899-12-31 13:18:41,561.9,0.298,2.41,0,39,NA
"orei_manure","rosemount","2021","301","fertManure_cutNone","N fertilizer rate","88 kg N ha",2021-08-10,1899-12-31 13:19:02,564.3,0.287,2.42,0,39,NA
"orei_manure","rosemount","2021","301","fertManure_cutNone","N fertilizer rate","88 kg N ha",2021-08-10,1899-12-31 13:19:23,564.1,0.297,2.52,0,39,NA
"orei_manure","rosemount","2021","301","fertManure_cutNone","N fertilizer rate","88 kg N ha",2021-08-10,1899-12-31 13:19:43,561.8,0.279,2.34,0,39,NA
"orei_manure","rosemount","2021","301","fertManure_cutNone","N fertilizer rate","88 kg N ha",2021-08-10,1899-12-31 13:20:04,560.8,0.276,2.34,0,39,NA
"orei_manure","rosemount","2021","301","fertManure_cutNone","N fertilizer rate","88 kg N ha",2021-08-10,1899-12-31 13:20:25,560,0.289,2.36,0,39,NA
"orei_manure","rosemount","2021","301","fertManure_cutNone","N fertilizer rate","88 kg N ha",2021-08-10,1899-12-31 13:24:14,550.9,0.234,2.21,1.94,37,NA
"orei_manure","rosemount","2021","301","fertManure_cutNone","N fertilizer rate","88 kg N ha",2021-08-10,1899-12-31 13:24:35,503.8,0.211,2.15,0.41,37,NA
"orei_manure","rosemount","2021","301","fertManure_cutNone","N fertilizer rate","88 kg N ha",2021-08-10,1899-12-31 13:24:56,496.2,0.308,2.26,0,38,NA
"orei_manure","rosemount","2021","301","fertManure_cutNone","N fertilizer rate","88 kg N ha",2021-08-10,1899-12-31 13:25:17,494.3,0.314,2.35,0,38,NA
"orei_manure","rosemount","2021","301","fertManure_cutNone","N fertilizer rate","88 kg N ha",2021-08-10,1899-12-31 13:25:38,495.8,0.318,2.3,0,38,NA
"orei_manure","rosemount","2021","301","fertManure_cutNone","N fertilizer rate","88 kg N ha",2021-08-10,1899-12-31 13:25:59,496.5,0.326,2.39,0,38,NA
"orei_manure","rosemount","2021","301","fertManure_cutNone","N fertilizer rate","88 kg N ha",2021-08-10,1899-12-31 13:26:20,495.5,0.3,2.35,0,38,NA
"orei_manure","rosemount","2021","301","fertManure_cutNone","N fertilizer rate","88 kg N ha",2021-08-10,1899-12-31 13:26:42,500,0.319,2.33,0,39,NA
"orei_manure","rosemount","2021","301","fertManure_cutNone","N fertilizer rate","88 kg N ha",2021-08-10,1899-12-31 13:27:03,501.9,0.334,2.33,0,39,NA
"orei_manure","rosemount","2021","301","fertManure_cutNone","N fertilizer rate","88 kg N ha",2021-08-10,1899-12-31 13:27:24,502,0.303,2.43,0,39,NA
"orei_manure","rosemount","2021","301","fertManure_cutNone","N fertilizer rate","88 kg N ha",2021-08-10,1899-12-31 13:27:45,505.6,0.302,2.43,0,39,NA
"orei_manure","rosemount","2021","301","fertManure_cutNone","N fertilizer rate","88 kg N ha",2021-08-10,1899-12-31 13:28:06,503.7,0.274,2.37,0,39,NA
"orei_manure","rosemount","2021","301","fertManure_cutNone","N fertilizer rate","88 kg N ha",2021-08-10,1899-12-31 13:28:27,498.7,0.236,2.32,0,39,NA
"orei_manure","rosemount","2021","301","fertManure_cutNone","N fertilizer rate","88 kg N ha",2021-10-14,1899-12-31 12:49:04,451.3,0.388,1.97,0,21,NA
"orei_manure","rosemount","2021","301","fertManure_cutNone","N fertilizer rate","88 kg N ha",2021-10-14,1899-12-31 12:49:25,445.2,0.402,1.8,0,21,NA
"orei_manure","rosemount","2021","301","fertManure_cutNone","N fertilizer rate","88 kg N ha",2021-10-14,1899-12-31 12:49:46,432,0.412,1.94,0,21,NA
"orei_manure","rosemount","2021","301","fertManure_cutNone","N fertilizer rate","88 kg N ha",2021-10-14,1899-12-31 12:50:07,422,0.409,1.84,0,21,NA
"orei_manure","rosemount","2021","301","fertManure_cutNone","N fertilizer rate","88 kg N ha",2021-10-14,1899-12-31 12:50:28,422.2,0.387,1.82,0,21,NA
"orei_manure","rosemount","2021","301","fertManure_cutNone","N fertilizer rate","88 kg N ha",2021-10-14,1899-12-31 12:50:49,426.6,0.401,1.85,0,21,NA
"orei_manure","rosemount","2021","301","fertManure_cutNone","N fertilizer rate","88 kg N ha",2021-10-14,1899-12-31 12:51:10,429.5,0.408,1.85,0,21,NA
"orei_manure","rosemount","2021","301","fertManure_cutNone","N fertilizer rate","88 kg N ha",2021-10-14,1899-12-31 12:51:30,434,0.416,1.82,0,21,NA
"orei_manure","rosemount","2021","301","fertManure_cutNone","N fertilizer rate","88 kg N ha",2021-10-14,1899-12-31 12:51:51,436.2,0.397,1.84,0,21,NA
"orei_manure","rosemount","2021","301","fertManure_cutNone","N fertilizer rate","88 kg N ha",2021-10-14,1899-12-31 12:52:12,440.5,0.395,1.84,0,21,NA
"orei_manure","rosemount","2021","301","fertManure_cutNone","N fertilizer rate","88 kg N ha",2021-10-14,1899-12-31 12:52:33,443.4,0.411,1.85,0,21,NA
"orei_manure","rosemount","2021","301","fertManure_cutNone","N fertilizer rate","88 kg N ha",2021-10-14,1899-12-31 12:52:54,444.5,0.407,1.89,0,21,NA
"orei_manure","rosemount","2021","301","fertManure_cutNone","N fertilizer rate","88 kg N ha",2021-10-14,1899-12-31 12:53:15,448,0.408,1.86,0,21,NA
"orei_manure","rosemount","2021","301","fertManure_cutNone","N fertilizer rate","88 kg N ha",2021-10-14,1899-12-31 12:53:36,449.7,0.396,1.86,0,21,NA
"orei_manure","rosemount","2021","301","fertManure_cutNone","N fertilizer rate","88 kg N ha",2021-10-14,1899-12-31 12:53:56,452.9,0.404,1.9,0,21,NA
"orei_manure","rosemount","2021","301","fertManure_cutNone","N fertilizer rate","88 kg N ha",2021-10-14,1899-12-31 12:54:17,457.4,0.419,1.83,0,21,NA
"orei_manure","rosemount","2021","301","fertManure_cutNone","N fertilizer rate","88 kg N ha",2021-10-14,1899-12-31 12:54:38,457,0.404,1.87,0,21,NA
"orei_manure","rosemount","2021","301","fertManure_cutNone","N fertilizer rate","88 kg N ha",2021-10-25,1899-12-31 16:32:15,447,0.454,2,0,25,NA
"orei_manure","rosemount","2021","301","fertManure_cutNone","N fertilizer rate","88 kg N ha",2021-10-25,1899-12-31 16:32:36,450.9,0.431,1.98,0,25,NA
"orei_manure","rosemount","2021","301","fertManure_cutNone","N fertilizer rate","88 kg N ha",2021-10-25,1899-12-31 16:32:57,436.2,0.401,2.07,0,25,NA
"orei_manure","rosemount","2021","301","fertManure_cutNone","N fertilizer rate","88 kg N ha",2021-10-25,1899-12-31 16:33:18,426.2,0.427,1.97,0,25,NA
"orei_manure","rosemount","2021","301","fertManure_cutNone","N fertilizer rate","88 kg N ha",2021-10-25,1899-12-31 16:33:39,420.9,0.413,2.07,0,25,NA
"orei_manure","rosemount","2021","301","fertManure_cutNone","N fertilizer rate","88 kg N ha",2021-10-25,1899-12-31 16:34:00,421.3,0.42,1.96,0,25,NA
"orei_manure","rosemount","2021","301","fertManure_cutNone","N fertilizer rate","88 kg N ha",2021-10-25,1899-12-31 16:34:20,423.5,0.434,2.09,0,25,NA
"orei_manure","rosemount","2021","301","fertManure_cutNone","N fertilizer rate","88 kg N ha",2021-10-25,1899-12-31 16:34:41,425.9,0.44,1.98,0,25,NA
"orei_manure","rosemount","2021","301","fertManure_cutNone","N fertilizer rate","88 kg N ha",2021-10-25,1899-12-31 16:35:02,428.1,0.435,2.01,0,25,NA
"orei_manure","rosemount","2021","301","fertManure_cutNone","N fertilizer rate","88 kg N ha",2021-10-25,1899-12-31 16:35:23,430.6,0.449,2.02,0,25,NA
"orei_manure","rosemount","2021","301","fertManure_cutNone","N fertilizer rate","88 kg N ha",2021-10-25,1899-12-31 16:35:44,431.7,0.434,1.98,0,25,NA
"orei_manure","rosemount","2021","301","fertManure_cutNone","N fertilizer rate","88 kg N ha",2021-10-25,1899-12-31 16:36:05,431.7,0.426,2.04,0,25,NA
"orei_manure","rosemount","2021","301","fertManure_cutNone","N fertilizer rate","88 kg N ha",2021-10-25,1899-12-31 16:36:26,435.3,0.44,2.15,0,25,NA
"orei_manure","rosemount","2021","301","fertManure_cutNone","N fertilizer rate","88 kg N ha",2021-10-25,1899-12-31 16:36:46,434.5,0.417,1.99,0,25,NA
"orei_manure","rosemount","2021","301","fertManure_cutNone","N fertilizer rate","88 kg N ha",2021-10-25,1899-12-31 16:37:07,440.6,0.434,1.95,0,25,NA
"orei_manure","rosemount","2021","301","fertManure_cutNone","N fertilizer rate","88 kg N ha",2021-10-25,1899-12-31 16:37:28,442.8,0.429,2.06,0,25,NA
"orei_manure","rosemount","2021","301","fertManure_cutNone","N fertilizer rate","88 kg N ha",2021-10-25,1899-12-31 16:37:49,446.1,0.442,2.12,0,26,NA
"orei_manure","rosemount","2021","301","fertManure_cutNone","N fertilizer rate","88 kg N ha",2021-10-25,1899-12-31 16:38:10,446.7,0.448,2.05,0,25,NA
"orei_manure","rosemount","2021","301","fertManure_cutNone","N fertilizer rate","88 kg N ha",2021-10-25,1899-12-31 16:38:31,448,0.454,2.04,0,25,NA
"orei_manure","rosemount","2021","301","fertManure_cutNone","N fertilizer rate","88 kg N ha",2021-04-29,1899-12-31 14:11:29,799.1,0.369,2.1,0,31,NA
"orei_manure","rosemount","2021","301","fertManure_cutNone","N fertilizer rate","88 kg N ha",2021-04-29,1899-12-31 14:11:50,789.1,0.38,2.11,0,31,NA
"orei_manure","rosemount","2021","301","fertManure_cutNone","N fertilizer rate","88 kg N ha",2021-04-29,1899-12-31 14:12:11,717.2,0.315,2.09,0,31,NA
"orei_manure","rosemount","2021","301","fertManure_cutNone","N fertilizer rate","88 kg N ha",2021-04-29,1899-12-31 14:12:32,680.3,0.381,2.11,0,31,NA
"orei_manure","rosemount","2021","301","fertManure_cutNone","N fertilizer rate","88 kg N ha",2021-04-29,1899-12-31 14:12:53,661.8,0.335,2.03,0.05,31,NA
"orei_manure","rosemount","2021","301","fertManure_cutNone","N fertilizer rate","88 kg N ha",2021-04-29,1899-12-31 14:13:14,652.8,0.327,2.01,0,31,NA
"orei_manure","rosemount","2021","301","fertManure_cutNone","N fertilizer rate","88 kg N ha",2021-04-29,1899-12-31 14:13:35,656.1,0.383,2.09,0,31,NA
"orei_manure","rosemount","2021","301","fertManure_cutNone","N fertilizer rate","88 kg N ha",2021-04-29,1899-12-31 14:13:55,670.8,0.342,1.95,0,31,NA
"orei_manure","rosemount","2021","301","fertManure_cutNone","N fertilizer rate","88 kg N ha",2021-04-29,1899-12-31 14:14:16,686.1,0.342,2.13,0,31,NA
"orei_manure","rosemount","2021","301","fertManure_cutNone","N fertilizer rate","88 kg N ha",2021-04-29,1899-12-31 14:14:37,705.1,0.349,2.07,0,31,NA
"orei_manure","rosemount","2021","301","fertManure_cutNone","N fertilizer rate","88 kg N ha",2021-04-29,1899-12-31 14:14:58,731,0.341,2.18,0.04,31,NA
"orei_manure","rosemount","2021","301","fertManure_cutNone","N fertilizer rate","88 kg N ha",2021-04-29,1899-12-31 14:15:19,764.9,0.391,2.03,0,31,NA
"orei_manure","rosemount","2021","301","fertManure_cutNone","N fertilizer rate","88 kg N ha",2021-04-29,1899-12-31 14:15:40,785.5,0.397,2.17,0,31,NA
"orei_manure","rosemount","2021","301","fertManure_cutNone","N fertilizer rate","88 kg N ha",2021-04-29,1899-12-31 14:16:01,809.6,0.366,2.06,0,31,NA
"orei_manure","rosemount","2021","301","fertManure_cutNone","N fertilizer rate","88 kg N ha",2021-04-29,1899-12-31 14:16:21,835.9,0.354,2.12,0,31,NA
"orei_manure","rosemount","2021","301","fertManure_cutNone","N fertilizer rate","88 kg N ha",2021-04-29,1899-12-31 14:16:42,863.5,0.382,2.13,0,31,NA
"orei_manure","rosemount","2021","301","fertManure_cutNone","N fertilizer rate","88 kg N ha",2021-04-29,1899-12-31 14:17:03,888.7,0.369,2.14,0,31,NA
"orei_manure","rosemount","2021","301","fertManure_cutNone","N fertilizer rate","88 kg N ha",2021-05-18,1899-12-31 10:06:18,611.2,0.358,1.93,1,27,NA
"orei_manure","rosemount","2021","301","fertManure_cutNone","N fertilizer rate","88 kg N ha",2021-05-18,1899-12-31 10:06:39,607.9,0.348,2.24,0.33,27,NA
"orei_manure","rosemount","2021","301","fertManure_cutNone","N fertilizer rate","88 kg N ha",2021-05-18,1899-12-31 10:07:00,580.9,0.366,2.34,0.09,28,NA
"orei_manure","rosemount","2021","301","fertManure_cutNone","N fertilizer rate","88 kg N ha",2021-05-18,1899-12-31 10:07:21,557.9,0.361,2.36,0.05,28,NA
"orei_manure","rosemount","2021","301","fertManure_cutNone","N fertilizer rate","88 kg N ha",2021-05-18,1899-12-31 10:07:42,549.9,0.359,2.41,0.11,28,NA
"orei_manure","rosemount","2021","301","fertManure_cutNone","N fertilizer rate","88 kg N ha",2021-05-18,1899-12-31 10:08:03,549,0.346,2.44,0.07,28,NA
"orei_manure","rosemount","2021","301","fertManure_cutNone","N fertilizer rate","88 kg N ha",2021-05-18,1899-12-31 10:08:24,556.7,0.356,2.53,0.05,29,NA
"orei_manure","rosemount","2021","301","fertManure_cutNone","N fertilizer rate","88 kg N ha",2021-05-18,1899-12-31 10:08:45,564.4,0.352,2.51,0.07,29,NA
"orei_manure","rosemount","2021","301","fertManure_cutNone","N fertilizer rate","88 kg N ha",2021-05-18,1899-12-31 10:09:06,569.2,0.327,2.49,0.01,29,NA
"orei_manure","rosemount","2021","301","fertManure_cutNone","N fertilizer rate","88 kg N ha",2021-05-18,1899-12-31 10:09:27,585.3,0.34,2.59,0.08,29,NA
"orei_manure","rosemount","2021","301","fertManure_cutNone","N fertilizer rate","88 kg N ha",2021-05-18,1899-12-31 10:09:48,599.4,0.353,2.5,0.15,29,NA
"orei_manure","rosemount","2021","301","fertManure_cutNone","N fertilizer rate","88 kg N ha",2021-05-18,1899-12-31 10:10:09,614.8,0.379,2.47,0.11,29,NA
"orei_manure","rosemount","2021","301","fertManure_cutNone","N fertilizer rate","88 kg N ha",2021-05-18,1899-12-31 10:10:30,627.7,0.399,2.65,0.04,29,NA
"orei_manure","rosemount","2021","301","fertManure_cutNone","N fertilizer rate","88 kg N ha",2021-05-18,1899-12-31 10:10:52,640.5,0.405,2.49,0.03,29,NA
"orei_manure","rosemount","2021","301","fertManure_cutNone","N fertilizer rate","88 kg N ha",2021-05-18,1899-12-31 10:11:13,657.5,0.397,2.48,0.12,30,NA
"orei_manure","rosemount","2021","301","fertManure_cutNone","N fertilizer rate","88 kg N ha",2021-05-18,1899-12-31 10:11:34,669.2,0.365,2.42,0,30,NA
"orei_manure","rosemount","2021","301","fertManure_cutNone","N fertilizer rate","88 kg N ha",2021-05-18,1899-12-31 10:11:55,680.3,0.377,2.31,0.05,29,NA
"orei_manure","rosemount","2021","301","fertManure_cutNone","N fertilizer rate","88 kg N ha",2021-05-18,1899-12-31 10:12:16,696.4,0.414,2.54,0.1,30,NA
"orei_manure","rosemount","2021","301","fertManure_cutNone","N fertilizer rate","88 kg N ha",2021-05-18,1899-12-31 10:12:37,710.3,0.387,2.52,0.03,30,NA
"orei_manure","rosemount","2021","301","fertManure_cutNone","N fertilizer rate","88 kg N ha",2021-05-18,1899-12-31 10:12:58,722,0.385,2.52,0.04,30,NA
"orei_manure","rosemount","2021","301","fertManure_cutNone","N fertilizer rate","88 kg N ha",2021-05-18,1899-12-31 10:13:19,749.9,0.393,2.44,0.05,30,NA
"orei_manure","rosemount","2021","301","fertManure_cutNone","N fertilizer rate","88 kg N ha",2021-06-01,1899-12-31 11:13:35,942.9,0.339,1.92,0,35,NA
"orei_manure","rosemount","2021","301","fertManure_cutNone","N fertilizer rate","88 kg N ha",2021-06-01,1899-12-31 11:13:56,905.6,0.313,1.98,0,35,NA
"orei_manure","rosemount","2021","301","fertManure_cutNone","N fertilizer rate","88 kg N ha",2021-06-01,1899-12-31 11:14:17,766.8,0.278,2.03,0.04,35,NA
"orei_manure","rosemount","2021","301","fertManure_cutNone","N fertilizer rate","88 kg N ha",2021-06-01,1899-12-31 11:14:38,670.7,0.299,2.12,0,35,NA
"orei_manure","rosemount","2021","301","fertManure_cutNone","N fertilizer rate","88 kg N ha",2021-06-01,1899-12-31 11:14:59,622.4,0.303,2.02,0.01,35,NA
"orei_manure","rosemount","2021","301","fertManure_cutNone","N fertilizer rate","88 kg N ha",2021-06-01,1899-12-31 11:15:20,601.2,0.305,2.01,0,35,NA
"orei_manure","rosemount","2021","301","fertManure_cutNone","N fertilizer rate","88 kg N ha",2021-06-01,1899-12-31 11:15:41,600,0.313,2,0,35,NA
"orei_manure","rosemount","2021","301","fertManure_cutNone","N fertilizer rate","88 kg N ha",2021-06-01,1899-12-31 11:16:02,610.6,0.323,1.92,0.03,35,NA
"orei_manure","rosemount","2021","301","fertManure_cutNone","N fertilizer rate","88 kg N ha",2021-06-01,1899-12-31 11:16:23,630.6,0.309,1.86,0.04,35,NA
"orei_manure","rosemount","2021","301","fertManure_cutNone","N fertilizer rate","88 kg N ha",2021-06-01,1899-12-31 11:16:44,649.8,0.308,2.09,0,35,NA
"orei_manure","rosemount","2021","301","fertManure_cutNone","N fertilizer rate","88 kg N ha",2021-06-01,1899-12-31 11:17:05,673.2,0.3,1.98,0,35,NA
"orei_manure","rosemount","2021","301","fertManure_cutNone","N fertilizer rate","88 kg N ha",2021-06-01,1899-12-31 11:17:26,701.4,0.303,1.91,0,35,NA
"orei_manure","rosemount","2021","301","fertManure_cutNone","N fertilizer rate","88 kg N ha",2021-06-01,1899-12-31 11:17:47,727.5,0.302,1.96,0.07,35,NA
"orei_manure","rosemount","2021","301","fertManure_cutNone","N fertilizer rate","88 kg N ha",2021-06-01,1899-12-31 11:18:08,764,0.31,2.13,0,35,NA
"orei_manure","rosemount","2021","301","fertManure_cutNone","N fertilizer rate","88 kg N ha",2021-06-01,1899-12-31 11:18:29,788.2,0.317,2.07,0,35,NA
"orei_manure","rosemount","2021","301","fertManure_cutNone","N fertilizer rate","88 kg N ha",2021-06-01,1899-12-31 11:18:50,812.9,0.283,2.17,0,35,NA
"orei_manure","rosemount","2021","301","fertManure_cutNone","N fertilizer rate","88 kg N ha",2021-06-01,1899-12-31 11:19:11,842.9,0.291,1.97,0.03,36,NA
"orei_manure","rosemount","2021","301","fertManure_cutNone","N fertilizer rate","88 kg N ha",2021-06-15,1899-12-31 11:27:13,539.4,0.392,2.68,0,37,NA
"orei_manure","rosemount","2021","301","fertManure_cutNone","N fertilizer rate","88 kg N ha",2021-06-15,1899-12-31 11:27:34,507.2,0.405,2.01,0,37,NA
"orei_manure","rosemount","2021","301","fertManure_cutNone","N fertilizer rate","88 kg N ha",2021-06-15,1899-12-31 11:27:55,477.4,0.396,2,0,37,NA
"orei_manure","rosemount","2021","301","fertManure_cutNone","N fertilizer rate","88 kg N ha",2021-06-15,1899-12-31 11:28:16,468.3,0.356,2.23,0,36,NA
"orei_manure","rosemount","2021","301","fertManure_cutNone","N fertilizer rate","88 kg N ha",2021-06-15,1899-12-31 11:28:37,480.5,0.385,2.2,0,36,NA
"orei_manure","rosemount","2021","301","fertManure_cutNone","N fertilizer rate","88 kg N ha",2021-06-15,1899-12-31 11:28:58,490.3,0.356,2.13,0,37,NA
"orei_manure","rosemount","2021","301","fertManure_cutNone","N fertilizer rate","88 kg N ha",2021-06-15,1899-12-31 11:29:19,494.8,0.363,2.04,0,37,NA
"orei_manure","rosemount","2021","301","fertManure_cutNone","N fertilizer rate","88 kg N ha",2021-06-15,1899-12-31 11:29:40,498.4,0.367,2.15,0,37,NA
"orei_manure","rosemount","2021","301","fertManure_cutNone","N fertilizer rate","88 kg N ha",2021-06-15,1899-12-31 11:30:01,495.3,0.347,2,0,37,NA
"orei_manure","rosemount","2021","301","fertManure_cutNone","N fertilizer rate","88 kg N ha",2021-06-15,1899-12-31 11:30:22,502.1,0.36,2.25,0,36,NA
"orei_manure","rosemount","2021","301","fertManure_cutNone","N fertilizer rate","88 kg N ha",2021-06-15,1899-12-31 11:30:43,512.4,0.394,2.08,0,37,NA
"orei_manure","rosemount","2021","301","fertManure_cutNone","N fertilizer rate","88 kg N ha",2021-06-15,1899-12-31 11:31:05,516.7,0.365,2.24,0,37,NA
"orei_manure","rosemount","2021","301","fertManure_cutNone","N fertilizer rate","88 kg N ha",2021-06-15,1899-12-31 11:31:26,517.2,0.347,2.25,0,37,NA
"orei_manure","rosemount","2021","301","fertManure_cutNone","N fertilizer rate","88 kg N ha",2021-06-15,1899-12-31 11:31:47,526.4,0.374,2.16,0,37,NA
"orei_manure","rosemount","2021","301","fertManure_cutNone","N fertilizer rate","88 kg N ha",2021-06-15,1899-12-31 11:32:08,527.2,0.357,2.01,0,37,NA
"orei_manure","rosemount","2021","301","fertManure_cutNone","N fertilizer rate","88 kg N ha",2021-06-15,1899-12-31 11:32:29,527.4,0.331,2.39,0,37,NA
"orei_manure","rosemount","2021","301","fertManure_cutNone","N fertilizer rate","88 kg N ha",2021-06-15,1899-12-31 11:32:50,533.2,0.36,2.29,0,37,NA
"orei_manure","rosemount","2021","301","fertManure_cutNone","N fertilizer rate","88 kg N ha",2021-09-10,1899-12-31 11:08:59,445.9,0.307,2.34,0,35,NA
"orei_manure","rosemount","2021","301","fertManure_cutNone","N fertilizer rate","88 kg N ha",2021-09-10,1899-12-31 11:09:20,428.3,0.337,2.36,0,35,NA
"orei_manure","rosemount","2021","301","fertManure_cutNone","N fertilizer rate","88 kg N ha",2021-09-10,1899-12-31 11:09:41,418.4,0.306,2.22,0,35,NA
"orei_manure","rosemount","2021","301","fertManure_cutNone","N fertilizer rate","88 kg N ha",2021-09-10,1899-12-31 11:10:02,419.8,0.318,2.21,0,35,NA
"orei_manure","rosemount","2021","301","fertManure_cutNone","N fertilizer rate","88 kg N ha",2021-09-10,1899-12-31 11:10:23,423.8,0.305,2.34,0,35,NA
"orei_manure","rosemount","2021","301","fertManure_cutNone","N fertilizer rate","88 kg N ha",2021-09-10,1899-12-31 11:10:44,429.2,0.299,2.27,0,35,NA
"orei_manure","rosemount","2021","301","fertManure_cutNone","N fertilizer rate","88 kg N ha",2021-09-10,1899-12-31 11:11:04,433.9,0.322,2.31,0,35,NA
"orei_manure","rosemount","2021","301","fertManure_cutNone","N fertilizer rate","88 kg N ha",2021-09-10,1899-12-31 11:11:25,437.6,0.318,2.25,0,35,NA
"orei_manure","rosemount","2021","301","fertManure_cutNone","N fertilizer rate","88 kg N ha",2021-09-10,1899-12-31 11:11:46,439.5,0.307,2.17,0,35,NA
"orei_manure","rosemount","2021","301","fertManure_cutNone","N fertilizer rate","88 kg N ha",2021-09-10,1899-12-31 11:12:07,446.5,0.326,2.29,0,35,NA
"orei_manure","rosemount","2021","301","fertManure_cutNone","N fertilizer rate","88 kg N ha",2021-09-10,1899-12-31 11:12:28,449.2,0.311,2.31,0,35,NA
"orei_manure","rosemount","2021","301","fertManure_cutNone","N fertilizer rate","88 kg N ha",2021-09-10,1899-12-31 11:12:49,455.1,0.331,2.24,0,35,NA
"orei_manure","rosemount","2021","301","fertManure_cutNone","N fertilizer rate","88 kg N ha",2021-09-10,1899-12-31 11:13:10,457.7,0.298,2.36,0,35,NA
"orei_manure","rosemount","2021","301","fertManure_cutNone","N fertilizer rate","88 kg N ha",2021-09-10,1899-12-31 11:13:31,461.5,0.317,2.31,0,35,NA
"orei_manure","rosemount","2021","301","fertManure_cutNone","N fertilizer rate","88 kg N ha",2021-09-10,1899-12-31 11:13:52,465.7,0.328,2.35,0,35,NA
"orei_manure","rosemount","2021","301","fertManure_cutNone","N fertilizer rate","88 kg N ha",2021-09-10,1899-12-31 11:14:12,467.9,0.319,2.28,0,35,NA
"orei_manure","rosemount","2021","301","fertManure_cutNone","N fertilizer rate","88 kg N ha",2021-09-10,1899-12-31 11:14:33,470.7,0.316,2.31,0,35,NA
"orei_manure","rosemount","2021","301","fertManure_cutNone","N fertilizer rate","88 kg N ha",2021-09-10,1899-12-31 11:14:54,474.7,0.308,2.35,0,35,NA
"orei_manure","rosemount","2021","301","fertManure_cutNone","N fertilizer rate","88 kg N ha",2021-09-10,1899-12-31 11:15:15,478.2,0.313,2.26,0,35,NA
"orei_manure","rosemount","2021","302","fertControl_cutNone","N fertilizer rate",NA,2021-04-05,1899-12-31 11:16:28,170.4,0.074,0.58,0.71,26,NA
"orei_manure","rosemount","2021","302","fertControl_cutNone","N fertilizer rate",NA,2021-04-05,1899-12-31 11:16:49,273.6,0.183,1.03,0.14,26,NA
"orei_manure","rosemount","2021","302","fertControl_cutNone","N fertilizer rate",NA,2021-04-05,1899-12-31 11:17:10,343.9,0.244,1.45,0.02,27,NA
"orei_manure","rosemount","2021","302","fertControl_cutNone","N fertilizer rate",NA,2021-04-05,1899-12-31 11:17:31,379.6,0.233,1.66,0,27,NA
"orei_manure","rosemount","2021","302","fertControl_cutNone","N fertilizer rate",NA,2021-04-05,1899-12-31 11:17:52,419.5,0.289,1.79,0,27,NA
"orei_manure","rosemount","2021","302","fertControl_cutNone","N fertilizer rate",NA,2021-04-05,1899-12-31 11:18:13,448.8,0.3,1.8,0,28,NA
"orei_manure","rosemount","2021","302","fertControl_cutNone","N fertilizer rate",NA,2021-04-05,1899-12-31 11:18:34,475,0.36,1.88,0,28,NA
"orei_manure","rosemount","2021","302","fertControl_cutNone","N fertilizer rate",NA,2021-04-05,1899-12-31 11:18:55,485.9,0.343,1.82,0,28,NA
"orei_manure","rosemount","2021","302","fertControl_cutNone","N fertilizer rate",NA,2021-04-05,1899-12-31 11:19:16,494.7,0.308,1.89,0,28,NA
"orei_manure","rosemount","2021","302","fertControl_cutNone","N fertilizer rate",NA,2021-04-05,1899-12-31 11:19:37,511,0.343,1.89,0,28,NA
"orei_manure","rosemount","2021","302","fertControl_cutNone","N fertilizer rate",NA,2021-04-05,1899-12-31 11:19:58,519.3,0.349,1.91,0,28,NA
"orei_manure","rosemount","2021","302","fertControl_cutNone","N fertilizer rate",NA,2021-04-05,1899-12-31 11:20:19,522.6,0.323,1.85,0,28,NA
"orei_manure","rosemount","2021","302","fertControl_cutNone","N fertilizer rate",NA,2021-04-05,1899-12-31 11:20:40,532.7,0.339,1.8,0,28,NA
"orei_manure","rosemount","2021","302","fertControl_cutNone","N fertilizer rate",NA,2021-04-05,1899-12-31 11:22:40,549,0.394,1.82,0.45,28,NA
"orei_manure","rosemount","2021","302","fertControl_cutNone","N fertilizer rate",NA,2021-04-05,1899-12-31 11:23:01,551.5,0.334,1.83,0.07,28,NA
"orei_manure","rosemount","2021","302","fertControl_cutNone","N fertilizer rate",NA,2021-04-05,1899-12-31 11:23:22,565.3,0.333,1.82,0,28,NA
"orei_manure","rosemount","2021","302","fertControl_cutNone","N fertilizer rate",NA,2021-04-05,1899-12-31 11:23:43,574.6,0.333,1.91,0,28,NA
"orei_manure","rosemount","2021","302","fertControl_cutNone","N fertilizer rate",NA,2021-04-05,1899-12-31 11:24:04,581.7,0.34,1.95,0,29,NA
"orei_manure","rosemount","2021","302","fertControl_cutNone","N fertilizer rate",NA,2021-04-05,1899-12-31 11:24:25,587.3,0.339,1.95,0,29,NA
"orei_manure","rosemount","2021","302","fertControl_cutNone","N fertilizer rate",NA,2021-04-05,1899-12-31 11:24:46,588.2,0.352,2.02,0,29,NA
"orei_manure","rosemount","2021","302","fertControl_cutNone","N fertilizer rate",NA,2021-04-05,1899-12-31 11:25:07,589.7,0.339,1.86,0,29,NA
"orei_manure","rosemount","2021","302","fertControl_cutNone","N fertilizer rate",NA,2021-04-05,1899-12-31 11:25:28,594.7,0.34,1.91,0,29,NA
"orei_manure","rosemount","2021","302","fertControl_cutNone","N fertilizer rate",NA,2021-04-05,1899-12-31 11:25:48,592.2,0.342,1.93,0,29,NA
"orei_manure","rosemount","2021","302","fertControl_cutNone","N fertilizer rate",NA,2021-04-05,1899-12-31 11:26:09,595.7,0.368,1.92,0,29,NA
"orei_manure","rosemount","2021","302","fertControl_cutNone","N fertilizer rate",NA,2021-04-05,1899-12-31 11:26:30,596,0.348,1.9,0,29,NA
"orei_manure","rosemount","2021","302","fertControl_cutNone","N fertilizer rate",NA,2021-04-05,1899-12-31 11:26:51,604.1,0.382,2.01,0,29,NA
"orei_manure","rosemount","2021","302","fertControl_cutNone","N fertilizer rate",NA,2021-04-05,1899-12-31 11:27:12,606.8,0.338,1.9,0,29,NA
"orei_manure","rosemount","2021","302","fertControl_cutNone","N fertilizer rate",NA,2021-04-05,1899-12-31 11:27:33,610.8,0.347,1.87,0,30,NA
"orei_manure","rosemount","2021","302","fertControl_cutNone","N fertilizer rate",NA,2021-04-05,1899-12-31 11:27:54,615.1,0.404,1.9,0,29,NA
"orei_manure","rosemount","2021","302","fertControl_cutNone","N fertilizer rate",NA,2021-04-05,1899-12-31 11:28:14,620.1,0.369,1.85,0,30,NA
"orei_manure","rosemount","2021","302","fertControl_cutNone","N fertilizer rate",NA,2021-04-05,1899-12-31 11:28:35,618.5,0.386,1.83,0,30,NA
"orei_manure","rosemount","2021","302","fertControl_cutNone","N fertilizer rate",NA,2021-04-05,1899-12-31 11:28:56,620.9,0.348,1.9,0,30,NA
"orei_manure","rosemount","2021","302","fertControl_cutNone","N fertilizer rate",NA,2021-04-22,1899-12-31 11:04:59,156.1,0.082,0.75,0.64,23,NA
"orei_manure","rosemount","2021","302","fertControl_cutNone","N fertilizer rate",NA,2021-04-22,1899-12-31 11:05:20,265.2,0.198,1.38,0.19,23,NA
"orei_manure","rosemount","2021","302","fertControl_cutNone","N fertilizer rate",NA,2021-04-22,1899-12-31 11:05:41,345.2,0.266,1.74,0.12,24,NA
"orei_manure","rosemount","2021","302","fertControl_cutNone","N fertilizer rate",NA,2021-04-22,1899-12-31 11:06:02,402.6,0.315,2.06,0.03,24,NA
"orei_manure","rosemount","2021","302","fertControl_cutNone","N fertilizer rate",NA,2021-04-22,1899-12-31 11:06:23,440.8,0.311,2.18,0.1,24,NA
"orei_manure","rosemount","2021","302","fertControl_cutNone","N fertilizer rate",NA,2021-04-22,1899-12-31 11:06:44,465.7,0.327,2.22,0.05,24,NA
"orei_manure","rosemount","2021","302","fertControl_cutNone","N fertilizer rate",NA,2021-04-22,1899-12-31 11:07:05,488.5,0.333,2.33,0,25,NA
"orei_manure","rosemount","2021","302","fertControl_cutNone","N fertilizer rate",NA,2021-04-22,1899-12-31 11:07:26,502,0.332,2.42,0.05,24,NA
"orei_manure","rosemount","2021","302","fertControl_cutNone","N fertilizer rate",NA,2021-04-22,1899-12-31 11:07:47,515.3,0.35,2.4,0.1,25,NA
"orei_manure","rosemount","2021","302","fertControl_cutNone","N fertilizer rate",NA,2021-04-22,1899-12-31 11:08:08,522.8,0.338,2.51,0.1,25,NA
"orei_manure","rosemount","2021","302","fertControl_cutNone","N fertilizer rate",NA,2021-04-22,1899-12-31 11:08:29,534.7,0.361,2.44,0.08,25,NA
"orei_manure","rosemount","2021","302","fertControl_cutNone","N fertilizer rate",NA,2021-04-22,1899-12-31 11:08:50,543.8,0.34,2.44,0.03,25,NA
"orei_manure","rosemount","2021","302","fertControl_cutNone","N fertilizer rate",NA,2021-04-22,1899-12-31 11:09:11,551.9,0.364,2.39,0.04,25,NA
"orei_manure","rosemount","2021","302","fertControl_cutNone","N fertilizer rate",NA,2021-04-22,1899-12-31 11:09:32,556.1,0.377,2.44,0.04,25,NA
"orei_manure","rosemount","2021","302","fertControl_cutNone","N fertilizer rate",NA,2021-04-22,1899-12-31 11:09:53,556.4,0.357,2.37,0.07,25,NA
"orei_manure","rosemount","2021","302","fertControl_cutNone","N fertilizer rate",NA,2021-04-22,1899-12-31 11:10:14,561.7,0.357,2.49,0.1,25,NA
"orei_manure","rosemount","2021","302","fertControl_cutNone","N fertilizer rate",NA,2021-04-22,1899-12-31 11:10:35,565.4,0.362,2.47,0.13,25,NA
"orei_manure","rosemount","2021","302","fertControl_cutNone","N fertilizer rate",NA,2021-07-08,1899-12-31 14:32:22,567.8,0.337,1.89,1.6,33,NA
"orei_manure","rosemount","2021","302","fertControl_cutNone","N fertilizer rate",NA,2021-07-08,1899-12-31 14:32:43,516.5,0.344,1.92,0.61,33,NA
"orei_manure","rosemount","2021","302","fertControl_cutNone","N fertilizer rate",NA,2021-07-08,1899-12-31 14:33:04,484.3,0.342,2.14,0,33,NA
"orei_manure","rosemount","2021","302","fertControl_cutNone","N fertilizer rate",NA,2021-07-08,1899-12-31 14:33:24,489.5,0.345,2.06,0.03,33,NA
"orei_manure","rosemount","2021","302","fertControl_cutNone","N fertilizer rate",NA,2021-07-08,1899-12-31 14:33:45,502.2,0.363,2.03,0.02,34,NA
"orei_manure","rosemount","2021","302","fertControl_cutNone","N fertilizer rate",NA,2021-07-08,1899-12-31 14:34:07,501,0.335,1.92,0,34,NA
"orei_manure","rosemount","2021","302","fertControl_cutNone","N fertilizer rate",NA,2021-07-08,1899-12-31 14:34:27,505.3,0.347,2.14,0,34,NA
"orei_manure","rosemount","2021","302","fertControl_cutNone","N fertilizer rate",NA,2021-07-08,1899-12-31 14:34:48,512.1,0.354,1.95,0.03,34,NA
"orei_manure","rosemount","2021","302","fertControl_cutNone","N fertilizer rate",NA,2021-07-08,1899-12-31 14:35:09,583.2,0.332,2,0,34,NA
"orei_manure","rosemount","2021","302","fertControl_cutNone","N fertilizer rate",NA,2021-07-08,1899-12-31 14:35:30,569.9,0.349,1.91,0,34,NA
"orei_manure","rosemount","2021","302","fertControl_cutNone","N fertilizer rate",NA,2021-07-08,1899-12-31 14:35:51,547.2,0.342,1.93,0.07,34,NA
"orei_manure","rosemount","2021","302","fertControl_cutNone","N fertilizer rate",NA,2021-07-08,1899-12-31 14:36:12,540.6,0.362,1.92,0,34,NA
"orei_manure","rosemount","2021","302","fertControl_cutNone","N fertilizer rate",NA,2021-07-08,1899-12-31 14:36:33,544.2,0.34,2.12,0.02,34,NA
"orei_manure","rosemount","2021","302","fertControl_cutNone","N fertilizer rate",NA,2021-07-08,1899-12-31 14:36:54,545.6,0.346,1.78,0,35,NA
"orei_manure","rosemount","2021","302","fertControl_cutNone","N fertilizer rate",NA,2021-07-08,1899-12-31 14:37:15,552.4,0.348,2.21,0,35,NA
"orei_manure","rosemount","2021","302","fertControl_cutNone","N fertilizer rate",NA,2021-07-08,1899-12-31 14:37:36,559.2,0.357,1.88,0,35,NA
"orei_manure","rosemount","2021","302","fertControl_cutNone","N fertilizer rate",NA,2021-07-08,1899-12-31 14:37:56,564.2,0.331,2.07,0,35,NA
"orei_manure","rosemount","2021","302","fertControl_cutNone","N fertilizer rate",NA,2021-07-16,1899-12-31 10:44:21,212.2,0.157,0.58,2.03,28,NA
"orei_manure","rosemount","2021","302","fertControl_cutNone","N fertilizer rate",NA,2021-07-16,1899-12-31 10:44:42,365.1,0.254,1.42,0.39,28,NA
"orei_manure","rosemount","2021","302","fertControl_cutNone","N fertilizer rate",NA,2021-07-16,1899-12-31 10:45:03,391.9,0.355,1.97,0,28,NA
"orei_manure","rosemount","2021","302","fertControl_cutNone","N fertilizer rate",NA,2021-07-16,1899-12-31 10:45:24,403.7,0.388,2.15,0,29,NA
"orei_manure","rosemount","2021","302","fertControl_cutNone","N fertilizer rate",NA,2021-07-16,1899-12-31 10:45:45,406.9,0.379,2.27,0,29,NA
"orei_manure","rosemount","2021","302","fertControl_cutNone","N fertilizer rate",NA,2021-07-16,1899-12-31 10:46:06,410.8,0.401,2.31,0,29,NA
"orei_manure","rosemount","2021","302","fertControl_cutNone","N fertilizer rate",NA,2021-07-16,1899-12-31 10:46:27,426,0.399,2.28,0,29,NA
"orei_manure","rosemount","2021","302","fertControl_cutNone","N fertilizer rate",NA,2021-07-16,1899-12-31 10:46:47,434.8,0.396,2.33,0,30,NA
"orei_manure","rosemount","2021","302","fertControl_cutNone","N fertilizer rate",NA,2021-07-16,1899-12-31 10:47:08,441.5,0.39,2.13,0,30,NA
"orei_manure","rosemount","2021","302","fertControl_cutNone","N fertilizer rate",NA,2021-07-16,1899-12-31 10:47:29,445.3,0.402,2.26,0,30,NA
"orei_manure","rosemount","2021","302","fertControl_cutNone","N fertilizer rate",NA,2021-07-16,1899-12-31 10:47:50,452.2,0.401,2.32,0,30,NA
"orei_manure","rosemount","2021","302","fertControl_cutNone","N fertilizer rate",NA,2021-07-16,1899-12-31 10:48:11,455.4,0.372,2.33,0,30,NA
"orei_manure","rosemount","2021","302","fertControl_cutNone","N fertilizer rate",NA,2021-07-16,1899-12-31 10:48:32,464.2,0.4,2.24,0,30,NA
"orei_manure","rosemount","2021","302","fertControl_cutNone","N fertilizer rate",NA,2021-07-16,1899-12-31 10:48:53,467.9,0.381,2.3,0,30,NA
"orei_manure","rosemount","2021","302","fertControl_cutNone","N fertilizer rate",NA,2021-07-16,1899-12-31 10:49:13,473.3,0.392,2.22,0,30,NA
"orei_manure","rosemount","2021","302","fertControl_cutNone","N fertilizer rate",NA,2021-07-16,1899-12-31 10:49:34,475.9,0.389,2.28,0,30,NA
"orei_manure","rosemount","2021","302","fertControl_cutNone","N fertilizer rate",NA,2021-07-16,1899-12-31 10:49:55,482.5,0.384,2.21,0,31,NA
"orei_manure","rosemount","2021","302","fertControl_cutNone","N fertilizer rate",NA,2021-07-16,1899-12-31 10:50:16,485.8,0.391,2.26,0,31,NA
"orei_manure","rosemount","2021","302","fertControl_cutNone","N fertilizer rate",NA,2021-07-16,1899-12-31 10:50:37,490.1,0.397,2.17,0,31,NA
"orei_manure","rosemount","2021","302","fertControl_cutNone","N fertilizer rate",NA,2021-05-18,1899-12-31 09:50:51,-0.1,0,0.04,0,28,NA
"orei_manure","rosemount","2021","302","fertControl_cutNone","N fertilizer rate",NA,2021-05-18,1899-12-31 09:51:12,-5.4,0,0.05,0,28,NA
"orei_manure","rosemount","2021","302","fertControl_cutNone","N fertilizer rate",NA,2021-05-18,1899-12-31 09:52:49,-4.3,0,0.03,0,28,NA
"orei_manure","rosemount","2021","302","fertControl_cutNone","N fertilizer rate",NA,2021-05-18,1899-12-31 09:53:10,-5.4,0,0.04,0,28,NA
"orei_manure","rosemount","2021","302","fertControl_cutNone","N fertilizer rate",NA,2021-05-18,1899-12-31 09:53:31,0.2,0.004,0.04,0,28,NA
"orei_manure","rosemount","2021","302","fertControl_cutNone","N fertilizer rate",NA,2021-05-18,1899-12-31 09:53:52,-0.1,0,0.04,0,28,NA
"orei_manure","rosemount","2021","302","fertControl_cutNone","N fertilizer rate",NA,2021-05-18,1899-12-31 09:54:13,-0.5,0,0.03,0.15,28,NA
"orei_manure","rosemount","2021","302","fertControl_cutNone","N fertilizer rate",NA,2021-05-18,1899-12-31 09:54:34,-0.1,0,0.03,0.2,28,NA
"orei_manure","rosemount","2021","302","fertControl_cutNone","N fertilizer rate",NA,2021-05-18,1899-12-31 09:54:55,-1,0.004,0.03,0.21,28,NA
"orei_manure","rosemount","2021","302","fertControl_cutNone","N fertilizer rate",NA,2021-05-18,1899-12-31 09:55:16,-1.1,0,0.03,0.2,28,NA
"orei_manure","rosemount","2021","302","fertControl_cutNone","N fertilizer rate",NA,2021-05-18,1899-12-31 09:55:38,-0.4,0,0.04,0.23,28,NA
"orei_manure","rosemount","2021","302","fertControl_cutNone","N fertilizer rate",NA,2021-05-18,1899-12-31 09:55:59,0.2,0,0.03,0.22,28,NA
"orei_manure","rosemount","2021","302","fertControl_cutNone","N fertilizer rate",NA,2021-05-18,1899-12-31 09:56:20,-1,0,0,0.22,29,NA
"orei_manure","rosemount","2021","302","fertControl_cutNone","N fertilizer rate",NA,2021-05-18,1899-12-31 09:56:41,0.2,0,0.03,0.2,28,NA
"orei_manure","rosemount","2021","302","fertControl_cutNone","N fertilizer rate",NA,2021-05-18,1899-12-31 09:57:02,-0.2,0,0,0.21,29,NA
"orei_manure","rosemount","2021","302","fertControl_cutNone","N fertilizer rate",NA,2021-05-18,1899-12-31 09:57:23,0.8,0,0.01,0.22,29,NA
"orei_manure","rosemount","2021","302","fertControl_cutNone","N fertilizer rate",NA,2021-05-18,1899-12-31 09:57:44,1.3,0,0.02,0.24,29,NA
"orei_manure","rosemount","2021","302","fertControl_cutNone","N fertilizer rate",NA,2021-05-18,1899-12-31 09:58:05,-0.4,0,0.01,0.24,29,NA
"orei_manure","rosemount","2021","302","fertControl_cutNone","N fertilizer rate",NA,2021-05-18,1899-12-31 09:58:26,0.7,0,0.01,0.23,29,NA
"orei_manure","rosemount","2021","302","fertControl_cutNone","N fertilizer rate",NA,2021-05-18,1899-12-31 09:58:47,0.5,0,0.02,0.22,29,NA
"orei_manure","rosemount","2021","302","fertControl_cutNone","N fertilizer rate",NA,2021-05-18,1899-12-31 09:59:08,1.7,0,0.02,0.22,29,NA
"orei_manure","rosemount","2021","302","fertControl_cutNone","N fertilizer rate",NA,2021-05-18,1899-12-31 09:59:29,1.6,0,0.04,0.25,29,NA
"orei_manure","rosemount","2021","302","fertControl_cutNone","N fertilizer rate",NA,2021-05-18,1899-12-31 09:59:50,1.1,0,0.01,0.25,29,NA
"orei_manure","rosemount","2021","302","fertControl_cutNone","N fertilizer rate",NA,2021-05-18,1899-12-31 10:00:11,1.2,0,0.05,0.23,29,NA
"orei_manure","rosemount","2021","302","fertControl_cutNone","N fertilizer rate",NA,2021-05-18,1899-12-31 10:00:32,0.7,0,0,0.27,29,NA
"orei_manure","rosemount","2021","302","fertControl_cutNone","N fertilizer rate",NA,2021-10-14,1899-12-31 12:55:11,458.4,0.403,1.88,0,21,NA
"orei_manure","rosemount","2021","302","fertControl_cutNone","N fertilizer rate",NA,2021-10-14,1899-12-31 12:55:32,459.3,0.4,1.88,0,21,NA
"orei_manure","rosemount","2021","302","fertControl_cutNone","N fertilizer rate",NA,2021-10-14,1899-12-31 12:55:53,442.3,0.384,1.92,0,21,NA
"orei_manure","rosemount","2021","302","fertControl_cutNone","N fertilizer rate",NA,2021-10-14,1899-12-31 12:56:14,429.8,0.381,1.91,0,21,NA
"orei_manure","rosemount","2021","302","fertControl_cutNone","N fertilizer rate",NA,2021-10-14,1899-12-31 12:56:35,425.9,0.384,1.93,0,21,NA
"orei_manure","rosemount","2021","302","fertControl_cutNone","N fertilizer rate",NA,2021-10-14,1899-12-31 12:56:56,425.7,0.367,1.96,0,21,NA
"orei_manure","rosemount","2021","302","fertControl_cutNone","N fertilizer rate",NA,2021-10-14,1899-12-31 12:57:16,430,0.354,1.97,0,21,NA
"orei_manure","rosemount","2021","302","fertControl_cutNone","N fertilizer rate",NA,2021-10-14,1899-12-31 12:57:37,432.3,0.369,1.89,0,21,NA
"orei_manure","rosemount","2021","302","fertControl_cutNone","N fertilizer rate",NA,2021-10-14,1899-12-31 12:57:58,434.7,0.381,1.87,0,21,NA
"orei_manure","rosemount","2021","302","fertControl_cutNone","N fertilizer rate",NA,2021-10-14,1899-12-31 12:58:19,436.9,0.369,1.98,0,21,NA
"orei_manure","rosemount","2021","302","fertControl_cutNone","N fertilizer rate",NA,2021-10-14,1899-12-31 12:58:40,440.8,0.389,1.93,0,21,NA
"orei_manure","rosemount","2021","302","fertControl_cutNone","N fertilizer rate",NA,2021-10-14,1899-12-31 12:59:01,444.6,0.38,1.91,0,21,NA
"orei_manure","rosemount","2021","302","fertControl_cutNone","N fertilizer rate",NA,2021-10-14,1899-12-31 12:59:22,443.5,0.367,1.89,0,21,NA
"orei_manure","rosemount","2021","302","fertControl_cutNone","N fertilizer rate",NA,2021-10-14,1899-12-31 12:59:42,445,0.36,1.88,0,21,NA
"orei_manure","rosemount","2021","302","fertControl_cutNone","N fertilizer rate",NA,2021-10-14,1899-12-31 13:00:03,448.5,0.367,1.93,0,21,NA
"orei_manure","rosemount","2021","302","fertControl_cutNone","N fertilizer rate",NA,2021-10-14,1899-12-31 13:00:24,449.5,0.362,1.93,0,21,NA
"orei_manure","rosemount","2021","302","fertControl_cutNone","N fertilizer rate",NA,2021-10-14,1899-12-31 13:00:45,448,0.349,1.85,0,21,NA
"orei_manure","rosemount","2021","302","fertControl_cutNone","N fertilizer rate",NA,2021-10-14,1899-12-31 13:01:06,451.3,0.389,1.87,0,21,NA
"orei_manure","rosemount","2021","302","fertControl_cutNone","N fertilizer rate",NA,2021-10-14,1899-12-31 13:01:27,453.5,0.358,1.91,0,21,NA
"orei_manure","rosemount","2021","302","fertControl_cutNone","N fertilizer rate",NA,2021-10-14,1899-12-31 13:01:48,455,0.356,2,0,21,NA
"orei_manure","rosemount","2021","302","fertControl_cutNone","N fertilizer rate",NA,2021-10-14,1899-12-31 13:02:09,457.4,0.361,1.93,0,21,NA
"orei_manure","rosemount","2021","302","fertControl_cutNone","N fertilizer rate",NA,2021-10-14,1899-12-31 13:02:30,456.4,0.358,1.91,0,21,NA
"orei_manure","rosemount","2021","302","fertControl_cutNone","N fertilizer rate",NA,2021-10-14,1899-12-31 13:02:51,459.8,0.375,1.97,0,21,NA
"orei_manure","rosemount","2021","302","fertControl_cutNone","N fertilizer rate",NA,2021-10-14,1899-12-31 13:03:12,459.7,0.368,1.86,0,21,NA
"orei_manure","rosemount","2021","302","fertControl_cutNone","N fertilizer rate",NA,2021-10-14,1899-12-31 13:03:33,462.9,0.378,1.84,0,21,NA
"orei_manure","rosemount","2021","302","fertControl_cutNone","N fertilizer rate",NA,2021-10-14,1899-12-31 13:03:53,462.8,0.375,2.02,0,21,NA
"orei_manure","rosemount","2021","302","fertControl_cutNone","N fertilizer rate",NA,2021-10-14,1899-12-31 13:04:14,464.6,0.384,1.93,0,21,NA
"orei_manure","rosemount","2021","302","fertControl_cutNone","N fertilizer rate",NA,2021-10-14,1899-12-31 13:04:35,465.9,0.371,1.93,0,21,NA
"orei_manure","rosemount","2021","302","fertControl_cutNone","N fertilizer rate",NA,2021-10-14,1899-12-31 13:04:56,465.9,0.381,1.9,0,22,NA
"orei_manure","rosemount","2021","302","fertControl_cutNone","N fertilizer rate",NA,2021-10-14,1899-12-31 13:05:17,466.3,0.39,1.98,0,21,NA
"orei_manure","rosemount","2021","302","fertControl_cutNone","N fertilizer rate",NA,2021-10-14,1899-12-31 13:05:39,467.8,0.366,1.91,0,21,NA
"orei_manure","rosemount","2021","302","fertControl_cutNone","N fertilizer rate",NA,2021-10-14,1899-12-31 13:06:00,470.5,0.38,1.96,0,22,NA
"orei_manure","rosemount","2021","302","fertControl_cutNone","N fertilizer rate",NA,2021-10-14,1899-12-31 13:06:21,472.2,0.391,1.91,0,22,NA
"orei_manure","rosemount","2021","302","fertControl_cutNone","N fertilizer rate",NA,2021-10-14,1899-12-31 13:06:42,472,0.353,1.87,0,22,NA
"orei_manure","rosemount","2021","302","fertControl_cutNone","N fertilizer rate",NA,2021-10-14,1899-12-31 13:07:03,475.4,0.382,1.91,0,22,NA
"orei_manure","rosemount","2021","302","fertControl_cutNone","N fertilizer rate",NA,2021-10-14,1899-12-31 13:07:24,473.9,0.374,1.98,0,21,NA
"orei_manure","rosemount","2021","302","fertControl_cutNone","N fertilizer rate",NA,2021-10-14,1899-12-31 13:07:45,477.3,0.392,1.94,0,22,NA
"orei_manure","rosemount","2021","302","fertControl_cutNone","N fertilizer rate",NA,2021-10-14,1899-12-31 13:08:06,475.1,0.377,1.95,0,22,NA
"orei_manure","rosemount","2021","302","fertControl_cutNone","N fertilizer rate",NA,2021-10-14,1899-12-31 13:08:27,474.4,0.372,1.97,0,22,NA
"orei_manure","rosemount","2021","302","fertControl_cutNone","N fertilizer rate",NA,2021-10-14,1899-12-31 13:08:48,476.1,0.388,1.92,0,22,NA
"orei_manure","rosemount","2021","302","fertControl_cutNone","N fertilizer rate",NA,2021-10-14,1899-12-31 13:09:09,478.3,0.405,1.95,0,22,NA
"orei_manure","rosemount","2021","302","fertControl_cutNone","N fertilizer rate",NA,2021-10-14,1899-12-31 13:09:30,477,0.371,1.94,0,22,NA
"orei_manure","rosemount","2021","302","fertControl_cutNone","N fertilizer rate",NA,2021-10-14,1899-12-31 13:09:51,478.2,0.382,2.01,0,22,NA
"orei_manure","rosemount","2021","302","fertControl_cutNone","N fertilizer rate",NA,2021-10-14,1899-12-31 13:10:12,477.7,0.383,1.88,0,22,NA
"orei_manure","rosemount","2021","302","fertControl_cutNone","N fertilizer rate",NA,2021-10-14,1899-12-31 13:10:33,479.7,0.389,1.96,0,22,NA
"orei_manure","rosemount","2021","302","fertControl_cutNone","N fertilizer rate",NA,2021-10-14,1899-12-31 13:10:54,476.5,0.374,1.85,0,22,NA
"orei_manure","rosemount","2021","302","fertControl_cutNone","N fertilizer rate",NA,2021-10-14,1899-12-31 13:11:15,479.2,0.376,1.88,0,22,NA
"orei_manure","rosemount","2021","302","fertControl_cutNone","N fertilizer rate",NA,2021-10-14,1899-12-31 13:11:36,480.1,0.384,1.9,0,22,NA
"orei_manure","rosemount","2021","302","fertControl_cutNone","N fertilizer rate",NA,2021-10-14,1899-12-31 13:11:57,480.2,0.376,1.95,0,22,NA
"orei_manure","rosemount","2021","302","fertControl_cutNone","N fertilizer rate",NA,2021-10-14,1899-12-31 13:12:18,482.5,0.388,1.93,0,22,NA
"orei_manure","rosemount","2021","302","fertControl_cutNone","N fertilizer rate",NA,2021-10-14,1899-12-31 13:12:39,479.9,0.387,1.95,0,22,NA
"orei_manure","rosemount","2021","302","fertControl_cutNone","N fertilizer rate",NA,2021-10-14,1899-12-31 13:13:01,480.7,0.376,1.95,0,22,NA
"orei_manure","rosemount","2021","302","fertControl_cutNone","N fertilizer rate",NA,2021-10-14,1899-12-31 13:13:22,481.3,0.384,1.86,0,22,NA
"orei_manure","rosemount","2021","302","fertControl_cutNone","N fertilizer rate",NA,2021-10-14,1899-12-31 13:13:43,482.9,0.411,1.9,0,22,NA
"orei_manure","rosemount","2021","302","fertControl_cutNone","N fertilizer rate",NA,2021-10-14,1899-12-31 13:14:04,481,0.397,1.88,0,22,NA
"orei_manure","rosemount","2021","302","fertControl_cutNone","N fertilizer rate",NA,2021-10-14,1899-12-31 13:14:25,483.9,0.402,1.92,0,22,NA
"orei_manure","rosemount","2021","302","fertControl_cutNone","N fertilizer rate",NA,2021-10-14,1899-12-31 13:14:46,482.8,0.4,1.96,0,22,NA
"orei_manure","rosemount","2021","302","fertControl_cutNone","N fertilizer rate",NA,2021-10-14,1899-12-31 13:15:07,479.9,0.403,1.87,0,22,NA
"orei_manure","rosemount","2021","302","fertControl_cutNone","N fertilizer rate",NA,2021-10-25,1899-12-31 16:39:11,484.8,0.445,2.11,0,26,NA
"orei_manure","rosemount","2021","302","fertControl_cutNone","N fertilizer rate",NA,2021-10-25,1899-12-31 16:39:32,469.9,0.43,1.99,0,26,NA
"orei_manure","rosemount","2021","302","fertControl_cutNone","N fertilizer rate",NA,2021-10-25,1899-12-31 16:39:53,438.6,0.43,2.01,0,25,NA
"orei_manure","rosemount","2021","302","fertControl_cutNone","N fertilizer rate",NA,2021-10-25,1899-12-31 16:40:14,426.5,0.472,1.97,0,26,NA
"orei_manure","rosemount","2021","302","fertControl_cutNone","N fertilizer rate",NA,2021-10-25,1899-12-31 16:40:35,421.4,0.46,1.96,0,26,NA
"orei_manure","rosemount","2021","302","fertControl_cutNone","N fertilizer rate",NA,2021-10-25,1899-12-31 16:40:56,420.8,0.451,2.03,0,26,NA
"orei_manure","rosemount","2021","302","fertControl_cutNone","N fertilizer rate",NA,2021-10-25,1899-12-31 16:41:16,421.7,0.453,2,0,26,NA
"orei_manure","rosemount","2021","302","fertControl_cutNone","N fertilizer rate",NA,2021-10-25,1899-12-31 16:41:37,423.7,0.449,1.98,0,26,NA
"orei_manure","rosemount","2021","302","fertControl_cutNone","N fertilizer rate",NA,2021-10-25,1899-12-31 16:41:58,424.7,0.462,1.99,0,26,NA
"orei_manure","rosemount","2021","302","fertControl_cutNone","N fertilizer rate",NA,2021-10-25,1899-12-31 16:42:19,425.6,0.451,1.98,0,26,NA
"orei_manure","rosemount","2021","302","fertControl_cutNone","N fertilizer rate",NA,2021-10-25,1899-12-31 16:42:40,425.8,0.456,1.98,0,26,NA
"orei_manure","rosemount","2021","302","fertControl_cutNone","N fertilizer rate",NA,2021-10-25,1899-12-31 16:43:01,427.5,0.448,2.02,0,26,NA
"orei_manure","rosemount","2021","302","fertControl_cutNone","N fertilizer rate",NA,2021-10-25,1899-12-31 16:43:22,445.6,0.447,1.99,0,26,NA
"orei_manure","rosemount","2021","302","fertControl_cutNone","N fertilizer rate",NA,2021-10-25,1899-12-31 16:43:43,457.3,0.451,1.98,0,26,NA
"orei_manure","rosemount","2021","302","fertControl_cutNone","N fertilizer rate",NA,2021-10-25,1899-12-31 16:44:04,445.6,0.444,1.93,0,26,NA
"orei_manure","rosemount","2021","302","fertControl_cutNone","N fertilizer rate",NA,2021-10-25,1899-12-31 16:44:24,440.1,0.458,1.97,0,26,NA
"orei_manure","rosemount","2021","302","fertControl_cutNone","N fertilizer rate",NA,2021-10-25,1899-12-31 16:44:45,444.1,0.477,1.94,0,26,NA
"orei_manure","rosemount","2021","302","fertControl_cutNone","N fertilizer rate",NA,2021-10-25,1899-12-31 16:45:06,435.5,0.46,1.94,0,26,NA
"orei_manure","rosemount","2021","302","fertControl_cutNone","N fertilizer rate",NA,2021-10-25,1899-12-31 16:45:27,434.4,0.446,2.01,0,26,NA
"orei_manure","rosemount","2021","302","fertControl_cutNone","N fertilizer rate",NA,2021-04-29,1899-12-31 14:18:52,928.2,0.385,2.11,0,31,NA
"orei_manure","rosemount","2021","302","fertControl_cutNone","N fertilizer rate",NA,2021-04-29,1899-12-31 14:19:13,903.1,0.403,2.16,0,31,NA
"orei_manure","rosemount","2021","302","fertControl_cutNone","N fertilizer rate",NA,2021-04-29,1899-12-31 14:19:34,806.2,0.392,2.1,0,31,NA
"orei_manure","rosemount","2021","302","fertControl_cutNone","N fertilizer rate",NA,2021-04-29,1899-12-31 14:19:55,721.3,0.367,2.16,0,31,NA
"orei_manure","rosemount","2021","302","fertControl_cutNone","N fertilizer rate",NA,2021-04-29,1899-12-31 14:20:16,673.5,0.332,2.02,0,31,NA
"orei_manure","rosemount","2021","302","fertControl_cutNone","N fertilizer rate",NA,2021-04-29,1899-12-31 14:20:37,641,0.333,2.13,0,31,NA
"orei_manure","rosemount","2021","302","fertControl_cutNone","N fertilizer rate",NA,2021-04-29,1899-12-31 14:20:58,615.9,0.333,2.16,0,31,NA
"orei_manure","rosemount","2021","302","fertControl_cutNone","N fertilizer rate",NA,2021-04-29,1899-12-31 14:21:18,598.3,0.318,2.11,0.02,31,NA
"orei_manure","rosemount","2021","302","fertControl_cutNone","N fertilizer rate",NA,2021-04-29,1899-12-31 14:21:39,592.4,0.321,2.04,0,31,NA
"orei_manure","rosemount","2021","302","fertControl_cutNone","N fertilizer rate",NA,2021-04-29,1899-12-31 14:22:00,588.2,0.312,2.12,0,31,NA
"orei_manure","rosemount","2021","302","fertControl_cutNone","N fertilizer rate",NA,2021-04-29,1899-12-31 14:22:21,590.4,0.308,2.17,0,31,NA
"orei_manure","rosemount","2021","302","fertControl_cutNone","N fertilizer rate",NA,2021-04-29,1899-12-31 14:22:42,596.5,0.364,2.14,0.02,31,NA
"orei_manure","rosemount","2021","302","fertControl_cutNone","N fertilizer rate",NA,2021-04-29,1899-12-31 14:23:03,603.3,0.328,2.11,0,31,NA
"orei_manure","rosemount","2021","302","fertControl_cutNone","N fertilizer rate",NA,2021-04-29,1899-12-31 14:23:24,613.6,0.335,2.12,0,31,NA
"orei_manure","rosemount","2021","302","fertControl_cutNone","N fertilizer rate",NA,2021-04-29,1899-12-31 14:23:44,623.5,0.322,2.03,0,31,NA
"orei_manure","rosemount","2021","302","fertControl_cutNone","N fertilizer rate",NA,2021-04-29,1899-12-31 14:24:05,635,0.324,2.18,0,31,NA
"orei_manure","rosemount","2021","302","fertControl_cutNone","N fertilizer rate",NA,2021-04-29,1899-12-31 14:24:26,645.9,0.31,2.21,0,31,NA
"orei_manure","rosemount","2021","302","fertControl_cutNone","N fertilizer rate",NA,2021-05-18,1899-12-31 09:50:51,123.9,0.094,1.08,0,28,NA
"orei_manure","rosemount","2021","302","fertControl_cutNone","N fertilizer rate",NA,2021-05-18,1899-12-31 09:51:12,230,0.199,1.4,0,28,NA
"orei_manure","rosemount","2021","302","fertControl_cutNone","N fertilizer rate",NA,2021-05-18,1899-12-31 09:52:50,305.7,0.257,1.6,0.73,28,NA
"orei_manure","rosemount","2021","302","fertControl_cutNone","N fertilizer rate",NA,2021-05-18,1899-12-31 09:53:11,337.8,0.238,1.92,0.16,28,NA
"orei_manure","rosemount","2021","302","fertControl_cutNone","N fertilizer rate",NA,2021-05-18,1899-12-31 09:53:32,359.7,0.24,2.09,0.04,28,NA
"orei_manure","rosemount","2021","302","fertControl_cutNone","N fertilizer rate",NA,2021-05-18,1899-12-31 09:53:53,387.7,0.245,2.22,0.04,28,NA
"orei_manure","rosemount","2021","302","fertControl_cutNone","N fertilizer rate",NA,2021-05-18,1899-12-31 09:54:13,422.6,0.313,2.21,0.06,28,NA
"orei_manure","rosemount","2021","302","fertControl_cutNone","N fertilizer rate",NA,2021-05-18,1899-12-31 09:54:34,444.5,0.349,2.38,0.07,28,NA
"orei_manure","rosemount","2021","302","fertControl_cutNone","N fertilizer rate",NA,2021-05-18,1899-12-31 09:54:56,464.8,0.341,2.35,0.09,28,NA
"orei_manure","rosemount","2021","302","fertControl_cutNone","N fertilizer rate",NA,2021-05-18,1899-12-31 09:55:17,481.4,0.352,2.48,0.08,28,NA
"orei_manure","rosemount","2021","302","fertControl_cutNone","N fertilizer rate",NA,2021-05-18,1899-12-31 09:55:38,490.5,0.354,2.41,0.01,28,NA
"orei_manure","rosemount","2021","302","fertControl_cutNone","N fertilizer rate",NA,2021-05-18,1899-12-31 09:55:59,497.9,0.35,2.45,0.05,28,NA
"orei_manure","rosemount","2021","302","fertControl_cutNone","N fertilizer rate",NA,2021-05-18,1899-12-31 09:56:20,509.2,0.342,2.49,0,29,NA
"orei_manure","rosemount","2021","302","fertControl_cutNone","N fertilizer rate",NA,2021-05-18,1899-12-31 09:56:41,520.1,0.369,2.51,0,28,NA
"orei_manure","rosemount","2021","302","fertControl_cutNone","N fertilizer rate",NA,2021-05-18,1899-12-31 09:57:02,529.9,0.355,2.54,0,29,NA
"orei_manure","rosemount","2021","302","fertControl_cutNone","N fertilizer rate",NA,2021-05-18,1899-12-31 09:57:23,538.3,0.37,2.5,0.04,29,NA
"orei_manure","rosemount","2021","302","fertControl_cutNone","N fertilizer rate",NA,2021-05-18,1899-12-31 09:57:44,548.3,0.374,2.47,0.1,29,NA
"orei_manure","rosemount","2021","302","fertControl_cutNone","N fertilizer rate",NA,2021-05-18,1899-12-31 09:58:05,556,0.353,2.42,0.06,29,NA
"orei_manure","rosemount","2021","302","fertControl_cutNone","N fertilizer rate",NA,2021-05-18,1899-12-31 09:58:26,565.3,0.37,2.53,0.04,29,NA
"orei_manure","rosemount","2021","302","fertControl_cutNone","N fertilizer rate",NA,2021-05-18,1899-12-31 09:58:47,574.1,0.362,2.54,0,29,NA
"orei_manure","rosemount","2021","302","fertControl_cutNone","N fertilizer rate",NA,2021-05-18,1899-12-31 09:59:08,577.8,0.357,2.52,0.1,29,NA
"orei_manure","rosemount","2021","302","fertControl_cutNone","N fertilizer rate",NA,2021-05-18,1899-12-31 09:59:29,591.1,0.367,2.48,0.03,29,NA
"orei_manure","rosemount","2021","302","fertControl_cutNone","N fertilizer rate",NA,2021-05-18,1899-12-31 09:59:50,601.1,0.358,2.51,0.09,29,NA
"orei_manure","rosemount","2021","302","fertControl_cutNone","N fertilizer rate",NA,2021-05-18,1899-12-31 10:00:11,608.9,0.352,2.5,0,29,NA
"orei_manure","rosemount","2021","302","fertControl_cutNone","N fertilizer rate",NA,2021-05-18,1899-12-31 10:00:32,619.6,0.353,2.52,0,29,NA
"orei_manure","rosemount","2021","302","fertControl_cutNone","N fertilizer rate",NA,2021-06-01,1899-12-31 11:22:13,886.9,0.353,2.08,0,36,NA
"orei_manure","rosemount","2021","302","fertControl_cutNone","N fertilizer rate",NA,2021-06-01,1899-12-31 11:22:35,850.5,0.307,2.05,0,36,NA
"orei_manure","rosemount","2021","302","fertControl_cutNone","N fertilizer rate",NA,2021-06-01,1899-12-31 11:22:56,719.6,0.315,2.04,0,36,NA
"orei_manure","rosemount","2021","302","fertControl_cutNone","N fertilizer rate",NA,2021-06-01,1899-12-31 11:23:17,633.2,0.312,2.14,0,36,NA
"orei_manure","rosemount","2021","302","fertControl_cutNone","N fertilizer rate",NA,2021-06-01,1899-12-31 11:23:38,584.2,0.273,2.18,0.04,36,NA
"orei_manure","rosemount","2021","302","fertControl_cutNone","N fertilizer rate",NA,2021-06-01,1899-12-31 11:23:59,561.6,0.3,2.11,0,36,NA
"orei_manure","rosemount","2021","302","fertControl_cutNone","N fertilizer rate",NA,2021-06-01,1899-12-31 11:24:20,550,0.313,2.09,0.01,36,NA
"orei_manure","rosemount","2021","302","fertControl_cutNone","N fertilizer rate",NA,2021-06-01,1899-12-31 11:24:41,548.4,0.326,2.07,0,36,NA
"orei_manure","rosemount","2021","302","fertControl_cutNone","N fertilizer rate",NA,2021-06-01,1899-12-31 11:25:02,555.5,0.315,2.12,0,36,NA
"orei_manure","rosemount","2021","302","fertControl_cutNone","N fertilizer rate",NA,2021-06-01,1899-12-31 11:25:23,563.5,0.314,2.09,0.02,36,NA
"orei_manure","rosemount","2021","302","fertControl_cutNone","N fertilizer rate",NA,2021-06-01,1899-12-31 11:25:44,571.3,0.331,2.05,0.04,36,NA
"orei_manure","rosemount","2021","302","fertControl_cutNone","N fertilizer rate",NA,2021-06-01,1899-12-31 11:26:05,580.6,0.317,2.03,0.03,36,NA
"orei_manure","rosemount","2021","302","fertControl_cutNone","N fertilizer rate",NA,2021-06-01,1899-12-31 11:26:27,591.8,0.303,2.03,0,36,NA
"orei_manure","rosemount","2021","302","fertControl_cutNone","N fertilizer rate",NA,2021-06-01,1899-12-31 11:26:48,602.5,0.322,2.01,0.02,36,NA
"orei_manure","rosemount","2021","302","fertControl_cutNone","N fertilizer rate",NA,2021-06-01,1899-12-31 11:27:09,610.2,0.318,1.97,0,36,NA
"orei_manure","rosemount","2021","302","fertControl_cutNone","N fertilizer rate",NA,2021-06-01,1899-12-31 11:27:30,621.3,0.308,2.15,0,36,NA
"orei_manure","rosemount","2021","302","fertControl_cutNone","N fertilizer rate",NA,2021-06-01,1899-12-31 11:27:52,630.3,0.307,2.16,0,36,NA
"orei_manure","rosemount","2021","302","fertControl_cutNone","N fertilizer rate",NA,2021-06-15,1899-12-31 11:35:53,551.2,0.357,2.16,0,37,NA
"orei_manure","rosemount","2021","302","fertControl_cutNone","N fertilizer rate",NA,2021-06-15,1899-12-31 11:36:14,515.9,0.404,1.9,0,37,NA
"orei_manure","rosemount","2021","302","fertControl_cutNone","N fertilizer rate",NA,2021-06-15,1899-12-31 11:36:35,473.8,0.317,2.19,0,37,NA
"orei_manure","rosemount","2021","302","fertControl_cutNone","N fertilizer rate",NA,2021-06-15,1899-12-31 11:36:56,455.7,0.341,2.34,0,37,NA
"orei_manure","rosemount","2021","302","fertControl_cutNone","N fertilizer rate",NA,2021-06-15,1899-12-31 11:37:17,447.5,0.355,2.25,0,37,NA
"orei_manure","rosemount","2021","302","fertControl_cutNone","N fertilizer rate",NA,2021-06-15,1899-12-31 11:37:38,439.4,0.367,2.24,0,37,NA
"orei_manure","rosemount","2021","302","fertControl_cutNone","N fertilizer rate",NA,2021-06-15,1899-12-31 11:37:59,438.7,0.363,2.05,0,37,NA
"orei_manure","rosemount","2021","302","fertControl_cutNone","N fertilizer rate",NA,2021-06-15,1899-12-31 11:38:20,441.5,0.339,2.3,0,37,NA
"orei_manure","rosemount","2021","302","fertControl_cutNone","N fertilizer rate",NA,2021-06-15,1899-12-31 11:38:41,450.9,0.38,2.15,0,37,NA
"orei_manure","rosemount","2021","302","fertControl_cutNone","N fertilizer rate",NA,2021-06-15,1899-12-31 11:39:02,452,0.354,1.97,0,37,NA
"orei_manure","rosemount","2021","302","fertControl_cutNone","N fertilizer rate",NA,2021-06-15,1899-12-31 11:39:23,455.3,0.343,2.15,0,37,NA
"orei_manure","rosemount","2021","302","fertControl_cutNone","N fertilizer rate",NA,2021-06-15,1899-12-31 11:39:44,457.3,0.37,2.21,0,37,NA
"orei_manure","rosemount","2021","302","fertControl_cutNone","N fertilizer rate",NA,2021-06-15,1899-12-31 11:40:05,456.1,0.345,1.97,0,37,NA
"orei_manure","rosemount","2021","302","fertControl_cutNone","N fertilizer rate",NA,2021-06-15,1899-12-31 11:40:26,465.8,0.403,2.04,0,37,NA
"orei_manure","rosemount","2021","302","fertControl_cutNone","N fertilizer rate",NA,2021-06-15,1899-12-31 11:40:47,467.6,0.357,2.23,0,37,NA
"orei_manure","rosemount","2021","302","fertControl_cutNone","N fertilizer rate",NA,2021-06-15,1899-12-31 11:41:08,471.1,0.354,2.2,0,37,NA
"orei_manure","rosemount","2021","302","fertControl_cutNone","N fertilizer rate",NA,2021-06-15,1899-12-31 11:41:29,467.6,0.332,2.02,0,37,NA
"orei_manure","rosemount","2021","302","fertControl_cutNone","N fertilizer rate",NA,2021-09-10,1899-12-31 11:17:05,476.5,0.304,2.34,0,35,NA
"orei_manure","rosemount","2021","302","fertControl_cutNone","N fertilizer rate",NA,2021-09-10,1899-12-31 11:17:25,427.7,0.309,2.27,0,35,NA
"orei_manure","rosemount","2021","302","fertControl_cutNone","N fertilizer rate",NA,2021-09-10,1899-12-31 11:17:47,407.9,0.325,2.36,0,35,NA
"orei_manure","rosemount","2021","302","fertControl_cutNone","N fertilizer rate",NA,2021-09-10,1899-12-31 11:18:08,404.9,0.339,2.26,0,35,NA
"orei_manure","rosemount","2021","302","fertControl_cutNone","N fertilizer rate",NA,2021-09-10,1899-12-31 11:18:29,409.8,0.321,2.32,0,35,NA
"orei_manure","rosemount","2021","302","fertControl_cutNone","N fertilizer rate",NA,2021-09-10,1899-12-31 11:18:50,414.3,0.318,2.31,0,35,NA
"orei_manure","rosemount","2021","302","fertControl_cutNone","N fertilizer rate",NA,2021-09-10,1899-12-31 11:19:11,420.9,0.317,2.51,0,35,NA
"orei_manure","rosemount","2021","302","fertControl_cutNone","N fertilizer rate",NA,2021-09-10,1899-12-31 11:19:32,425.6,0.319,2.33,0,35,NA
"orei_manure","rosemount","2021","302","fertControl_cutNone","N fertilizer rate",NA,2021-09-10,1899-12-31 11:19:53,431.4,0.333,2.29,0,35,NA
"orei_manure","rosemount","2021","302","fertControl_cutNone","N fertilizer rate",NA,2021-09-10,1899-12-31 11:20:14,434.9,0.315,2.36,0,35,NA
"orei_manure","rosemount","2021","302","fertControl_cutNone","N fertilizer rate",NA,2021-09-10,1899-12-31 11:20:35,437.8,0.314,2.33,0,35,NA
"orei_manure","rosemount","2021","302","fertControl_cutNone","N fertilizer rate",NA,2021-09-10,1899-12-31 11:20:56,444.4,0.331,2.34,0,35,NA
"orei_manure","rosemount","2021","302","fertControl_cutNone","N fertilizer rate",NA,2021-09-10,1899-12-31 11:21:17,447.4,0.321,2.38,0,35,NA
"orei_manure","rosemount","2021","302","fertControl_cutNone","N fertilizer rate",NA,2021-09-10,1899-12-31 11:21:37,451.8,0.33,2.35,0,35,NA
"orei_manure","rosemount","2021","302","fertControl_cutNone","N fertilizer rate",NA,2021-09-10,1899-12-31 11:21:58,454.9,0.337,2.29,0,35,NA
"orei_manure","rosemount","2021","302","fertControl_cutNone","N fertilizer rate",NA,2021-09-10,1899-12-31 11:22:19,458.7,0.313,2.36,0,35,NA
"orei_manure","rosemount","2021","302","fertControl_cutNone","N fertilizer rate",NA,2021-09-10,1899-12-31 11:22:40,459.4,0.321,2.44,0,35,NA
"orei_manure","rosemount","2021","302","fertControl_cutNone","N fertilizer rate",NA,2021-09-10,1899-12-31 11:23:01,462,0.312,2.4,0,35,NA
"orei_manure","rosemount","2021","304","fertCommercial_cutNone","N fertilizer rate","70 kg N ha",2021-04-05,1899-12-31 12:45:44,473.4,0.327,2.5,0.72,35,NA
"orei_manure","rosemount","2021","304","fertCommercial_cutNone","N fertilizer rate","70 kg N ha",2021-04-05,1899-12-31 12:46:05,478.4,0.357,1.98,0.29,35,NA
"orei_manure","rosemount","2021","304","fertCommercial_cutNone","N fertilizer rate","70 kg N ha",2021-04-05,1899-12-31 12:46:26,466.4,0.393,2.04,0,35,NA
"orei_manure","rosemount","2021","304","fertCommercial_cutNone","N fertilizer rate","70 kg N ha",2021-04-05,1899-12-31 12:46:47,456.1,0.364,1.81,0,35,NA
"orei_manure","rosemount","2021","304","fertCommercial_cutNone","N fertilizer rate","70 kg N ha",2021-04-05,1899-12-31 12:47:08,450.5,0.349,2.09,0,36,NA
"orei_manure","rosemount","2021","304","fertCommercial_cutNone","N fertilizer rate","70 kg N ha",2021-04-05,1899-12-31 12:47:28,454,0.367,2.04,0,36,NA
"orei_manure","rosemount","2021","304","fertCommercial_cutNone","N fertilizer rate","70 kg N ha",2021-04-05,1899-12-31 12:47:49,451.7,0.376,2,0.02,36,NA
"orei_manure","rosemount","2021","304","fertCommercial_cutNone","N fertilizer rate","70 kg N ha",2021-04-05,1899-12-31 12:48:10,458,0.375,2.02,0,36,NA
"orei_manure","rosemount","2021","304","fertCommercial_cutNone","N fertilizer rate","70 kg N ha",2021-04-05,1899-12-31 12:48:31,452.4,0.331,1.97,0,36,NA
"orei_manure","rosemount","2021","304","fertCommercial_cutNone","N fertilizer rate","70 kg N ha",2021-04-05,1899-12-31 12:48:52,458.4,0.385,2.04,0,36,NA
"orei_manure","rosemount","2021","304","fertCommercial_cutNone","N fertilizer rate","70 kg N ha",2021-04-05,1899-12-31 12:49:13,451.3,0.332,2.16,0,36,NA
"orei_manure","rosemount","2021","304","fertCommercial_cutNone","N fertilizer rate","70 kg N ha",2021-04-05,1899-12-31 12:49:34,455.5,0.358,1.87,0,36,NA
"orei_manure","rosemount","2021","304","fertCommercial_cutNone","N fertilizer rate","70 kg N ha",2021-04-05,1899-12-31 12:49:54,454.5,0.338,2,0,36,NA
"orei_manure","rosemount","2021","304","fertCommercial_cutNone","N fertilizer rate","70 kg N ha",2021-04-05,1899-12-31 12:50:15,453.4,0.323,2.11,0,36,NA
"orei_manure","rosemount","2021","304","fertCommercial_cutNone","N fertilizer rate","70 kg N ha",2021-04-05,1899-12-31 12:50:36,452.3,0.308,2.01,0,36,NA
"orei_manure","rosemount","2021","304","fertCommercial_cutNone","N fertilizer rate","70 kg N ha",2021-04-05,1899-12-31 12:50:57,458.2,0.369,1.92,0,36,NA
"orei_manure","rosemount","2021","304","fertCommercial_cutNone","N fertilizer rate","70 kg N ha",2021-04-05,1899-12-31 12:51:18,457.6,0.356,1.91,0,36,NA
"orei_manure","rosemount","2021","304","fertCommercial_cutNone","N fertilizer rate","70 kg N ha",2021-04-22,1899-12-31 12:35:13,541,0.406,2.48,0.05,27,NA
"orei_manure","rosemount","2021","304","fertCommercial_cutNone","N fertilizer rate","70 kg N ha",2021-04-22,1899-12-31 12:35:34,530.5,0.388,2.47,0.04,27,NA
"orei_manure","rosemount","2021","304","fertCommercial_cutNone","N fertilizer rate","70 kg N ha",2021-04-22,1899-12-31 12:35:55,502.6,0.388,2.42,0,27,NA
"orei_manure","rosemount","2021","304","fertCommercial_cutNone","N fertilizer rate","70 kg N ha",2021-04-22,1899-12-31 12:36:16,485,0.379,2.45,0.06,27,NA
"orei_manure","rosemount","2021","304","fertCommercial_cutNone","N fertilizer rate","70 kg N ha",2021-04-22,1899-12-31 12:36:37,475.4,0.402,2.44,0,27,NA
"orei_manure","rosemount","2021","304","fertCommercial_cutNone","N fertilizer rate","70 kg N ha",2021-04-22,1899-12-31 12:36:58,471,0.386,2.46,0.15,27,NA
"orei_manure","rosemount","2021","304","fertCommercial_cutNone","N fertilizer rate","70 kg N ha",2021-04-22,1899-12-31 12:37:19,468.6,0.397,2.48,0.13,27,NA
"orei_manure","rosemount","2021","304","fertCommercial_cutNone","N fertilizer rate","70 kg N ha",2021-04-22,1899-12-31 12:37:39,472.3,0.39,2.42,0.03,27,NA
"orei_manure","rosemount","2021","304","fertCommercial_cutNone","N fertilizer rate","70 kg N ha",2021-04-22,1899-12-31 12:38:00,475.4,0.393,2.56,0.07,27,NA
"orei_manure","rosemount","2021","304","fertCommercial_cutNone","N fertilizer rate","70 kg N ha",2021-04-22,1899-12-31 12:38:21,481.3,0.389,2.53,0.05,28,NA
"orei_manure","rosemount","2021","304","fertCommercial_cutNone","N fertilizer rate","70 kg N ha",2021-04-22,1899-12-31 12:38:42,482.6,0.398,2.38,0.04,27,NA
"orei_manure","rosemount","2021","304","fertCommercial_cutNone","N fertilizer rate","70 kg N ha",2021-04-22,1899-12-31 12:39:03,483,0.382,2.48,0.08,27,NA
"orei_manure","rosemount","2021","304","fertCommercial_cutNone","N fertilizer rate","70 kg N ha",2021-04-22,1899-12-31 12:39:24,484.6,0.362,2.46,0.17,28,NA
"orei_manure","rosemount","2021","304","fertCommercial_cutNone","N fertilizer rate","70 kg N ha",2021-04-22,1899-12-31 12:39:45,488.2,0.392,2.47,0,28,NA
"orei_manure","rosemount","2021","304","fertCommercial_cutNone","N fertilizer rate","70 kg N ha",2021-04-22,1899-12-31 12:40:05,489.3,0.37,2.43,0.03,28,NA
"orei_manure","rosemount","2021","304","fertCommercial_cutNone","N fertilizer rate","70 kg N ha",2021-04-22,1899-12-31 12:40:26,494.3,0.413,2.45,0.07,28,NA
"orei_manure","rosemount","2021","304","fertCommercial_cutNone","N fertilizer rate","70 kg N ha",2021-04-22,1899-12-31 12:40:47,499.2,0.393,2.45,0.1,28,NA
"orei_manure","rosemount","2021","304","fertCommercial_cutNone","N fertilizer rate","70 kg N ha",2021-07-08,1899-12-31 12:58:14,534.8,0.289,1.57,1.79,30,NA
"orei_manure","rosemount","2021","304","fertCommercial_cutNone","N fertilizer rate","70 kg N ha",2021-07-08,1899-12-31 12:58:35,484.7,0.342,1.71,0.67,30,NA
"orei_manure","rosemount","2021","304","fertCommercial_cutNone","N fertilizer rate","70 kg N ha",2021-07-08,1899-12-31 12:58:56,443.4,0.353,1.88,0.09,30,NA
"orei_manure","rosemount","2021","304","fertCommercial_cutNone","N fertilizer rate","70 kg N ha",2021-07-08,1899-12-31 12:59:17,433.2,0.353,2.02,0.06,30,NA
"orei_manure","rosemount","2021","304","fertCommercial_cutNone","N fertilizer rate","70 kg N ha",2021-07-08,1899-12-31 12:59:38,431.5,0.342,1.95,0,30,NA
"orei_manure","rosemount","2021","304","fertCommercial_cutNone","N fertilizer rate","70 kg N ha",2021-07-08,1899-12-31 12:59:59,431.5,0.347,1.88,0,30,NA
"orei_manure","rosemount","2021","304","fertCommercial_cutNone","N fertilizer rate","70 kg N ha",2021-07-08,1899-12-31 13:00:20,435.1,0.339,1.97,0.08,31,NA
"orei_manure","rosemount","2021","304","fertCommercial_cutNone","N fertilizer rate","70 kg N ha",2021-07-08,1899-12-31 13:00:41,441.9,0.35,1.92,0.01,31,NA
"orei_manure","rosemount","2021","304","fertCommercial_cutNone","N fertilizer rate","70 kg N ha",2021-07-08,1899-12-31 13:01:02,444.7,0.362,2.02,0,31,NA
"orei_manure","rosemount","2021","304","fertCommercial_cutNone","N fertilizer rate","70 kg N ha",2021-07-08,1899-12-31 13:01:22,442.4,0.324,2.02,0,31,NA
"orei_manure","rosemount","2021","304","fertCommercial_cutNone","N fertilizer rate","70 kg N ha",2021-07-08,1899-12-31 13:01:43,454.5,0.358,1.92,0,31,NA
"orei_manure","rosemount","2021","304","fertCommercial_cutNone","N fertilizer rate","70 kg N ha",2021-07-08,1899-12-31 13:02:04,450.7,0.352,2.12,0.04,31,NA
"orei_manure","rosemount","2021","304","fertCommercial_cutNone","N fertilizer rate","70 kg N ha",2021-07-08,1899-12-31 13:02:26,453.7,0.363,1.89,0.02,31,NA
"orei_manure","rosemount","2021","304","fertCommercial_cutNone","N fertilizer rate","70 kg N ha",2021-07-08,1899-12-31 13:02:47,455.8,0.338,1.89,0,31,NA
"orei_manure","rosemount","2021","304","fertCommercial_cutNone","N fertilizer rate","70 kg N ha",2021-07-08,1899-12-31 13:03:08,458.1,0.323,1.93,0,31,NA
"orei_manure","rosemount","2021","304","fertCommercial_cutNone","N fertilizer rate","70 kg N ha",2021-07-08,1899-12-31 13:03:29,465.9,0.334,1.99,0,31,NA
"orei_manure","rosemount","2021","304","fertCommercial_cutNone","N fertilizer rate","70 kg N ha",2021-07-08,1899-12-31 13:03:50,469.7,0.37,1.77,0,31,NA
"orei_manure","rosemount","2021","304","fertCommercial_cutNone","N fertilizer rate","70 kg N ha",2021-07-08,1899-12-31 13:04:11,472,0.336,1.89,0,31,NA
"orei_manure","rosemount","2021","304","fertCommercial_cutNone","N fertilizer rate","70 kg N ha",2021-07-08,1899-12-31 13:04:31,474.4,0.338,1.92,0,31,NA
"orei_manure","rosemount","2021","304","fertCommercial_cutNone","N fertilizer rate","70 kg N ha",2021-07-08,1899-12-31 13:04:52,475.5,0.343,2.13,0.03,31,NA
"orei_manure","rosemount","2021","304","fertCommercial_cutNone","N fertilizer rate","70 kg N ha",2021-07-08,1899-12-31 13:05:13,477.2,0.347,1.98,0.01,31,NA
"orei_manure","rosemount","2021","304","fertCommercial_cutNone","N fertilizer rate","70 kg N ha",2021-07-08,1899-12-31 13:05:34,481.9,0.348,2.02,0,31,NA
"orei_manure","rosemount","2021","304","fertCommercial_cutNone","N fertilizer rate","70 kg N ha",2021-07-16,1899-12-31 12:05:51,451.3,0.411,2.2,0,42,NA
"orei_manure","rosemount","2021","304","fertCommercial_cutNone","N fertilizer rate","70 kg N ha",2021-07-16,1899-12-31 12:06:16,430.7,0.431,2.24,0,42,NA
"orei_manure","rosemount","2021","304","fertCommercial_cutNone","N fertilizer rate","70 kg N ha",2021-07-16,1899-12-31 12:08:40,414.7,0.301,2.12,0.94,41,NA
"orei_manure","rosemount","2021","304","fertCommercial_cutNone","N fertilizer rate","70 kg N ha",2021-07-16,1899-12-31 12:09:05,430.2,0.394,2.05,0,41,NA
"orei_manure","rosemount","2021","304","fertCommercial_cutNone","N fertilizer rate","70 kg N ha",2021-07-16,1899-12-31 12:09:29,447,0.424,2.35,0,41,NA
"orei_manure","rosemount","2021","304","fertCommercial_cutNone","N fertilizer rate","70 kg N ha",2021-07-16,1899-12-31 12:09:54,448.4,0.358,2.31,0,42,NA
"orei_manure","rosemount","2021","304","fertCommercial_cutNone","N fertilizer rate","70 kg N ha",2021-07-16,1899-12-31 12:10:17,458.9,0.427,2.34,0,42,NA
"orei_manure","rosemount","2021","304","fertCommercial_cutNone","N fertilizer rate","70 kg N ha",2021-07-16,1899-12-31 12:10:42,459.7,0.414,2.21,0,42,NA
"orei_manure","rosemount","2021","304","fertCommercial_cutNone","N fertilizer rate","70 kg N ha",2021-07-16,1899-12-31 12:11:07,467.8,0.393,2.3,0,42,NA
"orei_manure","rosemount","2021","304","fertCommercial_cutNone","N fertilizer rate","70 kg N ha",2021-07-16,1899-12-31 12:11:31,470.5,0.414,2.33,0,42,NA
"orei_manure","rosemount","2021","304","fertCommercial_cutNone","N fertilizer rate","70 kg N ha",2021-07-16,1899-12-31 12:11:54,480.7,0.463,2.29,0,42,NA
"orei_manure","rosemount","2021","304","fertCommercial_cutNone","N fertilizer rate","70 kg N ha",2021-07-16,1899-12-31 12:12:18,468.8,0.409,2.35,0,42,NA
"orei_manure","rosemount","2021","304","fertCommercial_cutNone","N fertilizer rate","70 kg N ha",2021-07-16,1899-12-31 12:12:43,482.4,0.416,2.32,0,42,NA
"orei_manure","rosemount","2021","304","fertCommercial_cutNone","N fertilizer rate","70 kg N ha",2021-07-16,1899-12-31 12:13:09,508.4,0.513,2.47,0,42,NA
"orei_manure","rosemount","2021","304","fertCommercial_cutNone","N fertilizer rate","70 kg N ha",2021-07-16,1899-12-31 12:13:34,521.5,0.615,2.45,0,42,NA
"orei_manure","rosemount","2021","304","fertCommercial_cutNone","N fertilizer rate","70 kg N ha",2021-07-16,1899-12-31 12:14:00,492.8,0.415,2.32,0,43,NA
"orei_manure","rosemount","2021","304","fertCommercial_cutNone","N fertilizer rate","70 kg N ha",2021-07-16,1899-12-31 12:14:26,479.8,0.362,2.16,0,43,NA
"orei_manure","rosemount","2021","304","fertCommercial_cutNone","N fertilizer rate","70 kg N ha",2021-07-16,1899-12-31 12:14:51,498.4,0.426,2.47,0,43,NA
"orei_manure","rosemount","2021","304","fertCommercial_cutNone","N fertilizer rate","70 kg N ha",2021-07-16,1899-12-31 12:15:17,496.4,0.383,2.25,0,43,NA
"orei_manure","rosemount","2021","304","fertCommercial_cutNone","N fertilizer rate","70 kg N ha",2021-08-10,1899-12-31 12:06:26,473,0.254,2.51,0,40,NA
"orei_manure","rosemount","2021","304","fertCommercial_cutNone","N fertilizer rate","70 kg N ha",2021-08-10,1899-12-31 12:06:47,480.9,0.254,2.51,0,40,NA
"orei_manure","rosemount","2021","304","fertCommercial_cutNone","N fertilizer rate","70 kg N ha",2021-08-10,1899-12-31 12:07:08,445.5,0.288,2.5,0,40,NA
"orei_manure","rosemount","2021","304","fertCommercial_cutNone","N fertilizer rate","70 kg N ha",2021-08-10,1899-12-31 12:07:29,425.9,0.274,2.47,0,40,NA
"orei_manure","rosemount","2021","304","fertCommercial_cutNone","N fertilizer rate","70 kg N ha",2021-08-10,1899-12-31 12:07:50,411.4,0.241,2.45,0,40,NA
"orei_manure","rosemount","2021","304","fertCommercial_cutNone","N fertilizer rate","70 kg N ha",2021-08-10,1899-12-31 12:08:11,410.1,0.243,2.42,0,40,NA
"orei_manure","rosemount","2021","304","fertCommercial_cutNone","N fertilizer rate","70 kg N ha",2021-08-10,1899-12-31 12:08:32,407.3,0.231,2.53,0,40,NA
"orei_manure","rosemount","2021","304","fertCommercial_cutNone","N fertilizer rate","70 kg N ha",2021-08-10,1899-12-31 12:08:53,407.9,0.239,2.49,0,40,NA
"orei_manure","rosemount","2021","304","fertCommercial_cutNone","N fertilizer rate","70 kg N ha",2021-08-10,1899-12-31 12:09:14,412.6,0.252,2.45,0,40,NA
"orei_manure","rosemount","2021","304","fertCommercial_cutNone","N fertilizer rate","70 kg N ha",2021-08-10,1899-12-31 12:09:35,419.2,0.252,2.53,0,40,NA
"orei_manure","rosemount","2021","304","fertCommercial_cutNone","N fertilizer rate","70 kg N ha",2021-08-10,1899-12-31 12:09:56,420.2,0.25,2.48,0,40,NA
"orei_manure","rosemount","2021","304","fertCommercial_cutNone","N fertilizer rate","70 kg N ha",2021-08-10,1899-12-31 12:10:17,424.7,0.252,2.41,0,40,NA
"orei_manure","rosemount","2021","304","fertCommercial_cutNone","N fertilizer rate","70 kg N ha",2021-08-10,1899-12-31 12:10:38,436.2,0.279,2.52,0,40,NA
"orei_manure","rosemount","2021","304","fertCommercial_cutNone","N fertilizer rate","70 kg N ha",2021-08-10,1899-12-31 12:10:59,440.6,0.272,2.46,0,40,NA
"orei_manure","rosemount","2021","304","fertCommercial_cutNone","N fertilizer rate","70 kg N ha",2021-08-10,1899-12-31 12:11:20,439.3,0.24,2.55,0,40,NA
"orei_manure","rosemount","2021","304","fertCommercial_cutNone","N fertilizer rate","70 kg N ha",2021-08-10,1899-12-31 12:11:41,441.7,0.237,2.48,0,40,NA
"orei_manure","rosemount","2021","304","fertCommercial_cutNone","N fertilizer rate","70 kg N ha",2021-08-10,1899-12-31 12:12:02,444.1,0.241,2.46,0,40,NA
"orei_manure","rosemount","2021","304","fertCommercial_cutNone","N fertilizer rate","70 kg N ha",2021-08-10,1899-12-31 12:12:23,442.7,0.239,2.56,0,40,NA
"orei_manure","rosemount","2021","304","fertCommercial_cutNone","N fertilizer rate","70 kg N ha",2021-10-14,1899-12-31 11:45:01,455.8,0.395,1.94,0,20,NA
"orei_manure","rosemount","2021","304","fertCommercial_cutNone","N fertilizer rate","70 kg N ha",2021-10-14,1899-12-31 11:45:22,455.5,0.415,1.92,0,20,NA
"orei_manure","rosemount","2021","304","fertCommercial_cutNone","N fertilizer rate","70 kg N ha",2021-10-14,1899-12-31 11:45:42,430.5,0.393,1.94,0,20,NA
"orei_manure","rosemount","2021","304","fertCommercial_cutNone","N fertilizer rate","70 kg N ha",2021-10-14,1899-12-31 11:46:03,420.7,0.394,1.9,0,20,NA
"orei_manure","rosemount","2021","304","fertCommercial_cutNone","N fertilizer rate","70 kg N ha",2021-10-14,1899-12-31 11:46:24,417.2,0.395,1.85,0,20,NA
"orei_manure","rosemount","2021","304","fertCommercial_cutNone","N fertilizer rate","70 kg N ha",2021-10-14,1899-12-31 11:46:45,417.8,0.395,1.82,0,20,NA
"orei_manure","rosemount","2021","304","fertCommercial_cutNone","N fertilizer rate","70 kg N ha",2021-10-14,1899-12-31 11:47:06,419.6,0.392,1.9,0,20,NA
"orei_manure","rosemount","2021","304","fertCommercial_cutNone","N fertilizer rate","70 kg N ha",2021-10-14,1899-12-31 11:47:27,419.5,0.387,1.9,0,20,NA
"orei_manure","rosemount","2021","304","fertCommercial_cutNone","N fertilizer rate","70 kg N ha",2021-10-14,1899-12-31 11:47:48,422.6,0.389,1.87,0,20,NA
"orei_manure","rosemount","2021","304","fertCommercial_cutNone","N fertilizer rate","70 kg N ha",2021-10-14,1899-12-31 11:48:09,423.8,0.387,1.86,0,20,NA
"orei_manure","rosemount","2021","304","fertCommercial_cutNone","N fertilizer rate","70 kg N ha",2021-10-14,1899-12-31 11:48:29,425.2,0.395,1.82,0,20,NA
"orei_manure","rosemount","2021","304","fertCommercial_cutNone","N fertilizer rate","70 kg N ha",2021-10-14,1899-12-31 11:48:50,428.7,0.409,1.88,0,20,NA
"orei_manure","rosemount","2021","304","fertCommercial_cutNone","N fertilizer rate","70 kg N ha",2021-10-14,1899-12-31 11:49:11,428.7,0.403,1.88,0.02,20,NA
"orei_manure","rosemount","2021","304","fertCommercial_cutNone","N fertilizer rate","70 kg N ha",2021-10-14,1899-12-31 11:49:32,428.3,0.392,1.84,0.03,20,NA
"orei_manure","rosemount","2021","304","fertCommercial_cutNone","N fertilizer rate","70 kg N ha",2021-10-14,1899-12-31 11:49:53,431.4,0.402,1.89,0,20,NA
"orei_manure","rosemount","2021","304","fertCommercial_cutNone","N fertilizer rate","70 kg N ha",2021-10-14,1899-12-31 11:50:14,431.3,0.39,1.76,0,20,NA
"orei_manure","rosemount","2021","304","fertCommercial_cutNone","N fertilizer rate","70 kg N ha",2021-10-14,1899-12-31 11:50:35,433.3,0.423,1.83,0,20,NA
"orei_manure","rosemount","2021","304","fertCommercial_cutNone","N fertilizer rate","70 kg N ha",2021-10-14,1899-12-31 11:50:55,433.7,0.39,1.93,0.03,20,NA
"orei_manure","rosemount","2021","304","fertCommercial_cutNone","N fertilizer rate","70 kg N ha",2021-10-25,1899-12-31 15:23:46,442.2,0.403,1.86,0,26,NA
"orei_manure","rosemount","2021","304","fertCommercial_cutNone","N fertilizer rate","70 kg N ha",2021-10-25,1899-12-31 15:24:07,443,0.402,1.85,0,26,NA
"orei_manure","rosemount","2021","304","fertCommercial_cutNone","N fertilizer rate","70 kg N ha",2021-10-25,1899-12-31 15:24:29,432.7,0.424,2.07,0,26,NA
"orei_manure","rosemount","2021","304","fertCommercial_cutNone","N fertilizer rate","70 kg N ha",2021-10-25,1899-12-31 15:24:50,423.5,0.428,2.01,0,26,NA
"orei_manure","rosemount","2021","304","fertCommercial_cutNone","N fertilizer rate","70 kg N ha",2021-10-25,1899-12-31 15:25:10,423.2,0.426,1.98,0,26,NA
"orei_manure","rosemount","2021","304","fertCommercial_cutNone","N fertilizer rate","70 kg N ha",2021-10-25,1899-12-31 15:25:31,422.6,0.423,2.02,0,26,NA
"orei_manure","rosemount","2021","304","fertCommercial_cutNone","N fertilizer rate","70 kg N ha",2021-10-25,1899-12-31 15:25:52,425.1,0.427,2.01,0,26,NA
"orei_manure","rosemount","2021","304","fertCommercial_cutNone","N fertilizer rate","70 kg N ha",2021-10-25,1899-12-31 15:26:13,422.7,0.414,1.94,0,26,NA
"orei_manure","rosemount","2021","304","fertCommercial_cutNone","N fertilizer rate","70 kg N ha",2021-10-25,1899-12-31 15:26:34,423.7,0.431,1.93,0,26,NA
"orei_manure","rosemount","2021","304","fertCommercial_cutNone","N fertilizer rate","70 kg N ha",2021-10-25,1899-12-31 15:26:55,425.3,0.415,1.94,0,26,NA
"orei_manure","rosemount","2021","304","fertCommercial_cutNone","N fertilizer rate","70 kg N ha",2021-10-25,1899-12-31 15:27:16,426.8,0.417,1.99,0,26,NA
"orei_manure","rosemount","2021","304","fertCommercial_cutNone","N fertilizer rate","70 kg N ha",2021-10-25,1899-12-31 15:27:37,430.5,0.426,1.87,0,26,NA
"orei_manure","rosemount","2021","304","fertCommercial_cutNone","N fertilizer rate","70 kg N ha",2021-10-25,1899-12-31 15:27:58,430.3,0.431,1.99,0,26,NA
"orei_manure","rosemount","2021","304","fertCommercial_cutNone","N fertilizer rate","70 kg N ha",2021-10-25,1899-12-31 15:28:19,429.4,0.422,1.94,0,26,NA
"orei_manure","rosemount","2021","304","fertCommercial_cutNone","N fertilizer rate","70 kg N ha",2021-10-25,1899-12-31 15:28:39,431.2,0.42,1.93,0,26,NA
"orei_manure","rosemount","2021","304","fertCommercial_cutNone","N fertilizer rate","70 kg N ha",2021-10-25,1899-12-31 15:29:00,432.6,0.439,1.97,0,26,NA
"orei_manure","rosemount","2021","304","fertCommercial_cutNone","N fertilizer rate","70 kg N ha",2021-10-25,1899-12-31 15:29:21,433.5,0.431,1.93,0,26,NA
"orei_manure","rosemount","2021","304","fertCommercial_cutNone","N fertilizer rate","70 kg N ha",2021-10-25,1899-12-31 15:29:42,433.1,0.454,2,0,26,NA
"orei_manure","rosemount","2021","304","fertCommercial_cutNone","N fertilizer rate","70 kg N ha",2021-10-25,1899-12-31 15:30:03,436.8,0.454,1.91,0,26,NA
"orei_manure","rosemount","2021","304","fertCommercial_cutNone","N fertilizer rate","70 kg N ha",2021-04-29,1899-12-31 12:46:32,815.6,0.336,2.2,0.02,30,NA
"orei_manure","rosemount","2021","304","fertCommercial_cutNone","N fertilizer rate","70 kg N ha",2021-04-29,1899-12-31 12:46:53,802.9,0.372,2.19,0,30,NA
"orei_manure","rosemount","2021","304","fertCommercial_cutNone","N fertilizer rate","70 kg N ha",2021-04-29,1899-12-31 12:47:13,712.1,0.346,2.03,0,30,NA
"orei_manure","rosemount","2021","304","fertCommercial_cutNone","N fertilizer rate","70 kg N ha",2021-04-29,1899-12-31 12:47:34,656.5,0.286,2.19,0,30,NA
"orei_manure","rosemount","2021","304","fertCommercial_cutNone","N fertilizer rate","70 kg N ha",2021-04-29,1899-12-31 12:47:55,619,0.357,2.06,0,30,NA
"orei_manure","rosemount","2021","304","fertCommercial_cutNone","N fertilizer rate","70 kg N ha",2021-04-29,1899-12-31 12:48:16,592,0.294,2.11,0,30,NA
"orei_manure","rosemount","2021","304","fertCommercial_cutNone","N fertilizer rate","70 kg N ha",2021-04-29,1899-12-31 12:48:37,580,0.354,2.19,0,30,NA
"orei_manure","rosemount","2021","304","fertCommercial_cutNone","N fertilizer rate","70 kg N ha",2021-04-29,1899-12-31 12:48:58,571.8,0.358,2.19,0,30,NA
"orei_manure","rosemount","2021","304","fertCommercial_cutNone","N fertilizer rate","70 kg N ha",2021-04-29,1899-12-31 12:49:19,566.2,0.349,2.13,0.03,30,NA
"orei_manure","rosemount","2021","304","fertCommercial_cutNone","N fertilizer rate","70 kg N ha",2021-04-29,1899-12-31 12:49:40,567.5,0.336,2.1,0,30,NA
"orei_manure","rosemount","2021","304","fertCommercial_cutNone","N fertilizer rate","70 kg N ha",2021-04-29,1899-12-31 12:50:01,570.2,0.308,2.12,0,30,NA
"orei_manure","rosemount","2021","304","fertCommercial_cutNone","N fertilizer rate","70 kg N ha",2021-04-29,1899-12-31 12:50:22,574.1,0.361,2.11,0,30,NA
"orei_manure","rosemount","2021","304","fertCommercial_cutNone","N fertilizer rate","70 kg N ha",2021-04-29,1899-12-31 12:50:43,578.4,0.351,2.12,0,30,NA
"orei_manure","rosemount","2021","304","fertCommercial_cutNone","N fertilizer rate","70 kg N ha",2021-04-29,1899-12-31 12:51:04,583.1,0.335,2.14,0,30,NA
"orei_manure","rosemount","2021","304","fertCommercial_cutNone","N fertilizer rate","70 kg N ha",2021-04-29,1899-12-31 12:51:25,587.4,0.322,2.23,0,30,NA
"orei_manure","rosemount","2021","304","fertCommercial_cutNone","N fertilizer rate","70 kg N ha",2021-04-29,1899-12-31 12:51:46,590.5,0.361,2.17,0,30,NA
"orei_manure","rosemount","2021","304","fertCommercial_cutNone","N fertilizer rate","70 kg N ha",2021-04-29,1899-12-31 12:52:07,594.4,0.36,1.99,0,30,NA
"orei_manure","rosemount","2021","304","fertCommercial_cutNone","N fertilizer rate","70 kg N ha",2021-04-29,1899-12-31 12:52:27,596,0.332,2.1,0,30,NA
"orei_manure","rosemount","2021","304","fertCommercial_cutNone","N fertilizer rate","70 kg N ha",2021-05-18,1899-12-31 11:38:06,488.9,0.365,2.45,0.01,32,NA
"orei_manure","rosemount","2021","304","fertCommercial_cutNone","N fertilizer rate","70 kg N ha",2021-05-18,1899-12-31 11:38:27,488.8,0.357,2.42,0,32,NA
"orei_manure","rosemount","2021","304","fertCommercial_cutNone","N fertilizer rate","70 kg N ha",2021-05-18,1899-12-31 11:38:47,475.8,0.364,2.34,0.04,32,NA
"orei_manure","rosemount","2021","304","fertCommercial_cutNone","N fertilizer rate","70 kg N ha",2021-05-18,1899-12-31 11:39:08,466.5,0.371,2.43,0.06,32,NA
"orei_manure","rosemount","2021","304","fertCommercial_cutNone","N fertilizer rate","70 kg N ha",2021-05-18,1899-12-31 11:39:29,466.8,0.372,2.38,0.1,32,NA
"orei_manure","rosemount","2021","304","fertCommercial_cutNone","N fertilizer rate","70 kg N ha",2021-05-18,1899-12-31 11:39:50,467.5,0.373,2.37,0.06,32,NA
"orei_manure","rosemount","2021","304","fertCommercial_cutNone","N fertilizer rate","70 kg N ha",2021-05-18,1899-12-31 11:40:11,467,0.359,2.41,0.06,32,NA
"orei_manure","rosemount","2021","304","fertCommercial_cutNone","N fertilizer rate","70 kg N ha",2021-05-18,1899-12-31 11:40:32,473.2,0.366,2.32,0.03,32,NA
"orei_manure","rosemount","2021","304","fertCommercial_cutNone","N fertilizer rate","70 kg N ha",2021-05-18,1899-12-31 11:40:53,476.1,0.334,2.44,0,32,NA
"orei_manure","rosemount","2021","304","fertCommercial_cutNone","N fertilizer rate","70 kg N ha",2021-05-18,1899-12-31 11:41:13,485.1,0.389,2.32,0,32,NA
"orei_manure","rosemount","2021","304","fertCommercial_cutNone","N fertilizer rate","70 kg N ha",2021-05-18,1899-12-31 11:41:34,490.4,0.376,2.41,0,32,NA
"orei_manure","rosemount","2021","304","fertCommercial_cutNone","N fertilizer rate","70 kg N ha",2021-05-18,1899-12-31 11:41:55,492.9,0.354,2.33,0.12,32,NA
"orei_manure","rosemount","2021","304","fertCommercial_cutNone","N fertilizer rate","70 kg N ha",2021-05-18,1899-12-31 11:42:16,502.3,0.348,2.43,0,32,NA
"orei_manure","rosemount","2021","304","fertCommercial_cutNone","N fertilizer rate","70 kg N ha",2021-05-18,1899-12-31 11:42:37,510.1,0.358,2.44,0,32,NA
"orei_manure","rosemount","2021","304","fertCommercial_cutNone","N fertilizer rate","70 kg N ha",2021-05-18,1899-12-31 11:42:58,519,0.354,2.42,0,32,NA
"orei_manure","rosemount","2021","304","fertCommercial_cutNone","N fertilizer rate","70 kg N ha",2021-05-18,1899-12-31 11:43:19,530.4,0.363,2.41,0.03,32,NA
"orei_manure","rosemount","2021","304","fertCommercial_cutNone","N fertilizer rate","70 kg N ha",2021-05-18,1899-12-31 11:43:40,538.6,0.37,2.33,0.06,32,NA
"orei_manure","rosemount","2021","304","fertCommercial_cutNone","N fertilizer rate","70 kg N ha",2021-05-18,1899-12-31 11:44:01,542.2,0.351,2.38,0,32,NA
"orei_manure","rosemount","2021","304","fertCommercial_cutNone","N fertilizer rate","70 kg N ha",2021-06-01,1899-12-31 11:50:25,1005.8,0.352,2.09,0,37,NA
"orei_manure","rosemount","2021","304","fertCommercial_cutNone","N fertilizer rate","70 kg N ha",2021-06-01,1899-12-31 11:50:47,942.6,0.331,2.08,0,37,NA
"orei_manure","rosemount","2021","304","fertCommercial_cutNone","N fertilizer rate","70 kg N ha",2021-06-01,1899-12-31 11:51:10,784.4,0.326,2,0,37,NA
"orei_manure","rosemount","2021","304","fertCommercial_cutNone","N fertilizer rate","70 kg N ha",2021-06-01,1899-12-31 11:51:33,671.8,0.345,2,0,37,NA
"orei_manure","rosemount","2021","304","fertCommercial_cutNone","N fertilizer rate","70 kg N ha",2021-06-01,1899-12-31 11:51:56,615.3,0.346,2,0.01,37,NA
"orei_manure","rosemount","2021","304","fertCommercial_cutNone","N fertilizer rate","70 kg N ha",2021-06-01,1899-12-31 11:52:19,566.6,0.331,1.97,0,37,NA
"orei_manure","rosemount","2021","304","fertCommercial_cutNone","N fertilizer rate","70 kg N ha",2021-06-01,1899-12-31 11:52:43,546.8,0.334,1.97,0,37,NA
"orei_manure","rosemount","2021","304","fertCommercial_cutNone","N fertilizer rate","70 kg N ha",2021-06-01,1899-12-31 11:53:06,540.6,0.332,2.03,0,37,NA
"orei_manure","rosemount","2021","304","fertCommercial_cutNone","N fertilizer rate","70 kg N ha",2021-06-01,1899-12-31 11:53:29,537.6,0.346,2.06,0,37,NA
"orei_manure","rosemount","2021","304","fertCommercial_cutNone","N fertilizer rate","70 kg N ha",2021-06-01,1899-12-31 11:53:53,538.4,0.334,2.04,0,37,NA
"orei_manure","rosemount","2021","304","fertCommercial_cutNone","N fertilizer rate","70 kg N ha",2021-06-01,1899-12-31 11:54:16,541.7,0.272,1.86,0,37,NA
"orei_manure","rosemount","2021","304","fertCommercial_cutNone","N fertilizer rate","70 kg N ha",2021-06-01,1899-12-31 11:54:40,556.3,0.352,2.26,0,37,NA
"orei_manure","rosemount","2021","304","fertCommercial_cutNone","N fertilizer rate","70 kg N ha",2021-06-01,1899-12-31 11:55:03,564.9,0.33,2.01,0,37,NA
"orei_manure","rosemount","2021","304","fertCommercial_cutNone","N fertilizer rate","70 kg N ha",2021-06-01,1899-12-31 11:55:27,595.3,0.346,2.01,0,37,NA
"orei_manure","rosemount","2021","304","fertCommercial_cutNone","N fertilizer rate","70 kg N ha",2021-06-01,1899-12-31 11:55:49,601.4,0.317,1.99,0.02,37,NA
"orei_manure","rosemount","2021","304","fertCommercial_cutNone","N fertilizer rate","70 kg N ha",2021-06-01,1899-12-31 11:56:12,617.3,0.37,2.07,0,37,NA
"orei_manure","rosemount","2021","304","fertCommercial_cutNone","N fertilizer rate","70 kg N ha",2021-06-15,1899-12-31 12:03:40,506.7,0.364,2.38,0,38,NA
"orei_manure","rosemount","2021","304","fertCommercial_cutNone","N fertilizer rate","70 kg N ha",2021-06-15,1899-12-31 12:04:00,483.4,0.344,2.22,0,38,NA
"orei_manure","rosemount","2021","304","fertCommercial_cutNone","N fertilizer rate","70 kg N ha",2021-06-15,1899-12-31 12:04:21,469.8,0.376,2.27,0,38,NA
"orei_manure","rosemount","2021","304","fertCommercial_cutNone","N fertilizer rate","70 kg N ha",2021-06-15,1899-12-31 12:04:42,464.4,0.344,2.26,0,38,NA
"orei_manure","rosemount","2021","304","fertCommercial_cutNone","N fertilizer rate","70 kg N ha",2021-06-15,1899-12-31 12:05:03,463.7,0.35,2.07,0,38,NA
"orei_manure","rosemount","2021","304","fertCommercial_cutNone","N fertilizer rate","70 kg N ha",2021-06-15,1899-12-31 12:05:24,459.9,0.368,2.3,0,38,NA
"orei_manure","rosemount","2021","304","fertCommercial_cutNone","N fertilizer rate","70 kg N ha",2021-06-15,1899-12-31 12:05:45,459.5,0.341,2.41,0,38,NA
"orei_manure","rosemount","2021","304","fertCommercial_cutNone","N fertilizer rate","70 kg N ha",2021-06-15,1899-12-31 12:06:06,469.7,0.375,2.13,0,38,NA
"orei_manure","rosemount","2021","304","fertCommercial_cutNone","N fertilizer rate","70 kg N ha",2021-06-15,1899-12-31 12:06:27,467.7,0.372,2.34,0,38,NA
"orei_manure","rosemount","2021","304","fertCommercial_cutNone","N fertilizer rate","70 kg N ha",2021-06-15,1899-12-31 12:06:48,467.1,0.338,2.29,0,38,NA
"orei_manure","rosemount","2021","304","fertCommercial_cutNone","N fertilizer rate","70 kg N ha",2021-06-15,1899-12-31 12:07:09,472.8,0.35,2.42,0,38,NA
"orei_manure","rosemount","2021","304","fertCommercial_cutNone","N fertilizer rate","70 kg N ha",2021-06-15,1899-12-31 12:07:30,474.3,0.374,2.33,0,38,NA
"orei_manure","rosemount","2021","304","fertCommercial_cutNone","N fertilizer rate","70 kg N ha",2021-06-15,1899-12-31 12:07:50,476.2,0.346,2.27,0,38,NA
"orei_manure","rosemount","2021","304","fertCommercial_cutNone","N fertilizer rate","70 kg N ha",2021-06-15,1899-12-31 12:08:11,479.8,0.372,2.2,0,38,NA
"orei_manure","rosemount","2021","304","fertCommercial_cutNone","N fertilizer rate","70 kg N ha",2021-06-15,1899-12-31 12:08:32,486.3,0.356,2.35,0,38,NA
"orei_manure","rosemount","2021","304","fertCommercial_cutNone","N fertilizer rate","70 kg N ha",2021-06-15,1899-12-31 12:08:53,481.7,0.336,2.14,0,38,NA
"orei_manure","rosemount","2021","304","fertCommercial_cutNone","N fertilizer rate","70 kg N ha",2021-06-15,1899-12-31 12:09:14,485.8,0.364,2.37,0,38,NA
"orei_manure","rosemount","2021","304","fertCommercial_cutNone","N fertilizer rate","70 kg N ha",2021-09-10,1899-12-31 11:42:01,474.5,0.335,2.26,0,36,NA
"orei_manure","rosemount","2021","304","fertCommercial_cutNone","N fertilizer rate","70 kg N ha",2021-09-10,1899-12-31 11:42:22,430.6,0.315,2.52,0,36,NA
"orei_manure","rosemount","2021","304","fertCommercial_cutNone","N fertilizer rate","70 kg N ha",2021-09-10,1899-12-31 11:42:43,413.2,0.322,2.35,0.01,36,NA
"orei_manure","rosemount","2021","304","fertCommercial_cutNone","N fertilizer rate","70 kg N ha",2021-09-10,1899-12-31 11:43:04,408.6,0.327,2.4,0,36,NA
"orei_manure","rosemount","2021","304","fertCommercial_cutNone","N fertilizer rate","70 kg N ha",2021-09-10,1899-12-31 11:43:25,411.6,0.322,2.36,0,36,NA
"orei_manure","rosemount","2021","304","fertCommercial_cutNone","N fertilizer rate","70 kg N ha",2021-09-10,1899-12-31 11:43:46,415.1,0.312,2.42,0,36,NA
"orei_manure","rosemount","2021","304","fertCommercial_cutNone","N fertilizer rate","70 kg N ha",2021-09-10,1899-12-31 11:44:07,418.8,0.328,2.36,0,36,NA
"orei_manure","rosemount","2021","304","fertCommercial_cutNone","N fertilizer rate","70 kg N ha",2021-09-10,1899-12-31 11:44:28,421.1,0.301,2.25,0,36,NA
"orei_manure","rosemount","2021","304","fertCommercial_cutNone","N fertilizer rate","70 kg N ha",2021-09-10,1899-12-31 11:44:49,424.2,0.334,2.43,0,36,NA
"orei_manure","rosemount","2021","304","fertCommercial_cutNone","N fertilizer rate","70 kg N ha",2021-09-10,1899-12-31 11:45:10,425.7,0.31,2.22,0,36,NA
"orei_manure","rosemount","2021","304","fertCommercial_cutNone","N fertilizer rate","70 kg N ha",2021-09-10,1899-12-31 11:45:31,426.4,0.32,2.38,0,36,NA
"orei_manure","rosemount","2021","304","fertCommercial_cutNone","N fertilizer rate","70 kg N ha",2021-09-10,1899-12-31 11:45:52,426.3,0.302,2.4,0.01,36,NA
"orei_manure","rosemount","2021","304","fertCommercial_cutNone","N fertilizer rate","70 kg N ha",2021-09-10,1899-12-31 11:46:12,431.2,0.319,2.34,0,36,NA
"orei_manure","rosemount","2021","304","fertCommercial_cutNone","N fertilizer rate","70 kg N ha",2021-09-10,1899-12-31 11:46:33,433.6,0.32,2.34,0.09,36,NA
"orei_manure","rosemount","2021","304","fertCommercial_cutNone","N fertilizer rate","70 kg N ha",2021-09-10,1899-12-31 11:46:54,438.4,0.331,2.32,0,36,NA
"orei_manure","rosemount","2021","304","fertCommercial_cutNone","N fertilizer rate","70 kg N ha",2021-09-10,1899-12-31 11:47:15,437.9,0.327,2.23,0,36,NA
"orei_manure","rosemount","2021","304","fertCommercial_cutNone","N fertilizer rate","70 kg N ha",2021-09-10,1899-12-31 11:47:36,436.2,0.326,2.23,0,36,NA
"orei_manure","rosemount","2021","304","fertCommercial_cutNone","N fertilizer rate","70 kg N ha",2021-09-10,1899-12-31 11:47:57,438.8,0.32,2.35,0.01,37,NA
"orei_manure","rosemount","2021","311","fertManure_cutFall","N fertilizer rate","88 kg N ha",NA,NA,NA,NA,NA,NA,NA,NA
"orei_manure","rosemount","2021","312","fertControl_cutFall","N fertilizer rate",NA,NA,NA,NA,NA,NA,NA,NA,NA
"orei_manure","rosemount","2021","314","fertCommercial_cutFall","N fertilizer rate","70 kg N ha",NA,NA,NA,NA,NA,NA,NA,NA
"orei_manure","rosemount","2021","402","fertManure_cutNone","N fertilizer rate","88 kg N ha",NA,NA,NA,NA,NA,NA,NA,NA
"orei_manure","rosemount","2021","403","fertCommercial_cutNone","N fertilizer rate","70 kg N ha",2021-04-05,1899-12-31 12:53:10,456.2,0.293,1.85,0.86,36,NA
"orei_manure","rosemount","2021","403","fertCommercial_cutNone","N fertilizer rate","70 kg N ha",2021-04-05,1899-12-31 12:53:31,455.4,0.353,2,0.17,36,NA
"orei_manure","rosemount","2021","403","fertCommercial_cutNone","N fertilizer rate","70 kg N ha",2021-04-05,1899-12-31 12:53:52,449.7,0.323,1.93,0,36,NA
"orei_manure","rosemount","2021","403","fertCommercial_cutNone","N fertilizer rate","70 kg N ha",2021-04-05,1899-12-31 12:54:13,452.1,0.346,1.95,0.03,36,NA
"orei_manure","rosemount","2021","403","fertCommercial_cutNone","N fertilizer rate","70 kg N ha",2021-04-05,1899-12-31 12:54:34,455.6,0.34,1.95,0,36,NA
"orei_manure","rosemount","2021","403","fertCommercial_cutNone","N fertilizer rate","70 kg N ha",2021-04-05,1899-12-31 12:54:55,454.6,0.296,2.03,0,36,NA
"orei_manure","rosemount","2021","403","fertCommercial_cutNone","N fertilizer rate","70 kg N ha",2021-04-05,1899-12-31 12:55:16,465.7,0.382,2,0,36,NA
"orei_manure","rosemount","2021","403","fertCommercial_cutNone","N fertilizer rate","70 kg N ha",2021-04-05,1899-12-31 12:55:37,465.3,0.342,2.07,0,36,NA
"orei_manure","rosemount","2021","403","fertCommercial_cutNone","N fertilizer rate","70 kg N ha",2021-04-05,1899-12-31 12:55:58,480,0.383,1.96,0,36,NA
"orei_manure","rosemount","2021","403","fertCommercial_cutNone","N fertilizer rate","70 kg N ha",2021-04-05,1899-12-31 12:56:19,476.4,0.331,2.02,0,36,NA
"orei_manure","rosemount","2021","403","fertCommercial_cutNone","N fertilizer rate","70 kg N ha",2021-04-05,1899-12-31 12:56:40,484.7,0.309,2.01,0,36,NA
"orei_manure","rosemount","2021","403","fertCommercial_cutNone","N fertilizer rate","70 kg N ha",2021-04-05,1899-12-31 12:57:01,489,0.298,2.08,0,36,NA
"orei_manure","rosemount","2021","403","fertCommercial_cutNone","N fertilizer rate","70 kg N ha",2021-04-05,1899-12-31 12:57:22,497.5,0.348,2.02,0,36,NA
"orei_manure","rosemount","2021","403","fertCommercial_cutNone","N fertilizer rate","70 kg N ha",2021-04-05,1899-12-31 12:57:43,504.8,0.314,2.03,0,36,NA
"orei_manure","rosemount","2021","403","fertCommercial_cutNone","N fertilizer rate","70 kg N ha",2021-04-05,1899-12-31 12:58:04,508.3,0.33,2.12,0,36,NA
"orei_manure","rosemount","2021","403","fertCommercial_cutNone","N fertilizer rate","70 kg N ha",2021-04-05,1899-12-31 12:58:25,516.5,0.392,1.91,0,36,NA
"orei_manure","rosemount","2021","403","fertCommercial_cutNone","N fertilizer rate","70 kg N ha",2021-04-05,1899-12-31 12:58:46,518.5,0.322,1.99,0,37,NA
"orei_manure","rosemount","2021","403","fertCommercial_cutNone","N fertilizer rate","70 kg N ha",2021-04-05,1899-12-31 12:59:07,520.9,0.302,2.07,0,36,NA
"orei_manure","rosemount","2021","403","fertCommercial_cutNone","N fertilizer rate","70 kg N ha",2021-04-22,1899-12-31 12:42:31,502.4,0.368,2.08,0.76,27,NA
"orei_manure","rosemount","2021","403","fertCommercial_cutNone","N fertilizer rate","70 kg N ha",2021-04-22,1899-12-31 12:42:52,501.3,0.376,2.13,0.22,27,NA
"orei_manure","rosemount","2021","403","fertCommercial_cutNone","N fertilizer rate","70 kg N ha",2021-04-22,1899-12-31 12:43:13,489.1,0.39,2.3,0.11,27,NA
"orei_manure","rosemount","2021","403","fertCommercial_cutNone","N fertilizer rate","70 kg N ha",2021-04-22,1899-12-31 12:43:34,485.8,0.383,2.37,0.03,27,NA
"orei_manure","rosemount","2021","403","fertCommercial_cutNone","N fertilizer rate","70 kg N ha",2021-04-22,1899-12-31 12:43:54,488.5,0.385,2.41,0.04,27,NA
"orei_manure","rosemount","2021","403","fertCommercial_cutNone","N fertilizer rate","70 kg N ha",2021-04-22,1899-12-31 12:44:15,490.3,0.377,2.52,0.07,27,NA
"orei_manure","rosemount","2021","403","fertCommercial_cutNone","N fertilizer rate","70 kg N ha",2021-04-22,1899-12-31 12:44:36,505.8,0.412,2.44,0.06,28,NA
"orei_manure","rosemount","2021","403","fertCommercial_cutNone","N fertilizer rate","70 kg N ha",2021-04-22,1899-12-31 12:44:57,513.8,0.418,2.44,0.05,27,NA
"orei_manure","rosemount","2021","403","fertCommercial_cutNone","N fertilizer rate","70 kg N ha",2021-04-22,1899-12-31 12:45:18,526.1,0.378,2.49,0.15,28,NA
"orei_manure","rosemount","2021","403","fertCommercial_cutNone","N fertilizer rate","70 kg N ha",2021-04-22,1899-12-31 12:45:39,543.1,0.389,2.58,0.13,28,NA
"orei_manure","rosemount","2021","403","fertCommercial_cutNone","N fertilizer rate","70 kg N ha",2021-04-22,1899-12-31 12:46:00,560.7,0.404,2.41,0.08,28,NA
"orei_manure","rosemount","2021","403","fertCommercial_cutNone","N fertilizer rate","70 kg N ha",2021-04-22,1899-12-31 12:46:21,572.4,0.397,2.38,0.08,28,NA
"orei_manure","rosemount","2021","403","fertCommercial_cutNone","N fertilizer rate","70 kg N ha",2021-04-22,1899-12-31 12:46:42,590.1,0.406,2.46,0.17,28,NA
"orei_manure","rosemount","2021","403","fertCommercial_cutNone","N fertilizer rate","70 kg N ha",2021-04-22,1899-12-31 12:47:02,599.6,0.397,2.36,0.07,28,NA
"orei_manure","rosemount","2021","403","fertCommercial_cutNone","N fertilizer rate","70 kg N ha",2021-04-22,1899-12-31 12:47:23,611.5,0.406,2.48,0,28,NA
"orei_manure","rosemount","2021","403","fertCommercial_cutNone","N fertilizer rate","70 kg N ha",2021-04-22,1899-12-31 12:47:44,628.7,0.404,2.44,0.06,28,NA
"orei_manure","rosemount","2021","403","fertCommercial_cutNone","N fertilizer rate","70 kg N ha",2021-04-22,1899-12-31 12:48:05,640,0.404,2.49,0,28,NA
"orei_manure","rosemount","2021","403","fertCommercial_cutNone","N fertilizer rate","70 kg N ha",2021-07-08,1899-12-31 12:49:26,513.5,0.268,1.4,1.68,30,NA
"orei_manure","rosemount","2021","403","fertCommercial_cutNone","N fertilizer rate","70 kg N ha",2021-07-08,1899-12-31 12:49:47,486.6,0.349,1.86,0.69,30,NA
"orei_manure","rosemount","2021","403","fertCommercial_cutNone","N fertilizer rate","70 kg N ha",2021-07-08,1899-12-31 12:50:08,465.2,0.34,1.77,0.02,30,NA
"orei_manure","rosemount","2021","403","fertCommercial_cutNone","N fertilizer rate","70 kg N ha",2021-07-08,1899-12-31 12:50:29,461.2,0.344,1.65,0,30,NA
"orei_manure","rosemount","2021","403","fertCommercial_cutNone","N fertilizer rate","70 kg N ha",2021-07-08,1899-12-31 12:50:50,458.9,0.334,1.99,0.01,30,NA
"orei_manure","rosemount","2021","403","fertCommercial_cutNone","N fertilizer rate","70 kg N ha",2021-07-08,1899-12-31 12:51:11,461.6,0.331,1.94,0,30,NA
"orei_manure","rosemount","2021","403","fertCommercial_cutNone","N fertilizer rate","70 kg N ha",2021-07-08,1899-12-31 12:51:32,470.3,0.33,1.84,0,31,NA
"orei_manure","rosemount","2021","403","fertCommercial_cutNone","N fertilizer rate","70 kg N ha",2021-07-08,1899-12-31 12:51:53,471.9,0.339,2.21,0,30,NA
"orei_manure","rosemount","2021","403","fertCommercial_cutNone","N fertilizer rate","70 kg N ha",2021-07-08,1899-12-31 12:52:13,480.5,0.327,1.91,0,31,NA
"orei_manure","rosemount","2021","403","fertCommercial_cutNone","N fertilizer rate","70 kg N ha",2021-07-08,1899-12-31 12:52:34,486,0.335,1.97,0.03,31,NA
"orei_manure","rosemount","2021","403","fertCommercial_cutNone","N fertilizer rate","70 kg N ha",2021-07-08,1899-12-31 12:52:55,493.7,0.335,1.95,0,31,NA
"orei_manure","rosemount","2021","403","fertCommercial_cutNone","N fertilizer rate","70 kg N ha",2021-07-08,1899-12-31 12:53:16,502,0.31,2.06,0,31,NA
"orei_manure","rosemount","2021","403","fertCommercial_cutNone","N fertilizer rate","70 kg N ha",2021-07-08,1899-12-31 12:53:37,510.9,0.358,2.19,0,31,NA
"orei_manure","rosemount","2021","403","fertCommercial_cutNone","N fertilizer rate","70 kg N ha",2021-07-08,1899-12-31 12:53:58,510,0.336,2.11,0,31,NA
"orei_manure","rosemount","2021","403","fertCommercial_cutNone","N fertilizer rate","70 kg N ha",2021-07-08,1899-12-31 12:54:19,525.4,0.364,2.11,0,31,NA
"orei_manure","rosemount","2021","403","fertCommercial_cutNone","N fertilizer rate","70 kg N ha",2021-07-08,1899-12-31 12:54:39,529.8,0.353,2.01,0,31,NA
"orei_manure","rosemount","2021","403","fertCommercial_cutNone","N fertilizer rate","70 kg N ha",2021-07-08,1899-12-31 12:55:00,529.3,0.348,1.91,0.02,31,NA
"orei_manure","rosemount","2021","403","fertCommercial_cutNone","N fertilizer rate","70 kg N ha",2021-07-08,1899-12-31 12:55:21,533.9,0.347,2.19,0,31,NA
"orei_manure","rosemount","2021","403","fertCommercial_cutNone","N fertilizer rate","70 kg N ha",2021-07-08,1899-12-31 12:55:42,544.2,0.364,1.73,0.03,31,NA
"orei_manure","rosemount","2021","403","fertCommercial_cutNone","N fertilizer rate","70 kg N ha",2021-08-10,1899-12-31 11:59:49,490.2,0.326,2.49,0,40,NA
"orei_manure","rosemount","2021","403","fertCommercial_cutNone","N fertilizer rate","70 kg N ha",2021-08-10,1899-12-31 12:00:10,491.9,0.293,2.45,0,40,NA
"orei_manure","rosemount","2021","403","fertCommercial_cutNone","N fertilizer rate","70 kg N ha",2021-08-10,1899-12-31 12:00:31,450.1,0.303,2.61,0,40,NA
"orei_manure","rosemount","2021","403","fertCommercial_cutNone","N fertilizer rate","70 kg N ha",2021-08-10,1899-12-31 12:00:52,423.3,0.307,2.49,0,40,NA
"orei_manure","rosemount","2021","403","fertCommercial_cutNone","N fertilizer rate","70 kg N ha",2021-08-10,1899-12-31 12:01:13,414.3,0.299,2.61,0,40,NA
"orei_manure","rosemount","2021","403","fertCommercial_cutNone","N fertilizer rate","70 kg N ha",2021-08-10,1899-12-31 12:01:34,416.8,0.293,2.5,0,40,NA
"orei_manure","rosemount","2021","403","fertCommercial_cutNone","N fertilizer rate","70 kg N ha",2021-08-10,1899-12-31 12:01:55,417.9,0.278,2.43,0,40,NA
"orei_manure","rosemount","2021","403","fertCommercial_cutNone","N fertilizer rate","70 kg N ha",2021-08-10,1899-12-31 12:02:16,423.8,0.265,2.57,0,40,NA
"orei_manure","rosemount","2021","403","fertCommercial_cutNone","N fertilizer rate","70 kg N ha",2021-08-10,1899-12-31 12:02:37,428.2,0.269,2.43,0,40,NA
"orei_manure","rosemount","2021","403","fertCommercial_cutNone","N fertilizer rate","70 kg N ha",2021-08-10,1899-12-31 12:02:58,434.6,0.255,2.57,0,40,NA
"orei_manure","rosemount","2021","403","fertCommercial_cutNone","N fertilizer rate","70 kg N ha",2021-08-10,1899-12-31 12:03:19,442,0.267,2.57,0,40,NA
"orei_manure","rosemount","2021","403","fertCommercial_cutNone","N fertilizer rate","70 kg N ha",2021-08-10,1899-12-31 12:03:40,445.7,0.247,2.6,0,40,NA
"orei_manure","rosemount","2021","403","fertCommercial_cutNone","N fertilizer rate","70 kg N ha",2021-08-10,1899-12-31 12:04:01,451.6,0.273,2.59,0,40,NA
"orei_manure","rosemount","2021","403","fertCommercial_cutNone","N fertilizer rate","70 kg N ha",2021-08-10,1899-12-31 12:04:22,456.3,0.286,2.48,0,40,NA
"orei_manure","rosemount","2021","403","fertCommercial_cutNone","N fertilizer rate","70 kg N ha",2021-08-10,1899-12-31 12:04:43,457.3,0.255,2.52,0,40,NA
"orei_manure","rosemount","2021","403","fertCommercial_cutNone","N fertilizer rate","70 kg N ha",2021-08-10,1899-12-31 12:05:04,462.3,0.272,2.5,0,40,NA
"orei_manure","rosemount","2021","403","fertCommercial_cutNone","N fertilizer rate","70 kg N ha",2021-08-10,1899-12-31 12:05:25,463.3,0.249,2.52,0,40,NA
"orei_manure","rosemount","2021","403","fertCommercial_cutNone","N fertilizer rate","70 kg N ha",2021-10-14,1899-12-31 11:38:30,452.1,0.41,1.94,0,20,NA
"orei_manure","rosemount","2021","403","fertCommercial_cutNone","N fertilizer rate","70 kg N ha",2021-10-14,1899-12-31 11:38:51,453.2,0.417,1.89,0,20,NA
"orei_manure","rosemount","2021","403","fertCommercial_cutNone","N fertilizer rate","70 kg N ha",2021-10-14,1899-12-31 11:39:12,428,0.378,1.85,0,20,NA
"orei_manure","rosemount","2021","403","fertCommercial_cutNone","N fertilizer rate","70 kg N ha",2021-10-14,1899-12-31 11:39:33,415.8,0.382,1.89,0.02,20,NA
"orei_manure","rosemount","2021","403","fertCommercial_cutNone","N fertilizer rate","70 kg N ha",2021-10-14,1899-12-31 11:39:54,416.2,0.401,1.92,0,20,NA
"orei_manure","rosemount","2021","403","fertCommercial_cutNone","N fertilizer rate","70 kg N ha",2021-10-14,1899-12-31 11:40:15,415.2,0.387,1.94,0.02,20,NA
"orei_manure","rosemount","2021","403","fertCommercial_cutNone","N fertilizer rate","70 kg N ha",2021-10-14,1899-12-31 11:40:36,420.4,0.391,1.9,0.01,20,NA
"orei_manure","rosemount","2021","403","fertCommercial_cutNone","N fertilizer rate","70 kg N ha",2021-10-14,1899-12-31 11:40:57,422.5,0.389,1.98,0,20,NA
"orei_manure","rosemount","2021","403","fertCommercial_cutNone","N fertilizer rate","70 kg N ha",2021-10-14,1899-12-31 11:41:18,426.5,0.391,1.88,0,20,NA
"orei_manure","rosemount","2021","403","fertCommercial_cutNone","N fertilizer rate","70 kg N ha",2021-10-14,1899-12-31 11:41:38,429.5,0.392,1.8,0,20,NA
"orei_manure","rosemount","2021","403","fertCommercial_cutNone","N fertilizer rate","70 kg N ha",2021-10-14,1899-12-31 11:41:59,429.5,0.359,1.9,0.01,20,NA
"orei_manure","rosemount","2021","403","fertCommercial_cutNone","N fertilizer rate","70 kg N ha",2021-10-14,1899-12-31 11:42:20,435.3,0.411,1.9,0.01,20,NA
"orei_manure","rosemount","2021","403","fertCommercial_cutNone","N fertilizer rate","70 kg N ha",2021-10-14,1899-12-31 11:42:41,436,0.382,1.77,0,20,NA
"orei_manure","rosemount","2021","403","fertCommercial_cutNone","N fertilizer rate","70 kg N ha",2021-10-14,1899-12-31 11:43:02,440.5,0.392,1.89,0,20,NA
"orei_manure","rosemount","2021","403","fertCommercial_cutNone","N fertilizer rate","70 kg N ha",2021-10-14,1899-12-31 11:43:23,443.3,0.4,1.87,0,20,NA
"orei_manure","rosemount","2021","403","fertCommercial_cutNone","N fertilizer rate","70 kg N ha",2021-10-14,1899-12-31 11:43:44,444,0.392,1.89,0,20,NA
"orei_manure","rosemount","2021","403","fertCommercial_cutNone","N fertilizer rate","70 kg N ha",2021-10-14,1899-12-31 11:44:05,449.9,0.404,1.95,0,20,NA
"orei_manure","rosemount","2021","403","fertCommercial_cutNone","N fertilizer rate","70 kg N ha",2021-10-14,1899-12-31 11:44:26,453.1,0.396,1.85,0.03,20,NA
"orei_manure","rosemount","2021","403","fertCommercial_cutNone","N fertilizer rate","70 kg N ha",2021-10-25,1899-12-31 15:16:56,447.5,0.424,2,0,26,NA
"orei_manure","rosemount","2021","403","fertCommercial_cutNone","N fertilizer rate","70 kg N ha",2021-10-25,1899-12-31 15:17:17,448.7,0.436,2.07,0,26,NA
"orei_manure","rosemount","2021","403","fertCommercial_cutNone","N fertilizer rate","70 kg N ha",2021-10-25,1899-12-31 15:17:37,437.2,0.422,2.03,0,27,NA
"orei_manure","rosemount","2021","403","fertCommercial_cutNone","N fertilizer rate","70 kg N ha",2021-10-25,1899-12-31 15:17:58,422.1,0.41,2.1,0,26,NA
"orei_manure","rosemount","2021","403","fertCommercial_cutNone","N fertilizer rate","70 kg N ha",2021-10-25,1899-12-31 15:18:19,422.2,0.445,2.02,0,26,NA
"orei_manure","rosemount","2021","403","fertCommercial_cutNone","N fertilizer rate","70 kg N ha",2021-10-25,1899-12-31 15:18:40,422.5,0.408,1.99,0,27,NA
"orei_manure","rosemount","2021","403","fertCommercial_cutNone","N fertilizer rate","70 kg N ha",2021-10-25,1899-12-31 15:19:01,422.2,0.401,2.03,0,26,NA
"orei_manure","rosemount","2021","403","fertCommercial_cutNone","N fertilizer rate","70 kg N ha",2021-10-25,1899-12-31 15:19:22,425,0.425,1.96,0,26,NA
"orei_manure","rosemount","2021","403","fertCommercial_cutNone","N fertilizer rate","70 kg N ha",2021-10-25,1899-12-31 15:19:43,426.1,0.408,2.04,0,26,NA
"orei_manure","rosemount","2021","403","fertCommercial_cutNone","N fertilizer rate","70 kg N ha",2021-10-25,1899-12-31 15:20:03,430.2,0.425,2.03,0,26,NA
"orei_manure","rosemount","2021","403","fertCommercial_cutNone","N fertilizer rate","70 kg N ha",2021-10-25,1899-12-31 15:20:24,433.7,0.427,1.97,0,26,NA
"orei_manure","rosemount","2021","403","fertCommercial_cutNone","N fertilizer rate","70 kg N ha",2021-10-25,1899-12-31 15:20:45,432.2,0.417,1.94,0,26,NA
"orei_manure","rosemount","2021","403","fertCommercial_cutNone","N fertilizer rate","70 kg N ha",2021-10-25,1899-12-31 15:21:06,434,0.394,2.02,0,26,NA
"orei_manure","rosemount","2021","403","fertCommercial_cutNone","N fertilizer rate","70 kg N ha",2021-10-25,1899-12-31 15:21:27,436.5,0.417,1.97,0,26,NA
"orei_manure","rosemount","2021","403","fertCommercial_cutNone","N fertilizer rate","70 kg N ha",2021-10-25,1899-12-31 15:21:48,436.6,0.422,1.93,0,26,NA
"orei_manure","rosemount","2021","403","fertCommercial_cutNone","N fertilizer rate","70 kg N ha",2021-10-25,1899-12-31 15:22:09,439.1,0.416,2,0,26,NA
"orei_manure","rosemount","2021","403","fertCommercial_cutNone","N fertilizer rate","70 kg N ha",2021-10-25,1899-12-31 15:22:29,439.7,0.401,1.98,0,26,NA
"orei_manure","rosemount","2021","403","fertCommercial_cutNone","N fertilizer rate","70 kg N ha",2021-10-25,1899-12-31 15:22:50,439.1,0.414,2.01,0,26,NA
"orei_manure","rosemount","2021","403","fertCommercial_cutNone","N fertilizer rate","70 kg N ha",2021-04-29,1899-12-31 12:38:23,846,0.35,2.14,0,30,NA
"orei_manure","rosemount","2021","403","fertCommercial_cutNone","N fertilizer rate","70 kg N ha",2021-04-29,1899-12-31 12:38:44,833.4,0.373,2.08,0.01,30,NA
"orei_manure","rosemount","2021","403","fertCommercial_cutNone","N fertilizer rate","70 kg N ha",2021-04-29,1899-12-31 12:39:05,747.8,0.31,2.11,0.05,30,NA
"orei_manure","rosemount","2021","403","fertCommercial_cutNone","N fertilizer rate","70 kg N ha",2021-04-29,1899-12-31 12:39:26,685.9,0.361,2.11,0.06,30,NA
"orei_manure","rosemount","2021","403","fertCommercial_cutNone","N fertilizer rate","70 kg N ha",2021-04-29,1899-12-31 12:39:46,655.5,0.368,2.29,0.01,30,NA
"orei_manure","rosemount","2021","403","fertCommercial_cutNone","N fertilizer rate","70 kg N ha",2021-04-29,1899-12-31 12:40:07,635.6,0.359,2.08,0,30,NA
"orei_manure","rosemount","2021","403","fertCommercial_cutNone","N fertilizer rate","70 kg N ha",2021-04-29,1899-12-31 12:40:28,628.1,0.369,2.15,0.01,30,NA
"orei_manure","rosemount","2021","403","fertCommercial_cutNone","N fertilizer rate","70 kg N ha",2021-04-29,1899-12-31 12:40:49,630.1,0.348,2.21,0,30,NA
"orei_manure","rosemount","2021","403","fertCommercial_cutNone","N fertilizer rate","70 kg N ha",2021-04-29,1899-12-31 12:41:10,636.7,0.343,2.16,0.04,30,NA
"orei_manure","rosemount","2021","403","fertCommercial_cutNone","N fertilizer rate","70 kg N ha",2021-04-29,1899-12-31 12:41:31,644.1,0.361,2.18,0,30,NA
"orei_manure","rosemount","2021","403","fertCommercial_cutNone","N fertilizer rate","70 kg N ha",2021-04-29,1899-12-31 12:41:52,657.4,0.339,2.12,0,30,NA
"orei_manure","rosemount","2021","403","fertCommercial_cutNone","N fertilizer rate","70 kg N ha",2021-04-29,1899-12-31 12:42:13,670.5,0.345,2.19,0,30,NA
"orei_manure","rosemount","2021","403","fertCommercial_cutNone","N fertilizer rate","70 kg N ha",2021-04-29,1899-12-31 12:42:34,685.8,0.351,2.11,0,30,NA
"orei_manure","rosemount","2021","403","fertCommercial_cutNone","N fertilizer rate","70 kg N ha",2021-04-29,1899-12-31 12:42:55,700,0.348,2.22,0,30,NA
"orei_manure","rosemount","2021","403","fertCommercial_cutNone","N fertilizer rate","70 kg N ha",2021-04-29,1899-12-31 12:43:16,717,0.358,2.06,0,30,NA
"orei_manure","rosemount","2021","403","fertCommercial_cutNone","N fertilizer rate","70 kg N ha",2021-04-29,1899-12-31 12:43:37,738.9,0.292,2.13,0,30,NA
"orei_manure","rosemount","2021","403","fertCommercial_cutNone","N fertilizer rate","70 kg N ha",2021-04-29,1899-12-31 12:43:58,762.9,0.357,2.25,0,30,NA
"orei_manure","rosemount","2021","403","fertCommercial_cutNone","N fertilizer rate","70 kg N ha",2021-04-29,1899-12-31 12:44:19,771.3,0.305,2.13,0,30,NA
"orei_manure","rosemount","2021","403","fertCommercial_cutNone","N fertilizer rate","70 kg N ha",2021-04-29,1899-12-31 12:44:40,787.6,0.287,2.18,0.08,30,NA
"orei_manure","rosemount","2021","403","fertCommercial_cutNone","N fertilizer rate","70 kg N ha",2021-05-18,1899-12-31 11:47:02,551.8,0.358,2.31,0,32,NA
"orei_manure","rosemount","2021","403","fertCommercial_cutNone","N fertilizer rate","70 kg N ha",2021-05-18,1899-12-31 11:47:23,549.5,0.356,2.32,0.01,32,NA
"orei_manure","rosemount","2021","403","fertCommercial_cutNone","N fertilizer rate","70 kg N ha",2021-05-18,1899-12-31 11:47:44,528.1,0.369,2.4,0.11,32,NA
"orei_manure","rosemount","2021","403","fertCommercial_cutNone","N fertilizer rate","70 kg N ha",2021-05-18,1899-12-31 11:48:05,513.8,0.371,2.44,0.04,32,NA
"orei_manure","rosemount","2021","403","fertCommercial_cutNone","N fertilizer rate","70 kg N ha",2021-05-18,1899-12-31 11:48:26,509.1,0.365,2.41,0.11,32,NA
"orei_manure","rosemount","2021","403","fertCommercial_cutNone","N fertilizer rate","70 kg N ha",2021-05-18,1899-12-31 11:48:47,511.1,0.378,2.45,0,32,NA
"orei_manure","rosemount","2021","403","fertCommercial_cutNone","N fertilizer rate","70 kg N ha",2021-05-18,1899-12-31 11:49:08,520.4,0.365,2.37,0.01,32,NA
"orei_manure","rosemount","2021","403","fertCommercial_cutNone","N fertilizer rate","70 kg N ha",2021-05-18,1899-12-31 11:49:29,532.4,0.368,2.44,0.06,32,NA
"orei_manure","rosemount","2021","403","fertCommercial_cutNone","N fertilizer rate","70 kg N ha",2021-05-18,1899-12-31 11:49:50,546.9,0.375,2.39,0,32,NA
"orei_manure","rosemount","2021","403","fertCommercial_cutNone","N fertilizer rate","70 kg N ha",2021-05-18,1899-12-31 11:50:11,558.5,0.359,2.42,0.02,32,NA
"orei_manure","rosemount","2021","403","fertCommercial_cutNone","N fertilizer rate","70 kg N ha",2021-05-18,1899-12-31 11:50:32,572.3,0.345,2.34,0,32,NA
"orei_manure","rosemount","2021","403","fertCommercial_cutNone","N fertilizer rate","70 kg N ha",2021-05-18,1899-12-31 11:50:53,587.9,0.39,2.38,0.09,32,NA
"orei_manure","rosemount","2021","403","fertCommercial_cutNone","N fertilizer rate","70 kg N ha",2021-05-18,1899-12-31 11:51:14,603.7,0.363,2.45,0.01,32,NA
"orei_manure","rosemount","2021","403","fertCommercial_cutNone","N fertilizer rate","70 kg N ha",2021-05-18,1899-12-31 11:51:35,618.2,0.387,2.36,0,32,NA
"orei_manure","rosemount","2021","403","fertCommercial_cutNone","N fertilizer rate","70 kg N ha",2021-05-18,1899-12-31 11:51:56,634.6,0.35,2.28,0.01,32,NA
"orei_manure","rosemount","2021","403","fertCommercial_cutNone","N fertilizer rate","70 kg N ha",2021-05-18,1899-12-31 11:52:17,648.7,0.388,2.41,0,32,NA
"orei_manure","rosemount","2021","403","fertCommercial_cutNone","N fertilizer rate","70 kg N ha",2021-05-18,1899-12-31 11:52:38,660.8,0.361,2.39,0,32,NA
"orei_manure","rosemount","2021","403","fertCommercial_cutNone","N fertilizer rate","70 kg N ha",2021-06-01,1899-12-31 11:41:21,742.1,0.347,1.92,0,37,NA
"orei_manure","rosemount","2021","403","fertCommercial_cutNone","N fertilizer rate","70 kg N ha",2021-06-01,1899-12-31 11:41:43,726.2,0.342,2.07,0,37,NA
"orei_manure","rosemount","2021","403","fertCommercial_cutNone","N fertilizer rate","70 kg N ha",2021-06-01,1899-12-31 11:42:07,685.3,0.332,2.14,0.02,37,NA
"orei_manure","rosemount","2021","403","fertCommercial_cutNone","N fertilizer rate","70 kg N ha",2021-06-01,1899-12-31 11:42:30,665.8,0.31,2.06,0,37,NA
"orei_manure","rosemount","2021","403","fertCommercial_cutNone","N fertilizer rate","70 kg N ha",2021-06-01,1899-12-31 11:42:55,655.2,0.316,2.05,0,37,NA
"orei_manure","rosemount","2021","403","fertCommercial_cutNone","N fertilizer rate","70 kg N ha",2021-06-01,1899-12-31 11:43:19,681.9,0.349,1.89,0,37,NA
"orei_manure","rosemount","2021","403","fertCommercial_cutNone","N fertilizer rate","70 kg N ha",2021-06-01,1899-12-31 11:43:43,693.4,0.369,2.04,0,37,NA
"orei_manure","rosemount","2021","403","fertCommercial_cutNone","N fertilizer rate","70 kg N ha",2021-06-01,1899-12-31 11:44:07,720.9,0.342,1.99,0,37,NA
"orei_manure","rosemount","2021","403","fertCommercial_cutNone","N fertilizer rate","70 kg N ha",2021-06-01,1899-12-31 11:44:30,744.5,0.323,1.97,0,37,NA
"orei_manure","rosemount","2021","403","fertCommercial_cutNone","N fertilizer rate","70 kg N ha",2021-06-01,1899-12-31 11:44:53,787.1,0.322,2.14,0,37,NA
"orei_manure","rosemount","2021","403","fertCommercial_cutNone","N fertilizer rate","70 kg N ha",2021-06-01,1899-12-31 11:45:17,812,0.322,2.06,0,37,NA
"orei_manure","rosemount","2021","403","fertCommercial_cutNone","N fertilizer rate","70 kg N ha",2021-06-01,1899-12-31 11:45:40,859,0.361,2.02,0.01,37,NA
"orei_manure","rosemount","2021","403","fertCommercial_cutNone","N fertilizer rate","70 kg N ha",2021-06-01,1899-12-31 11:46:02,888,0.324,1.85,0.05,37,NA
"orei_manure","rosemount","2021","403","fertCommercial_cutNone","N fertilizer rate","70 kg N ha",2021-06-01,1899-12-31 11:46:24,914.8,0.301,2.01,0.02,37,NA
"orei_manure","rosemount","2021","403","fertCommercial_cutNone","N fertilizer rate","70 kg N ha",2021-06-01,1899-12-31 11:46:45,947.3,0.307,1.99,0,37,NA
"orei_manure","rosemount","2021","403","fertCommercial_cutNone","N fertilizer rate","70 kg N ha",2021-06-01,1899-12-31 11:47:06,973.4,0.308,2.07,0,37,NA
"orei_manure","rosemount","2021","403","fertCommercial_cutNone","N fertilizer rate","70 kg N ha",2021-06-01,1899-12-31 11:47:28,988.2,0.318,1.95,0,37,NA
"orei_manure","rosemount","2021","403","fertCommercial_cutNone","N fertilizer rate","70 kg N ha",2021-06-15,1899-12-31 11:54:22,496.6,0.366,2.12,0,37,NA
"orei_manure","rosemount","2021","403","fertCommercial_cutNone","N fertilizer rate","70 kg N ha",2021-06-15,1899-12-31 11:54:43,482.5,0.363,2.34,0,37,NA
"orei_manure","rosemount","2021","403","fertCommercial_cutNone","N fertilizer rate","70 kg N ha",2021-06-15,1899-12-31 11:55:04,471.1,0.363,2.23,0,37,NA
"orei_manure","rosemount","2021","403","fertCommercial_cutNone","N fertilizer rate","70 kg N ha",2021-06-15,1899-12-31 11:55:25,470.3,0.363,2.09,0,37,NA
"orei_manure","rosemount","2021","403","fertCommercial_cutNone","N fertilizer rate","70 kg N ha",2021-06-15,1899-12-31 11:55:46,472.7,0.363,2.19,0,37,NA
"orei_manure","rosemount","2021","403","fertCommercial_cutNone","N fertilizer rate","70 kg N ha",2021-06-15,1899-12-31 11:56:07,471,0.37,2.38,0,37,NA
"orei_manure","rosemount","2021","403","fertCommercial_cutNone","N fertilizer rate","70 kg N ha",2021-06-15,1899-12-31 11:56:28,475.3,0.368,2.48,0,37,NA
"orei_manure","rosemount","2021","403","fertCommercial_cutNone","N fertilizer rate","70 kg N ha",2021-06-15,1899-12-31 11:56:49,478.3,0.353,2.08,0,38,NA
"orei_manure","rosemount","2021","403","fertCommercial_cutNone","N fertilizer rate","70 kg N ha",2021-06-15,1899-12-31 11:57:10,478.2,0.381,2.29,0,37,NA
"orei_manure","rosemount","2021","403","fertCommercial_cutNone","N fertilizer rate","70 kg N ha",2021-06-15,1899-12-31 11:57:31,481.9,0.356,2.25,0,37,NA
"orei_manure","rosemount","2021","403","fertCommercial_cutNone","N fertilizer rate","70 kg N ha",2021-06-15,1899-12-31 11:57:52,486,0.378,2.04,0,37,NA
"orei_manure","rosemount","2021","403","fertCommercial_cutNone","N fertilizer rate","70 kg N ha",2021-06-15,1899-12-31 11:58:13,486.8,0.359,2.28,0,37,NA
"orei_manure","rosemount","2021","403","fertCommercial_cutNone","N fertilizer rate","70 kg N ha",2021-06-15,1899-12-31 11:58:34,489.8,0.346,2.29,0,37,NA
"orei_manure","rosemount","2021","403","fertCommercial_cutNone","N fertilizer rate","70 kg N ha",2021-06-15,1899-12-31 11:58:55,492.1,0.378,2.15,0,37,NA
"orei_manure","rosemount","2021","403","fertCommercial_cutNone","N fertilizer rate","70 kg N ha",2021-06-15,1899-12-31 11:59:17,488.9,0.364,2.24,0,38,NA
"orei_manure","rosemount","2021","403","fertCommercial_cutNone","N fertilizer rate","70 kg N ha",2021-06-15,1899-12-31 11:59:38,492.1,0.371,1.99,0,38,NA
"orei_manure","rosemount","2021","403","fertCommercial_cutNone","N fertilizer rate","70 kg N ha",2021-06-15,1899-12-31 11:59:59,496.6,0.395,2.45,0,38,NA
"orei_manure","rosemount","2021","403","fertCommercial_cutNone","N fertilizer rate","70 kg N ha",2021-09-10,1899-12-31 11:33:35,468.3,0.312,2.28,0,36,NA
"orei_manure","rosemount","2021","403","fertCommercial_cutNone","N fertilizer rate","70 kg N ha",2021-09-10,1899-12-31 11:33:56,418.1,0.305,2.25,0.05,36,NA
"orei_manure","rosemount","2021","403","fertCommercial_cutNone","N fertilizer rate","70 kg N ha",2021-09-10,1899-12-31 11:34:17,398.6,0.314,2.33,0.01,36,NA
"orei_manure","rosemount","2021","403","fertCommercial_cutNone","N fertilizer rate","70 kg N ha",2021-09-10,1899-12-31 11:34:38,398.7,0.312,2.32,0,36,NA
"orei_manure","rosemount","2021","403","fertCommercial_cutNone","N fertilizer rate","70 kg N ha",2021-09-10,1899-12-31 11:34:59,405.2,0.322,2.4,0,36,NA
"orei_manure","rosemount","2021","403","fertCommercial_cutNone","N fertilizer rate","70 kg N ha",2021-09-10,1899-12-31 11:35:20,414,0.311,2.39,0,36,NA
"orei_manure","rosemount","2021","403","fertCommercial_cutNone","N fertilizer rate","70 kg N ha",2021-09-10,1899-12-31 11:35:41,420,0.312,2.44,0.02,36,NA
"orei_manure","rosemount","2021","403","fertCommercial_cutNone","N fertilizer rate","70 kg N ha",2021-09-10,1899-12-31 11:36:02,429.9,0.326,2.34,0,36,NA
"orei_manure","rosemount","2021","403","fertCommercial_cutNone","N fertilizer rate","70 kg N ha",2021-09-10,1899-12-31 11:36:22,437.4,0.319,2.28,0,36,NA
"orei_manure","rosemount","2021","403","fertCommercial_cutNone","N fertilizer rate","70 kg N ha",2021-09-10,1899-12-31 11:36:43,442.8,0.32,2.24,0,36,NA
"orei_manure","rosemount","2021","403","fertCommercial_cutNone","N fertilizer rate","70 kg N ha",2021-09-10,1899-12-31 11:37:04,447.8,0.327,2.33,0,36,NA
"orei_manure","rosemount","2021","403","fertCommercial_cutNone","N fertilizer rate","70 kg N ha",2021-09-10,1899-12-31 11:37:25,449.9,0.325,2.36,0,36,NA
"orei_manure","rosemount","2021","403","fertCommercial_cutNone","N fertilizer rate","70 kg N ha",2021-09-10,1899-12-31 11:37:46,454.4,0.329,2.24,0,36,NA
"orei_manure","rosemount","2021","403","fertCommercial_cutNone","N fertilizer rate","70 kg N ha",2021-09-10,1899-12-31 11:38:07,459.4,0.323,2.19,0.04,36,NA
"orei_manure","rosemount","2021","403","fertCommercial_cutNone","N fertilizer rate","70 kg N ha",2021-09-10,1899-12-31 11:38:28,465.1,0.33,2.43,0.01,36,NA
"orei_manure","rosemount","2021","403","fertCommercial_cutNone","N fertilizer rate","70 kg N ha",2021-09-10,1899-12-31 11:38:48,469.2,0.345,2.31,0,36,NA
"orei_manure","rosemount","2021","403","fertCommercial_cutNone","N fertilizer rate","70 kg N ha",2021-09-10,1899-12-31 11:39:09,473,0.335,2.22,0,36,NA
"orei_manure","rosemount","2021","403","fertCommercial_cutNone","N fertilizer rate","70 kg N ha",2021-09-10,1899-12-31 11:39:30,475.5,0.33,2.35,0,36,NA
"orei_manure","rosemount","2021","404","fertControl_cutNone","N fertilizer rate",NA,2021-04-05,1899-12-31 13:00:24,524.4,0.296,1.83,0.91,36,NA
"orei_manure","rosemount","2021","404","fertControl_cutNone","N fertilizer rate",NA,2021-04-05,1899-12-31 13:00:45,511.4,0.33,2.14,0.3,36,NA
"orei_manure","rosemount","2021","404","fertControl_cutNone","N fertilizer rate",NA,2021-04-05,1899-12-31 13:01:06,487.6,0.341,2.02,0,36,NA
"orei_manure","rosemount","2021","404","fertControl_cutNone","N fertilizer rate",NA,2021-04-05,1899-12-31 13:01:27,472.7,0.359,1.91,0,36,NA
"orei_manure","rosemount","2021","404","fertControl_cutNone","N fertilizer rate",NA,2021-04-05,1899-12-31 13:01:48,465.8,0.367,2.1,0,36,NA
"orei_manure","rosemount","2021","404","fertControl_cutNone","N fertilizer rate",NA,2021-04-05,1899-12-31 13:02:09,465.6,0.372,1.95,0.09,36,NA
"orei_manure","rosemount","2021","404","fertControl_cutNone","N fertilizer rate",NA,2021-04-05,1899-12-31 13:02:30,463.3,0.356,1.97,0,36,NA
"orei_manure","rosemount","2021","404","fertControl_cutNone","N fertilizer rate",NA,2021-04-05,1899-12-31 13:02:51,466.9,0.334,1.97,0,36,NA
"orei_manure","rosemount","2021","404","fertControl_cutNone","N fertilizer rate",NA,2021-04-05,1899-12-31 13:03:12,473.3,0.355,2.2,0,36,NA
"orei_manure","rosemount","2021","404","fertControl_cutNone","N fertilizer rate",NA,2021-04-05,1899-12-31 13:03:33,477.9,0.364,1.98,0,36,NA
"orei_manure","rosemount","2021","404","fertControl_cutNone","N fertilizer rate",NA,2021-04-05,1899-12-31 13:03:54,479.3,0.329,2.04,0,37,NA
"orei_manure","rosemount","2021","404","fertControl_cutNone","N fertilizer rate",NA,2021-04-05,1899-12-31 13:04:15,491.7,0.405,1.89,0,36,NA
"orei_manure","rosemount","2021","404","fertControl_cutNone","N fertilizer rate",NA,2021-04-05,1899-12-31 13:04:36,489.5,0.33,2.03,0,36,NA
"orei_manure","rosemount","2021","404","fertControl_cutNone","N fertilizer rate",NA,2021-04-05,1899-12-31 13:04:57,495.5,0.387,2.04,0,36,NA
"orei_manure","rosemount","2021","404","fertControl_cutNone","N fertilizer rate",NA,2021-04-05,1899-12-31 13:05:18,501.2,0.37,2.05,0,36,NA
"orei_manure","rosemount","2021","404","fertControl_cutNone","N fertilizer rate",NA,2021-04-05,1899-12-31 13:05:39,501.3,0.326,1.98,0,37,NA
"orei_manure","rosemount","2021","404","fertControl_cutNone","N fertilizer rate",NA,2021-04-05,1899-12-31 13:06:00,505.8,0.332,2.01,0,37,NA
"orei_manure","rosemount","2021","404","fertControl_cutNone","N fertilizer rate",NA,2021-04-22,1899-12-31 12:49:43,656.6,0.405,2.48,0.01,28,NA
"orei_manure","rosemount","2021","404","fertControl_cutNone","N fertilizer rate",NA,2021-04-22,1899-12-31 12:50:04,639.3,0.381,2.35,0,28,NA
"orei_manure","rosemount","2021","404","fertControl_cutNone","N fertilizer rate",NA,2021-04-22,1899-12-31 12:50:25,588.6,0.408,2.44,0.09,28,NA
"orei_manure","rosemount","2021","404","fertControl_cutNone","N fertilizer rate",NA,2021-04-22,1899-12-31 12:50:46,562.5,0.398,2.42,0.09,28,NA
"orei_manure","rosemount","2021","404","fertControl_cutNone","N fertilizer rate",NA,2021-04-22,1899-12-31 12:51:07,547.9,0.394,2.53,0.04,28,NA
"orei_manure","rosemount","2021","404","fertControl_cutNone","N fertilizer rate",NA,2021-04-22,1899-12-31 12:51:28,545.9,0.397,2.39,0.03,28,NA
"orei_manure","rosemount","2021","404","fertControl_cutNone","N fertilizer rate",NA,2021-04-22,1899-12-31 12:51:48,547.8,0.391,2.48,0.09,28,NA
"orei_manure","rosemount","2021","404","fertControl_cutNone","N fertilizer rate",NA,2021-04-22,1899-12-31 12:52:09,556.8,0.419,2.43,0.05,28,NA
"orei_manure","rosemount","2021","404","fertControl_cutNone","N fertilizer rate",NA,2021-04-22,1899-12-31 12:52:30,563.7,0.415,2.44,0.03,28,NA
"orei_manure","rosemount","2021","404","fertControl_cutNone","N fertilizer rate",NA,2021-04-22,1899-12-31 12:52:51,570.7,0.375,2.44,0.1,28,NA
"orei_manure","rosemount","2021","404","fertControl_cutNone","N fertilizer rate",NA,2021-04-22,1899-12-31 12:53:12,584.2,0.386,2.47,0.11,28,NA
"orei_manure","rosemount","2021","404","fertControl_cutNone","N fertilizer rate",NA,2021-04-22,1899-12-31 12:53:33,592.4,0.371,2.42,0.04,28,NA
"orei_manure","rosemount","2021","404","fertControl_cutNone","N fertilizer rate",NA,2021-04-22,1899-12-31 12:53:54,606.1,0.39,2.5,0.15,28,NA
"orei_manure","rosemount","2021","404","fertControl_cutNone","N fertilizer rate",NA,2021-04-22,1899-12-31 12:54:15,617.2,0.398,2.43,0.1,28,NA
"orei_manure","rosemount","2021","404","fertControl_cutNone","N fertilizer rate",NA,2021-04-22,1899-12-31 12:54:35,631.8,0.422,2.45,0.08,28,NA
"orei_manure","rosemount","2021","404","fertControl_cutNone","N fertilizer rate",NA,2021-04-22,1899-12-31 12:54:56,641.9,0.396,2.49,0.06,28,NA
"orei_manure","rosemount","2021","404","fertControl_cutNone","N fertilizer rate",NA,2021-04-22,1899-12-31 12:55:17,648.6,0.388,2.45,0.08,28,NA
"orei_manure","rosemount","2021","404","fertControl_cutNone","N fertilizer rate",NA,2021-04-22,1899-12-31 12:55:38,664.1,0.4,2.4,0.09,28,NA
"orei_manure","rosemount","2021","404","fertControl_cutNone","N fertilizer rate",NA,2021-04-22,1899-12-31 12:55:59,676.7,0.396,2.34,0.14,28,NA
"orei_manure","rosemount","2021","404","fertControl_cutNone","N fertilizer rate",NA,2021-04-22,1899-12-31 12:56:20,687.1,0.408,2.4,0.12,28,NA
"orei_manure","rosemount","2021","404","fertControl_cutNone","N fertilizer rate",NA,2021-04-22,1899-12-31 12:56:41,697,0.399,2.46,0.03,28,NA
"orei_manure","rosemount","2021","404","fertControl_cutNone","N fertilizer rate",NA,2021-04-22,1899-12-31 12:57:02,708.8,0.408,2.46,0.09,28,NA
"orei_manure","rosemount","2021","404","fertControl_cutNone","N fertilizer rate",NA,2021-04-22,1899-12-31 12:57:23,736.5,0.387,2.41,0.03,28,NA
"orei_manure","rosemount","2021","404","fertControl_cutNone","N fertilizer rate",NA,2021-04-22,1899-12-31 12:57:44,735.5,0.34,2.46,0.06,28,NA
"orei_manure","rosemount","2021","404","fertControl_cutNone","N fertilizer rate",NA,2021-04-22,1899-12-31 12:58:05,749.1,0.32,2.49,0.1,28,NA
"orei_manure","rosemount","2021","404","fertControl_cutNone","N fertilizer rate",NA,2021-04-22,1899-12-31 12:58:26,776.4,0.395,2.38,0.08,28,NA
"orei_manure","rosemount","2021","404","fertControl_cutNone","N fertilizer rate",NA,2021-04-22,1899-12-31 12:58:47,790.3,0.399,2.32,0.09,28,NA
"orei_manure","rosemount","2021","404","fertControl_cutNone","N fertilizer rate",NA,2021-04-22,1899-12-31 13:51:02,682.6,0.392,2.44,0.06,28,NA
"orei_manure","rosemount","2021","404","fertControl_cutNone","N fertilizer rate",NA,2021-04-22,1899-12-31 13:51:23,655.7,0.376,2.44,0.08,28,NA
"orei_manure","rosemount","2021","404","fertControl_cutNone","N fertilizer rate",NA,2021-04-22,1899-12-31 13:51:44,594,0.392,2.48,0.18,28,NA
"orei_manure","rosemount","2021","404","fertControl_cutNone","N fertilizer rate",NA,2021-04-22,1899-12-31 13:52:05,553.1,0.381,2.54,0.03,28,NA
"orei_manure","rosemount","2021","404","fertControl_cutNone","N fertilizer rate",NA,2021-04-22,1899-12-31 13:52:26,527.1,0.381,2.45,0.05,29,NA
"orei_manure","rosemount","2021","404","fertControl_cutNone","N fertilizer rate",NA,2021-04-22,1899-12-31 13:52:47,508,0.358,2.58,0.17,28,NA
"orei_manure","rosemount","2021","404","fertControl_cutNone","N fertilizer rate",NA,2021-04-22,1899-12-31 13:53:08,497.7,0.369,2.41,0.01,28,NA
"orei_manure","rosemount","2021","404","fertControl_cutNone","N fertilizer rate",NA,2021-04-22,1899-12-31 13:53:29,493.2,0.372,2.46,0.08,28,NA
"orei_manure","rosemount","2021","404","fertControl_cutNone","N fertilizer rate",NA,2021-04-22,1899-12-31 13:53:50,490.8,0.383,2.47,0.05,29,NA
"orei_manure","rosemount","2021","404","fertControl_cutNone","N fertilizer rate",NA,2021-04-22,1899-12-31 13:54:11,486.4,0.388,2.44,0.04,29,NA
"orei_manure","rosemount","2021","404","fertControl_cutNone","N fertilizer rate",NA,2021-04-22,1899-12-31 13:54:32,487.7,0.371,2.55,0.08,29,NA
"orei_manure","rosemount","2021","404","fertControl_cutNone","N fertilizer rate",NA,2021-04-22,1899-12-31 13:54:53,486.1,0.364,2.48,0.07,29,NA
"orei_manure","rosemount","2021","404","fertControl_cutNone","N fertilizer rate",NA,2021-04-22,1899-12-31 13:55:14,487.3,0.363,2.38,0.03,28,NA
"orei_manure","rosemount","2021","404","fertControl_cutNone","N fertilizer rate",NA,2021-04-22,1899-12-31 13:55:35,487.2,0.379,2.36,0.17,28,NA
"orei_manure","rosemount","2021","404","fertControl_cutNone","N fertilizer rate",NA,2021-04-22,1899-12-31 13:55:56,491,0.38,2.49,0.07,29,NA
"orei_manure","rosemount","2021","404","fertControl_cutNone","N fertilizer rate",NA,2021-04-22,1899-12-31 13:56:17,488.6,0.381,2.4,0.09,28,NA
"orei_manure","rosemount","2021","404","fertControl_cutNone","N fertilizer rate",NA,2021-04-22,1899-12-31 13:56:38,493.6,0.382,2.42,0.04,29,NA
"orei_manure","rosemount","2021","404","fertControl_cutNone","N fertilizer rate",NA,2021-04-22,1899-12-31 13:56:59,493.5,0.349,2.49,0.08,29,NA
"orei_manure","rosemount","2021","404","fertControl_cutNone","N fertilizer rate",NA,2021-04-22,1899-12-31 13:57:20,498.5,0.37,2.46,0.05,29,NA
"orei_manure","rosemount","2021","404","fertControl_cutNone","N fertilizer rate",NA,2021-07-08,1899-12-31 12:40:58,478.1,0.295,1.52,1.58,29,NA
"orei_manure","rosemount","2021","404","fertControl_cutNone","N fertilizer rate",NA,2021-07-08,1899-12-31 12:41:19,463.8,0.349,1.81,0.58,29,NA
"orei_manure","rosemount","2021","404","fertControl_cutNone","N fertilizer rate",NA,2021-07-08,1899-12-31 12:41:40,450.1,0.337,1.93,0.01,30,NA
"orei_manure","rosemount","2021","404","fertControl_cutNone","N fertilizer rate",NA,2021-07-08,1899-12-31 12:42:01,449.7,0.346,1.94,0.01,30,NA
"orei_manure","rosemount","2021","404","fertControl_cutNone","N fertilizer rate",NA,2021-07-08,1899-12-31 12:42:22,453.4,0.338,2.05,0,30,NA
"orei_manure","rosemount","2021","404","fertControl_cutNone","N fertilizer rate",NA,2021-07-08,1899-12-31 12:42:43,461.8,0.341,1.79,0.01,30,NA
"orei_manure","rosemount","2021","404","fertControl_cutNone","N fertilizer rate",NA,2021-07-08,1899-12-31 12:43:04,467.5,0.341,2.04,0,30,NA
"orei_manure","rosemount","2021","404","fertControl_cutNone","N fertilizer rate",NA,2021-07-08,1899-12-31 12:43:25,471.7,0.323,1.89,0,30,NA
"orei_manure","rosemount","2021","404","fertControl_cutNone","N fertilizer rate",NA,2021-07-08,1899-12-31 12:43:46,478,0.333,2.03,0,31,NA
"orei_manure","rosemount","2021","404","fertControl_cutNone","N fertilizer rate",NA,2021-07-08,1899-12-31 12:44:07,484.5,0.347,1.92,0,30,NA
"orei_manure","rosemount","2021","404","fertControl_cutNone","N fertilizer rate",NA,2021-07-08,1899-12-31 12:44:27,489.3,0.332,1.86,0.06,31,NA
"orei_manure","rosemount","2021","404","fertControl_cutNone","N fertilizer rate",NA,2021-07-08,1899-12-31 12:44:48,489.7,0.345,1.78,0,31,NA
"orei_manure","rosemount","2021","404","fertControl_cutNone","N fertilizer rate",NA,2021-07-08,1899-12-31 12:45:09,493.5,0.342,1.96,0.03,31,NA
"orei_manure","rosemount","2021","404","fertControl_cutNone","N fertilizer rate",NA,2021-07-08,1899-12-31 12:45:30,498.5,0.324,1.89,0.07,31,NA
"orei_manure","rosemount","2021","404","fertControl_cutNone","N fertilizer rate",NA,2021-07-08,1899-12-31 12:45:51,506.5,0.349,2.05,0.01,31,NA
"orei_manure","rosemount","2021","404","fertControl_cutNone","N fertilizer rate",NA,2021-07-08,1899-12-31 12:46:12,504,0.338,2.07,0,31,NA
"orei_manure","rosemount","2021","404","fertControl_cutNone","N fertilizer rate",NA,2021-07-08,1899-12-31 12:46:33,512,0.349,1.82,0,31,NA
"orei_manure","rosemount","2021","404","fertControl_cutNone","N fertilizer rate",NA,2021-07-08,1899-12-31 12:46:54,514.3,0.346,1.97,0.02,31,NA
"orei_manure","rosemount","2021","404","fertControl_cutNone","N fertilizer rate",NA,2021-07-16,1899-12-31 12:16:33,521.2,0.54,2.33,0,43,NA
"orei_manure","rosemount","2021","404","fertControl_cutNone","N fertilizer rate",NA,2021-07-16,1899-12-31 12:16:58,452.1,0.527,2.51,0,43,NA
"orei_manure","rosemount","2021","404","fertControl_cutNone","N fertilizer rate",NA,2021-07-16,1899-12-31 12:17:24,426.9,0.441,2.53,0,43,NA
"orei_manure","rosemount","2021","404","fertControl_cutNone","N fertilizer rate",NA,2021-07-16,1899-12-31 12:17:50,425.9,0.418,2.41,0,43,NA
"orei_manure","rosemount","2021","404","fertControl_cutNone","N fertilizer rate",NA,2021-07-16,1899-12-31 12:18:16,420.4,0.384,2.15,0,43,NA
"orei_manure","rosemount","2021","404","fertControl_cutNone","N fertilizer rate",NA,2021-07-16,1899-12-31 12:18:42,439.9,0.448,2.3,0,43,NA
"orei_manure","rosemount","2021","404","fertControl_cutNone","N fertilizer rate",NA,2021-07-16,1899-12-31 12:19:08,433.1,0.439,2.45,0,43,NA
"orei_manure","rosemount","2021","404","fertControl_cutNone","N fertilizer rate",NA,2021-07-16,1899-12-31 12:19:34,440.1,0.448,2.42,0,43,NA
"orei_manure","rosemount","2021","404","fertControl_cutNone","N fertilizer rate",NA,2021-07-16,1899-12-31 12:20:00,445,0.443,2.43,0,43,NA
"orei_manure","rosemount","2021","404","fertControl_cutNone","N fertilizer rate",NA,2021-07-16,1899-12-31 12:20:25,466.7,0.548,2.5,0,43,NA
"orei_manure","rosemount","2021","404","fertControl_cutNone","N fertilizer rate",NA,2021-07-16,1899-12-31 12:20:51,451.4,0.428,2.49,0,43,NA
"orei_manure","rosemount","2021","404","fertControl_cutNone","N fertilizer rate",NA,2021-07-16,1899-12-31 12:21:17,457,0.421,2.53,0,43,NA
"orei_manure","rosemount","2021","404","fertControl_cutNone","N fertilizer rate",NA,2021-07-16,1899-12-31 12:21:43,462.4,0.399,2.35,0,43,NA
"orei_manure","rosemount","2021","404","fertControl_cutNone","N fertilizer rate",NA,2021-07-16,1899-12-31 12:22:09,475,0.518,2.45,0,43,NA
"orei_manure","rosemount","2021","404","fertControl_cutNone","N fertilizer rate",NA,2021-07-16,1899-12-31 12:22:33,485.6,0.532,2.57,0,43,NA
"orei_manure","rosemount","2021","404","fertControl_cutNone","N fertilizer rate",NA,2021-07-16,1899-12-31 12:22:58,494.3,0.563,2.48,0,43,NA
"orei_manure","rosemount","2021","404","fertControl_cutNone","N fertilizer rate",NA,2021-07-16,1899-12-31 12:23:23,468.3,0.407,2.51,0,43,NA
"orei_manure","rosemount","2021","404","fertControl_cutNone","N fertilizer rate",NA,2021-07-16,1899-12-31 12:23:50,481.8,0.434,2.51,0,43,NA
"orei_manure","rosemount","2021","404","fertControl_cutNone","N fertilizer rate",NA,2021-08-10,1899-12-31 11:44:38,461.5,0.302,2.47,0,38,NA
"orei_manure","rosemount","2021","404","fertControl_cutNone","N fertilizer rate",NA,2021-08-10,1899-12-31 11:44:59,457.5,0.293,2.46,0,38,NA
"orei_manure","rosemount","2021","404","fertControl_cutNone","N fertilizer rate",NA,2021-08-10,1899-12-31 11:45:20,428.9,0.269,2.49,0,38,NA
"orei_manure","rosemount","2021","404","fertControl_cutNone","N fertilizer rate",NA,2021-08-10,1899-12-31 11:45:41,419.9,0.282,2.6,0,38,NA
"orei_manure","rosemount","2021","404","fertControl_cutNone","N fertilizer rate",NA,2021-08-10,1899-12-31 11:46:02,406.8,0.25,2.51,0,38,NA
"orei_manure","rosemount","2021","404","fertControl_cutNone","N fertilizer rate",NA,2021-08-10,1899-12-31 11:46:23,438.4,0.314,2.59,0,38,NA
"orei_manure","rosemount","2021","404","fertControl_cutNone","N fertilizer rate",NA,2021-08-10,1899-12-31 11:46:44,477,0.36,2.62,0,38,NA
"orei_manure","rosemount","2021","404","fertControl_cutNone","N fertilizer rate",NA,2021-08-10,1899-12-31 11:47:06,453.9,0.364,2.54,0,38,NA
"orei_manure","rosemount","2021","404","fertControl_cutNone","N fertilizer rate",NA,2021-08-10,1899-12-31 11:47:27,428,0.31,2.52,0,38,NA
"orei_manure","rosemount","2021","404","fertControl_cutNone","N fertilizer rate",NA,2021-08-10,1899-12-31 11:47:48,417.7,0.314,2.56,0,38,NA
"orei_manure","rosemount","2021","404","fertControl_cutNone","N fertilizer rate",NA,2021-08-10,1899-12-31 11:48:09,412.9,0.296,2.53,0,38,NA
"orei_manure","rosemount","2021","404","fertControl_cutNone","N fertilizer rate",NA,2021-08-10,1899-12-31 11:48:30,408.1,0.283,2.49,0,38,NA
"orei_manure","rosemount","2021","404","fertControl_cutNone","N fertilizer rate",NA,2021-08-10,1899-12-31 11:48:51,410.9,0.287,2.42,0,39,NA
"orei_manure","rosemount","2021","404","fertControl_cutNone","N fertilizer rate",NA,2021-08-10,1899-12-31 11:49:12,410.4,0.271,2.4,0,39,NA
"orei_manure","rosemount","2021","404","fertControl_cutNone","N fertilizer rate",NA,2021-08-10,1899-12-31 11:49:33,407.6,0.291,2.5,0,39,NA
"orei_manure","rosemount","2021","404","fertControl_cutNone","N fertilizer rate",NA,2021-08-10,1899-12-31 11:49:54,409.7,0.292,2.42,0,39,NA
"orei_manure","rosemount","2021","404","fertControl_cutNone","N fertilizer rate",NA,2021-08-10,1899-12-31 11:50:15,413.9,0.302,2.35,0,39,NA
"orei_manure","rosemount","2021","404","fertControl_cutNone","N fertilizer rate",NA,2021-08-10,1899-12-31 11:50:36,418.5,0.306,2.56,0,39,NA
"orei_manure","rosemount","2021","404","fertControl_cutNone","N fertilizer rate",NA,2021-08-10,1899-12-31 11:50:57,418.6,0.309,2.51,0,39,NA
"orei_manure","rosemount","2021","404","fertControl_cutNone","N fertilizer rate",NA,2021-08-10,1899-12-31 11:51:18,413.2,0.292,2.45,0,39,NA
"orei_manure","rosemount","2021","404","fertControl_cutNone","N fertilizer rate",NA,2021-08-10,1899-12-31 11:51:39,415.1,0.293,2.42,0,39,NA
"orei_manure","rosemount","2021","404","fertControl_cutNone","N fertilizer rate",NA,2021-08-10,1899-12-31 11:52:00,414.8,0.319,2.46,0,39,NA
"orei_manure","rosemount","2021","404","fertControl_cutNone","N fertilizer rate",NA,2021-08-10,1899-12-31 11:52:21,414.1,0.319,2.46,0,39,NA
"orei_manure","rosemount","2021","404","fertControl_cutNone","N fertilizer rate",NA,2021-08-10,1899-12-31 11:52:42,414.1,0.318,2.5,0,39,NA
"orei_manure","rosemount","2021","404","fertControl_cutNone","N fertilizer rate",NA,2021-08-10,1899-12-31 11:53:04,416.6,0.324,2.45,0,39,NA
"orei_manure","rosemount","2021","404","fertControl_cutNone","N fertilizer rate",NA,2021-08-10,1899-12-31 11:53:25,422.2,0.332,2.46,0,39,NA
"orei_manure","rosemount","2021","404","fertControl_cutNone","N fertilizer rate",NA,2021-08-10,1899-12-31 11:53:46,423,0.31,2.51,0,39,NA
"orei_manure","rosemount","2021","404","fertControl_cutNone","N fertilizer rate",NA,2021-08-10,1899-12-31 11:54:07,428,0.31,2.46,0,39,NA
"orei_manure","rosemount","2021","404","fertControl_cutNone","N fertilizer rate",NA,2021-08-10,1899-12-31 11:54:28,431,0.289,2.48,0,39,NA
"orei_manure","rosemount","2021","404","fertControl_cutNone","N fertilizer rate",NA,2021-08-10,1899-12-31 11:54:49,437.3,0.295,2.5,0,39,NA
"orei_manure","rosemount","2021","404","fertControl_cutNone","N fertilizer rate",NA,2021-08-10,1899-12-31 11:55:10,443,0.288,2.48,0,39,NA
"orei_manure","rosemount","2021","404","fertControl_cutNone","N fertilizer rate",NA,2021-08-10,1899-12-31 11:55:31,453,0.318,2.43,0,39,NA
"orei_manure","rosemount","2021","404","fertControl_cutNone","N fertilizer rate",NA,2021-08-10,1899-12-31 11:55:52,457.6,0.29,2.56,0,39,NA
"orei_manure","rosemount","2021","404","fertControl_cutNone","N fertilizer rate",NA,2021-08-10,1899-12-31 11:56:13,465.8,0.324,2.53,0,39,NA
"orei_manure","rosemount","2021","404","fertControl_cutNone","N fertilizer rate",NA,2021-08-10,1899-12-31 11:56:34,469.7,0.311,2.52,0,39,NA
"orei_manure","rosemount","2021","404","fertControl_cutNone","N fertilizer rate",NA,2021-08-10,1899-12-31 11:56:55,472.6,0.307,2.52,0,39,NA
"orei_manure","rosemount","2021","404","fertControl_cutNone","N fertilizer rate",NA,2021-08-10,1899-12-31 11:57:16,477.5,0.321,2.6,0,40,NA
"orei_manure","rosemount","2021","404","fertControl_cutNone","N fertilizer rate",NA,2021-08-10,1899-12-31 11:57:37,479.5,0.308,2.52,0,40,NA
"orei_manure","rosemount","2021","404","fertControl_cutNone","N fertilizer rate",NA,2021-08-10,1899-12-31 11:57:58,477.7,0.297,2.51,0,39,NA
"orei_manure","rosemount","2021","404","fertControl_cutNone","N fertilizer rate",NA,2021-08-10,1899-12-31 11:58:19,483.7,0.306,2.56,0,40,NA
"orei_manure","rosemount","2021","404","fertControl_cutNone","N fertilizer rate",NA,2021-08-10,1899-12-31 11:58:40,485.4,0.312,2.59,0,40,NA
"orei_manure","rosemount","2021","404","fertControl_cutNone","N fertilizer rate",NA,2021-08-10,1899-12-31 11:59:02,488.1,0.317,2.5,0,40,NA
"orei_manure","rosemount","2021","404","fertControl_cutNone","N fertilizer rate",NA,2021-10-14,1899-12-31 11:31:27,440.3,0.402,1.84,0,19,NA
"orei_manure","rosemount","2021","404","fertControl_cutNone","N fertilizer rate",NA,2021-10-14,1899-12-31 11:31:47,445.9,0.395,1.9,0,20,NA
"orei_manure","rosemount","2021","404","fertControl_cutNone","N fertilizer rate",NA,2021-10-14,1899-12-31 11:32:08,431.8,0.389,1.81,0,20,NA
"orei_manure","rosemount","2021","404","fertControl_cutNone","N fertilizer rate",NA,2021-10-14,1899-12-31 11:32:29,422.8,0.386,1.99,0,20,NA
"orei_manure","rosemount","2021","404","fertControl_cutNone","N fertilizer rate",NA,2021-10-14,1899-12-31 11:32:50,418,0.403,1.89,0.01,20,NA
"orei_manure","rosemount","2021","404","fertControl_cutNone","N fertilizer rate",NA,2021-10-14,1899-12-31 11:33:11,421,0.403,1.95,0,20,NA
"orei_manure","rosemount","2021","404","fertControl_cutNone","N fertilizer rate",NA,2021-10-14,1899-12-31 11:33:32,424.4,0.394,1.98,0,20,NA
"orei_manure","rosemount","2021","404","fertControl_cutNone","N fertilizer rate",NA,2021-10-14,1899-12-31 11:33:53,425.5,0.383,1.93,0,20,NA
"orei_manure","rosemount","2021","404","fertControl_cutNone","N fertilizer rate",NA,2021-10-14,1899-12-31 11:34:14,431.6,0.4,1.91,0,20,NA
"orei_manure","rosemount","2021","404","fertControl_cutNone","N fertilizer rate",NA,2021-10-14,1899-12-31 11:34:35,430.8,0.392,1.89,0,20,NA
"orei_manure","rosemount","2021","404","fertControl_cutNone","N fertilizer rate",NA,2021-10-14,1899-12-31 11:34:56,433.6,0.402,1.75,0,20,NA
"orei_manure","rosemount","2021","404","fertControl_cutNone","N fertilizer rate",NA,2021-10-14,1899-12-31 11:35:17,436.1,0.417,1.94,0.03,20,NA
"orei_manure","rosemount","2021","404","fertControl_cutNone","N fertilizer rate",NA,2021-10-14,1899-12-31 11:35:38,438.4,0.404,1.99,0.03,20,NA
"orei_manure","rosemount","2021","404","fertControl_cutNone","N fertilizer rate",NA,2021-10-14,1899-12-31 11:35:59,440.6,0.407,1.92,0,20,NA
"orei_manure","rosemount","2021","404","fertControl_cutNone","N fertilizer rate",NA,2021-10-14,1899-12-31 11:36:19,441.8,0.394,1.89,0,20,NA
"orei_manure","rosemount","2021","404","fertControl_cutNone","N fertilizer rate",NA,2021-10-14,1899-12-31 11:36:40,442.4,0.394,1.91,0.03,20,NA
"orei_manure","rosemount","2021","404","fertControl_cutNone","N fertilizer rate",NA,2021-10-14,1899-12-31 11:37:01,445.3,0.413,1.92,0,20,NA
"orei_manure","rosemount","2021","404","fertControl_cutNone","N fertilizer rate",NA,2021-10-14,1899-12-31 11:37:22,448,0.407,1.91,0,20,NA
"orei_manure","rosemount","2021","404","fertControl_cutNone","N fertilizer rate",NA,2021-10-14,1899-12-31 11:37:43,448,0.419,1.97,0,20,NA
"orei_manure","rosemount","2021","404","fertControl_cutNone","N fertilizer rate",NA,2021-10-25,1899-12-31 15:09:50,434.7,0.45,1.97,0,26,NA
"orei_manure","rosemount","2021","404","fertControl_cutNone","N fertilizer rate",NA,2021-10-25,1899-12-31 15:10:11,440.1,0.411,2.01,0,26,NA
"orei_manure","rosemount","2021","404","fertControl_cutNone","N fertilizer rate",NA,2021-10-25,1899-12-31 15:10:32,429.1,0.422,2,0,26,NA
"orei_manure","rosemount","2021","404","fertControl_cutNone","N fertilizer rate",NA,2021-10-25,1899-12-31 15:10:53,418.3,0.426,2.03,0,26,NA
"orei_manure","rosemount","2021","404","fertControl_cutNone","N fertilizer rate",NA,2021-10-25,1899-12-31 15:11:14,415.3,0.423,2,0,26,NA
"orei_manure","rosemount","2021","404","fertControl_cutNone","N fertilizer rate",NA,2021-10-25,1899-12-31 15:11:35,418.1,0.422,1.96,0,26,NA
"orei_manure","rosemount","2021","404","fertControl_cutNone","N fertilizer rate",NA,2021-10-25,1899-12-31 15:11:56,421.9,0.444,2.08,0,26,NA
"orei_manure","rosemount","2021","404","fertControl_cutNone","N fertilizer rate",NA,2021-10-25,1899-12-31 15:12:17,422.8,0.418,2.05,0,26,NA
"orei_manure","rosemount","2021","404","fertControl_cutNone","N fertilizer rate",NA,2021-10-25,1899-12-31 15:12:38,425,0.406,2.08,0,26,NA
"orei_manure","rosemount","2021","404","fertControl_cutNone","N fertilizer rate",NA,2021-10-25,1899-12-31 15:12:59,426.6,0.428,2.01,0,26,NA
"orei_manure","rosemount","2021","404","fertControl_cutNone","N fertilizer rate",NA,2021-10-25,1899-12-31 15:13:19,430.2,0.409,2.06,0,27,NA
"orei_manure","rosemount","2021","404","fertControl_cutNone","N fertilizer rate",NA,2021-10-25,1899-12-31 15:13:40,433.7,0.426,2.03,0,27,NA
"orei_manure","rosemount","2021","404","fertControl_cutNone","N fertilizer rate",NA,2021-10-25,1899-12-31 15:14:01,431.9,0.435,1.97,0,26,NA
"orei_manure","rosemount","2021","404","fertControl_cutNone","N fertilizer rate",NA,2021-10-25,1899-12-31 15:14:22,433.9,0.42,2.02,0,26,NA
"orei_manure","rosemount","2021","404","fertControl_cutNone","N fertilizer rate",NA,2021-10-25,1899-12-31 15:14:43,436.7,0.442,2.07,0,27,NA
"orei_manure","rosemount","2021","404","fertControl_cutNone","N fertilizer rate",NA,2021-10-25,1899-12-31 15:15:04,436.2,0.421,1.93,0,26,NA
"orei_manure","rosemount","2021","404","fertControl_cutNone","N fertilizer rate",NA,2021-10-25,1899-12-31 15:15:25,436,0.432,1.94,0,26,NA
"orei_manure","rosemount","2021","404","fertControl_cutNone","N fertilizer rate",NA,2021-10-25,1899-12-31 15:15:45,439.2,0.42,1.9,0,26,NA
"orei_manure","rosemount","2021","404","fertControl_cutNone","N fertilizer rate",NA,2021-10-25,1899-12-31 15:16:06,440.2,0.412,2.1,0,26,NA
"orei_manure","rosemount","2021","404","fertControl_cutNone","N fertilizer rate",NA,2021-04-29,1899-12-31 12:30:36,625.5,0.372,2.12,0,30,NA
"orei_manure","rosemount","2021","404","fertControl_cutNone","N fertilizer rate",NA,2021-04-29,1899-12-31 12:30:57,618.6,0.354,2.2,0.03,30,NA
"orei_manure","rosemount","2021","404","fertControl_cutNone","N fertilizer rate",NA,2021-04-29,1899-12-31 12:31:18,584.3,0.296,2.09,0,30,NA
"orei_manure","rosemount","2021","404","fertControl_cutNone","N fertilizer rate",NA,2021-04-29,1899-12-31 12:31:39,576.1,0.297,2.11,0,30,NA
"orei_manure","rosemount","2021","404","fertControl_cutNone","N fertilizer rate",NA,2021-04-29,1899-12-31 12:32:00,581.1,0.335,2.02,0,30,NA
"orei_manure","rosemount","2021","404","fertControl_cutNone","N fertilizer rate",NA,2021-04-29,1899-12-31 12:32:21,592,0.33,2.07,0,30,NA
"orei_manure","rosemount","2021","404","fertControl_cutNone","N fertilizer rate",NA,2021-04-29,1899-12-31 12:32:42,610.6,0.287,2.12,0,30,NA
"orei_manure","rosemount","2021","404","fertControl_cutNone","N fertilizer rate",NA,2021-04-29,1899-12-31 12:33:04,635.2,0.345,2.12,0,30,NA
"orei_manure","rosemount","2021","404","fertControl_cutNone","N fertilizer rate",NA,2021-04-29,1899-12-31 12:33:25,656.5,0.282,2.1,0,30,NA
"orei_manure","rosemount","2021","404","fertControl_cutNone","N fertilizer rate",NA,2021-04-29,1899-12-31 12:33:46,676.5,0.379,2.16,0,30,NA
"orei_manure","rosemount","2021","404","fertControl_cutNone","N fertilizer rate",NA,2021-04-29,1899-12-31 12:34:07,696.6,0.334,2.1,0,30,NA
"orei_manure","rosemount","2021","404","fertControl_cutNone","N fertilizer rate",NA,2021-04-29,1899-12-31 12:34:28,714.2,0.385,2.13,0,30,NA
"orei_manure","rosemount","2021","404","fertControl_cutNone","N fertilizer rate",NA,2021-04-29,1899-12-31 12:34:49,748.5,0.358,2.15,0,30,NA
"orei_manure","rosemount","2021","404","fertControl_cutNone","N fertilizer rate",NA,2021-04-29,1899-12-31 12:35:10,756.6,0.301,2.16,0,30,NA
"orei_manure","rosemount","2021","404","fertControl_cutNone","N fertilizer rate",NA,2021-04-29,1899-12-31 12:35:31,785.2,0.361,2.16,0,30,NA
"orei_manure","rosemount","2021","404","fertControl_cutNone","N fertilizer rate",NA,2021-04-29,1899-12-31 12:35:52,796.1,0.298,2.08,0,30,NA
"orei_manure","rosemount","2021","404","fertControl_cutNone","N fertilizer rate",NA,2021-04-29,1899-12-31 12:36:13,824.9,0.357,2.18,0,30,NA
"orei_manure","rosemount","2021","404","fertControl_cutNone","N fertilizer rate",NA,2021-05-18,1899-12-31 11:55:45,679.4,0.418,2.48,0.08,32,NA
"orei_manure","rosemount","2021","404","fertControl_cutNone","N fertilizer rate",NA,2021-05-18,1899-12-31 11:56:06,660.7,0.366,2.45,0.02,32,NA
"orei_manure","rosemount","2021","404","fertControl_cutNone","N fertilizer rate",NA,2021-05-18,1899-12-31 11:56:27,607.5,0.374,2.46,0.1,32,NA
"orei_manure","rosemount","2021","404","fertControl_cutNone","N fertilizer rate",NA,2021-05-18,1899-12-31 11:56:48,559.8,0.346,2.41,0.17,32,NA
"orei_manure","rosemount","2021","404","fertControl_cutNone","N fertilizer rate",NA,2021-05-18,1899-12-31 11:57:09,533.4,0.367,2.43,0,33,NA
"orei_manure","rosemount","2021","404","fertControl_cutNone","N fertilizer rate",NA,2021-05-18,1899-12-31 11:57:30,516.1,0.366,2.5,0.03,32,NA
"orei_manure","rosemount","2021","404","fertControl_cutNone","N fertilizer rate",NA,2021-05-18,1899-12-31 11:57:51,508.5,0.353,2.5,0,32,NA
"orei_manure","rosemount","2021","404","fertControl_cutNone","N fertilizer rate",NA,2021-05-18,1899-12-31 11:58:12,508.5,0.364,2.48,0.11,32,NA
"orei_manure","rosemount","2021","404","fertControl_cutNone","N fertilizer rate",NA,2021-05-18,1899-12-31 11:58:33,509.2,0.358,2.49,0.09,32,NA
"orei_manure","rosemount","2021","404","fertControl_cutNone","N fertilizer rate",NA,2021-05-18,1899-12-31 11:58:54,513.2,0.356,2.52,0.04,33,NA
"orei_manure","rosemount","2021","404","fertControl_cutNone","N fertilizer rate",NA,2021-05-18,1899-12-31 11:59:15,519.2,0.359,2.46,0.01,32,NA
"orei_manure","rosemount","2021","404","fertControl_cutNone","N fertilizer rate",NA,2021-05-18,1899-12-31 11:59:36,521.5,0.328,2.4,0.04,32,NA
"orei_manure","rosemount","2021","404","fertControl_cutNone","N fertilizer rate",NA,2021-05-18,1899-12-31 11:59:57,531.2,0.36,2.44,0,33,NA
"orei_manure","rosemount","2021","404","fertControl_cutNone","N fertilizer rate",NA,2021-05-18,1899-12-31 12:00:19,535.8,0.373,2.45,0.06,32,NA
"orei_manure","rosemount","2021","404","fertControl_cutNone","N fertilizer rate",NA,2021-05-18,1899-12-31 12:00:40,545,0.386,2.43,0.04,32,NA
"orei_manure","rosemount","2021","404","fertControl_cutNone","N fertilizer rate",NA,2021-05-18,1899-12-31 12:01:01,551.7,0.351,2.53,0,32,NA
"orei_manure","rosemount","2021","404","fertControl_cutNone","N fertilizer rate",NA,2021-05-18,1899-12-31 12:01:22,558.4,0.37,2.44,0,32,NA
"orei_manure","rosemount","2021","404","fertControl_cutNone","N fertilizer rate",NA,2021-06-01,1899-12-31 11:32:09,651.6,0.338,1.91,0,36,NA
"orei_manure","rosemount","2021","404","fertControl_cutNone","N fertilizer rate",NA,2021-06-01,1899-12-31 11:32:30,640.2,0.322,2.01,0,36,NA
"orei_manure","rosemount","2021","404","fertControl_cutNone","N fertilizer rate",NA,2021-06-01,1899-12-31 11:32:51,589.9,0.299,1.96,0,36,NA
"orei_manure","rosemount","2021","404","fertControl_cutNone","N fertilizer rate",NA,2021-06-01,1899-12-31 11:33:13,563.5,0.286,2.06,0,37,NA
"orei_manure","rosemount","2021","404","fertControl_cutNone","N fertilizer rate",NA,2021-06-01,1899-12-31 11:33:35,555.4,0.321,2,0,37,NA
"orei_manure","rosemount","2021","404","fertControl_cutNone","N fertilizer rate",NA,2021-06-01,1899-12-31 11:33:58,545.6,0.327,1.93,0,37,NA
"orei_manure","rosemount","2021","404","fertControl_cutNone","N fertilizer rate",NA,2021-06-01,1899-12-31 11:34:21,551.4,0.344,2.07,0,36,NA
"orei_manure","rosemount","2021","404","fertControl_cutNone","N fertilizer rate",NA,2021-06-01,1899-12-31 11:34:44,563.6,0.328,2.06,0,37,NA
"orei_manure","rosemount","2021","404","fertControl_cutNone","N fertilizer rate",NA,2021-06-01,1899-12-31 11:35:07,574.2,0.329,2.16,0,37,NA
"orei_manure","rosemount","2021","404","fertControl_cutNone","N fertilizer rate",NA,2021-06-01,1899-12-31 11:35:31,587,0.339,1.93,0,37,NA
"orei_manure","rosemount","2021","404","fertControl_cutNone","N fertilizer rate",NA,2021-06-01,1899-12-31 11:35:54,605.2,0.316,2.11,0,37,NA
"orei_manure","rosemount","2021","404","fertControl_cutNone","N fertilizer rate",NA,2021-06-01,1899-12-31 11:36:18,625.8,0.319,1.97,0.07,37,NA
"orei_manure","rosemount","2021","404","fertControl_cutNone","N fertilizer rate",NA,2021-06-01,1899-12-31 11:36:40,653.1,0.36,2.06,0.03,37,NA
"orei_manure","rosemount","2021","404","fertControl_cutNone","N fertilizer rate",NA,2021-06-01,1899-12-31 11:37:03,665.9,0.336,2.02,0,37,NA
"orei_manure","rosemount","2021","404","fertControl_cutNone","N fertilizer rate",NA,2021-06-01,1899-12-31 11:37:26,676,0.311,2.01,0.04,37,NA
"orei_manure","rosemount","2021","404","fertControl_cutNone","N fertilizer rate",NA,2021-06-01,1899-12-31 11:37:50,695.1,0.339,1.99,0,37,NA
"orei_manure","rosemount","2021","404","fertControl_cutNone","N fertilizer rate",NA,2021-06-01,1899-12-31 11:38:14,717.3,0.345,1.99,0.02,37,NA
"orei_manure","rosemount","2021","404","fertControl_cutNone","N fertilizer rate",NA,2021-06-15,1899-12-31 11:44:46,496.4,0.356,2.24,0,37,NA
"orei_manure","rosemount","2021","404","fertControl_cutNone","N fertilizer rate",NA,2021-06-15,1899-12-31 11:45:07,483.7,0.362,2.31,0,37,NA
"orei_manure","rosemount","2021","404","fertControl_cutNone","N fertilizer rate",NA,2021-06-15,1899-12-31 11:45:28,456.2,0.352,2.36,0,37,NA
"orei_manure","rosemount","2021","404","fertControl_cutNone","N fertilizer rate",NA,2021-06-15,1899-12-31 11:45:49,445.7,0.342,2,0,37,NA
"orei_manure","rosemount","2021","404","fertControl_cutNone","N fertilizer rate",NA,2021-06-15,1899-12-31 11:46:10,445.4,0.338,2.31,0,37,NA
"orei_manure","rosemount","2021","404","fertControl_cutNone","N fertilizer rate",NA,2021-06-15,1899-12-31 11:46:31,445.1,0.358,2.15,0,37,NA
"orei_manure","rosemount","2021","404","fertControl_cutNone","N fertilizer rate",NA,2021-06-15,1899-12-31 11:46:52,445.3,0.326,2.31,0,37,NA
"orei_manure","rosemount","2021","404","fertControl_cutNone","N fertilizer rate",NA,2021-06-15,1899-12-31 11:47:13,449.4,0.335,1.99,0,37,NA
"orei_manure","rosemount","2021","404","fertControl_cutNone","N fertilizer rate",NA,2021-06-15,1899-12-31 11:47:34,456,0.353,2.07,0,37,NA
"orei_manure","rosemount","2021","404","fertControl_cutNone","N fertilizer rate",NA,2021-06-15,1899-12-31 11:47:56,456.7,0.35,1.94,0,37,NA
"orei_manure","rosemount","2021","404","fertControl_cutNone","N fertilizer rate",NA,2021-06-15,1899-12-31 11:48:17,453.4,0.339,2.18,0,37,NA
"orei_manure","rosemount","2021","404","fertControl_cutNone","N fertilizer rate",NA,2021-06-15,1899-12-31 11:48:38,460,0.348,2.02,0,37,NA
"orei_manure","rosemount","2021","404","fertControl_cutNone","N fertilizer rate",NA,2021-06-15,1899-12-31 11:48:59,466.1,0.358,2.44,0,37,NA
"orei_manure","rosemount","2021","404","fertControl_cutNone","N fertilizer rate",NA,2021-06-15,1899-12-31 11:49:20,466,0.383,2.23,0,37,NA
"orei_manure","rosemount","2021","404","fertControl_cutNone","N fertilizer rate",NA,2021-06-15,1899-12-31 11:49:41,470,0.376,2.01,0,37,NA
"orei_manure","rosemount","2021","404","fertControl_cutNone","N fertilizer rate",NA,2021-06-15,1899-12-31 11:50:02,466,0.344,2.1,0.01,37,NA
"orei_manure","rosemount","2021","404","fertControl_cutNone","N fertilizer rate",NA,2021-06-15,1899-12-31 11:50:23,467.2,0.358,2.24,0,37,NA
"orei_manure","rosemount","2021","404","fertControl_cutNone","N fertilizer rate",NA,2021-06-15,1899-12-31 11:50:44,473.7,0.343,2.29,0,37,NA
"orei_manure","rosemount","2021","404","fertControl_cutNone","N fertilizer rate",NA,2021-09-10,1899-12-31 11:25:35,461,0.314,2.41,0,35,NA
"orei_manure","rosemount","2021","404","fertControl_cutNone","N fertilizer rate",NA,2021-09-10,1899-12-31 11:25:56,425.7,0.331,2.37,0,36,NA
"orei_manure","rosemount","2021","404","fertControl_cutNone","N fertilizer rate",NA,2021-09-10,1899-12-31 11:26:17,407.5,0.319,2.39,0,35,NA
"orei_manure","rosemount","2021","404","fertControl_cutNone","N fertilizer rate",NA,2021-09-10,1899-12-31 11:26:38,406.6,0.316,2.27,0.01,35,NA
"orei_manure","rosemount","2021","404","fertControl_cutNone","N fertilizer rate",NA,2021-09-10,1899-12-31 11:26:59,409.2,0.306,2.36,0,35,NA
"orei_manure","rosemount","2021","404","fertControl_cutNone","N fertilizer rate",NA,2021-09-10,1899-12-31 11:27:20,414,0.311,2.36,0,35,NA
"orei_manure","rosemount","2021","404","fertControl_cutNone","N fertilizer rate",NA,2021-09-10,1899-12-31 11:27:41,419.5,0.302,2.35,0,36,NA
"orei_manure","rosemount","2021","404","fertControl_cutNone","N fertilizer rate",NA,2021-09-10,1899-12-31 11:28:02,428,0.308,2.4,0,36,NA
"orei_manure","rosemount","2021","404","fertControl_cutNone","N fertilizer rate",NA,2021-09-10,1899-12-31 11:28:23,432.8,0.296,2.24,0,36,NA
"orei_manure","rosemount","2021","404","fertControl_cutNone","N fertilizer rate",NA,2021-09-10,1899-12-31 11:28:44,439.2,0.308,2.29,0,36,NA
"orei_manure","rosemount","2021","404","fertControl_cutNone","N fertilizer rate",NA,2021-09-10,1899-12-31 11:29:05,439.5,0.291,2.36,0,35,NA
"orei_manure","rosemount","2021","404","fertControl_cutNone","N fertilizer rate",NA,2021-09-10,1899-12-31 11:29:26,446.7,0.311,2.36,0.05,36,NA
"orei_manure","rosemount","2021","404","fertControl_cutNone","N fertilizer rate",NA,2021-09-10,1899-12-31 11:29:46,451.4,0.302,2.34,0,36,NA
"orei_manure","rosemount","2021","404","fertControl_cutNone","N fertilizer rate",NA,2021-09-10,1899-12-31 11:30:07,455.7,0.323,2.36,0,36,NA
"orei_manure","rosemount","2021","404","fertControl_cutNone","N fertilizer rate",NA,2021-09-10,1899-12-31 11:30:28,459.8,0.312,2.37,0,36,NA
"orei_manure","rosemount","2021","404","fertControl_cutNone","N fertilizer rate",NA,2021-09-10,1899-12-31 11:30:49,462.5,0.302,2.29,0.01,36,NA
"orei_manure","rosemount","2021","404","fertControl_cutNone","N fertilizer rate",NA,2021-09-10,1899-12-31 11:31:10,466.2,0.31,2.38,0,36,NA
"orei_manure","rosemount","2021","404","fertControl_cutNone","N fertilizer rate",NA,2021-09-10,1899-12-31 11:31:31,471.4,0.313,2.31,0,36,NA
"orei_manure","rosemount","2021","412","fertManure_cutFall","N fertilizer rate","88 kg N ha",NA,NA,NA,NA,NA,NA,NA,NA
"orei_manure","rosemount","2021","413","fertCommercial_cutFall","N fertilizer rate","70 kg N ha",NA,NA,NA,NA,NA,NA,NA,NA
"orei_manure","rosemount","2021","414","fertControl_cutFall","N fertilizer rate",NA,NA,NA,NA,NA,NA,NA,NA,NA
"orei_manure","rosemount","2022","101","fertCommercial_cutNone","N fertilizer rate","70 kg N ha",NA,NA,NA,NA,NA,NA,NA,NA
"orei_manure","rosemount","2022","102","fertControl_cutNone","N fertilizer rate",NA,NA,NA,NA,NA,NA,NA,NA,NA
"orei_manure","rosemount","2022","104","fertManure_cutNone","N fertilizer rate","88 kg N ha",NA,NA,NA,NA,NA,NA,NA,NA
"orei_manure","rosemount","2022","111","fertCommercial_cutFall","N fertilizer rate","70 kg N ha",NA,NA,NA,NA,NA,NA,NA,NA
"orei_manure","rosemount","2022","112","fertControl_cutFall","N fertilizer rate",NA,NA,NA,NA,NA,NA,NA,NA,NA
"orei_manure","rosemount","2022","114","fertManure_cutFall","N fertilizer rate","88 kg N ha",NA,NA,NA,NA,NA,NA,NA,NA
"orei_manure","rosemount","2022","201","fertManure_cutNone","N fertilizer rate","88 kg N ha",NA,NA,NA,NA,NA,NA,NA,NA
"orei_manure","rosemount","2022","202","fertCommercial_cutNone","N fertilizer rate","70 kg N ha",NA,NA,NA,NA,NA,NA,NA,NA
"orei_manure","rosemount","2022","204","fertControl_cutNone","N fertilizer rate",NA,NA,NA,NA,NA,NA,NA,NA,NA
"orei_manure","rosemount","2022","211","fertManure_cutFall","N fertilizer rate","88 kg N ha",NA,NA,NA,NA,NA,NA,NA,NA
"orei_manure","rosemount","2022","212","fertCommercial_cutFall","N fertilizer rate","70 kg N ha",NA,NA,NA,NA,NA,NA,NA,NA
"orei_manure","rosemount","2022","214","fertControl_cutFall","N fertilizer rate",NA,NA,NA,NA,NA,NA,NA,NA,NA
"orei_manure","rosemount","2022","301","fertManure_cutNone","N fertilizer rate","88 kg N ha",NA,NA,NA,NA,NA,NA,NA,NA
"orei_manure","rosemount","2022","302","fertControl_cutNone","N fertilizer rate",NA,NA,NA,NA,NA,NA,NA,NA,NA
"orei_manure","rosemount","2022","304","fertCommercial_cutNone","N fertilizer rate","70 kg N ha",NA,NA,NA,NA,NA,NA,NA,NA
"orei_manure","rosemount","2022","311","fertManure_cutFall","N fertilizer rate","88 kg N ha",NA,NA,NA,NA,NA,NA,NA,NA
"orei_manure","rosemount","2022","312","fertControl_cutFall","N fertilizer rate",NA,NA,NA,NA,NA,NA,NA,NA,NA
"orei_manure","rosemount","2022","314","fertCommercial_cutFall","N fertilizer rate","70 kg N ha",NA,NA,NA,NA,NA,NA,NA,NA
"orei_manure","rosemount","2022","402","fertManure_cutNone","N fertilizer rate","88 kg N ha",NA,NA,NA,NA,NA,NA,NA,NA
"orei_manure","rosemount","2022","403","fertCommercial_cutNone","N fertilizer rate","70 kg N ha",NA,NA,NA,NA,NA,NA,NA,NA
"orei_manure","rosemount","2022","404","fertControl_cutNone","N fertilizer rate",NA,NA,NA,NA,NA,NA,NA,NA,NA
"orei_manure","rosemount","2022","412","fertManure_cutFall","N fertilizer rate","88 kg N ha",NA,NA,NA,NA,NA,NA,NA,NA
"orei_manure","rosemount","2022","413","fertCommercial_cutFall","N fertilizer rate","70 kg N ha",NA,NA,NA,NA,NA,NA,NA,NA
"orei_manure","rosemount","2022","414","fertControl_cutFall","N fertilizer rate",NA,NA,NA,NA,NA,NA,NA,NA,NA
"ncas","rosemount","2022","501","2023_080","N fertilizer rate","180",NA,NA,NA,NA,NA,NA,NA,NA
"ncas","rosemount","2022","502","2023_000","N fertilizer rate","180",NA,NA,NA,NA,NA,NA,NA,NA
"ncas","rosemount","2022","503","2024_000","N fertilizer rate",NA,NA,NA,NA,NA,NA,NA,NA,NA
"ncas","rosemount","2022","504","2022_000","N fertilizer rate",NA,NA,NA,NA,NA,NA,NA,NA,NA
"ncas","rosemount","2022","505","2024_160","N fertilizer rate",NA,NA,NA,NA,NA,NA,NA,NA,NA
"ncas","rosemount","2022","506","2022_080","N fertilizer rate",NA,NA,NA,NA,NA,NA,NA,NA,NA
"ncas","rosemount","2022","507","2024_080","N fertilizer rate",NA,NA,NA,NA,NA,NA,NA,NA,NA
"ncas","rosemount","2022","508","2023_160","N fertilizer rate","180",NA,NA,NA,NA,NA,NA,NA,NA
"ncas","rosemount","2022","509","2022_160","N fertilizer rate",NA,NA,NA,NA,NA,NA,NA,NA,NA
"ncas","rosemount","2022","601","2023_000","N fertilizer rate","180",NA,NA,NA,NA,NA,NA,NA,NA
"ncas","rosemount","2022","602","2023_080","N fertilizer rate","180",NA,NA,NA,NA,NA,NA,NA,NA
"ncas","rosemount","2022","603","2022_080","N fertilizer rate",NA,NA,NA,NA,NA,NA,NA,NA,NA
"ncas","rosemount","2022","604","2023_160","N fertilizer rate","180",NA,NA,NA,NA,NA,NA,NA,NA
"ncas","rosemount","2022","605","2024_000","N fertilizer rate",NA,NA,NA,NA,NA,NA,NA,NA,NA
"ncas","rosemount","2022","606","2022_000","N fertilizer rate",NA,NA,NA,NA,NA,NA,NA,NA,NA
"ncas","rosemount","2022","607","2022_160","N fertilizer rate",NA,NA,NA,NA,NA,NA,NA,NA,NA
"ncas","rosemount","2022","608","2024_160","N fertilizer rate",NA,NA,NA,NA,NA,NA,NA,NA,NA
"ncas","rosemount","2022","609","2024_080","N fertilizer rate",NA,NA,NA,NA,NA,NA,NA,NA,NA
"ncas","rosemount","2022","701","2024_080","N fertilizer rate",NA,NA,NA,NA,NA,NA,NA,NA,NA
"ncas","rosemount","2022","702","2023_160","N fertilizer rate","180",NA,NA,NA,NA,NA,NA,NA,NA
"ncas","rosemount","2022","703","2024_000","N fertilizer rate",NA,NA,NA,NA,NA,NA,NA,NA,NA
"ncas","rosemount","2022","704","2023_080","N fertilizer rate","180",NA,NA,NA,NA,NA,NA,NA,NA
"ncas","rosemount","2022","705","2023_000","N fertilizer rate","180",NA,NA,NA,NA,NA,NA,NA,NA
"ncas","rosemount","2022","706","2022_080","N fertilizer rate",NA,NA,NA,NA,NA,NA,NA,NA,NA
"ncas","rosemount","2022","707","2022_000","N fertilizer rate",NA,NA,NA,NA,NA,NA,NA,NA,NA
"ncas","rosemount","2022","708","2022_160","N fertilizer rate",NA,NA,NA,NA,NA,NA,NA,NA,NA
"ncas","rosemount","2022","709","2024_160","N fertilizer rate",NA,NA,NA,NA,NA,NA,NA,NA,NA
"ncas","rosemount","2022","801","2023_160","N fertilizer rate","180",NA,NA,NA,NA,NA,NA,NA,NA
"ncas","rosemount","2022","802","2023_000","N fertilizer rate","180",NA,NA,NA,NA,NA,NA,NA,NA
"ncas","rosemount","2022","803","2024_160","N fertilizer rate",NA,NA,NA,NA,NA,NA,NA,NA,NA
"ncas","rosemount","2022","804","2023_080","N fertilizer rate","180",NA,NA,NA,NA,NA,NA,NA,NA
"ncas","rosemount","2022","805","2022_160","N fertilizer rate",NA,NA,NA,NA,NA,NA,NA,NA,NA
"ncas","rosemount","2022","806","2024_080","N fertilizer rate",NA,NA,NA,NA,NA,NA,NA,NA,NA
"ncas","rosemount","2022","807","2022_000","N fertilizer rate",NA,NA,NA,NA,NA,NA,NA,NA,NA
"ncas","rosemount","2022","808","2024_000","N fertilizer rate",NA,NA,NA,NA,NA,NA,NA,NA,NA
"ncas","rosemount","2022","809","2022_080","N fertilizer rate",NA,NA,NA,NA,NA,NA,NA,NA,NA
"ncas","rosemount","2023","501","2023_080","N fertilizer rate",NA,NA,NA,NA,NA,NA,NA,NA,NA
"ncas","rosemount","2023","502","2023_000","N fertilizer rate",NA,NA,NA,NA,NA,NA,NA,NA,NA
"ncas","rosemount","2023","503","2024_000","N fertilizer rate","180",NA,NA,NA,NA,NA,NA,NA,NA
"ncas","rosemount","2023","504","2022_000","N fertilizer rate","0",NA,NA,NA,NA,NA,NA,NA,NA
"ncas","rosemount","2023","505","2024_160","N fertilizer rate","180",NA,NA,NA,NA,NA,NA,NA,NA
"ncas","rosemount","2023","506","2022_080","N fertilizer rate","80",NA,NA,NA,NA,NA,NA,NA,NA
"ncas","rosemount","2023","507","2024_080","N fertilizer rate","180",NA,NA,NA,NA,NA,NA,NA,NA
"ncas","rosemount","2023","508","2023_160","N fertilizer rate",NA,NA,NA,NA,NA,NA,NA,NA,NA
"ncas","rosemount","2023","509","2022_160","N fertilizer rate","160",NA,NA,NA,NA,NA,NA,NA,NA
"ncas","rosemount","2023","601","2023_000","N fertilizer rate",NA,NA,NA,NA,NA,NA,NA,NA,NA
"ncas","rosemount","2023","602","2023_080","N fertilizer rate",NA,NA,NA,NA,NA,NA,NA,NA,NA
"ncas","rosemount","2023","603","2022_080","N fertilizer rate","80",NA,NA,NA,NA,NA,NA,NA,NA
"ncas","rosemount","2023","604","2023_160","N fertilizer rate",NA,NA,NA,NA,NA,NA,NA,NA,NA
"ncas","rosemount","2023","605","2024_000","N fertilizer rate","180",NA,NA,NA,NA,NA,NA,NA,NA
"ncas","rosemount","2023","606","2022_000","N fertilizer rate","0",NA,NA,NA,NA,NA,NA,NA,NA
"ncas","rosemount","2023","607","2022_160","N fertilizer rate","160",NA,NA,NA,NA,NA,NA,NA,NA
"ncas","rosemount","2023","608","2024_160","N fertilizer rate","180",NA,NA,NA,NA,NA,NA,NA,NA
"ncas","rosemount","2023","609","2024_080","N fertilizer rate","180",NA,NA,NA,NA,NA,NA,NA,NA
"ncas","rosemount","2023","701","2024_080","N fertilizer rate","180",NA,NA,NA,NA,NA,NA,NA,NA
"ncas","rosemount","2023","702","2023_160","N fertilizer rate",NA,NA,NA,NA,NA,NA,NA,NA,NA
"ncas","rosemount","2023","703","2024_000","N fertilizer rate","180",NA,NA,NA,NA,NA,NA,NA,NA
"ncas","rosemount","2023","704","2023_080","N fertilizer rate",NA,NA,NA,NA,NA,NA,NA,NA,NA
"ncas","rosemount","2023","705","2023_000","N fertilizer rate",NA,NA,NA,NA,NA,NA,NA,NA,NA
"ncas","rosemount","2023","706","2022_080","N fertilizer rate","80",NA,NA,NA,NA,NA,NA,NA,NA
"ncas","rosemount","2023","707","2022_000","N fertilizer rate","0",NA,NA,NA,NA,NA,NA,NA,NA
"ncas","rosemount","2023","708","2022_160","N fertilizer rate","160",NA,NA,NA,NA,NA,NA,NA,NA
"ncas","rosemount","2023","709","2024_160","N fertilizer rate","180",NA,NA,NA,NA,NA,NA,NA,NA
"ncas","rosemount","2023","801","2023_160","N fertilizer rate",NA,NA,NA,NA,NA,NA,NA,NA,NA
"ncas","rosemount","2023","802","2023_000","N fertilizer rate",NA,NA,NA,NA,NA,NA,NA,NA,NA
"ncas","rosemount","2023","803","2024_160","N fertilizer rate","180",NA,NA,NA,NA,NA,NA,NA,NA
"ncas","rosemount","2023","804","2023_080","N fertilizer rate",NA,NA,NA,NA,NA,NA,NA,NA,NA
"ncas","rosemount","2023","805","2022_160","N fertilizer rate","160",NA,NA,NA,NA,NA,NA,NA,NA
"ncas","rosemount","2023","806","2024_080","N fertilizer rate","180",NA,NA,NA,NA,NA,NA,NA,NA
"ncas","rosemount","2023","807","2022_000","N fertilizer rate","0",NA,NA,NA,NA,NA,NA,NA,NA
"ncas","rosemount","2023","808","2024_000","N fertilizer rate","180",NA,NA,NA,NA,NA,NA,NA,NA
"ncas","rosemount","2023","809","2022_080","N fertilizer rate","80",NA,NA,NA,NA,NA,NA,NA,NA
"ncas","rosemount","2024","501","2023_080","N fertilizer rate","80",NA,NA,NA,NA,NA,NA,NA,NA
"ncas","rosemount","2024","502","2023_000","N fertilizer rate","0",NA,NA,NA,NA,NA,NA,NA,NA
"ncas","rosemount","2024","503","2024_000","N fertilizer rate",NA,NA,NA,NA,NA,NA,NA,NA,NA
"ncas","rosemount","2024","504","2022_000","N fertilizer rate","0",NA,NA,NA,NA,NA,NA,NA,NA
"ncas","rosemount","2024","505","2024_160","N fertilizer rate",NA,NA,NA,NA,NA,NA,NA,NA,NA
"ncas","rosemount","2024","506","2022_080","N fertilizer rate","80",NA,NA,NA,NA,NA,NA,NA,NA
"ncas","rosemount","2024","507","2024_080","N fertilizer rate",NA,NA,NA,NA,NA,NA,NA,NA,NA
"ncas","rosemount","2024","508","2023_160","N fertilizer rate","160",NA,NA,NA,NA,NA,NA,NA,NA
"ncas","rosemount","2024","509","2022_160","N fertilizer rate","160",NA,NA,NA,NA,NA,NA,NA,NA
"ncas","rosemount","2024","601","2023_000","N fertilizer rate","0",NA,NA,NA,NA,NA,NA,NA,NA
"ncas","rosemount","2024","602","2023_080","N fertilizer rate","80",NA,NA,NA,NA,NA,NA,NA,NA
"ncas","rosemount","2024","603","2022_080","N fertilizer rate","80",NA,NA,NA,NA,NA,NA,NA,NA
"ncas","rosemount","2024","604","2023_160","N fertilizer rate","160",NA,NA,NA,NA,NA,NA,NA,NA
"ncas","rosemount","2024","605","2024_000","N fertilizer rate",NA,NA,NA,NA,NA,NA,NA,NA,NA
"ncas","rosemount","2024","606","2022_000","N fertilizer rate","0",NA,NA,NA,NA,NA,NA,NA,NA
"ncas","rosemount","2024","607","2022_160","N fertilizer rate","160",NA,NA,NA,NA,NA,NA,NA,NA
"ncas","rosemount","2024","608","2024_160","N fertilizer rate",NA,NA,NA,NA,NA,NA,NA,NA,NA
"ncas","rosemount","2024","609","2024_080","N fertilizer rate",NA,NA,NA,NA,NA,NA,NA,NA,NA
"ncas","rosemount","2024","701","2024_080","N fertilizer rate",NA,NA,NA,NA,NA,NA,NA,NA,NA
"ncas","rosemount","2024","702","2023_160","N fertilizer rate","160",NA,NA,NA,NA,NA,NA,NA,NA
"ncas","rosemount","2024","703","2024_000","N fertilizer rate",NA,NA,NA,NA,NA,NA,NA,NA,NA
"ncas","rosemount","2024","704","2023_080","N fertilizer rate","80",NA,NA,NA,NA,NA,NA,NA,NA
"ncas","rosemount","2024","705","2023_000","N fertilizer rate","0",NA,NA,NA,NA,NA,NA,NA,NA
"ncas","rosemount","2024","706","2022_080","N fertilizer rate","80",NA,NA,NA,NA,NA,NA,NA,NA
"ncas","rosemount","2024","707","2022_000","N fertilizer rate","0",NA,NA,NA,NA,NA,NA,NA,NA
"ncas","rosemount","2024","708","2022_160","N fertilizer rate","160",NA,NA,NA,NA,NA,NA,NA,NA
"ncas","rosemount","2024","709","2024_160","N fertilizer rate",NA,NA,NA,NA,NA,NA,NA,NA,NA
"ncas","rosemount","2024","801","2023_160","N fertilizer rate","160",NA,NA,NA,NA,NA,NA,NA,NA
"ncas","rosemount","2024","802","2023_000","N fertilizer rate","0",NA,NA,NA,NA,NA,NA,NA,NA
"ncas","rosemount","2024","803","2024_160","N fertilizer rate",NA,NA,NA,NA,NA,NA,NA,NA,NA
"ncas","rosemount","2024","804","2023_080","N fertilizer rate","80",NA,NA,NA,NA,NA,NA,NA,NA
"ncas","rosemount","2024","805","2022_160","N fertilizer rate","160",NA,NA,NA,NA,NA,NA,NA,NA
"ncas","rosemount","2024","806","2024_080","N fertilizer rate",NA,NA,NA,NA,NA,NA,NA,NA,NA
"ncas","rosemount","2024","807","2022_000","N fertilizer rate","0",NA,NA,NA,NA,NA,NA,NA,NA
"ncas","rosemount","2024","808","2024_000","N fertilizer rate",NA,NA,NA,NA,NA,NA,NA,NA,NA
"ncas","rosemount","2024","809","2022_080","N fertilizer rate","80",NA,NA,NA,NA,NA,NA,NA,NA
"ncas","rosemount","2025","501","2023_080",NA,NA,NA,NA,NA,NA,NA,NA,NA,NA
"ncas","rosemount","2025","502","2023_000",NA,NA,NA,NA,NA,NA,NA,NA,NA,NA
"ncas","rosemount","2025","503","2024_000",NA,NA,NA,NA,NA,NA,NA,NA,NA,NA
"ncas","rosemount","2025","504","2022_000",NA,NA,NA,NA,NA,NA,NA,NA,NA,NA
"ncas","rosemount","2025","505","2024_160",NA,NA,NA,NA,NA,NA,NA,NA,NA,NA
"ncas","rosemount","2025","506","2022_080",NA,NA,NA,NA,NA,NA,NA,NA,NA,NA
"ncas","rosemount","2025","507","2024_080",NA,NA,NA,NA,NA,NA,NA,NA,NA,NA
"ncas","rosemount","2025","508","2023_160",NA,NA,NA,NA,NA,NA,NA,NA,NA,NA
"ncas","rosemount","2025","509","2022_160",NA,NA,NA,NA,NA,NA,NA,NA,NA,NA
"ncas","rosemount","2025","601","2023_000",NA,NA,NA,NA,NA,NA,NA,NA,NA,NA
"ncas","rosemount","2025","602","2023_080",NA,NA,NA,NA,NA,NA,NA,NA,NA,NA
"ncas","rosemount","2025","603","2022_080",NA,NA,NA,NA,NA,NA,NA,NA,NA,NA
"ncas","rosemount","2025","604","2023_160",NA,NA,NA,NA,NA,NA,NA,NA,NA,NA
"ncas","rosemount","2025","605","2024_000",NA,NA,NA,NA,NA,NA,NA,NA,NA,NA
"ncas","rosemount","2025","606","2022_000",NA,NA,NA,NA,NA,NA,NA,NA,NA,NA
"ncas","rosemount","2025","607","2022_160",NA,NA,NA,NA,NA,NA,NA,NA,NA,NA
"ncas","rosemount","2025","608","2024_160",NA,NA,NA,NA,NA,NA,NA,NA,NA,NA
"ncas","rosemount","2025","609","2024_080",NA,NA,NA,NA,NA,NA,NA,NA,NA,NA
"ncas","rosemount","2025","701","2024_080",NA,NA,NA,NA,NA,NA,NA,NA,NA,NA
"ncas","rosemount","2025","702","2023_160",NA,NA,NA,NA,NA,NA,NA,NA,NA,NA
"ncas","rosemount","2025","703","2024_000",NA,NA,NA,NA,NA,NA,NA,NA,NA,NA
"ncas","rosemount","2025","704","2023_080",NA,NA,NA,NA,NA,NA,NA,NA,NA,NA
"ncas","rosemount","2025","705","2023_000",NA,NA,NA,NA,NA,NA,NA,NA,NA,NA
"ncas","rosemount","2025","706","2022_080",NA,NA,NA,NA,NA,NA,NA,NA,NA,NA
"ncas","rosemount","2025","707","2022_000",NA,NA,NA,NA,NA,NA,NA,NA,NA,NA
"ncas","rosemount","2025","708","2022_160",NA,NA,NA,NA,NA,NA,NA,NA,NA,NA
"ncas","rosemount","2025","709","2024_160",NA,NA,NA,NA,NA,NA,NA,NA,NA,NA
"ncas","rosemount","2025","801","2023_160",NA,NA,NA,NA,NA,NA,NA,NA,NA,NA
"ncas","rosemount","2025","802","2023_000",NA,NA,NA,NA,NA,NA,NA,NA,NA,NA
"ncas","rosemount","2025","803","2024_160",NA,NA,NA,NA,NA,NA,NA,NA,NA,NA
"ncas","rosemount","2025","804","2023_080",NA,NA,NA,NA,NA,NA,NA,NA,NA,NA
"ncas","rosemount","2025","805","2022_160",NA,NA,NA,NA,NA,NA,NA,NA,NA,NA
"ncas","rosemount","2025","806","2024_080",NA,NA,NA,NA,NA,NA,NA,NA,NA,NA
"ncas","rosemount","2025","807","2022_000",NA,NA,NA,NA,NA,NA,NA,NA,NA,NA
"ncas","rosemount","2025","808","2024_000",NA,NA,NA,NA,NA,NA,NA,NA,NA,NA
"ncas","rosemount","2025","809","2022_080",NA,NA,NA,NA,NA,NA,NA,NA,NA,NA
"iree_legume","Cro","2013","3206","corn_6",NA,NA,NA,NA,NA,NA,NA,NA,NA,NA
"iree_legume","Cro","2013","3307","corn_6",NA,NA,NA,NA,NA,NA,NA,NA,NA,NA
"iree_legume","Cro","2013","3105","corn_6",NA,NA,NA,NA,NA,NA,NA,NA,NA,NA
"iree_legume","Cro","2013","3410","corn_6",NA,NA,NA,NA,NA,NA,NA,NA,NA,NA
"iree_legume","Lam","2013","2424","corn_6",NA,NA,NA,NA,NA,NA,NA,NA,NA,NA
"iree_legume","Lam","2013","2102","corn_6",NA,NA,NA,NA,NA,NA,NA,NA,NA,NA
"iree_legume","Lam","2013","2323","corn_6",NA,NA,NA,NA,NA,NA,NA,NA,NA,NA
"iree_legume","Lam","2013","2219","corn_6",NA,NA,NA,NA,NA,NA,NA,NA,NA,NA
"iree_legume","Mor","2013","4105","corn_6",NA,NA,NA,NA,NA,NA,NA,NA,NA,NA
"iree_legume","Mor","2013","4405","corn_6",NA,NA,NA,NA,NA,NA,NA,NA,NA,NA
"iree_legume","Mor","2013","4219","corn_6",NA,NA,NA,NA,NA,NA,NA,NA,NA,NA
"iree_legume","Mor","2013","4315","corn_6",NA,NA,NA,NA,NA,NA,NA,NA,NA,NA
"iree_legume","Ros","2013","5322","corn_6",NA,NA,NA,NA,NA,NA,NA,NA,NA,NA
"iree_legume","Ros","2013","5216","corn_6",NA,NA,NA,NA,NA,NA,NA,NA,NA,NA
"iree_legume","Ros","2013","5109","corn_6",NA,NA,NA,NA,NA,NA,NA,NA,NA,NA
"iree_legume","Ros","2013","5423","corn_6",NA,NA,NA,NA,NA,NA,NA,NA,NA,NA
"iree_legume","StP","2013","125","corn_6",NA,NA,NA,NA,NA,NA,NA,NA,NA,NA
"iree_legume","StP","2013","219","corn_6",NA,NA,NA,NA,NA,NA,NA,NA,NA,NA
"iree_legume","StP","2013","301","corn_6",NA,NA,NA,NA,NA,NA,NA,NA,NA,NA
"iree_legume","Was","2013","1219","corn_6",NA,NA,NA,NA,NA,NA,NA,NA,NA,NA
"iree_legume","Was","2013","1418","corn_6",NA,NA,NA,NA,NA,NA,NA,NA,NA,NA
"iree_legume","Was","2013","1320","corn_6",NA,NA,NA,NA,NA,NA,NA,NA,NA,NA
"iree_legume","Was","2013","1111","corn_6",NA,NA,NA,NA,NA,NA,NA,NA,NA,NA
"iree_legume","StP","2014","125","corn_6",NA,NA,NA,NA,NA,NA,NA,NA,NA,NA
"iree_legume","StP","2014","219","corn_6",NA,NA,NA,NA,NA,NA,NA,NA,NA,NA
"iree_legume","StP","2014","301","corn_6",NA,NA,NA,NA,NA,NA,NA,NA,NA,NA
"iree_legume","Cro","2015","3307","corn_6",NA,NA,NA,NA,NA,NA,NA,NA,NA,NA
"iree_legume","Cro","2015","3410","corn_6",NA,NA,NA,NA,NA,NA,NA,NA,NA,NA
"iree_legume","Cro","2015","3206","corn_6",NA,NA,NA,NA,NA,NA,NA,NA,NA,NA
"iree_legume","Cro","2015","3105","corn_6",NA,NA,NA,NA,NA,NA,NA,NA,NA,NA
"iree_legume","Lam","2015","2424","corn_6",NA,NA,NA,NA,NA,NA,NA,NA,NA,NA
"iree_legume","Lam","2015","2219","corn_6",NA,NA,NA,NA,NA,NA,NA,NA,NA,NA
"iree_legume","Lam","2015","2102","corn_6",NA,NA,NA,NA,NA,NA,NA,NA,NA,NA
"iree_legume","Lam","2015","2323","corn_6",NA,NA,NA,NA,NA,NA,NA,NA,NA,NA
"iree_legume","Mor","2015","4405","corn_6",NA,NA,NA,NA,NA,NA,NA,NA,NA,NA
"iree_legume","Mor","2015","4315","corn_6",NA,NA,NA,NA,NA,NA,NA,NA,NA,NA
"iree_legume","Mor","2015","4219","corn_6",NA,NA,NA,NA,NA,NA,NA,NA,NA,NA
"iree_legume","Mor","2015","4105","corn_6",NA,NA,NA,NA,NA,NA,NA,NA,NA,NA
"iree_legume","Ros","2015","5322","corn_6",NA,NA,NA,NA,NA,NA,NA,NA,NA,NA
"iree_legume","Ros","2015","5423","corn_6",NA,NA,NA,NA,NA,NA,NA,NA,NA,NA
"iree_legume","Ros","2015","5216","corn_6",NA,NA,NA,NA,NA,NA,NA,NA,NA,NA
"iree_legume","Ros","2015","5109","corn_6",NA,NA,NA,NA,NA,NA,NA,NA,NA,NA
"iree_legume","StP","2015","219","corn_6",NA,NA,NA,NA,NA,NA,NA,NA,NA,NA
"iree_legume","StP","2015","301","corn_6",NA,NA,NA,NA,NA,NA,NA,NA,NA,NA
"iree_legume","StP","2015","125","corn_6",NA,NA,NA,NA,NA,NA,NA,NA,NA,NA
"iree_legume","Was","2015","1418","corn_6",NA,NA,NA,NA,NA,NA,NA,NA,NA,NA
"iree_legume","Was","2015","1219","corn_6",NA,NA,NA,NA,NA,NA,NA,NA,NA,NA
"iree_legume","Was","2015","1320","corn_6",NA,NA,NA,NA,NA,NA,NA,NA,NA,NA
"iree_legume","Was","2015","1111","corn_6",NA,NA,NA,NA,NA,NA,NA,NA,NA,NA
"iree_legume","Cro","2013","3317","corn_7",NA,NA,NA,NA,NA,NA,NA,NA,NA,NA
"iree_legume","Cro","2013","3420","corn_7",NA,NA,NA,NA,NA,NA,NA,NA,NA,NA
"iree_legume","Cro","2013","3221","corn_7",NA,NA,NA,NA,NA,NA,NA,NA,NA,NA
"iree_legume","Cro","2013","3125","corn_7",NA,NA,NA,NA,NA,NA,NA,NA,NA,NA
"iree_legume","Lam","2013","2204","corn_7",NA,NA,NA,NA,NA,NA,NA,NA,NA,NA
"iree_legume","Lam","2013","2122","corn_7",NA,NA,NA,NA,NA,NA,NA,NA,NA,NA
"iree_legume","Lam","2013","2414","corn_7",NA,NA,NA,NA,NA,NA,NA,NA,NA,NA
"iree_legume","Lam","2013","2303","corn_7",NA,NA,NA,NA,NA,NA,NA,NA,NA,NA
"iree_legume","Mor","2013","4204","corn_7",NA,NA,NA,NA,NA,NA,NA,NA,NA,NA
"iree_legume","Mor","2013","4425","corn_7",NA,NA,NA,NA,NA,NA,NA,NA,NA,NA
"iree_legume","Mor","2013","4305","corn_7",NA,NA,NA,NA,NA,NA,NA,NA,NA,NA
"iree_legume","Mor","2013","4115","corn_7",NA,NA,NA,NA,NA,NA,NA,NA,NA,NA
"iree_legume","Ros","2013","5119","corn_7",NA,NA,NA,NA,NA,NA,NA,NA,NA,NA
"iree_legume","Ros","2013","5408","corn_7",NA,NA,NA,NA,NA,NA,NA,NA,NA,NA
"iree_legume","Ros","2013","5302","corn_7",NA,NA,NA,NA,NA,NA,NA,NA,NA,NA
"iree_legume","Ros","2013","5221","corn_7",NA,NA,NA,NA,NA,NA,NA,NA,NA,NA
"iree_legume","StP","2013","105","corn_7",NA,NA,NA,NA,NA,NA,NA,NA,NA,NA
"iree_legume","StP","2013","306","corn_7",NA,NA,NA,NA,NA,NA,NA,NA,NA,NA
"iree_legume","StP","2013","204","corn_7",NA,NA,NA,NA,NA,NA,NA,NA,NA,NA
"iree_legume","Was","2013","1214","corn_7",NA,NA,NA,NA,NA,NA,NA,NA,NA,NA
"iree_legume","Was","2013","1423","corn_7",NA,NA,NA,NA,NA,NA,NA,NA,NA,NA
"iree_legume","Was","2013","1315","corn_7",NA,NA,NA,NA,NA,NA,NA,NA,NA,NA
"iree_legume","Was","2013","1101","corn_7",NA,NA,NA,NA,NA,NA,NA,NA,NA,NA
"iree_legume","StP","2014","105","corn_7",NA,NA,NA,NA,NA,NA,NA,NA,NA,NA
"iree_legume","StP","2014","306","corn_7",NA,NA,NA,NA,NA,NA,NA,NA,NA,NA
"iree_legume","Cro","2015","3420","corn_7",NA,NA,NA,NA,NA,NA,NA,NA,NA,NA
"iree_legume","Cro","2015","3317","corn_7",NA,NA,NA,NA,NA,NA,NA,NA,NA,NA
"iree_legume","Cro","2015","3125","corn_7",NA,NA,NA,NA,NA,NA,NA,NA,NA,NA
"iree_legume","Cro","2015","3221","corn_7",NA,NA,NA,NA,NA,NA,NA,NA,NA,NA
"iree_legume","Lam","2015","2414","corn_7",NA,NA,NA,NA,NA,NA,NA,NA,NA,NA
"iree_legume","Lam","2015","2122","corn_7",NA,NA,NA,NA,NA,NA,NA,NA,NA,NA
"iree_legume","Lam","2015","2204","corn_7",NA,NA,NA,NA,NA,NA,NA,NA,NA,NA
"iree_legume","Lam","2015","2303","corn_7",NA,NA,NA,NA,NA,NA,NA,NA,NA,NA
"iree_legume","Mor","2015","4425","corn_7",NA,NA,NA,NA,NA,NA,NA,NA,NA,NA
"iree_legume","Mor","2015","4305","corn_7",NA,NA,NA,NA,NA,NA,NA,NA,NA,NA
"iree_legume","Mor","2015","4204","corn_7",NA,NA,NA,NA,NA,NA,NA,NA,NA,NA
"iree_legume","Mor","2015","4115","corn_7",NA,NA,NA,NA,NA,NA,NA,NA,NA,NA
"iree_legume","Ros","2015","5408","corn_7",NA,NA,NA,NA,NA,NA,NA,NA,NA,NA
"iree_legume","Ros","2015","5221","corn_7",NA,NA,NA,NA,NA,NA,NA,NA,NA,NA
"iree_legume","Ros","2015","5119","corn_7",NA,NA,NA,NA,NA,NA,NA,NA,NA,NA
"iree_legume","Ros","2015","5302","corn_7",NA,NA,NA,NA,NA,NA,NA,NA,NA,NA
"iree_legume","StP","2015","306","corn_7",NA,NA,NA,NA,NA,NA,NA,NA,NA,NA
"iree_legume","StP","2015","105","corn_7",NA,NA,NA,NA,NA,NA,NA,NA,NA,NA
"iree_legume","StP","2015","204","corn_7",NA,NA,NA,NA,NA,NA,NA,NA,NA,NA
"iree_legume","Was","2015","1423","corn_7",NA,NA,NA,NA,NA,NA,NA,NA,NA,NA
"iree_legume","Was","2015","1315","corn_7",NA,NA,NA,NA,NA,NA,NA,NA,NA,NA
"iree_legume","Was","2015","1101","corn_7",NA,NA,NA,NA,NA,NA,NA,NA,NA,NA
"iree_legume","Was","2015","1214","corn_7",NA,NA,NA,NA,NA,NA,NA,NA,NA,NA
"iree_legume","Cro","2013","3312","corn_8",NA,NA,NA,NA,NA,NA,NA,NA,NA,NA
"iree_legume","Cro","2013","3405","corn_8",NA,NA,NA,NA,NA,NA,NA,NA,NA,NA
"iree_legume","Cro","2013","3201","corn_8",NA,NA,NA,NA,NA,NA,NA,NA,NA,NA
"iree_legume","Cro","2013","3120","corn_8",NA,NA,NA,NA,NA,NA,NA,NA,NA,NA
"iree_legume","Lam","2013","2409","corn_8",NA,NA,NA,NA,NA,NA,NA,NA,NA,NA
"iree_legume","Lam","2013","2117","corn_8",NA,NA,NA,NA,NA,NA,NA,NA,NA,NA
"iree_legume","Lam","2013","2313","corn_8",NA,NA,NA,NA,NA,NA,NA,NA,NA,NA
"iree_legume","Lam","2013","2209","corn_8",NA,NA,NA,NA,NA,NA,NA,NA,NA,NA
"iree_legume","Mor","2013","4214","corn_8",NA,NA,NA,NA,NA,NA,NA,NA,NA,NA
"iree_legume","Mor","2013","4125","corn_8",NA,NA,NA,NA,NA,NA,NA,NA,NA,NA
"iree_legume","Mor","2013","4410","corn_8",NA,NA,NA,NA,NA,NA,NA,NA,NA,NA
"iree_legume","Mor","2013","4310","corn_8",NA,NA,NA,NA,NA,NA,NA,NA,NA,NA
"iree_legume","Ros","2013","5206","corn_8",NA,NA,NA,NA,NA,NA,NA,NA,NA,NA
"iree_legume","Ros","2013","5124","corn_8",NA,NA,NA,NA,NA,NA,NA,NA,NA,NA
"iree_legume","Ros","2013","5312","corn_8",NA,NA,NA,NA,NA,NA,NA,NA,NA,NA
"iree_legume","Ros","2013","5418","corn_8",NA,NA,NA,NA,NA,NA,NA,NA,NA,NA
"iree_legume","StP","2013","120","corn_8",NA,NA,NA,NA,NA,NA,NA,NA,NA,NA
"iree_legume","StP","2013","321","corn_8",NA,NA,NA,NA,NA,NA,NA,NA,NA,NA
"iree_legume","StP","2013","209","corn_8",NA,NA,NA,NA,NA,NA,NA,NA,NA,NA
"iree_legume","Was","2013","1305","corn_8",NA,NA,NA,NA,NA,NA,NA,NA,NA,NA
"iree_legume","Was","2013","1106","corn_8",NA,NA,NA,NA,NA,NA,NA,NA,NA,NA
"iree_legume","Was","2013","1403","corn_8",NA,NA,NA,NA,NA,NA,NA,NA,NA,NA
"iree_legume","Was","2013","1224","corn_8",NA,NA,NA,NA,NA,NA,NA,NA,NA,NA
"iree_legume","StP","2014","120","corn_8",NA,NA,NA,NA,NA,NA,NA,NA,NA,NA
"iree_legume","StP","2014","209","corn_8",NA,NA,NA,NA,NA,NA,NA,NA,NA,NA
"iree_legume","StP","2014","321","corn_8",NA,NA,NA,NA,NA,NA,NA,NA,NA,NA
"iree_legume","Cro","2015","3405","corn_8",NA,NA,NA,NA,NA,NA,NA,NA,NA,NA
"iree_legume","Cro","2015","3312","corn_8",NA,NA,NA,NA,NA,NA,NA,NA,NA,NA
"iree_legume","Cro","2015","3201","corn_8",NA,NA,NA,NA,NA,NA,NA,NA,NA,NA
"iree_legume","Cro","2015","3120","corn_8",NA,NA,NA,NA,NA,NA,NA,NA,NA,NA
"iree_legume","Lam","2015","2117","corn_8",NA,NA,NA,NA,NA,NA,NA,NA,NA,NA
"iree_legume","Lam","2015","2313","corn_8",NA,NA,NA,NA,NA,NA,NA,NA,NA,NA
"iree_legume","Lam","2015","2409","corn_8",NA,NA,NA,NA,NA,NA,NA,NA,NA,NA
"iree_legume","Lam","2015","2209","corn_8",NA,NA,NA,NA,NA,NA,NA,NA,NA,NA
"iree_legume","Mor","2015","4410","corn_8",NA,NA,NA,NA,NA,NA,NA,NA,NA,NA
"iree_legume","Mor","2015","4310","corn_8",NA,NA,NA,NA,NA,NA,NA,NA,NA,NA
"iree_legume","Mor","2015","4214","corn_8",NA,NA,NA,NA,NA,NA,NA,NA,NA,NA
"iree_legume","Mor","2015","4125","corn_8",NA,NA,NA,NA,NA,NA,NA,NA,NA,NA
"iree_legume","Ros","2015","5312","corn_8",NA,NA,NA,NA,NA,NA,NA,NA,NA,NA
"iree_legume","Ros","2015","5418","corn_8",NA,NA,NA,NA,NA,NA,NA,NA,NA,NA
"iree_legume","Ros","2015","5206","corn_8",NA,NA,NA,NA,NA,NA,NA,NA,NA,NA
"iree_legume","Ros","2015","5124","corn_8",NA,NA,NA,NA,NA,NA,NA,NA,NA,NA
"iree_legume","StP","2015","321","corn_8",NA,NA,NA,NA,NA,NA,NA,NA,NA,NA
"iree_legume","StP","2015","209","corn_8",NA,NA,NA,NA,NA,NA,NA,NA,NA,NA
"iree_legume","StP","2015","120","corn_8",NA,NA,NA,NA,NA,NA,NA,NA,NA,NA
"iree_legume","Was","2015","1224","corn_8",NA,NA,NA,NA,NA,NA,NA,NA,NA,NA
"iree_legume","Was","2015","1403","corn_8",NA,NA,NA,NA,NA,NA,NA,NA,NA,NA
"iree_legume","Was","2015","1305","corn_8",NA,NA,NA,NA,NA,NA,NA,NA,NA,NA
"iree_legume","Was","2015","1106","corn_8",NA,NA,NA,NA,NA,NA,NA,NA,NA,NA
"iree_legume","Cro","2013","3322","corn_9",NA,NA,NA,NA,NA,NA,NA,NA,NA,NA
"iree_legume","Cro","2013","3110","corn_9",NA,NA,NA,NA,NA,NA,NA,NA,NA,NA
"iree_legume","Cro","2013","3415","corn_9",NA,NA,NA,NA,NA,NA,NA,NA,NA,NA
"iree_legume","Cro","2013","3211","corn_9",NA,NA,NA,NA,NA,NA,NA,NA,NA,NA
"iree_legume","Lam","2013","2318","corn_9",NA,NA,NA,NA,NA,NA,NA,NA,NA,NA
"iree_legume","Lam","2013","2404","corn_9",NA,NA,NA,NA,NA,NA,NA,NA,NA,NA
"iree_legume","Lam","2013","2112","corn_9",NA,NA,NA,NA,NA,NA,NA,NA,NA,NA
"iree_legume","Lam","2013","2214","corn_9",NA,NA,NA,NA,NA,NA,NA,NA,NA,NA
"iree_legume","Mor","2013","4415","corn_9",NA,NA,NA,NA,NA,NA,NA,NA,NA,NA
"iree_legume","Mor","2013","4224","corn_9",NA,NA,NA,NA,NA,NA,NA,NA,NA,NA
"iree_legume","Mor","2013","4120","corn_9",NA,NA,NA,NA,NA,NA,NA,NA,NA,NA
"iree_legume","Mor","2013","4325","corn_9",NA,NA,NA,NA,NA,NA,NA,NA,NA,NA
"iree_legume","Ros","2013","5413","corn_9",NA,NA,NA,NA,NA,NA,NA,NA,NA,NA
"iree_legume","Ros","2013","5211","corn_9",NA,NA,NA,NA,NA,NA,NA,NA,NA,NA
"iree_legume","Ros","2013","5317","corn_9",NA,NA,NA,NA,NA,NA,NA,NA,NA,NA
"iree_legume","Ros","2013","5104","corn_9",NA,NA,NA,NA,NA,NA,NA,NA,NA,NA
"iree_legume","StP","2013","214","corn_9",NA,NA,NA,NA,NA,NA,NA,NA,NA,NA
"iree_legume","StP","2013","115","corn_9",NA,NA,NA,NA,NA,NA,NA,NA,NA,NA
"iree_legume","StP","2013","311","corn_9",NA,NA,NA,NA,NA,NA,NA,NA,NA,NA
"iree_legume","Was","2013","1413","corn_9",NA,NA,NA,NA,NA,NA,NA,NA,NA,NA
"iree_legume","Was","2013","1310","corn_9",NA,NA,NA,NA,NA,NA,NA,NA,NA,NA
"iree_legume","Was","2013","1116","corn_9",NA,NA,NA,NA,NA,NA,NA,NA,NA,NA
"iree_legume","Was","2013","1209","corn_9",NA,NA,NA,NA,NA,NA,NA,NA,NA,NA
"iree_legume","StP","2014","115","corn_9",NA,NA,NA,NA,NA,NA,NA,NA,NA,NA
"iree_legume","StP","2014","214","corn_9",NA,NA,NA,NA,NA,NA,NA,NA,NA,NA
"iree_legume","StP","2014","311","corn_9",NA,NA,NA,NA,NA,NA,NA,NA,NA,NA
"iree_legume","Was","2014","1413","corn_9",NA,NA,NA,NA,NA,NA,NA,NA,NA,NA
"iree_legume","Cro","2015","3415","corn_9",NA,NA,NA,NA,NA,NA,NA,NA,NA,NA
"iree_legume","Cro","2015","3322","corn_9",NA,NA,NA,NA,NA,NA,NA,NA,NA,NA
"iree_legume","Cro","2015","3211","corn_9",NA,NA,NA,NA,NA,NA,NA,NA,NA,NA
"iree_legume","Cro","2015","3110","corn_9",NA,NA,NA,NA,NA,NA,NA,NA,NA,NA
"iree_legume","Lam","2015","2318","corn_9",NA,NA,NA,NA,NA,NA,NA,NA,NA,NA
"iree_legume","Lam","2015","2112","corn_9",NA,NA,NA,NA,NA,NA,NA,NA,NA,NA
"iree_legume","Lam","2015","2404","corn_9",NA,NA,NA,NA,NA,NA,NA,NA,NA,NA
"iree_legume","Lam","2015","2214","corn_9",NA,NA,NA,NA,NA,NA,NA,NA,NA,NA
"iree_legume","Mor","2015","4415","corn_9",NA,NA,NA,NA,NA,NA,NA,NA,NA,NA
"iree_legume","Mor","2015","4224","corn_9",NA,NA,NA,NA,NA,NA,NA,NA,NA,NA
"iree_legume","Mor","2015","4325","corn_9",NA,NA,NA,NA,NA,NA,NA,NA,NA,NA
"iree_legume","Mor","2015","4120","corn_9",NA,NA,NA,NA,NA,NA,NA,NA,NA,NA
"iree_legume","Ros","2015","5413","corn_9",NA,NA,NA,NA,NA,NA,NA,NA,NA,NA
"iree_legume","Ros","2015","5317","corn_9",NA,NA,NA,NA,NA,NA,NA,NA,NA,NA
"iree_legume","Ros","2015","5104","corn_9",NA,NA,NA,NA,NA,NA,NA,NA,NA,NA
"iree_legume","Ros","2015","5211","corn_9",NA,NA,NA,NA,NA,NA,NA,NA,NA,NA
"iree_legume","StP","2015","214","corn_9",NA,NA,NA,NA,NA,NA,NA,NA,NA,NA
"iree_legume","StP","2015","311","corn_9",NA,NA,NA,NA,NA,NA,NA,NA,NA,NA
"iree_legume","StP","2015","115","corn_9",NA,NA,NA,NA,NA,NA,NA,NA,NA,NA
"iree_legume","Was","2015","1209","corn_9",NA,NA,NA,NA,NA,NA,NA,NA,NA,NA
"iree_legume","Was","2015","1310","corn_9",NA,NA,NA,NA,NA,NA,NA,NA,NA,NA
"iree_legume","Was","2015","1116","corn_9",NA,NA,NA,NA,NA,NA,NA,NA,NA,NA
"iree_legume","Was","2015","1413","corn_9",NA,NA,NA,NA,NA,NA,NA,NA,NA,NA
"iree_legume","Cro","2013","3425","corn_10",NA,NA,NA,NA,NA,NA,NA,NA,NA,NA
"iree_legume","Cro","2013","3302","corn_10",NA,NA,NA,NA,NA,NA,NA,NA,NA,NA
"iree_legume","Cro","2013","3216","corn_10",NA,NA,NA,NA,NA,NA,NA,NA,NA,NA
"iree_legume","Cro","2013","3115","corn_10",NA,NA,NA,NA,NA,NA,NA,NA,NA,NA
"iree_legume","Lam","2013","2107","corn_10",NA,NA,NA,NA,NA,NA,NA,NA,NA,NA
"iree_legume","Lam","2013","2419","corn_10",NA,NA,NA,NA,NA,NA,NA,NA,NA,NA
"iree_legume","Lam","2013","2224","corn_10",NA,NA,NA,NA,NA,NA,NA,NA,NA,NA
"iree_legume","Lam","2013","2308","corn_10",NA,NA,NA,NA,NA,NA,NA,NA,NA,NA
"iree_legume","Mor","2013","4420","corn_10",NA,NA,NA,NA,NA,NA,NA,NA,NA,NA
"iree_legume","Mor","2013","4209","corn_10",NA,NA,NA,NA,NA,NA,NA,NA,NA,NA
"iree_legume","Mor","2013","4110","corn_10",NA,NA,NA,NA,NA,NA,NA,NA,NA,NA
"iree_legume","Mor","2013","4320","corn_10",NA,NA,NA,NA,NA,NA,NA,NA,NA,NA
"iree_legume","Ros","2013","5307","corn_10",NA,NA,NA,NA,NA,NA,NA,NA,NA,NA
"iree_legume","Ros","2013","5201","corn_10",NA,NA,NA,NA,NA,NA,NA,NA,NA,NA
"iree_legume","Ros","2013","5403","corn_10",NA,NA,NA,NA,NA,NA,NA,NA,NA,NA
"iree_legume","Ros","2013","5114","corn_10",NA,NA,NA,NA,NA,NA,NA,NA,NA,NA
"iree_legume","StP","2013","110","corn_10",NA,NA,NA,NA,NA,NA,NA,NA,NA,NA
"iree_legume","StP","2013","316","corn_10",NA,NA,NA,NA,NA,NA,NA,NA,NA,NA
"iree_legume","StP","2013","224","corn_10",NA,NA,NA,NA,NA,NA,NA,NA,NA,NA
"iree_legume","Was","2013","1408","corn_10",NA,NA,NA,NA,NA,NA,NA,NA,NA,NA
"iree_legume","Was","2013","1121","corn_10",NA,NA,NA,NA,NA,NA,NA,NA,NA,NA
"iree_legume","Was","2013","1204","corn_10",NA,NA,NA,NA,NA,NA,NA,NA,NA,NA
"iree_legume","Was","2013","1325","corn_10",NA,NA,NA,NA,NA,NA,NA,NA,NA,NA
"iree_legume","Mor","2014","4209","corn_10",NA,NA,NA,NA,NA,NA,NA,NA,NA,NA
"iree_legume","StP","2014","110","corn_10",NA,NA,NA,NA,NA,NA,NA,NA,NA,NA
"iree_legume","StP","2014","224","corn_10",NA,NA,NA,NA,NA,NA,NA,NA,NA,NA
"iree_legume","StP","2014","316","corn_10",NA,NA,NA,NA,NA,NA,NA,NA,NA,NA
"iree_legume","Cro","2015","3425","corn_10",NA,NA,NA,NA,NA,NA,NA,NA,NA,NA
"iree_legume","Cro","2015","3302","corn_10",NA,NA,NA,NA,NA,NA,NA,NA,NA,NA
"iree_legume","Cro","2015","3216","corn_10",NA,NA,NA,NA,NA,NA,NA,NA,NA,NA
"iree_legume","Cro","2015","3115","corn_10",NA,NA,NA,NA,NA,NA,NA,NA,NA,NA
"iree_legume","Lam","2015","2224","corn_10",NA,NA,NA,NA,NA,NA,NA,NA,NA,NA
"iree_legume","Lam","2015","2107","corn_10",NA,NA,NA,NA,NA,NA,NA,NA,NA,NA
"iree_legume","Lam","2015","2308","corn_10",NA,NA,NA,NA,NA,NA,NA,NA,NA,NA
"iree_legume","Lam","2015","2419","corn_10",NA,NA,NA,NA,NA,NA,NA,NA,NA,NA
"iree_legume","Mor","2015","4420","corn_10",NA,NA,NA,NA,NA,NA,NA,NA,NA,NA
"iree_legume","Mor","2015","4110","corn_10",NA,NA,NA,NA,NA,NA,NA,NA,NA,NA
"iree_legume","Mor","2015","4320","corn_10",NA,NA,NA,NA,NA,NA,NA,NA,NA,NA
"iree_legume","Mor","2015","4209","corn_10",NA,NA,NA,NA,NA,NA,NA,NA,NA,NA
"iree_legume","Ros","2015","5403","corn_10",NA,NA,NA,NA,NA,NA,NA,NA,NA,NA
"iree_legume","Ros","2015","5307","corn_10",NA,NA,NA,NA,NA,NA,NA,NA,NA,NA
"iree_legume","Ros","2015","5201","corn_10",NA,NA,NA,NA,NA,NA,NA,NA,NA,NA
"iree_legume","Ros","2015","5114","corn_10",NA,NA,NA,NA,NA,NA,NA,NA,NA,NA
"iree_legume","StP","2015","224","corn_10",NA,NA,NA,NA,NA,NA,NA,NA,NA,NA
"iree_legume","StP","2015","316","corn_10",NA,NA,NA,NA,NA,NA,NA,NA,NA,NA
"iree_legume","StP","2015","110","corn_10",NA,NA,NA,NA,NA,NA,NA,NA,NA,NA
"iree_legume","Was","2015","1408","corn_10",NA,NA,NA,NA,NA,NA,NA,NA,NA,NA
"iree_legume","Was","2015","1204","corn_10",NA,NA,NA,NA,NA,NA,NA,NA,NA,NA
"iree_legume","Was","2015","1121","corn_10",NA,NA,NA,NA,NA,NA,NA,NA,NA,NA
"iree_legume","Was","2015","1325","corn_10",NA,NA,NA,NA,NA,NA,NA,NA,NA,NA
"eddyflux","rosemount","2022","33","eddyflux_i10","N fertilizer rate",NA,NA,NA,NA,NA,NA,NA,NA,NA
"eddyflux","rosemount","2022","36","eddyflux_i10","N fertilizer rate",NA,NA,NA,NA,NA,NA,NA,NA,NA
"eddyflux","rosemount","2022","37","eddyflux_i10","N fertilizer rate",NA,NA,NA,NA,NA,NA,NA,NA,NA
"eddyflux","rosemount","2022","40","eddyflux_i10","N fertilizer rate",NA,NA,NA,NA,NA,NA,NA,NA,NA
"eddyflux","rosemount","2022","45","eddyflux_i10","N fertilizer rate",NA,NA,NA,NA,NA,NA,NA,NA,NA
"eddyflux","rosemount","2022","46","eddyflux_i10","N fertilizer rate",NA,NA,NA,NA,NA,NA,NA,NA,NA
"eddyflux","rosemount","2022","51","eddyflux_i10","N fertilizer rate",NA,NA,NA,NA,NA,NA,NA,NA,NA
"eddyflux","rosemount","2022","52","eddyflux_i10","N fertilizer rate",NA,NA,NA,NA,NA,NA,NA,NA,NA
"eddyflux","rosemount","2022","57","eddyflux_i10","N fertilizer rate",NA,NA,NA,NA,NA,NA,NA,NA,NA
"eddyflux","rosemount","2022","60","eddyflux_i10","N fertilizer rate",NA,NA,NA,NA,NA,NA,NA,NA,NA
"eddyflux","rosemount","2022","61","eddyflux_i10","N fertilizer rate",NA,NA,NA,NA,NA,NA,NA,NA,NA
"eddyflux","rosemount","2022","64","eddyflux_i10","N fertilizer rate",NA,NA,NA,NA,NA,NA,NA,NA,NA
"eddyflux","rosemount","2022","33","eddyflux_i10","N fertilizer rate",NA,NA,NA,NA,NA,NA,NA,NA,NA
"eddyflux","rosemount","2022","36","eddyflux_i10","N fertilizer rate",NA,NA,NA,NA,NA,NA,NA,NA,NA
"eddyflux","rosemount","2022","37","eddyflux_i10","N fertilizer rate",NA,NA,NA,NA,NA,NA,NA,NA,NA
"eddyflux","rosemount","2022","40","eddyflux_i10","N fertilizer rate",NA,NA,NA,NA,NA,NA,NA,NA,NA
"eddyflux","rosemount","2022","45","eddyflux_i10","N fertilizer rate",NA,NA,NA,NA,NA,NA,NA,NA,NA
"eddyflux","rosemount","2022","46","eddyflux_i10","N fertilizer rate",NA,NA,NA,NA,NA,NA,NA,NA,NA
"eddyflux","rosemount","2022","51","eddyflux_i10","N fertilizer rate",NA,NA,NA,NA,NA,NA,NA,NA,NA
"eddyflux","rosemount","2022","52","eddyflux_i10","N fertilizer rate",NA,NA,NA,NA,NA,NA,NA,NA,NA
"eddyflux","rosemount","2022","57","eddyflux_i10","N fertilizer rate",NA,NA,NA,NA,NA,NA,NA,NA,NA
"eddyflux","rosemount","2022","60","eddyflux_i10","N fertilizer rate",NA,NA,NA,NA,NA,NA,NA,NA,NA
"eddyflux","rosemount","2022","61","eddyflux_i10","N fertilizer rate",NA,NA,NA,NA,NA,NA,NA,NA,NA
"eddyflux","rosemount","2022","64","eddyflux_i10","N fertilizer rate",NA,NA,NA,NA,NA,NA,NA,NA,NA
"eddyflux","rosemount","2023","33","eddyflux_i10","N fertilizer rate",NA,NA,NA,NA,NA,NA,NA,NA,NA
"eddyflux","rosemount","2023","36","eddyflux_i10","N fertilizer rate",NA,NA,NA,NA,NA,NA,NA,NA,NA
"eddyflux","rosemount","2023","37","eddyflux_i10","N fertilizer rate",NA,NA,NA,NA,NA,NA,NA,NA,NA
"eddyflux","rosemount","2023","40","eddyflux_i10","N fertilizer rate",NA,NA,NA,NA,NA,NA,NA,NA,NA
"eddyflux","rosemount","2023","45","eddyflux_i10","N fertilizer rate",NA,NA,NA,NA,NA,NA,NA,NA,NA
"eddyflux","rosemount","2023","46","eddyflux_i10","N fertilizer rate",NA,NA,NA,NA,NA,NA,NA,NA,NA
"eddyflux","rosemount","2023","51","eddyflux_i10","N fertilizer rate",NA,NA,NA,NA,NA,NA,NA,NA,NA
"eddyflux","rosemount","2023","52","eddyflux_i10","N fertilizer rate",NA,NA,NA,NA,NA,NA,NA,NA,NA
"eddyflux","rosemount","2023","57","eddyflux_i10","N fertilizer rate",NA,NA,NA,NA,NA,NA,NA,NA,NA
"eddyflux","rosemount","2023","60","eddyflux_i10","N fertilizer rate",NA,NA,NA,NA,NA,NA,NA,NA,NA
"eddyflux","rosemount","2023","61","eddyflux_i10","N fertilizer rate",NA,NA,NA,NA,NA,NA,NA,NA,NA
"eddyflux","rosemount","2023","64","eddyflux_i10","N fertilizer rate",NA,NA,NA,NA,NA,NA,NA,NA,NA
"eddyflux","rosemount","2023","33","eddyflux_i10","N fertilizer rate",NA,NA,NA,NA,NA,NA,NA,NA,NA
"eddyflux","rosemount","2023","36","eddyflux_i10","N fertilizer rate",NA,NA,NA,NA,NA,NA,NA,NA,NA
"eddyflux","rosemount","2023","37","eddyflux_i10","N fertilizer rate",NA,NA,NA,NA,NA,NA,NA,NA,NA
"eddyflux","rosemount","2023","40","eddyflux_i10","N fertilizer rate",NA,NA,NA,NA,NA,NA,NA,NA,NA
"eddyflux","rosemount","2023","45","eddyflux_i10","N fertilizer rate",NA,NA,NA,NA,NA,NA,NA,NA,NA
"eddyflux","rosemount","2023","46","eddyflux_i10","N fertilizer rate",NA,NA,NA,NA,NA,NA,NA,NA,NA
"eddyflux","rosemount","2023","51","eddyflux_i10","N fertilizer rate",NA,NA,NA,NA,NA,NA,NA,NA,NA
"eddyflux","rosemount","2023","52","eddyflux_i10","N fertilizer rate",NA,NA,NA,NA,NA,NA,NA,NA,NA
"eddyflux","rosemount","2023","57","eddyflux_i10","N fertilizer rate",NA,NA,NA,NA,NA,NA,NA,NA,NA
"eddyflux","rosemount","2023","60","eddyflux_i10","N fertilizer rate",NA,NA,NA,NA,NA,NA,NA,NA,NA
"eddyflux","rosemount","2023","61","eddyflux_i10","N fertilizer rate",NA,NA,NA,NA,NA,NA,NA,NA,NA
"eddyflux","rosemount","2023","64","eddyflux_i10","N fertilizer rate",NA,NA,NA,NA,NA,NA,NA,NA,NA
"eddyflux","rosemount","2024","33","eddyflux_i10","N fertilizer rate",NA,NA,NA,NA,NA,NA,NA,NA,NA
"eddyflux","rosemount","2024","36","eddyflux_i10","N fertilizer rate",NA,NA,NA,NA,NA,NA,NA,NA,NA
"eddyflux","rosemount","2024","37","eddyflux_i10","N fertilizer rate",NA,NA,NA,NA,NA,NA,NA,NA,NA
"eddyflux","rosemount","2024","40","eddyflux_i10","N fertilizer rate",NA,NA,NA,NA,NA,NA,NA,NA,NA
"eddyflux","rosemount","2024","45","eddyflux_i10","N fertilizer rate",NA,NA,NA,NA,NA,NA,NA,NA,NA
"eddyflux","rosemount","2024","46","eddyflux_i10","N fertilizer rate",NA,NA,NA,NA,NA,NA,NA,NA,NA
"eddyflux","rosemount","2024","51","eddyflux_i10","N fertilizer rate",NA,NA,NA,NA,NA,NA,NA,NA,NA
"eddyflux","rosemount","2024","52","eddyflux_i10","N fertilizer rate",NA,NA,NA,NA,NA,NA,NA,NA,NA
"eddyflux","rosemount","2024","57","eddyflux_i10","N fertilizer rate",NA,NA,NA,NA,NA,NA,NA,NA,NA
"eddyflux","rosemount","2024","60","eddyflux_i10","N fertilizer rate",NA,NA,NA,NA,NA,NA,NA,NA,NA
"eddyflux","rosemount","2024","61","eddyflux_i10","N fertilizer rate",NA,NA,NA,NA,NA,NA,NA,NA,NA
"eddyflux","rosemount","2024","64","eddyflux_i10","N fertilizer rate",NA,NA,NA,NA,NA,NA,NA,NA,NA
"eddyflux","rosemount","2024","33","eddyflux_i10","N fertilizer rate",NA,NA,NA,NA,NA,NA,NA,NA,NA
"eddyflux","rosemount","2024","36","eddyflux_i10","N fertilizer rate",NA,NA,NA,NA,NA,NA,NA,NA,NA
"eddyflux","rosemount","2024","37","eddyflux_i10","N fertilizer rate",NA,NA,NA,NA,NA,NA,NA,NA,NA
"eddyflux","rosemount","2024","40","eddyflux_i10","N fertilizer rate",NA,NA,NA,NA,NA,NA,NA,NA,NA
"eddyflux","rosemount","2024","45","eddyflux_i10","N fertilizer rate",NA,NA,NA,NA,NA,NA,NA,NA,NA
"eddyflux","rosemount","2024","46","eddyflux_i10","N fertilizer rate",NA,NA,NA,NA,NA,NA,NA,NA,NA
"eddyflux","rosemount","2024","51","eddyflux_i10","N fertilizer rate",NA,NA,NA,NA,NA,NA,NA,NA,NA
"eddyflux","rosemount","2024","52","eddyflux_i10","N fertilizer rate",NA,NA,NA,NA,NA,NA,NA,NA,NA
"eddyflux","rosemount","2024","57","eddyflux_i10","N fertilizer rate",NA,NA,NA,NA,NA,NA,NA,NA,NA
"eddyflux","rosemount","2024","60","eddyflux_i10","N fertilizer rate",NA,NA,NA,NA,NA,NA,NA,NA,NA
"eddyflux","rosemount","2024","61","eddyflux_i10","N fertilizer rate",NA,NA,NA,NA,NA,NA,NA,NA,NA
"eddyflux","rosemount","2024","64","eddyflux_i10","N fertilizer rate",NA,NA,NA,NA,NA,NA,NA,NA,NA
